{
  "current_step": 81920,
  "rewards_history": [
    -137.23801991063885,
    486.82357251415533,
    1171.8255588629506,
    0.0,
    418.1477252797037,
    946.3002275077015,
    1409.2036530059104,
    -1.7520272360496405
  ],
  "steps_history": [
    10240,
    20480,
    30720,
    40960,
    51200,
    61440,
    71680,
    81920
  ],
  "reward_stats": {
    "mean": 0.0,
    "variance": 0.0,
    "std": 0.0,
    "count": 0
  },
  "session_id": "normal_1m_redesigned_reward_iter_01",
  "timestamp": "2025-10-03T12:07:29.553461"
}