{
  "current_step": 46080,
  "rewards_history": [
    11.372572305663923,
    20.28931511537792,
    103.39912746756994,
    373.0788324671024,
    3122.131284398084,
    2283.7040603906976,
    4843.315914072673,
    0.0,
    216.8488154161869
  ],
  "steps_history": [
    5120,
    10240,
    15360,
    20480,
    25600,
    30720,
    35840,
    40960,
    46080
  ],
  "reward_stats": {
    "mean": 0.0,
    "variance": 0.0,
    "std": 0.0,
    "count": 0
  },
  "session_id": "scalping-fixed-20241229_iter_01",
  "timestamp": "2025-10-01T12:26:45.373286"
}