{
  "current_step": 102400,
  "rewards_history": [
    -128.96054211580474,
    166.8513106878533,
    992.2912884499389,
    0.0,
    363.79060240094645,
    838.7665580493892,
    1459.1002195504639,
    -1.3780820935138258,
    448.12150409603214,
    950.5403620850589
  ],
  "steps_history": [
    10240,
    20480,
    30720,
    40960,
    51200,
    61440,
    71680,
    81920,
    92160,
    102400
  ],
  "reward_stats": {
    "mean": 0.0,
    "variance": 0.0,
    "std": 0.0,
    "count": 0
  },
  "session_id": "scalping_15s_aggressive_iter_01",
  "timestamp": "2025-10-03T13:57:59.157580"
}