{
  "current_step": 51200,
  "rewards_history": [
    56.64632971584733,
    276.0166462392445,
    906.2038153802167,
    -0.03,
    392.4497616099717
  ],
  "steps_history": [
    10240,
    20480,
    30720,
    40960,
    51200
  ],
  "reward_stats": {
    "mean": 0.0,
    "variance": 0.0,
    "std": 0.0,
    "count": 0
  },
  "session_id": "scalping_15s_balance_test9_consecutive_penalty",
  "timestamp": "2025-10-03T22:27:45.256362"
}