{
  "current_step": 20480,
  "rewards_history": [
    68.31160301763353,
    280.27013551739094
  ],
  "steps_history": [
    10240,
    20480
  ],
  "reward_stats": {
    "mean": 0.0,
    "variance": 0.0,
    "std": 0.0,
    "count": 0
  },
  "session_id": "scalping_15s_balance_test7_balanced_profit_bonus",
  "timestamp": "2025-10-03T22:11:17.620596"
}