{
  "current_step": 20480,
  "rewards_history": [
    1.821714198920326,
    14.17155818584414,
    71.45983214845958,
    413.13978770047595
  ],
  "steps_history": [
    5120,
    10240,
    15360,
    20480
  ],
  "reward_stats": {
    "mean": 0.0,
    "variance": 0.0,
    "std": 0.0,
    "count": 0
  },
  "session_id": "scalping-prod-100k_iter_01",
  "timestamp": "2025-10-01T11:07:45.132283"
}