{
  "current_step": 102400,
  "rewards_history": [
    424.8818523678893,
    870.8391590939103,
    1318.0524512188654,
    -0.05,
    393.82065550203663,
    777.9583225805324,
    1245.1584229583636,
    -0.03338669502698785,
    331.3679820134196,
    846.1996568552267
  ],
  "steps_history": [
    10240,
    20480,
    30720,
    40960,
    51200,
    61440,
    71680,
    81920,
    92160,
    102400
  ],
  "reward_stats": {
    "mean": 0.0,
    "variance": 0.0,
    "std": 0.0,
    "count": 0
  },
  "session_id": "scalping_15s_balance_test5_trade_incentive",
  "timestamp": "2025-10-03T21:08:28.229116"
}