{
  "current_step": 829440,
  "rewards_history": [
    -121.23016091235694,
    422.2978818798019,
    1190.397003344402,
    0.0,
    459.3772323815138,
    949.3173749161086,
    1435.0238845411318,
    -1.551069262463984,
    401.94280159203123,
    959.844844186544,
    1455.638532230644,
    -0.9138150447905476,
    442.4852474404709,
    938.1271020531342,
    1444.1616823765012,
    -1.4327866906747317,
    465.7772323815138,
    961.9577827220021,
    1465.927232381514,
    -3.2686020649925105,
    467.9272323815138,
    963.9077827220021,
    1463.857782722002,
    -3.298583946487612,
    469.97723238151383,
    969.9772323815139,
    1463.7385322306438,
    -3.3633278998182647,
    472.0772323815138,
    972.0272323815138,
    1432.7003914154618,
    -2.824554414197043,
    469.9577827220021,
    919.6437966222085,
    1469.8077827220022,
    -3.218828583197035,
    469.6385322306439,
    975.9272323815138,
    1475.927232381514,
    -2.776653321345255,
    471.58853223064386,
    978.0272323815138,
    1477.9772323815137,
    -2.6699190727939905,
    480.0272323815138,
    980.1772323815138,
    1480.0272323815138,
    -2.2431554647306178,
    475.6885322306439,
    977.9577827220021,
    1482.0772323815138,
    -1.7991308115305686,
    473.66737491610866,
    973.5173749161087,
    1477.688532230644,
    -3.3039203759642017,
    485.9772323815138,
    893.6482761681661,
    1481.857782722002,
    -1.9329938383306273,
    487.9772323815138,
    973.4128967572099,
    1487.927232381514,
    0.16845574996054913,
    483.7385322306439,
    990.0272323815138,
    1490.0772323815138,
    1.4121265869953374,
    492.1772323815138,
    992.0772323815138,
    1491.9772323815139,
    3.0810713538548993,
    494.1772323815138,
    979.5128967572099,
    1494.0772323815138,
    4.673326618076384,
    496.1272323815138,
    995.9772323815139,
    1416.9439795586925,
    4.376651635497824,
    494.0077827220021
  ],
  "steps_history": [
    10240,
    20480,
    30720,
    40960,
    51200,
    61440,
    71680,
    81920,
    92160,
    102400,
    112640,
    122880,
    133120,
    143360,
    153600,
    163840,
    174080,
    184320,
    194560,
    204800,
    215040,
    225280,
    235520,
    245760,
    256000,
    266240,
    276480,
    286720,
    296960,
    307200,
    317440,
    327680,
    337920,
    348160,
    358400,
    368640,
    378880,
    389120,
    399360,
    409600,
    419840,
    430080,
    440320,
    450560,
    460800,
    471040,
    481280,
    491520,
    501760,
    512000,
    522240,
    532480,
    542720,
    552960,
    563200,
    573440,
    583680,
    593920,
    604160,
    614400,
    624640,
    634880,
    645120,
    655360,
    665600,
    675840,
    686080,
    696320,
    706560,
    716800,
    727040,
    737280,
    747520,
    757760,
    768000,
    778240,
    788480,
    798720,
    808960,
    819200,
    829440
  ],
  "reward_stats": {
    "mean": 0.0,
    "variance": 0.0,
    "std": 0.0,
    "count": 0
  },
  "session_id": "scalping_iterative_v1_iter_01",
  "timestamp": "2025-10-03T05:50:01.000512"
}