{
  "current_step": 20480,
  "rewards_history": [
    -128.96054211580474,
    166.8513106878533
  ],
  "steps_history": [
    10240,
    20480
  ],
  "reward_stats": {
    "mean": 0.0,
    "variance": 0.0,
    "std": 0.0,
    "count": 0
  },
  "session_id": "normal_1m_aggressive_iter_01",
  "timestamp": "2025-10-03T14:00:14.914607"
}