{
  "current_step": 5120,
  "rewards_history": [
    11.372572305663923
  ],
  "steps_history": [
    5120
  ],
  "reward_stats": {
    "mean": 0.0,
    "variance": 0.0,
    "std": 0.0,
    "count": 0
  },
  "session_id": "scalping-fixed-20241229_iter_01",
  "timestamp": "2025-10-01T12:22:53.311271"
}