{
  "current_step": 92160,
  "rewards_history": [
    138.62367751637765,
    283.0890226931568,
    419.51769645021625,
    -0.03,
    134.81777454185098,
    281.7451862219728,
    423.92335906286814,
    -0.06781943939826265,
    139.517863373739
  ],
  "steps_history": [
    10240,
    20480,
    30720,
    40960,
    51200,
    61440,
    71680,
    81920,
    92160
  ],
  "reward_stats": {
    "mean": 0.0,
    "variance": 0.0,
    "std": 0.0,
    "count": 0
  },
  "session_id": "scalping_15s_balance_test12_balanced_data",
  "timestamp": "2025-10-03T22:55:38.386991"
}