{
  "current_step": 30720,
  "rewards_history": [
    -63.998348429289344,
    862.3773250731838,
    -390.7623758539244
  ],
  "steps_history": [
    10240,
    20480,
    30720
  ],
  "reward_stats": {
    "mean": 0.0,
    "variance": 0.0,
    "std": 0.0,
    "count": 0
  },
  "session_id": "scalping_full_v2",
  "timestamp": "2025-10-03T01:31:12.479902"
}