{
  "current_step": 40960,
  "rewards_history": [
    -155.26689622414403,
    717.3336826612472,
    300.33897322637563,
    0.012
  ],
  "steps_history": [
    10240,
    20480,
    30720,
    40960
  ],
  "reward_stats": {
    "mean": 0.0,
    "variance": 0.0,
    "std": 0.0,
    "count": 0
  },
  "session_id": "scalping_training_v2",
  "timestamp": "2025-10-02T16:27:33.887708"
}