{
  "current_step": 337920,
  "rewards_history": [
    -63.998348429289344,
    862.3773250731838,
    -390.7623758539244,
    0.0,
    158.99520653692215,
    -19.55512796137404,
    1126.1444437419386,
    -1.461974790790352,
    145.4068896034085,
    858.9322064132334,
    1068.0899814186316,
    -0.8189732282342512,
    -85.79819463926827,
    428.70085759812866,
    282.82357540274506,
    -1.426678648502681,
    17.31171648058421,
    -163.51033994929116,
    938.1371823564002,
    -0.814763119245992,
    269.6771452206884,
    -94.49530297454203,
    71.33275482193571,
    -2.5647735074364792,
    -175.32198668207008,
    582.0848418585956,
    118.33551930034577,
    -5.242839853178124,
    -175.8755723080688,
    124.52878163812045,
    394.53406316499724,
    -5.278157201312331,
    -156.69866208920064
  ],
  "steps_history": [
    10240,
    20480,
    30720,
    40960,
    51200,
    61440,
    71680,
    81920,
    92160,
    102400,
    112640,
    122880,
    133120,
    143360,
    153600,
    163840,
    174080,
    184320,
    194560,
    204800,
    215040,
    225280,
    235520,
    245760,
    256000,
    266240,
    276480,
    286720,
    296960,
    307200,
    317440,
    327680,
    337920
  ],
  "reward_stats": {
    "mean": 0.0,
    "variance": 0.0,
    "std": 0.0,
    "count": 0
  },
  "session_id": "scalping_full_v2",
  "timestamp": "2025-10-03T01:55:44.430489"
}