{
  "current_step": 40960,
  "rewards_history": [
    69.26826811234392,
    223.3203646645492,
    486.1482455857594,
    -0.03
  ],
  "steps_history": [
    10240,
    20480,
    30720,
    40960
  ],
  "reward_stats": {
    "mean": 0.0,
    "variance": 0.0,
    "std": 0.0,
    "count": 0
  },
  "session_id": "scalping_15s_balance_test8_high_entropy",
  "timestamp": "2025-10-03T22:20:14.754310"
}