{
  "current_step": 61440,
  "rewards_history": [
    -119.64083115023513,
    652.6865916055867,
    1284.098245781256,
    0.0,
    376.3877557093857,
    950.4295229256838
  ],
  "steps_history": [
    10240,
    20480,
    30720,
    40960,
    51200,
    61440
  ],
  "reward_stats": {
    "mean": 0.0,
    "variance": 0.0,
    "std": 0.0,
    "count": 0
  },
  "session_id": "scalping_15s_ultra_aggressive",
  "timestamp": "2025-10-03T16:27:30.628015"
}