{
  "current_step": 30720,
  "rewards_history": [
    423.665024844851,
    895.092609597137,
    1361.9906909891472
  ],
  "steps_history": [
    10240,
    20480,
    30720
  ],
  "reward_stats": {
    "mean": 0.0,
    "variance": 0.0,
    "std": 0.0,
    "count": 0
  },
  "session_id": "scalping_15s_balance_test1_low_penalty",
  "timestamp": "2025-10-03T20:48:33.401652"
}