{
  "current_step": 71680,
  "rewards_history": [
    -162.3952340467946,
    -336.63954328296495,
    -524.9258282496876,
    -0.01,
    -178.66521972689094,
    -328.9473710131261,
    -507.8409956597285
  ],
  "steps_history": [
    10240,
    20480,
    30720,
    40960,
    51200,
    61440,
    71680
  ],
  "reward_stats": {
    "mean": 0.0,
    "variance": 0.0,
    "std": 0.0,
    "count": 0
  },
  "session_id": "ensemble_model_3",
  "timestamp": "2025-10-04T01:58:22.878102"
}