{
  "current_step": 102400,
  "rewards_history": [
    136.56908731049248,
    283.6743060582096,
    427.81598817536474,
    -0.03,
    127.25294373671827,
    435.05511877340643,
    474.4149854080041,
    -0.06,
    95.36315800778823,
    598.8967080006508
  ],
  "steps_history": [
    10240,
    20480,
    30720,
    40960,
    51200,
    61440,
    71680,
    81920,
    92160,
    102400
  ],
  "reward_stats": {
    "mean": 0.0,
    "variance": 0.0,
    "std": 0.0,
    "count": 0
  },
  "session_id": "scalping_15s_balance_test16_forced_diversity",
  "timestamp": "2025-10-03T23:36:16.053459"
}