{
  "current_step": 51200,
  "rewards_history": [
    -121.23016091235694,
    422.2978818798019,
    1190.397003344402,
    0.0,
    459.3772323815138
  ],
  "steps_history": [
    10240,
    20480,
    30720,
    40960,
    51200
  ],
  "reward_stats": {
    "mean": 0.0,
    "variance": 0.0,
    "std": 0.0,
    "count": 0
  },
  "session_id": "scalping_iterative_v1_iter_01",
  "timestamp": "2025-10-03T05:17:23.704582"
}