timestamp,close,high,low,open,volume,adj_close
2025-09-11 00:00:00+00:00,16784664.0,16800188.0,16780900.0,16791304.0,19899875328,16784664.0
2025-09-11 00:30:00+00:00,16796358.0,16796358.0,16764972.0,16781886.0,14545321984,16796358.0
2025-09-11 01:00:00+00:00,16798722.0,16823338.0,16790840.0,16795710.0,36181114880,16798722.0
2025-09-11 01:30:00+00:00,16794504.0,16812890.0,16779502.0,16801204.0,349806526464,16794504.0
2025-09-11 02:00:00+00:00,16776517.0,16797404.0,16775655.0,16792674.0,129887633408,16776517.0
2025-09-11 02:30:00+00:00,16791330.0,16800052.0,16772842.0,16773139.0,121903775744,16791330.0
2025-09-11 03:00:00+00:00,16832328.0,16832988.0,16785954.0,16791688.0,39344144384,16832328.0
2025-09-11 03:30:00+00:00,16869848.0,16870248.0,16819866.0,16830118.0,187526283264,16869848.0
2025-09-11 04:00:00+00:00,16845572.0,16870034.0,16831598.0,16870034.0,491012489216,16845572.0
2025-09-11 04:30:00+00:00,16829926.0,16844200.0,16824804.0,16844200.0,216190156800,16829926.0
2025-09-11 05:00:00+00:00,16820518.0,16840280.0,16809786.0,16831168.0,254056857600,16820518.0
2025-09-11 05:30:00+00:00,16866974.0,16866974.0,16829730.0,16829730.0,47040692224,16866974.0
2025-09-11 06:00:00+00:00,16877996.0,16881084.0,16843980.0,16858488.0,119491526656,16877996.0
2025-09-11 06:30:00+00:00,16895710.0,16908554.0,16882304.0,16882304.0,122161201152,16895710.0
2025-09-11 07:00:00+00:00,16853428.0,16895690.0,16841188.0,16895690.0,18084265984,16853428.0
2025-09-11 07:30:00+00:00,16862272.0,16883978.0,16855420.0,16861718.0,200900345856,16862272.0
2025-09-11 08:00:00+00:00,16870166.0,16876204.0,16851252.0,16857612.0,184500092928,16870166.0
2025-09-11 08:30:00+00:00,16864504.0,16875148.0,16859794.0,16874394.0,122924040192,16864504.0
2025-09-11 09:00:00+00:00,16864256.0,16871992.0,16843074.0,16865334.0,5525995520,16864256.0
2025-09-11 09:30:00+00:00,16848718.0,16860456.0,16836794.0,16850552.0,116087848960,16848718.0
2025-09-11 10:00:00+00:00,16862606.0,16863018.0,16850538.0,16850538.0,354942976,16862606.0
2025-09-11 10:30:00+00:00,16880092.0,16883650.0,16863928.0,16865866.0,12689342464,16880092.0
2025-09-11 11:00:00+00:00,16856732.0,16877396.0,16856732.0,16875218.0,116958691328,16856732.0
2025-09-11 11:30:00+00:00,16868280.0,16871790.0,16855322.0,16857296.0,9086959616,16868280.0
2025-09-11 12:00:00+00:00,16902364.0,16918984.0,16871086.0,16871086.0,157777133568,16902364.0
2025-09-11 12:30:00+00:00,16817262.0,16855626.0,16777782.0,16794166.0,318406393856,16817262.0
2025-09-11 13:00:00+00:00,16780366.0,16815626.0,16735014.0,16815010.0,178414682112,16780366.0
2025-09-11 13:30:00+00:00,16892656.0,16899336.0,16780180.0,16805004.0,54184640512,16892656.0
2025-09-11 14:00:00+00:00,16801834.0,16878560.0,16759352.0,16878560.0,314401882112,16801834.0
2025-09-11 14:30:00+00:00,16852872.0,16855896.0,16796200.0,16796858.0,171618336768,16852872.0
2025-09-11 15:00:00+00:00,16839070.0,16875300.0,16834542.0,16852256.0,323714809856,16839070.0
2025-09-11 15:30:00+00:00,16800944.0,16848128.0,16784908.0,16842938.0,43803738112,16800944.0
2025-09-11 16:00:00+00:00,16825802.0,16826784.0,16802302.0,16806744.0,498648219648,16825802.0
2025-09-11 16:30:00+00:00,16842538.0,16853674.0,16821950.0,16822024.0,202461675520,16842538.0
2025-09-11 17:00:00+00:00,16849184.0,16851304.0,16823714.0,16841322.0,526960820224,16849184.0
2025-09-11 17:30:00+00:00,16874722.0,16877328.0,16846204.0,16848184.0,0,16874722.0
2025-09-11 18:00:00+00:00,16819552.0,16878450.0,16812550.0,16877242.0,83639664640,16819552.0
2025-09-11 18:30:00+00:00,16825260.0,16830448.0,16811668.0,16823738.0,89137348608,16825260.0
2025-09-11 19:00:00+00:00,16828400.0,16829274.0,16806076.0,16821380.0,303058386944,16828400.0
2025-09-11 19:30:00+00:00,16846798.0,16848856.0,16834798.0,16836536.0,11365515264,16846798.0
2025-09-11 20:00:00+00:00,16829458.0,16849038.0,16825248.0,16843060.0,110723858432,16829458.0
2025-09-11 20:30:00+00:00,16845834.0,16846638.0,16814822.0,16822758.0,8720482304,16845834.0
2025-09-11 21:00:00+00:00,16851722.0,16858786.0,16845360.0,16845360.0,121699827712,16851722.0
2025-09-11 21:30:00+00:00,16856216.0,16859014.0,16849752.0,16851176.0,0,16856216.0
2025-09-11 22:00:00+00:00,16927750.0,16940836.0,16846542.0,16854164.0,153678774272,16927750.0
2025-09-11 22:30:00+00:00,16954766.0,16968428.0,16920738.0,16934546.0,156567076864,16954766.0
2025-09-11 23:00:00+00:00,16980572.0,16988608.0,16948154.0,16948154.0,167538327552,16980572.0
2025-09-11 23:30:00+00:00,17007326.0,17007326.0,16977664.0,16979978.0,145552310272,17007326.0
2025-09-12 00:00:00+00:00,17049894.0,17060836.0,17000244.0,17006638.0,212399554560,17049894.0
2025-09-12 00:30:00+00:00,17074312.0,17128096.0,17054260.0,17054260.0,367066087424,17074312.0
2025-09-12 01:00:00+00:00,17050438.0,17080876.0,17049956.0,17062970.0,339963019264,17050438.0
2025-09-12 01:30:00+00:00,17022242.0,17052418.0,17018572.0,17052418.0,76626264064,17022242.0
2025-09-12 02:00:00+00:00,17038672.0,17049130.0,17015166.0,17019430.0,329196240896,17038672.0
2025-09-12 02:30:00+00:00,17008934.0,17051078.0,16997710.0,17038920.0,216225284096,17008934.0
2025-09-12 03:00:00+00:00,16993822.0,17017280.0,16990860.0,17014890.0,51883540480,16993822.0
2025-09-12 03:30:00+00:00,16989204.0,17010016.0,16967988.0,16992534.0,141086425088,16989204.0
2025-09-12 04:00:00+00:00,17014506.0,17017364.0,16976446.0,16989204.0,36717461504,17014506.0
2025-09-12 04:30:00+00:00,17021494.0,17037688.0,17010030.0,17010030.0,272077684736,17021494.0
2025-09-12 05:00:00+00:00,17039376.0,17045104.0,17018198.0,17021962.0,121424052224,17039376.0
2025-09-12 05:30:00+00:00,17038846.0,17049248.0,17011042.0,17037806.0,28857335808,17038846.0
2025-09-12 06:00:00+00:00,17015194.0,17041706.0,17010366.0,17039776.0,492507234304,17015194.0
2025-09-12 06:30:00+00:00,17003608.0,17016904.0,17001710.0,17015770.0,406689153024,17003608.0
2025-09-12 07:00:00+00:00,16981604.0,17003914.0,16975606.0,17001954.0,12790005760,16981604.0
2025-09-12 07:30:00+00:00,16975794.0,16993176.0,16974120.0,16984194.0,328299184128,16975794.0
2025-09-12 08:00:00+00:00,17019760.0,17025292.0,16971752.0,16977900.0,374573367296,17019760.0
2025-09-12 08:30:00+00:00,17017386.0,17023750.0,17010618.0,17021996.0,75775868928,17017386.0
2025-09-12 09:00:00+00:00,17005104.0,17029142.0,17001044.0,17019302.0,7250378752,17005104.0
2025-09-12 09:30:00+00:00,17016288.0,17016288.0,16998118.0,17009748.0,13878951936,17016288.0
2025-09-12 10:00:00+00:00,17004286.0,17013974.0,16999056.0,17013974.0,361758720,17004286.0
2025-09-12 10:30:00+00:00,16990322.0,17008870.0,16988720.0,17003820.0,110880620544,16990322.0
2025-09-12 11:00:00+00:00,17007026.0,17010564.0,16978148.0,16989534.0,145578524672,17007026.0
2025-09-12 11:30:00+00:00,16996116.0,17007566.0,16988654.0,17006970.0,120689524736,16996116.0
2025-09-12 12:00:00+00:00,17014638.0,17014638.0,16979762.0,16996612.0,78478049280,17014638.0
2025-09-12 12:30:00+00:00,17022730.0,17037280.0,17007660.0,17037280.0,58547240960,17022730.0
2025-09-12 13:00:00+00:00,16983640.0,17022042.0,16982848.0,17013834.0,158914838528,16983640.0
2025-09-12 13:30:00+00:00,17015370.0,17019440.0,16979014.0,16988920.0,0,17015370.0
2025-09-12 14:00:00+00:00,17018780.0,17049394.0,17001624.0,17020004.0,40289959936,17018780.0
2025-09-12 14:30:00+00:00,17025222.0,17026824.0,16971544.0,17026824.0,38407766016,17025222.0
2025-09-12 15:00:00+00:00,17012758.0,17024960.0,16991222.0,17021854.0,227070181376,17012758.0
2025-09-12 15:30:00+00:00,17026704.0,17037712.0,17000776.0,17007024.0,88317886464,17026704.0
2025-09-12 16:00:00+00:00,17056002.0,17056002.0,17017230.0,17024854.0,126497062912,17056002.0
2025-09-12 16:30:00+00:00,17058238.0,17064032.0,17027966.0,17051244.0,285266149376,17058238.0
2025-09-12 17:00:00+00:00,17109580.0,17113772.0,17051070.0,17055234.0,238881865728,17109580.0
2025-09-12 17:30:00+00:00,17095336.0,17107472.0,17087166.0,17104992.0,157636100096,17095336.0
2025-09-12 18:00:00+00:00,17147008.0,17149384.0,17094664.0,17097522.0,416836222976,17147008.0
2025-09-12 18:30:00+00:00,17182066.0,17190662.0,17164400.0,17164400.0,410579369984,17182066.0
2025-09-12 19:00:00+00:00,17195602.0,17198338.0,17161260.0,17184848.0,406420193280,17195602.0
2025-09-12 19:30:00+00:00,17227402.0,17231426.0,17193954.0,17199780.0,337564925952,17227402.0
2025-09-12 20:00:00+00:00,17142912.0,17229510.0,17138564.0,17229510.0,399497494528,17142912.0
2025-09-12 20:30:00+00:00,17162352.0,17188618.0,17142428.0,17142428.0,122228310016,17162352.0
2025-09-12 21:00:00+00:00,17145232.0,17159578.0,17133750.0,17146074.0,364192464896,17145232.0
2025-09-12 21:30:00+00:00,17126440.0,17144578.0,17110346.0,17144578.0,154308444160,17126440.0
2025-09-12 22:00:00+00:00,17166416.0,17188838.0,17126686.0,17126686.0,203072995328,17166416.0
2025-09-12 22:30:00+00:00,17148326.0,17167052.0,17129664.0,17167052.0,121139888128,17148326.0
2025-09-12 23:00:00+00:00,17160156.0,17160156.0,17135286.0,17146536.0,432650321920,17160156.0
2025-09-12 23:30:00+00:00,17153782.0,17167014.0,17146120.0,17158352.0,321273200640,17153782.0
2025-09-13 00:00:00+00:00,17153600.0,17157492.0,17141220.0,17150540.0,0,17153600.0
2025-09-13 00:30:00+00:00,17181150.0,17182914.0,17153456.0,17154264.0,60570468352,17181150.0
2025-09-13 01:00:00+00:00,17147320.0,17182148.0,17147016.0,17181150.0,161974583296,17147320.0
2025-09-13 01:30:00+00:00,17125308.0,17150580.0,17113978.0,17148776.0,323180560384,17125308.0
2025-09-13 02:00:00+00:00,17151480.0,17155364.0,17119868.0,17125308.0,846200832,17151480.0
2025-09-13 02:30:00+00:00,17120578.0,17150310.0,17120410.0,17150310.0,117767143424,17120578.0
2025-09-13 03:00:00+00:00,17143048.0,17156750.0,17139162.0,17141462.0,162923020288,17143048.0
2025-09-13 03:30:00+00:00,17148564.0,17153498.0,17134988.0,17143048.0,14949548032,17148564.0
2025-09-13 04:00:00+00:00,17125814.0,17149392.0,17125172.0,17149392.0,22214606848,17125814.0
2025-09-13 04:30:00+00:00,17117136.0,17134788.0,17114696.0,17124230.0,135892303872,17117136.0
2025-09-13 05:00:00+00:00,17127100.0,17131174.0,17115234.0,17117828.0,119159128064,17127100.0
2025-09-13 05:30:00+00:00,17115236.0,17128104.0,17112266.0,17125658.0,242462752768,17115236.0
2025-09-13 06:00:00+00:00,17113644.0,17127322.0,17109106.0,17118942.0,18212192256,17113644.0
2025-09-13 06:30:00+00:00,17120950.0,17120950.0,17111784.0,17114124.0,239150301184,17120950.0
2025-09-13 07:00:00+00:00,17135072.0,17136760.0,17112610.0,17119774.0,124791029760,17135072.0
2025-09-13 07:30:00+00:00,17127214.0,17136018.0,17126944.0,17135072.0,111506620416,17127214.0
2025-09-13 08:00:00+00:00,17134276.0,17134276.0,17125486.0,17125486.0,0,17134276.0
2025-09-13 08:30:00+00:00,17155926.0,17164106.0,17134276.0,17134276.0,128892010496,17155926.0
2025-09-13 09:00:00+00:00,17141520.0,17157866.0,17140762.0,17152632.0,2809659392,17141520.0
2025-09-13 09:30:00+00:00,17162942.0,17162942.0,17140880.0,17140890.0,114740953088,17162942.0
2025-09-13 10:00:00+00:00,17153886.0,17181222.0,17153886.0,17162942.0,274054774784,17153886.0
2025-09-13 10:30:00+00:00,17134324.0,17153886.0,17134004.0,17153886.0,135796359168,17134324.0
2025-09-13 11:00:00+00:00,17130574.0,17134206.0,17127258.0,17133776.0,0,17130574.0
2025-09-13 11:30:00+00:00,17140226.0,17142844.0,17129274.0,17130054.0,124337520640,17140226.0
2025-09-13 12:00:00+00:00,17124828.0,17135398.0,17124798.0,17135398.0,201105866752,17124828.0
2025-09-13 12:30:00+00:00,17143632.0,17146310.0,17122974.0,17122974.0,110596980736,17143632.0
2025-09-13 13:00:00+00:00,17136706.0,17144250.0,17127416.0,17144250.0,3046113280,17136706.0
2025-09-13 13:30:00+00:00,17110754.0,17136706.0,17094582.0,17136706.0,255525388288,17110754.0
2025-09-13 14:00:00+00:00,17130884.0,17136976.0,17088714.0,17104384.0,116006060032,17130884.0
2025-09-13 14:30:00+00:00,17115528.0,17130884.0,17113264.0,17130884.0,383370919936,17115528.0
2025-09-13 15:00:00+00:00,17118680.0,17127140.0,17110074.0,17110074.0,119841226752,17118680.0
2025-09-13 15:30:00+00:00,17106152.0,17118680.0,17083450.0,17118680.0,306597855232,17106152.0
2025-09-13 16:00:00+00:00,17072480.0,17113526.0,17069116.0,17106152.0,117825339392,17072480.0
2025-09-13 16:30:00+00:00,17044102.0,17079176.0,17037930.0,17072480.0,182823944192,17044102.0
2025-09-13 17:00:00+00:00,17054850.0,17057874.0,17026802.0,17039384.0,152726667264,17054850.0
2025-09-13 17:30:00+00:00,17077624.0,17080462.0,17051028.0,17051028.0,201503277056,17077624.0
2025-09-13 18:00:00+00:00,17091244.0,17091244.0,17058698.0,17074968.0,99490988032,17091244.0
2025-09-13 18:30:00+00:00,17085080.0,17090952.0,17073596.0,17090952.0,274327404544,17085080.0
2025-09-13 19:00:00+00:00,17088172.0,17091120.0,17080684.0,17087500.0,60939042816,17088172.0
2025-09-13 19:30:00+00:00,17108142.0,17109972.0,17087036.0,17087036.0,0,17108142.0
2025-09-13 20:00:00+00:00,17131326.0,17134274.0,17110504.0,17110504.0,6543114240,17131326.0
2025-09-13 20:30:00+00:00,17129434.0,17131380.0,17119188.0,17131326.0,218088603648,17129434.0
2025-09-13 21:00:00+00:00,17133626.0,17139492.0,17121720.0,17130948.0,122891534336,17133626.0
2025-09-13 21:30:00+00:00,17124944.0,17135438.0,17118520.0,17133540.0,243185221632,17124944.0
2025-09-13 22:00:00+00:00,17120720.0,17130080.0,17120720.0,17121964.0,0,17120720.0
2025-09-13 22:30:00+00:00,17122624.0,17125160.0,17117166.0,17120738.0,0,17122624.0
2025-09-13 23:00:00+00:00,17143000.0,17143544.0,17120606.0,17120606.0,79691776,17143000.0
2025-09-13 23:30:00+00:00,17144424.0,17145214.0,17137964.0,17137964.0,2151677952,17144424.0
2025-09-14 00:00:00+00:00,17149944.0,17159754.0,17143826.0,17143826.0,233814097920,17149944.0
2025-09-14 00:30:00+00:00,17147976.0,17155492.0,17134484.0,17149944.0,250206486528,17147976.0
2025-09-14 01:00:00+00:00,17128924.0,17145568.0,17123752.0,17145568.0,246600957952,17128924.0
2025-09-14 01:30:00+00:00,17150996.0,17153530.0,17127740.0,17130242.0,134648168448,17150996.0
2025-09-14 02:00:00+00:00,17159914.0,17166878.0,17147784.0,17150594.0,123184611328,17159914.0
2025-09-14 02:30:00+00:00,17137350.0,17155336.0,17124978.0,17155336.0,141252624384,17137350.0
2025-09-14 03:00:00+00:00,17117958.0,17136262.0,17108874.0,17136262.0,13961789440,17117958.0
2025-09-14 03:30:00+00:00,17107370.0,17122592.0,17107370.0,17117320.0,0,17107370.0
2025-09-14 04:00:00+00:00,17111188.0,17113012.0,17084232.0,17110768.0,273554079744,17111188.0
2025-09-14 04:30:00+00:00,17121084.0,17121084.0,17112812.0,17112898.0,4115136512,17121084.0
2025-09-14 05:00:00+00:00,17128280.0,17128654.0,17117604.0,17119058.0,125152264192,17128280.0
2025-09-14 05:30:00+00:00,17140374.0,17145574.0,17125962.0,17129170.0,144553541632,17140374.0
2025-09-14 06:00:00+00:00,17126190.0,17145414.0,17122666.0,17140552.0,133370478592,17126190.0
2025-09-14 06:30:00+00:00,17118386.0,17127172.0,17116312.0,17124950.0,138752819200,17118386.0
2025-09-14 07:00:00+00:00,17123700.0,17124564.0,17115968.0,17116334.0,596577878016,17123700.0
2025-09-14 07:30:00+00:00,17129390.0,17130670.0,17109658.0,17121378.0,5208801280,17129390.0
2025-09-14 08:00:00+00:00,17138804.0,17138804.0,17121752.0,17123006.0,133239406592,17138804.0
2025-09-14 08:30:00+00:00,17148670.0,17151734.0,17140336.0,17140336.0,263703756800,17148670.0
2025-09-14 09:00:00+00:00,17161176.0,17161910.0,17144306.0,17146272.0,3508535296,17161176.0
2025-09-14 09:30:00+00:00,17165768.0,17177934.0,17161370.0,17163026.0,299242618880,17165768.0
2025-09-14 10:00:00+00:00,17155440.0,17173302.0,17154946.0,17165768.0,238150483968,17155440.0
2025-09-14 10:30:00+00:00,17160898.0,17162484.0,17149736.0,17150812.0,118145679360,17160898.0
2025-09-14 11:00:00+00:00,17138718.0,17167312.0,17138718.0,17159864.0,126497587200,17138718.0
2025-09-14 11:30:00+00:00,17125088.0,17140712.0,17123268.0,17140712.0,161043447808,17125088.0
2025-09-14 12:00:00+00:00,17131298.0,17133900.0,17116422.0,17126870.0,14653325312,17131298.0
2025-09-14 12:30:00+00:00,17121754.0,17131772.0,17109362.0,17131772.0,163266953216,17121754.0
2025-09-14 13:00:00+00:00,17077236.0,17122608.0,17077236.0,17121360.0,12904824832,17077236.0
2025-09-14 13:30:00+00:00,17058506.0,17083792.0,17043526.0,17083792.0,298425253888,17058506.0
2025-09-14 14:00:00+00:00,17072360.0,17099624.0,17058506.0,17058506.0,240425369600,17072360.0
2025-09-14 14:30:00+00:00,17069522.0,17082322.0,17042928.0,17078102.0,467164725248,17069522.0
2025-09-14 15:00:00+00:00,17053710.0,17071694.0,17046706.0,17070172.0,46549958656,17053710.0
2025-09-14 15:30:00+00:00,17043988.0,17060320.0,17042662.0,17047374.0,274202624000,17043988.0
2025-09-14 16:00:00+00:00,17077698.0,17077698.0,17039984.0,17039984.0,0,17077698.0
2025-09-14 16:30:00+00:00,17076386.0,17086946.0,17073740.0,17080072.0,340592164864,17076386.0
2025-09-14 17:00:00+00:00,17103882.0,17103882.0,17071154.0,17078512.0,122295943168,17103882.0
2025-09-14 17:30:00+00:00,17097504.0,17104500.0,17096042.0,17103882.0,13730578432,17097504.0
2025-09-14 18:00:00+00:00,17078252.0,17095248.0,17077112.0,17095248.0,259276668928,17078252.0
2025-09-14 18:30:00+00:00,17067756.0,17080906.0,17066110.0,17077244.0,128285409280,17067756.0
2025-09-14 19:00:00+00:00,17067694.0,17068724.0,17033672.0,17068350.0,130401959936,17067694.0
2025-09-14 19:30:00+00:00,17084730.0,17088064.0,17067694.0,17067694.0,9786884096,17084730.0
2025-09-14 20:00:00+00:00,17101904.0,17118698.0,17085614.0,17085614.0,127700303872,17101904.0
2025-09-14 20:30:00+00:00,17110704.0,17113546.0,17090864.0,17102608.0,146366529536,17110704.0
2025-09-14 21:00:00+00:00,17120782.0,17120782.0,17074050.0,17110494.0,151193649152,17120782.0
2025-09-14 21:30:00+00:00,17128972.0,17144090.0,17116034.0,17120380.0,289574223872,17128972.0
2025-09-14 22:00:00+00:00,17122096.0,17154306.0,17117796.0,17137844.0,16504061952,17122096.0
2025-09-14 22:30:00+00:00,17142598.0,17149172.0,17120100.0,17121710.0,277386100736,17142598.0
2025-09-14 23:00:00+00:00,17054294.0,17139856.0,17045616.0,17139856.0,161567211520,17054294.0
2025-09-14 23:30:00+00:00,17041236.0,17047958.0,17018002.0,17047534.0,605691052032,17041236.0
2025-09-15 00:00:00+00:00,17021546.0,17026034.0,16984886.0,17026034.0,458980589568,17021546.0
2025-09-15 00:30:00+00:00,16982798.0,17020164.0,16980404.0,17020164.0,173596999680,16982798.0
2025-09-15 01:00:00+00:00,16990070.0,16996536.0,16955866.0,16981620.0,171938152448,16990070.0
2025-09-15 01:30:00+00:00,17008886.0,17015654.0,16998628.0,16998636.0,19612565504,17008886.0
2025-09-15 02:00:00+00:00,17032322.0,17041676.0,17019908.0,17019908.0,280692785152,17032322.0
2025-09-15 02:30:00+00:00,17022024.0,17040662.0,17022024.0,17033844.0,128863698944,17022024.0
2025-09-15 03:00:00+00:00,17034330.0,17049336.0,17021824.0,17021824.0,265262465024,17034330.0
2025-09-15 03:30:00+00:00,17028208.0,17039048.0,17021546.0,17035716.0,145821794304,17028208.0
2025-09-15 04:00:00+00:00,17101468.0,17116196.0,17014626.0,17025800.0,341016313856,17101468.0
2025-09-15 04:30:00+00:00,17112446.0,17125326.0,17094872.0,17101884.0,54145843200,17112446.0
2025-09-15 05:00:00+00:00,17154338.0,17158042.0,17110926.0,17110926.0,436263190528,17154338.0
2025-09-15 05:30:00+00:00,17191498.0,17191498.0,17156698.0,17160058.0,71113375744,17191498.0
2025-09-15 06:00:00+00:00,17185392.0,17220884.0,17185392.0,17192834.0,236951961600,17185392.0
2025-09-15 06:30:00+00:00,17136024.0,17188474.0,17131718.0,17188438.0,44704464896,17136024.0
2025-09-15 07:00:00+00:00,17121660.0,17162146.0,17121660.0,17139502.0,268099911680,17121660.0
2025-09-15 07:30:00+00:00,17084122.0,17122320.0,17058272.0,17122320.0,348730163200,17084122.0
2025-09-15 08:00:00+00:00,17064386.0,17082334.0,17028732.0,17082334.0,591264743424,17064386.0
2025-09-15 08:30:00+00:00,16922218.0,17057770.0,16922218.0,17057770.0,205335822336,16922218.0
2025-09-15 09:00:00+00:00,16968678.0,16974938.0,16907398.0,16907398.0,357751586816,16968678.0
2025-09-15 09:30:00+00:00,16934738.0,16964230.0,16933802.0,16964230.0,238668480512,16934738.0
2025-09-15 10:00:00+00:00,16908136.0,16940028.0,16902540.0,16938828.0,76153356288,16908136.0
2025-09-15 10:30:00+00:00,16925784.0,16930480.0,16910338.0,16910338.0,195244326912,16925784.0
2025-09-15 11:00:00+00:00,16942744.0,16956684.0,16919136.0,16923368.0,166503383040,16942744.0
2025-09-15 11:30:00+00:00,16973216.0,16983150.0,16942058.0,16942794.0,525986693120,16973216.0
2025-09-15 12:00:00+00:00,16939410.0,16964144.0,16933444.0,16964144.0,414391468032,16939410.0
2025-09-15 12:30:00+00:00,16899136.0,16926106.0,16897222.0,16925776.0,34348204032,16899136.0
2025-09-15 13:00:00+00:00,16944702.0,16944702.0,16889342.0,16898142.0,373745516544,16944702.0
2025-09-15 13:30:00+00:00,16895592.0,16949080.0,16856372.0,16944158.0,300405489664,16895592.0
2025-09-15 14:00:00+00:00,16962126.0,16963606.0,16876344.0,16898346.0,93913612288,16962126.0
2025-09-15 14:30:00+00:00,16918030.0,16963456.0,16918030.0,16963456.0,294100926464,16918030.0
2025-09-15 15:00:00+00:00,16898678.0,16911288.0,16867484.0,16911288.0,81620631552,16898678.0
2025-09-15 15:30:00+00:00,16923566.0,16929392.0,16868626.0,16893972.0,304023076864,16923566.0
2025-09-15 16:00:00+00:00,16908910.0,16933072.0,16890606.0,16918842.0,699556429824,16908910.0
2025-09-15 16:30:00+00:00,16898782.0,16938282.0,16898782.0,16908774.0,169292070912,16898782.0
2025-09-15 17:00:00+00:00,16907960.0,16931354.0,16900850.0,16900850.0,495428042752,16907960.0
2025-09-15 17:30:00+00:00,16940586.0,16940586.0,16907462.0,16907462.0,250954121216,16940586.0
2025-09-15 18:00:00+00:00,16932640.0,16966110.0,16929000.0,16949614.0,178894929920,16932640.0
2025-09-15 18:30:00+00:00,16990408.0,16990826.0,16927568.0,16930772.0,347303575552,16990408.0
2025-09-15 19:00:00+00:00,16959406.0,17021756.0,16959406.0,16988012.0,272400121856,16959406.0
2025-09-15 19:30:00+00:00,16995798.0,17023140.0,16945670.0,16959976.0,93659856896,16995798.0
2025-09-15 20:00:00+00:00,16999468.0,17027592.0,16992418.0,16997146.0,177134895104,16999468.0
2025-09-15 20:30:00+00:00,17007482.0,17007482.0,16990052.0,16999622.0,298044096512,17007482.0
2025-09-15 21:00:00+00:00,17013388.0,17019764.0,16992236.0,17013044.0,141916372992,17013388.0
2025-09-15 21:30:00+00:00,17022080.0,17025948.0,17007088.0,17012964.0,123581497344,17022080.0
2025-09-15 22:00:00+00:00,17012352.0,17038700.0,17002360.0,17021560.0,160038912000,17012352.0
2025-09-15 22:30:00+00:00,17000478.0,17014734.0,16984416.0,17013708.0,871890944,17000478.0
2025-09-15 23:00:00+00:00,17005982.0,17006682.0,16989518.0,16995672.0,333777469440,17005982.0
2025-09-16 01:00:00+00:00,17030900.0,17030900.0,16975414.0,16976450.0,0,17030900.0
2025-09-16 01:30:00+00:00,16956232.0,16959958.0,16953488.0,16957434.0,119269228544,16956232.0
2025-09-16 02:00:00+00:00,16957680.0,16961880.0,16942108.0,16953634.0,359558283264,16957680.0
2025-09-16 02:30:00+00:00,16930320.0,16962868.0,16929172.0,16955408.0,14578352128,16930320.0
2025-09-16 03:00:00+00:00,16952076.0,16956348.0,16930966.0,16933744.0,286444748800,16952076.0
2025-09-16 03:30:00+00:00,16973432.0,16976492.0,16953558.0,16958770.0,19213582336,16973432.0
2025-09-16 04:00:00+00:00,16957098.0,16980832.0,16917022.0,16971626.0,162289156096,16957098.0
2025-09-16 04:30:00+00:00,16983340.0,16993652.0,16944136.0,16959402.0,131735224320,16983340.0
2025-09-16 05:00:00+00:00,17000384.0,17024010.0,16976266.0,16976266.0,140992577536,17000384.0
2025-09-16 05:30:00+00:00,17042842.0,17045878.0,17007472.0,17009686.0,18713411584,17042842.0
2025-09-16 06:00:00+00:00,17035628.0,17048088.0,17030666.0,17041938.0,306260738048,17035628.0
2025-09-16 09:30:00+00:00,16973516.0,16979280.0,16973516.0,16979280.0,0,16973516.0
2025-09-16 10:30:00+00:00,16967662.0,16988274.0,16967662.0,16988044.0,1145044992,16967662.0
2025-09-16 11:00:00+00:00,16966956.0,16970176.0,16954378.0,16969302.0,194218295296,16966956.0
2025-09-16 11:30:00+00:00,16942236.0,16983826.0,16942028.0,16966926.0,0,16942236.0
2025-09-16 12:00:00+00:00,16963990.0,16974876.0,16942874.0,16946498.0,0,16963990.0
2025-09-16 12:30:00+00:00,16981966.0,16990914.0,16966428.0,16966428.0,160301580288,16981966.0
2025-09-16 13:00:00+00:00,16965680.0,16986754.0,16958670.0,16981326.0,97042563072,16965680.0
2025-09-16 13:30:00+00:00,16898700.0,16966270.0,16852108.0,16966270.0,179087343616,16898700.0
2025-09-16 14:00:00+00:00,16863930.0,16913662.0,16841236.0,16909416.0,164137271296,16863930.0
2025-09-16 14:30:00+00:00,16895044.0,16899596.0,16851162.0,16859906.0,130032861184,16895044.0
2025-09-16 15:00:00+00:00,16872992.0,16893096.0,16864982.0,16893096.0,140694257664,16872992.0
2025-09-16 15:30:00+00:00,16983036.0,16983036.0,16876566.0,16876566.0,26160398336,16983036.0
2025-09-16 16:00:00+00:00,16967282.0,16995422.0,16939632.0,16995422.0,220954886144,16967282.0
2025-09-16 16:30:00+00:00,16984780.0,16984780.0,16960860.0,16973394.0,169769172992,16984780.0
2025-09-16 17:00:00+00:00,17079954.0,17079954.0,16999324.0,16999324.0,209126424576,17079954.0
2025-09-16 17:30:00+00:00,17057956.0,17109976.0,17041470.0,17093658.0,346664468480,17057956.0
2025-09-16 18:00:00+00:00,17047450.0,17095610.0,17047450.0,17067602.0,384064552960,17047450.0
2025-09-16 18:30:00+00:00,17043950.0,17053302.0,17022478.0,17049828.0,288680837120,17043950.0
2025-09-16 19:00:00+00:00,17051844.0,17071814.0,17048452.0,17052364.0,130211643392,17051844.0
2025-09-16 19:30:00+00:00,17112298.0,17112298.0,17052658.0,17057080.0,410846756864,17112298.0
2025-09-16 20:00:00+00:00,17106706.0,17124950.0,17104648.0,17116328.0,6984040448,17106706.0
2025-09-16 20:30:00+00:00,17121524.0,17127836.0,17103648.0,17103648.0,148659765248,17121524.0
2025-09-16 21:00:00+00:00,17089150.0,17138786.0,17086162.0,17120614.0,184249483264,17089150.0
2025-09-16 21:30:00+00:00,17118530.0,17120938.0,17087828.0,17092530.0,380941893632,17118530.0
2025-09-16 22:00:00+00:00,17130934.0,17137412.0,17120522.0,17126266.0,245415542784,17130934.0
2025-09-16 22:30:00+00:00,17124272.0,17128178.0,17100078.0,17127938.0,392398110720,17124272.0
2025-09-16 23:00:00+00:00,17096474.0,17128572.0,17092194.0,17123788.0,287368544256,17096474.0
2025-09-16 23:30:00+00:00,17105064.0,17105064.0,17079056.0,17096408.0,145206804480,17105064.0
2025-09-17 00:00:00+00:00,17080390.0,17107128.0,17067820.0,17107128.0,5152702464,17080390.0
2025-09-17 00:30:00+00:00,17093608.0,17098252.0,17072130.0,17081046.0,435479379968,17093608.0
2025-09-17 01:00:00+00:00,17101994.0,17103708.0,17083384.0,17092926.0,18125160448,17101994.0
2025-09-17 01:30:00+00:00,17097764.0,17107448.0,17093972.0,17105454.0,13146521600,17097764.0
2025-09-17 02:00:00+00:00,17116870.0,17116870.0,17091074.0,17100430.0,17447780352,17116870.0
2025-09-17 02:30:00+00:00,17113136.0,17155978.0,17112900.0,17118032.0,400828661760,17113136.0
2025-09-17 03:00:00+00:00,17081240.0,17111170.0,17081240.0,17108124.0,66397405184,17081240.0
2025-09-17 03:30:00+00:00,17071822.0,17087296.0,17066480.0,17081532.0,199685046272,17071822.0
2025-09-17 04:00:00+00:00,17045968.0,17075632.0,17045220.0,17066288.0,290522660864,17045968.0
2025-09-17 04:30:00+00:00,17046012.0,17050732.0,17026760.0,17050732.0,251809759232,17046012.0
2025-09-17 05:00:00+00:00,17081390.0,17089890.0,17043002.0,17043002.0,120615075840,17081390.0
2025-09-17 05:30:00+00:00,17173922.0,17173922.0,17081530.0,17081530.0,27762098176,17173922.0
2025-09-17 06:00:00+00:00,17156316.0,17178084.0,17149900.0,17168844.0,72876556288,17156316.0
2025-09-17 06:30:00+00:00,17172454.0,17174222.0,17148866.0,17154144.0,408789975040,17172454.0
2025-09-17 07:00:00+00:00,17195352.0,17204532.0,17168118.0,17181056.0,543357403136,17195352.0
2025-09-17 07:30:00+00:00,17194528.0,17201092.0,17185768.0,17195510.0,79737389056,17194528.0
2025-09-17 08:00:00+00:00,17149226.0,17194218.0,17148666.0,17194218.0,23729274880,17149226.0
2025-09-17 08:30:00+00:00,17112874.0,17139568.0,17100054.0,17139568.0,136367833088,17112874.0
2025-09-17 09:00:00+00:00,17096254.0,17120914.0,17087214.0,17120914.0,598316941312,17096254.0
2025-09-17 09:30:00+00:00,17066334.0,17101202.0,17063462.0,17096368.0,14950072320,17066334.0
2025-09-17 10:00:00+00:00,17038328.0,17066080.0,17038328.0,17066080.0,209140056064,17038328.0
2025-09-17 10:30:00+00:00,17026824.0,17039654.0,17012808.0,17036322.0,29899096064,17026824.0
2025-09-17 11:00:00+00:00,17017968.0,17024804.0,17010252.0,17024804.0,506049069056,17017968.0
2025-09-17 11:30:00+00:00,17019614.0,17026572.0,17013722.0,17018342.0,162354167808,17019614.0
2025-09-17 12:00:00+00:00,17043142.0,17043142.0,17015256.0,17019586.0,49428299776,17043142.0
2025-09-17 12:30:00+00:00,17019206.0,17056194.0,17007360.0,17045048.0,70850707456,17019206.0
2025-09-17 13:00:00+00:00,17015000.0,17020056.0,16997994.0,17017632.0,400351035392,17015000.0
2025-09-17 13:30:00+00:00,16991778.0,17016048.0,16964306.0,17016048.0,116482637824,16991778.0
2025-09-17 14:00:00+00:00,16934906.0,17010570.0,16934906.0,16999674.0,278745055232,16934906.0
2025-09-17 14:30:00+00:00,16924408.0,16931832.0,16899176.0,16931676.0,520971354112,16924408.0
2025-09-17 15:00:00+00:00,16930834.0,16946636.0,16920214.0,16923876.0,153747456000,16930834.0
2025-09-17 15:30:00+00:00,16958332.0,16960264.0,16926416.0,16926416.0,43073929216,16958332.0
2025-09-17 16:00:00+00:00,16915450.0,16964526.0,16910554.0,16964526.0,61940957184,16915450.0
2025-09-17 16:30:00+00:00,16925434.0,16930792.0,16891346.0,16920984.0,321679523840,16925434.0
2025-09-17 17:00:00+00:00,16927618.0,16951124.0,16921516.0,16922694.0,5740429312,16927618.0
2025-09-17 17:30:00+00:00,16986266.0,17011908.0,16928668.0,16928668.0,67599073280,16986266.0
2025-09-17 18:00:00+00:00,16924448.0,16985098.0,16799274.0,16985098.0,659648675840,16924448.0
2025-09-17 18:30:00+00:00,16886954.0,16929638.0,16837410.0,16929638.0,431392555008,16886954.0
2025-09-17 19:00:00+00:00,16984724.0,16991370.0,16906540.0,16906540.0,560456531968,16984724.0
2025-09-17 19:30:00+00:00,16985354.0,16999692.0,16964672.0,16972634.0,307782221824,16985354.0
2025-09-17 20:00:00+00:00,17034584.0,17057276.0,16982056.0,16982056.0,339314475008,17034584.0
2025-09-17 20:30:00+00:00,16989674.0,17042852.0,16989674.0,17035566.0,20251148288,16989674.0
2025-09-17 21:00:00+00:00,17031374.0,17031374.0,16965170.0,16994508.0,171461574656,17031374.0
2025-09-17 21:30:00+00:00,17058048.0,17065910.0,17015672.0,17031490.0,302320189440,17058048.0
2025-09-17 22:00:00+00:00,17068286.0,17092700.0,17057194.0,17057194.0,70384091136,17068286.0
2025-09-17 22:30:00+00:00,17147734.0,17150642.0,17068298.0,17068298.0,347775434752,17147734.0
2025-09-17 23:00:00+00:00,17135108.0,17178222.0,17124786.0,17125466.0,237641400320,17135108.0
2025-09-17 23:30:00+00:00,17106046.0,17138602.0,17089264.0,17123010.0,451252584448,17106046.0
2025-09-18 00:00:00+00:00,17077688.0,17110290.0,17068578.0,17106950.0,560773201920,17077688.0
2025-09-18 00:30:00+00:00,17096156.0,17118544.0,17079264.0,17079264.0,382036082688,17096156.0
2025-09-18 01:00:00+00:00,17153732.0,17161392.0,17093288.0,17096624.0,46002077696,17153732.0
2025-09-18 01:30:00+00:00,17168444.0,17191362.0,17139112.0,17141384.0,213958787072,17168444.0
2025-09-18 02:00:00+00:00,17129136.0,17165016.0,17128236.0,17163570.0,273503223808,17129136.0
2025-09-18 02:30:00+00:00,17184138.0,17184138.0,17126798.0,17126798.0,139635720192,17184138.0
2025-09-18 03:00:00+00:00,17311628.0,17311628.0,17179810.0,17188528.0,358226067456,17311628.0
2025-09-18 03:30:00+00:00,17297922.0,17330962.0,17296534.0,17314734.0,268247760896,17297922.0
2025-09-18 04:00:00+00:00,17275674.0,17321748.0,17275498.0,17301138.0,326780321792,17275674.0
2025-09-18 04:30:00+00:00,17306858.0,17307108.0,17259058.0,17276740.0,276753809408,17306858.0
2025-09-18 05:00:00+00:00,17271548.0,17314686.0,17271548.0,17314686.0,151876796416,17271548.0
2025-09-18 05:30:00+00:00,17280554.0,17280554.0,17263952.0,17266292.0,13109297152,17280554.0
2025-09-18 06:00:00+00:00,17247402.0,17295024.0,17247402.0,17286238.0,93788831744,17247402.0
2025-09-18 06:30:00+00:00,17258562.0,17262214.0,17242862.0,17250316.0,216160796672,17258562.0
2025-09-18 07:00:00+00:00,17237688.0,17265764.0,17236440.0,17265764.0,134600458240,17237688.0
2025-09-18 07:30:00+00:00,17227230.0,17247738.0,17222392.0,17230948.0,204703006720,17227230.0
2025-09-18 08:00:00+00:00,17295626.0,17297032.0,17227328.0,17229764.0,13047431168,17295626.0
2025-09-18 08:30:00+00:00,17285838.0,17294914.0,17262144.0,17294182.0,229962153984,17285838.0
2025-09-18 09:00:00+00:00,17273978.0,17287514.0,17270086.0,17287514.0,132843044864,17273978.0
2025-09-18 09:30:00+00:00,17276938.0,17282784.0,17246662.0,17275078.0,163470901248,17276938.0
2025-09-18 10:00:00+00:00,17266512.0,17289908.0,17266512.0,17279128.0,221683646464,17266512.0
2025-09-18 10:30:00+00:00,17262442.0,17262442.0,17245432.0,17262350.0,187927887872,17262442.0
2025-09-18 11:00:00+00:00,17276144.0,17282396.0,17265668.0,17265668.0,177447370752,17276144.0
2025-09-18 11:30:00+00:00,17256040.0,17280406.0,17251458.0,17273188.0,154381844480,17256040.0
2025-09-18 12:00:00+00:00,17287418.0,17292484.0,17252830.0,17257368.0,170785767424,17287418.0
2025-09-18 12:30:00+00:00,17315258.0,17315258.0,17282212.0,17291338.0,125336289280,17315258.0
2025-09-18 13:00:00+00:00,17380990.0,17381116.0,17315934.0,17315934.0,129231749120,17380990.0
2025-09-18 13:30:00+00:00,17385280.0,17427130.0,17353986.0,17385108.0,1128791015424,17385280.0
2025-09-18 14:00:00+00:00,17448484.0,17456714.0,17397592.0,17397592.0,125553344512,17448484.0
2025-09-18 14:30:00+00:00,17419484.0,17440598.0,17415098.0,17431602.0,126850433024,17419484.0
2025-09-18 15:00:00+00:00,17373292.0,17419306.0,17371256.0,17419306.0,427726733312,17373292.0
2025-09-18 15:30:00+00:00,17414564.0,17426176.0,17367354.0,17367354.0,244148338688,17414564.0
2025-09-18 16:00:00+00:00,17423994.0,17437928.0,17403054.0,17415126.0,516801167360,17423994.0
2025-09-18 16:30:00+00:00,17390468.0,17429082.0,17390468.0,17420740.0,495460548608,17390468.0
2025-09-18 17:00:00+00:00,17383056.0,17410946.0,17379126.0,17391668.0,198618120192,17383056.0
2025-09-18 17:30:00+00:00,17385774.0,17396360.0,17364792.0,17384330.0,165122408448,17385774.0
2025-09-18 18:00:00+00:00,17422332.0,17430810.0,17385880.0,17385880.0,15715008512,17422332.0
2025-09-18 18:30:00+00:00,17428292.0,17433442.0,17411028.0,17422920.0,162626273280,17428292.0
2025-09-18 19:00:00+00:00,17382206.0,17424118.0,17382206.0,17424118.0,0,17382206.0
2025-09-18 19:30:00+00:00,17381966.0,17381966.0,17341654.0,17376494.0,25843204096,17381966.0
2025-09-18 20:00:00+00:00,17390830.0,17393166.0,17372338.0,17384792.0,244439318528,17390830.0
2025-09-18 20:30:00+00:00,17402206.0,17420120.0,17394156.0,17394156.0,218589298688,17402206.0
2025-09-18 21:00:00+00:00,17371206.0,17396508.0,17365160.0,17396508.0,143003746304,17371206.0
2025-09-18 21:30:00+00:00,17361366.0,17381242.0,17361366.0,17377470.0,131488284672,17361366.0
2025-09-18 22:00:00+00:00,17354684.0,17362652.0,17347364.0,17362652.0,113195352064,17354684.0
2025-09-18 22:30:00+00:00,17325386.0,17361092.0,17325286.0,17352654.0,919076864,17325386.0
2025-09-18 23:00:00+00:00,17283622.0,17294084.0,17265518.0,17293320.0,4016046080,17283622.0
2025-09-18 23:30:00+00:00,17330446.0,17337582.0,17286808.0,17286808.0,152019402752,17330446.0
2025-09-19 00:00:00+00:00,17368356.0,17370058.0,17328762.0,17332412.0,126202413056,17368356.0
2025-09-19 00:30:00+00:00,17376800.0,17391790.0,17365294.0,17367786.0,276263600128,17376800.0
2025-09-19 01:00:00+00:00,17375648.0,17393436.0,17366012.0,17382820.0,141537312768,17375648.0
2025-09-19 01:30:00+00:00,17363628.0,17375652.0,17341404.0,17373406.0,122267631616,17363628.0
2025-09-19 02:00:00+00:00,17339666.0,17372702.0,17337446.0,17362010.0,274708037632,17339666.0
2025-09-19 02:30:00+00:00,17341818.0,17353050.0,17335770.0,17341494.0,287667388416,17341818.0
2025-09-19 03:00:00+00:00,17329928.0,17351894.0,17329928.0,17340260.0,92804743168,17329928.0
2025-09-19 03:30:00+00:00,17272298.0,17319606.0,17253198.0,17319606.0,0,17272298.0
2025-09-19 04:00:00+00:00,17245258.0,17275076.0,17197410.0,17275076.0,212713603072,17245258.0
2025-09-19 04:30:00+00:00,17265390.0,17267348.0,17240588.0,17240588.0,0,17265390.0
2025-09-19 05:00:00+00:00,17240982.0,17262598.0,17239852.0,17262598.0,105706422272,17240982.0
2025-09-19 05:30:00+00:00,17254746.0,17257436.0,17233126.0,17233126.0,146787008512,17254746.0
2025-09-19 06:00:00+00:00,17257288.0,17263500.0,17237806.0,17258974.0,138733944832,17257288.0
2025-09-19 06:30:00+00:00,17270694.0,17274516.0,17231488.0,17258080.0,6962020352,17270694.0
2025-09-19 07:00:00+00:00,17283764.0,17291642.0,17258966.0,17258966.0,153039667200,17283764.0
2025-09-19 07:30:00+00:00,17305102.0,17305688.0,17271636.0,17278926.0,21416640512,17305102.0
2025-09-19 08:00:00+00:00,17329926.0,17333722.0,17297146.0,17303192.0,282687176704,17329926.0
2025-09-19 08:30:00+00:00,17296404.0,17329996.0,17296404.0,17329996.0,206080311296,17296404.0
2025-09-19 09:00:00+00:00,17278918.0,17299326.0,17275214.0,17295192.0,136892645376,17278918.0
2025-09-19 09:30:00+00:00,17247990.0,17288696.0,17239856.0,17284004.0,157865213952,17247990.0
2025-09-19 10:00:00+00:00,17238766.0,17243188.0,17229804.0,17242244.0,161794228224,17238766.0
2025-09-19 10:30:00+00:00,17248996.0,17249358.0,17234222.0,17234222.0,283725791232,17248996.0
2025-09-19 11:00:00+00:00,17236004.0,17255542.0,17230422.0,17248874.0,141623820288,17236004.0
2025-09-19 11:30:00+00:00,17257178.0,17257178.0,17225726.0,17230866.0,18075877376,17257178.0
2025-09-19 12:00:00+00:00,17220192.0,17255744.0,17220192.0,17255020.0,136805089280,17220192.0
2025-09-19 12:30:00+00:00,17218834.0,17230690.0,17218834.0,17220434.0,379219083264,17218834.0
2025-09-19 13:00:00+00:00,17218538.0,17220652.0,17181090.0,17217502.0,189215014912,17218538.0
2025-09-19 13:30:00+00:00,17200864.0,17217490.0,17185386.0,17210278.0,38224789504,17200864.0
2025-09-19 14:00:00+00:00,17200014.0,17219918.0,17194648.0,17198346.0,132519559168,17200014.0
2025-09-19 14:30:00+00:00,17145168.0,17206358.0,17133248.0,17201366.0,315696873472,17145168.0
2025-09-19 15:00:00+00:00,17132610.0,17145640.0,17092354.0,17145640.0,86182985728,17132610.0
2025-09-19 15:30:00+00:00,17139714.0,17155180.0,17114960.0,17132128.0,81313923072,17139714.0
2025-09-19 16:00:00+00:00,17160670.0,17163350.0,17124502.0,17139828.0,152785911808,17160670.0
2025-09-19 16:30:00+00:00,17172330.0,17182910.0,17145078.0,17158438.0,134592069632,17172330.0
2025-09-19 17:00:00+00:00,17124878.0,17171896.0,17124878.0,17171896.0,0,17124878.0
2025-09-19 17:30:00+00:00,17105666.0,17129774.0,17101736.0,17129774.0,125484138496,17105666.0
2025-09-19 18:00:00+00:00,17081008.0,17104632.0,17079386.0,17103230.0,13799260160,17081008.0
2025-09-19 18:30:00+00:00,17081558.0,17110962.0,17079074.0,17080908.0,243276972032,17081558.0
2025-09-19 19:00:00+00:00,17077334.0,17092752.0,17063098.0,17083580.0,140974751744,17077334.0
2025-09-19 19:30:00+00:00,17040094.0,17076020.0,17037960.0,17072842.0,261897060352,17040094.0
2025-09-19 20:00:00+00:00,17079248.0,17084048.0,17039326.0,17039326.0,19132317696,17079248.0
2025-09-19 20:30:00+00:00,17067362.0,17084758.0,17067362.0,17080218.0,146901827584,17067362.0
2025-09-19 21:00:00+00:00,17083622.0,17084000.0,17066884.0,17070676.0,140158435328,17083622.0
2025-09-19 21:30:00+00:00,17090566.0,17097702.0,17084136.0,17084320.0,15614345216,17090566.0
2025-09-19 22:00:00+00:00,17111904.0,17112662.0,17089732.0,17089984.0,123059830784,17111904.0
2025-09-19 22:30:00+00:00,17111906.0,17115440.0,17107248.0,17111716.0,9503768576,17111906.0
2025-09-19 23:00:00+00:00,17092546.0,17112636.0,17090442.0,17111112.0,0,17092546.0
2025-09-19 23:30:00+00:00,17113632.0,17113632.0,17092714.0,17092714.0,111189426176,17113632.0
2025-09-20 00:00:00+00:00,17109344.0,17117448.0,17106696.0,17115056.0,122259243008,17109344.0
2025-09-20 00:30:00+00:00,17126876.0,17127294.0,17106692.0,17108780.0,119450632192,17126876.0
2025-09-20 01:00:00+00:00,17127698.0,17127698.0,17111486.0,17125780.0,113252499456,17127698.0
2025-09-20 01:30:00+00:00,17121942.0,17127972.0,17114698.0,17123758.0,0,17121942.0
2025-09-20 02:00:00+00:00,17100268.0,17115748.0,17090480.0,17115748.0,128525533184,17100268.0
2025-09-20 02:30:00+00:00,17109894.0,17114076.0,17095922.0,17099020.0,111883059200,17109894.0
2025-09-20 03:00:00+00:00,17099728.0,17112754.0,17091316.0,17110212.0,8772911104,17099728.0
2025-09-20 03:30:00+00:00,17094254.0,17101518.0,17085558.0,17097712.0,99359916032,17094254.0
2025-09-20 04:00:00+00:00,17091390.0,17096598.0,17085914.0,17090294.0,118342811648,17091390.0
2025-09-20 04:30:00+00:00,17102662.0,17107440.0,17087806.0,17092572.0,0,17102662.0
2025-09-20 05:00:00+00:00,17112312.0,17113468.0,17098362.0,17104590.0,108256559104,17112312.0
2025-09-20 05:30:00+00:00,17127544.0,17127804.0,17110268.0,17111666.0,132357554176,17127544.0
2025-09-20 06:00:00+00:00,17120756.0,17127544.0,17117304.0,17127544.0,127275106304,17120756.0
2025-09-20 06:30:00+00:00,17126044.0,17127602.0,17119842.0,17121214.0,128792395776,17126044.0
2025-09-20 07:00:00+00:00,17129904.0,17130294.0,17124474.0,17125132.0,0,17129904.0
2025-09-20 07:30:00+00:00,17161648.0,17167240.0,17127892.0,17127952.0,9343336448,17161648.0
2025-09-20 08:00:00+00:00,17142514.0,17164688.0,17142024.0,17163798.0,140319391744,17142514.0
2025-09-20 08:30:00+00:00,17135256.0,17153242.0,17134028.0,17142514.0,7071596544,17135256.0
2025-09-20 09:00:00+00:00,17132824.0,17139170.0,17124294.0,17128666.0,17019437056,17132824.0
2025-09-20 09:30:00+00:00,17119184.0,17132856.0,17118978.0,17131414.0,356876550144,17119184.0
2025-09-20 10:00:00+00:00,17127252.0,17138588.0,17122886.0,17125316.0,219748499456,17127252.0
2025-09-20 10:30:00+00:00,17128762.0,17140198.0,17124980.0,17128140.0,1941962752,17128762.0
2025-09-20 11:00:00+00:00,17139920.0,17145956.0,17131548.0,17131548.0,6940000256,17139920.0
2025-09-20 11:30:00+00:00,17153574.0,17157994.0,17137454.0,17138944.0,131207266304,17153574.0
2025-09-20 12:00:00+00:00,17140724.0,17160476.0,17140724.0,17157182.0,122751025152,17140724.0
2025-09-20 12:30:00+00:00,17151510.0,17151510.0,17140936.0,17142066.0,124309209088,17151510.0
2025-09-20 13:00:00+00:00,17157854.0,17159098.0,17146558.0,17151496.0,0,17157854.0
2025-09-20 13:30:00+00:00,17155660.0,17162362.0,17151670.0,17157562.0,118729211904,17155660.0
2025-09-20 14:00:00+00:00,17153950.0,17162160.0,17150890.0,17155692.0,100044636160,17153950.0
2025-09-20 14:30:00+00:00,17167108.0,17174044.0,17153008.0,17153950.0,112098541568,17167108.0
2025-09-20 15:00:00+00:00,17183442.0,17183442.0,17165116.0,17165116.0,0,17183442.0
2025-09-20 15:30:00+00:00,17164780.0,17186004.0,17162498.0,17186004.0,115954417664,17164780.0
2025-09-20 16:00:00+00:00,17151668.0,17174962.0,17149850.0,17169346.0,117071413248,17151668.0
2025-09-20 16:30:00+00:00,17174244.0,17180048.0,17161804.0,17161804.0,258094399488,17174244.0
2025-09-20 17:00:00+00:00,17141880.0,17178652.0,17140856.0,17174244.0,122074693632,17141880.0
2025-09-20 17:30:00+00:00,17144206.0,17155122.0,17141880.0,17141880.0,131216965632,17144206.0
2025-09-20 18:00:00+00:00,17138924.0,17142088.0,17128262.0,17142088.0,233489039360,17138924.0
2025-09-20 18:30:00+00:00,17127284.0,17138406.0,17126198.0,17137808.0,0,17127284.0
2025-09-20 19:00:00+00:00,17139556.0,17140778.0,17126176.0,17127270.0,5144576000,17139556.0
2025-09-20 19:30:00+00:00,17128304.0,17139124.0,17125144.0,17138150.0,123921760256,17128304.0
2025-09-20 20:00:00+00:00,17133240.0,17133240.0,17123202.0,17126052.0,66322432,17133240.0
2025-09-20 20:30:00+00:00,17135652.0,17140060.0,17132844.0,17133122.0,259752460288,17135652.0
2025-09-20 21:00:00+00:00,17148480.0,17148480.0,17130698.0,17130698.0,3023568896,17148480.0
2025-09-20 21:30:00+00:00,17136654.0,17160354.0,17136654.0,17150038.0,285961879552,17136654.0
2025-09-20 22:00:00+00:00,17134736.0,17139412.0,17133036.0,17139114.0,140426870784,17134736.0
2025-09-20 22:30:00+00:00,17136738.0,17139608.0,17130808.0,17134472.0,11919687680,17136738.0
2025-09-20 23:00:00+00:00,17127896.0,17136378.0,17126346.0,17136378.0,2105016320,17127896.0
2025-09-20 23:30:00+00:00,17119394.0,17127896.0,17112616.0,17127896.0,133442043904,17119394.0
2025-09-21 00:00:00+00:00,17111776.0,17128604.0,17111776.0,17119776.0,6396313600,17111776.0
2025-09-21 00:30:00+00:00,17116634.0,17120924.0,17103514.0,17110340.0,143825567744,17116634.0
2025-09-21 01:00:00+00:00,17105926.0,17118266.0,17105350.0,17118266.0,5319950336,17105926.0
2025-09-21 01:30:00+00:00,17097454.0,17107362.0,17096206.0,17104892.0,14463795200,17097454.0
2025-09-21 02:00:00+00:00,17097466.0,17107920.0,17090738.0,17098240.0,164391288832,17097466.0
2025-09-21 02:30:00+00:00,17120972.0,17121702.0,17096198.0,17096198.0,149923823616,17120972.0
2025-09-21 03:00:00+00:00,17116172.0,17125058.0,17112864.0,17120538.0,161589755904,17116172.0
2025-09-21 03:30:00+00:00,17116480.0,17117850.0,17112252.0,17115108.0,140055937024,17116480.0
2025-09-21 04:00:00+00:00,17105286.0,17121718.0,17104626.0,17121718.0,149146042368,17105286.0
2025-09-21 04:30:00+00:00,17096598.0,17108510.0,17094244.0,17105286.0,133923340288,17096598.0
2025-09-21 05:00:00+00:00,17098860.0,17102526.0,17093176.0,17093176.0,149620523008,17098860.0
2025-09-21 05:30:00+00:00,17114060.0,17116312.0,17097100.0,17098942.0,19008323584,17114060.0
2025-09-21 06:00:00+00:00,17137944.0,17138618.0,17117588.0,17117588.0,13950255104,17137944.0
2025-09-21 06:30:00+00:00,17124930.0,17138236.0,17123562.0,17138236.0,161986379776,17124930.0
2025-09-21 07:00:00+00:00,17115564.0,17127128.0,17113572.0,17123494.0,1994653696,17115564.0
2025-09-21 07:30:00+00:00,17141434.0,17141434.0,17114084.0,17115564.0,149527724032,17141434.0
2025-09-21 08:00:00+00:00,17116002.0,17144248.0,17116002.0,17141102.0,141256818688,17116002.0
2025-09-21 08:30:00+00:00,17113196.0,17113694.0,17105438.0,17112654.0,121071468544,17113196.0
2025-09-21 09:00:00+00:00,17090234.0,17114996.0,17090234.0,17114672.0,14133755904,17090234.0
2025-09-21 09:30:00+00:00,17126852.0,17126852.0,17075494.0,17091502.0,190581309440,17126852.0
2025-09-21 10:00:00+00:00,17111656.0,17127158.0,17109868.0,17122978.0,15020851200,17111656.0
2025-09-21 10:30:00+00:00,17097388.0,17112130.0,17095242.0,17111656.0,136630763520,17097388.0
2025-09-21 11:00:00+00:00,17118392.0,17121162.0,17097000.0,17097000.0,132503306240,17118392.0
2025-09-21 11:30:00+00:00,17110430.0,17126648.0,17076420.0,17119148.0,1072955392,17110430.0
2025-09-21 12:00:00+00:00,17125950.0,17132510.0,17083188.0,17110270.0,5528092672,17125950.0
2025-09-21 12:30:00+00:00,17124308.0,17132456.0,17087368.0,17087368.0,27737456640,17124308.0
2025-09-21 13:00:00+00:00,17124100.0,17130898.0,17076534.0,17125298.0,14879293440,17124100.0
2025-09-21 13:30:00+00:00,17117344.0,17133482.0,17113744.0,17126564.0,5028970496,17117344.0
2025-09-21 14:00:00+00:00,17105200.0,17123698.0,17104788.0,17117180.0,128650575872,17105200.0
2025-09-21 14:30:00+00:00,17097206.0,17121204.0,17097206.0,17106090.0,17353146368,17097206.0
2025-09-21 15:00:00+00:00,17094692.0,17103516.0,17093880.0,17097206.0,116164395008,17094692.0
2025-09-21 15:30:00+00:00,17101564.0,17109882.0,17091694.0,17093058.0,1436811264,17101564.0
2025-09-21 16:00:00+00:00,17080752.0,17100814.0,17070394.0,17100112.0,0,17080752.0
2025-09-21 16:30:00+00:00,17060150.0,17079974.0,17055796.0,17079974.0,380127412224,17060150.0
2025-09-21 17:00:00+00:00,17077392.0,17087096.0,17063744.0,17071524.0,17225482240,17077392.0
2025-09-21 17:30:00+00:00,17114158.0,17114158.0,17075602.0,17079218.0,24720965632,17114158.0
2025-09-21 18:00:00+00:00,17101094.0,17115788.0,17098994.0,17114158.0,8152940544,17101094.0
2025-09-21 18:30:00+00:00,17098972.0,17106554.0,17098630.0,17099780.0,123404550144,17098972.0
2025-09-21 19:00:00+00:00,17099974.0,17099974.0,17076284.0,17098162.0,261066850304,17099974.0
2025-09-21 19:30:00+00:00,17095980.0,17103986.0,17089142.0,17101712.0,117385199616,17095980.0
2025-09-21 20:00:00+00:00,17088748.0,17097562.0,17078992.0,17095980.0,125895180288,17088748.0
2025-09-21 20:30:00+00:00,17077168.0,17092824.0,17073558.0,17092824.0,260230348800,17077168.0
2025-09-21 21:00:00+00:00,17058902.0,17076332.0,17058902.0,17076332.0,133190647808,17058902.0
2025-09-21 21:30:00+00:00,17078870.0,17080844.0,17057256.0,17058902.0,231381925888,17078870.0
2025-09-21 22:00:00+00:00,17070926.0,17085592.0,17053020.0,17074300.0,15712387072,17070926.0
2025-09-21 22:30:00+00:00,17106966.0,17108698.0,17066478.0,17071970.0,6505365504,17106966.0
2025-09-21 23:00:00+00:00,17080524.0,17106758.0,17060296.0,17106670.0,206847868928,17080524.0
2025-09-21 23:30:00+00:00,17076430.0,17081002.0,17065242.0,17078886.0,24184094720,17076430.0
2025-09-22 00:00:00+00:00,17070958.0,17104194.0,17070958.0,17074908.0,35515793408,17070958.0
2025-09-22 00:30:00+00:00,16985788.0,17075144.0,16965054.0,17075144.0,310354116608,16985788.0
2025-09-22 01:00:00+00:00,16991606.0,16995074.0,16948008.0,16948974.0,244087521280,16991606.0
2025-09-22 01:30:00+00:00,16942158.0,17012244.0,16940722.0,16984786.0,234130767872,16942158.0
2025-09-22 02:00:00+00:00,16994274.0,17003434.0,16956608.0,16963646.0,235323260928,16994274.0
2025-09-22 02:30:00+00:00,16954240.0,16983046.0,16951762.0,16983046.0,327368835072,16954240.0
2025-09-22 03:00:00+00:00,16988062.0,16988062.0,16956458.0,16960918.0,406805807104,16988062.0
2025-09-22 03:30:00+00:00,17011082.0,17012138.0,16975896.0,16984160.0,341439938560,17011082.0
2025-09-22 04:00:00+00:00,16996136.0,17014060.0,16983580.0,17013762.0,162068430848,16996136.0
2025-09-22 04:30:00+00:00,16979624.0,17007544.0,16979424.0,16996674.0,28631367680,16979624.0
2025-09-22 05:00:00+00:00,16989992.0,16990666.0,16964244.0,16977756.0,311540318208,16989992.0
2025-09-22 05:30:00+00:00,16950000.0,16988416.0,16949796.0,16988416.0,60463513600,16950000.0
2025-09-22 06:00:00+00:00,16707180.0,16952448.0,16632902.0,16952448.0,976746971136,16707180.0
2025-09-22 06:30:00+00:00,16719623.0,16740546.0,16704497.0,16707827.0,597998174208,16719623.0
2025-09-22 07:00:00+00:00,16699658.0,16721037.0,16673285.0,16699690.0,399440871424,16699658.0
2025-09-22 07:30:00+00:00,16677633.0,16741523.0,16675048.0,16693329.0,411233681408,16677633.0
2025-09-22 08:00:00+00:00,16660007.0,16687979.0,16660007.0,16677140.0,299161354240,16660007.0
2025-09-22 08:30:00+00:00,16672291.0,16685564.0,16659684.0,16669235.0,398732034048,16672291.0
2025-09-22 09:00:00+00:00,16638009.0,16667718.0,16632623.0,16666936.0,58103169024,16638009.0
2025-09-22 09:30:00+00:00,16620553.0,16642843.0,16601195.0,16637794.0,282222133248,16620553.0
2025-09-22 10:00:00+00:00,16660752.0,16669574.0,16617966.0,16621446.0,336696705024,16660752.0
2025-09-22 10:30:00+00:00,16686617.0,16694338.0,16635090.0,16659240.0,213987098624,16686617.0
2025-09-22 11:00:00+00:00,16694208.0,16714195.0,16689726.0,16692708.0,104606466048,16694208.0
2025-09-22 11:30:00+00:00,16700636.0,16704341.0,16673724.0,16688673.0,208629399552,16700636.0
2025-09-22 12:00:00+00:00,16671294.0,16699860.0,16659250.0,16699860.0,103333494784,16671294.0
2025-09-22 12:30:00+00:00,16678796.0,16684914.0,16650226.0,16664364.0,87868047360,16678796.0
2025-09-22 13:00:00+00:00,16701781.0,16706921.0,16672373.0,16682340.0,123583070208,16701781.0
2025-09-22 13:30:00+00:00,16737686.0,16737686.0,16644492.0,16705024.0,365849214976,16737686.0
2025-09-22 14:00:00+00:00,16789038.0,16789038.0,16734514.0,16740232.0,224059719680,16789038.0
2025-09-22 14:30:00+00:00,16711685.0,16783810.0,16695774.0,16783810.0,507743043584,16711685.0
2025-09-22 15:00:00+00:00,16664756.0,16719698.0,16664756.0,16713271.0,284231729152,16664756.0
2025-09-22 15:30:00+00:00,16695169.0,16695762.0,16655227.0,16663383.0,240564305920,16695169.0
2025-09-22 16:00:00+00:00,16676940.0,16702811.0,16659857.0,16692346.0,333131546624,16676940.0
2025-09-22 16:30:00+00:00,16650382.0,16686140.0,16650382.0,16670532.0,167246823424,16650382.0
2025-09-22 17:00:00+00:00,16625027.0,16651942.0,16602027.0,16651942.0,198361219072,16625027.0
2025-09-22 17:30:00+00:00,16606941.0,16633921.0,16602447.0,16625043.0,358290030592,16606941.0
2025-09-22 18:00:00+00:00,16660170.0,16663750.0,16605634.0,16607116.0,212823179264,16660170.0
2025-09-22 18:30:00+00:00,16622705.0,16675717.0,16622705.0,16659099.0,51259637760,16622705.0
2025-09-22 19:00:00+00:00,16629494.0,16644071.0,16622887.0,16623751.0,133167054848,16629494.0
2025-09-22 19:30:00+00:00,16577947.0,16626256.0,16554747.0,16624010.0,582309904384,16577947.0
2025-09-22 20:00:00+00:00,16600303.0,16600303.0,16561712.0,16573714.0,516944822272,16600303.0
2025-09-22 20:30:00+00:00,16671308.0,16689742.0,16601265.0,16601265.0,81581309952,16671308.0
2025-09-22 21:00:00+00:00,16659538.0,16684320.0,16654423.0,16667019.0,340914077696,16659538.0
2025-09-22 21:30:00+00:00,16699363.0,16699363.0,16660979.0,16660979.0,43975180288,16699363.0
2025-09-22 22:00:00+00:00,16659299.0,16703057.0,16658669.0,16703057.0,148942880768,16659299.0
2025-09-22 22:30:00+00:00,16653460.0,16659419.0,16648337.0,16657372.0,141547274240,16653460.0
2025-09-22 23:00:00+00:00,16648370.0,16664586.0,16645128.0,16657060.0,124850798592,16648370.0
2025-09-22 23:30:00+00:00,16654733.0,16668863.0,16646286.0,16652205.0,14789115904,16654733.0
2025-09-23 00:00:00+00:00,16672762.0,16676465.0,16637320.0,16642648.0,30796677120,16672762.0
2025-09-23 00:30:00+00:00,16615949.0,16665399.0,16612203.0,16665399.0,0,16615949.0
2025-09-23 01:00:00+00:00,16627095.0,16627380.0,16600269.0,16613226.0,174515552256,16627095.0
2025-09-23 01:30:00+00:00,16570140.0,16626392.0,16570140.0,16626392.0,27302821888,16570140.0
2025-09-23 02:00:00+00:00,16563518.0,16626434.0,16563518.0,16570864.0,226045722624,16563518.0
2025-09-23 02:30:00+00:00,16551155.0,16576466.0,16539526.0,16568379.0,63158878208,16551155.0
2025-09-23 03:00:00+00:00,16621791.0,16621791.0,16500434.0,16534979.0,289658634240,16621791.0
2025-09-23 03:30:00+00:00,16604436.0,16622440.0,16600776.0,16619041.0,206954299392,16604436.0
2025-09-23 04:00:00+00:00,16572226.0,16628204.0,16572226.0,16604174.0,148496187392,16572226.0
2025-09-23 04:30:00+00:00,16630517.0,16630517.0,16545798.0,16575687.0,278383296512,16630517.0
2025-09-23 05:00:00+00:00,16673474.0,16673474.0,16630181.0,16635284.0,168292253696,16673474.0
2025-09-23 05:30:00+00:00,16666474.0,16688366.0,16657139.0,16674113.0,83154173952,16666474.0
2025-09-23 06:00:00+00:00,16690572.0,16693757.0,16658384.0,16662434.0,0,16690572.0
2025-09-23 06:30:00+00:00,16699360.0,16711477.0,16686999.0,16690642.0,6018826240,16699360.0
2025-09-23 07:00:00+00:00,16703797.0,16715930.0,16690519.0,16700480.0,133974982656,16703797.0
2025-09-23 07:30:00+00:00,16715258.0,16716220.0,16696714.0,16698173.0,67865411584,16715258.0
2025-09-23 08:00:00+00:00,16722671.0,16727488.0,16699211.0,16715520.0,25427968000,16722671.0
2025-09-23 08:30:00+00:00,16703136.0,16718322.0,16692519.0,16718322.0,0,16703136.0
2025-09-23 09:00:00+00:00,16685055.0,16718737.0,16684536.0,16701221.0,131902996480,16685055.0
2025-09-23 09:30:00+00:00,16683722.0,16698237.0,16674255.0,16686682.0,0,16683722.0
2025-09-23 10:00:00+00:00,16685607.0,16692918.0,16671134.0,16682890.0,122570145792,16685607.0
2025-09-23 10:30:00+00:00,16696319.0,16700250.0,16682293.0,16687289.0,121540444160,16696319.0
2025-09-23 11:00:00+00:00,16684542.0,16700100.0,16658905.0,16696129.0,245784117248,16684542.0
2025-09-23 11:30:00+00:00,16700572.0,16714018.0,16685592.0,16688625.0,20334510080,16700572.0
2025-09-23 12:00:00+00:00,16692792.0,16712547.0,16690466.0,16703134.0,189737730048,16692792.0
2025-09-23 12:30:00+00:00,16697463.0,16721517.0,16687270.0,16691978.0,123844165632,16697463.0
2025-09-23 13:00:00+00:00,16687815.0,16696745.0,16682660.0,16696745.0,0,16687815.0
2025-09-23 13:30:00+00:00,16687613.0,16706119.0,16669135.0,16689156.0,9629073408,16687613.0
2025-09-23 14:00:00+00:00,16678000.0,16731138.0,16678000.0,16687111.0,122222542848,16678000.0
2025-09-23 14:30:00+00:00,16656290.0,16682319.0,16649577.0,16676809.0,129409482752,16656290.0
2025-09-23 15:00:00+00:00,16720138.0,16722575.0,16631895.0,16635416.0,190366351360,16720138.0
2025-09-23 15:30:00+00:00,16696814.0,16722132.0,16692553.0,16717675.0,1864892416,16696814.0
2025-09-23 16:00:00+00:00,16675528.0,16696343.0,16638494.0,16696343.0,326976929792,16675528.0
2025-09-23 16:30:00+00:00,16680733.0,16698765.0,16639409.0,16673426.0,175470804992,16680733.0
2025-09-23 17:00:00+00:00,16605021.0,16672020.0,16605021.0,16672020.0,261486018560,16605021.0
2025-09-23 17:30:00+00:00,16525951.0,16604072.0,16514722.0,16603585.0,141381074944,16525951.0
2025-09-23 18:00:00+00:00,16527981.0,16561621.0,16508747.0,16523706.0,190066982912,16527981.0
2025-09-23 18:30:00+00:00,16506906.0,16521945.0,16482598.0,16507900.0,284725608448,16506906.0
2025-09-23 19:00:00+00:00,16494604.0,16530215.0,16494604.0,16500123.0,235751866368,16494604.0
2025-09-23 19:30:00+00:00,16484176.0,16502891.0,16469804.0,16498680.0,0,16484176.0
2025-09-23 20:00:00+00:00,16487324.0,16527603.0,16487324.0,16487570.0,247050272768,16487324.0
2025-09-23 20:30:00+00:00,16543627.0,16543627.0,16474602.0,16488281.0,80513859584,16543627.0
2025-09-23 21:00:00+00:00,16546544.0,16546544.0,16525366.0,16531169.0,104658894848,16546544.0
2025-09-23 21:30:00+00:00,16557497.0,16562682.0,16542325.0,16542325.0,249701597184,16557497.0
2025-09-23 22:00:00+00:00,16540952.0,16562091.0,16540695.0,16556600.0,127916834816,16540952.0
2025-09-23 22:30:00+00:00,16560964.0,16567736.0,16538659.0,16539311.0,118646898688,16560964.0
2025-09-23 23:00:00+00:00,16517115.0,16571973.0,16517115.0,16559556.0,48158998528,16517115.0
2025-09-23 23:30:00+00:00,16534399.0,16553980.0,16517707.0,16517707.0,135982481408,16534399.0
2025-09-24 00:00:00+00:00,16591210.0,16591822.0,16505769.0,16533649.0,186139017216,16591210.0
2025-09-24 00:30:00+00:00,16590315.0,16603702.0,16581179.0,16590297.0,24161288192,16590315.0
2025-09-24 01:00:00+00:00,16609493.0,16615050.0,16581052.0,16586968.0,114693242880,16609493.0
2025-09-24 01:30:00+00:00,16616246.0,16622818.0,16602301.0,16608144.0,297722707968,16616246.0
2025-09-24 02:00:00+00:00,16578525.0,16622619.0,16559907.0,16618028.0,126616076288,16578525.0
2025-09-24 02:30:00+00:00,16570484.0,16596825.0,16551393.0,16583058.0,170618519552,16570484.0
2025-09-24 03:00:00+00:00,16541771.0,16585763.0,16541039.0,16571715.0,294851182592,16541771.0
2025-09-24 03:30:00+00:00,16526349.0,16558951.0,16524441.0,16531510.0,121548308480,16526349.0
2025-09-24 04:00:00+00:00,16554945.0,16554945.0,16473681.0,16523517.0,379292483584,16554945.0
2025-09-24 04:30:00+00:00,16589951.0,16621250.0,16576275.0,16576275.0,84949860352,16589951.0
2025-09-24 05:00:00+00:00,16622433.0,16622433.0,16591811.0,16594434.0,96973881344,16622433.0
2025-09-24 05:30:00+00:00,16664157.0,16666146.0,16611090.0,16619101.0,8528068608,16664157.0
2025-09-24 06:00:00+00:00,16676231.0,16692881.0,16660099.0,16660099.0,146717278208,16676231.0
2025-09-24 06:30:00+00:00,16676732.0,16688486.0,16668746.0,16672470.0,22241869824,16676732.0
2025-09-24 07:00:00+00:00,16660935.0,16699367.0,16658060.0,16675331.0,313920585728,16660935.0
2025-09-24 07:30:00+00:00,16664403.0,16683073.0,16657795.0,16660162.0,113944035328,16664403.0
2025-09-24 08:00:00+00:00,16660382.0,16669944.0,16650785.0,16668362.0,128166920192,16660382.0
2025-09-24 08:30:00+00:00,16698988.0,16700081.0,16663458.0,16663458.0,157832183808,16698988.0
2025-09-24 09:00:00+00:00,16705474.0,16705474.0,16682416.0,16700235.0,124543565824,16705474.0
2025-09-24 09:30:00+00:00,16720261.0,16731675.0,16704715.0,16706180.0,28007989248,16720261.0
2025-09-24 10:00:00+00:00,16723282.0,16747401.0,16718617.0,16718617.0,117444706304,16723282.0
2025-09-24 10:30:00+00:00,16760276.0,16760276.0,16720437.0,16720437.0,661554987008,16760276.0
2025-09-24 11:00:00+00:00,16790424.0,16800372.0,16761448.0,16761448.0,164700356608,16790424.0
2025-09-24 11:30:00+00:00,16785382.0,16794266.0,16762265.0,16794266.0,244955742208,16785382.0
2025-09-24 12:00:00+00:00,16789496.0,16791666.0,16772276.0,16785426.0,16193683456,16789496.0
2025-09-24 12:30:00+00:00,16811684.0,16818528.0,16788578.0,16788578.0,111535456256,16811684.0
2025-09-24 13:00:00+00:00,16819814.0,16830012.0,16806900.0,16812834.0,137150595072,16819814.0
2025-09-24 13:30:00+00:00,16780500.0,16844242.0,16780500.0,16809060.0,46614970368,16780500.0
2025-09-24 14:00:00+00:00,16822900.0,16833084.0,16782664.0,16782664.0,101256265728,16822900.0
2025-09-24 14:30:00+00:00,16920894.0,16935584.0,16824006.0,16824006.0,143596191744,16920894.0
2025-09-24 15:00:00+00:00,16913326.0,16939502.0,16891406.0,16916732.0,187891187712,16913326.0
2025-09-24 15:30:00+00:00,16868980.0,16920340.0,16856810.0,16913648.0,389960695808,16868980.0
2025-09-24 16:00:00+00:00,16904422.0,16904422.0,16838812.0,16859326.0,142213644288,16904422.0
2025-09-24 16:30:00+00:00,16924708.0,16924772.0,16901238.0,16904514.0,7944536064,16924708.0
2025-09-24 17:00:00+00:00,16929304.0,16943160.0,16909950.0,16925510.0,208373022720,16929304.0
2025-09-24 17:30:00+00:00,16934186.0,16954936.0,16918184.0,16930074.0,110248329216,16934186.0
2025-09-24 18:00:00+00:00,16916582.0,16935694.0,16901464.0,16935694.0,5034737664,16916582.0
2025-09-24 18:30:00+00:00,16922830.0,16923398.0,16906182.0,16921288.0,207793160192,16922830.0
2025-09-24 19:00:00+00:00,16907672.0,16929306.0,16907672.0,16917108.0,13812891648,16907672.0
2025-09-24 19:30:00+00:00,16891692.0,16906434.0,16871164.0,16906434.0,6397886464,16891692.0
2025-09-24 20:00:00+00:00,16915668.0,16916528.0,16892828.0,16894944.0,312299487232,16915668.0
2025-09-24 20:30:00+00:00,16913978.0,16924464.0,16897510.0,16912860.0,21076901888,16913978.0
2025-09-24 21:00:00+00:00,16906854.0,16917790.0,16901332.0,16903862.0,38784204800,16906854.0
2025-09-24 21:30:00+00:00,16889572.0,16908016.0,16868092.0,16906634.0,114772410368,16889572.0
2025-09-24 22:00:00+00:00,16899610.0,16922226.0,16888748.0,16907878.0,43768610816,16899610.0
2025-09-24 22:30:00+00:00,16870538.0,16894908.0,16860380.0,16894750.0,10174332928,16870538.0
2025-09-24 23:00:00+00:00,16872420.0,16881938.0,16851616.0,16875238.0,223303696384,16872420.0
2025-09-24 23:30:00+00:00,16857844.0,16872588.0,16851714.0,16872588.0,64245727232,16857844.0
2025-09-25 00:00:00+00:00,16831134.0,16883790.0,16831134.0,16857594.0,122205241344,16831134.0
2025-09-25 00:30:00+00:00,16805676.0,16844046.0,16802284.0,16832112.0,36506173440,16805676.0
2025-09-25 01:00:00+00:00,16825152.0,16846488.0,16792788.0,16797712.0,249240223744,16825152.0
2025-09-25 01:30:00+00:00,16762697.0,16810760.0,16741743.0,16810760.0,212854636544,16762697.0
2025-09-25 02:00:00+00:00,16779730.0,16787388.0,16733501.0,16780482.0,344628133888,16779730.0
2025-09-25 02:30:00+00:00,16794790.0,16828752.0,16779840.0,16779840.0,341586739200,16794790.0
2025-09-25 03:00:00+00:00,16723638.0,16794700.0,16723638.0,16794700.0,241687855104,16723638.0
2025-09-25 03:30:00+00:00,16736358.0,16736358.0,16713176.0,16723574.0,146325635072,16736358.0
2025-09-25 04:00:00+00:00,16643076.0,16740914.0,16618089.0,16736020.0,163005333504,16643076.0
2025-09-25 04:30:00+00:00,16611039.0,16634661.0,16593173.0,16631114.0,183874093056,16611039.0
2025-09-25 05:00:00+00:00,16658691.0,16660649.0,16595966.0,16601013.0,117063548928,16658691.0
2025-09-25 05:30:00+00:00,16629394.0,16656533.0,16616061.0,16656533.0,279628480512,16629394.0
2025-09-25 06:00:00+00:00,16629265.0,16641894.0,16612467.0,16629235.0,25687490560,16629265.0
2025-09-25 06:30:00+00:00,16593570.0,16641514.0,16593570.0,16633928.0,112260022272,16593570.0
2025-09-25 07:00:00+00:00,16636512.0,16637518.0,16591942.0,16597215.0,196299718656,16636512.0
2025-09-25 07:30:00+00:00,16633049.0,16645816.0,16626421.0,16639403.0,31167873024,16633049.0
2025-09-25 08:00:00+00:00,16657024.0,16659528.0,16638823.0,16641883.0,196261445632,16657024.0
2025-09-25 08:30:00+00:00,16620992.0,16664428.0,16620992.0,16664428.0,246847897600,16620992.0
2025-09-25 09:00:00+00:00,16685291.0,16695662.0,16624402.0,16624402.0,260290117632,16685291.0
2025-09-25 09:30:00+00:00,16609947.0,16681560.0,16609947.0,16678546.0,317541318656,16609947.0
2025-09-25 10:00:00+00:00,16627911.0,16641080.0,16600673.0,16606827.0,161484898304,16627911.0
2025-09-25 10:30:00+00:00,16617908.0,16632361.0,16604089.0,16631588.0,98567192576,16617908.0
2025-09-25 11:00:00+00:00,16607969.0,16633453.0,16598892.0,16617785.0,37222350848,16607969.0
2025-09-25 11:30:00+00:00,16581223.0,16609798.0,16578149.0,16609686.0,243971653632,16581223.0
2025-09-25 12:00:00+00:00,16602055.0,16619301.0,16572777.0,16578065.0,208089907200,16602055.0
2025-09-25 12:30:00+00:00,16600719.0,16656394.0,16584348.0,16599702.0,377461145600,16600719.0
2025-09-25 13:00:00+00:00,16659407.0,16660167.0,16551250.0,16591749.0,478475190272,16659407.0
2025-09-25 13:30:00+00:00,16576759.0,16662417.0,16525216.0,16653982.0,318872485888,16576759.0
2025-09-25 14:00:00+00:00,16684561.0,16697337.0,16589057.0,16589057.0,220246048768,16684561.0
2025-09-25 14:30:00+00:00,16700034.0,16709269.0,16662732.0,16679813.0,341867233280,16700034.0
2025-09-25 15:00:00+00:00,16615937.0,16704041.0,16610919.0,16700034.0,125081485312,16615937.0
2025-09-25 15:30:00+00:00,16687796.0,16703135.0,16617174.0,16617174.0,231693352960,16687796.0
2025-09-25 16:00:00+00:00,16654135.0,16725306.0,16653584.0,16706507.0,37620809728,16654135.0
2025-09-25 16:30:00+00:00,16628161.0,16668785.0,16619619.0,16653711.0,220144336896,16628161.0
2025-09-25 17:00:00+00:00,16490331.0,16627381.0,16474610.0,16627381.0,372352483328,16490331.0
2025-09-25 17:30:00+00:00,16307731.0,16494055.0,16307731.0,16494055.0,509170679808,16307731.0
2025-09-25 18:00:00+00:00,16407696.0,16438885.0,16282785.0,16304792.0,574776934400,16407696.0
2025-09-25 18:30:00+00:00,16453313.0,16453313.0,16386859.0,16407956.0,257442185216,16453313.0
2025-09-25 19:00:00+00:00,16447609.0,16474925.0,16431238.0,16461283.0,334034370560,16447609.0
2025-09-25 19:30:00+00:00,16393024.0,16464490.0,16382706.0,16464490.0,276753809408,16393024.0
2025-09-25 20:00:00+00:00,16382529.0,16398873.0,16365729.0,16386948.0,206480343040,16382529.0
2025-09-25 20:30:00+00:00,16353576.0,16386683.0,16340767.0,16384501.0,331805097984,16353576.0
2025-09-25 21:00:00+00:00,16392891.0,16433254.0,16349368.0,16349368.0,219207958528,16392891.0
2025-09-25 21:30:00+00:00,16397960.0,16401474.0,16349406.0,16393165.0,156097314816,16397960.0
2025-09-25 22:00:00+00:00,16408827.0,16413451.0,16382306.0,16396993.0,47638904832,16408827.0
2025-09-25 22:30:00+00:00,16389612.0,16403079.0,16371474.0,16401291.0,1860913070080,16389612.0
2025-09-25 23:00:00+00:00,16406754.0,16429140.0,16388706.0,16391230.0,147306053632,16406754.0
2025-09-25 23:30:00+00:00,16342166.0,16415754.0,16327303.0,16415754.0,204858195968,16342166.0
2025-09-26 00:00:00+00:00,16392074.0,16396812.0,16333873.0,16342691.0,133113577472,16392074.0
2025-09-26 00:30:00+00:00,16392058.0,16403118.0,16313789.0,16385507.0,159859605504,16392058.0
2025-09-26 01:00:00+00:00,16421743.0,16433298.0,16376109.0,16393656.0,107295539200,16421743.0
2025-09-26 01:30:00+00:00,16438613.0,16449925.0,16420029.0,16428771.0,78923169792,16438613.0
2025-09-26 02:00:00+00:00,16410367.0,16452941.0,16410367.0,16439914.0,202325884928,16410367.0
2025-09-26 02:30:00+00:00,16416753.0,16436624.0,16405125.0,16405125.0,10811867136,16416753.0
2025-09-26 03:00:00+00:00,16380966.0,16421083.0,16380966.0,16418384.0,146224971776,16380966.0
2025-09-26 03:30:00+00:00,16412274.0,16415272.0,16371535.0,16376688.0,0,16412274.0
2025-09-26 04:00:00+00:00,16396290.0,16416554.0,16391680.0,16412884.0,84552974336,16396290.0
2025-09-26 04:30:00+00:00,16365825.0,16393833.0,16360676.0,16393833.0,57339281408,16365825.0
2025-09-26 05:00:00+00:00,16401052.0,16407485.0,16368951.0,16368951.0,112300392448,16401052.0
2025-09-26 05:30:00+00:00,16366892.0,16401437.0,16340401.0,16400291.0,110837628928,16366892.0
2025-09-26 06:00:00+00:00,16420858.0,16420858.0,16340210.0,16367400.0,290086453248,16420858.0
2025-09-26 06:30:00+00:00,16379427.0,16426678.0,16379427.0,16403628.0,127051759616,16379427.0
2025-09-26 07:00:00+00:00,16400406.0,16432752.0,16383194.0,16383194.0,353936343040,16400406.0
2025-09-26 07:30:00+00:00,16384182.0,16399658.0,16337722.0,16399658.0,516288413696,16384182.0
2025-09-26 08:00:00+00:00,16407674.0,16413297.0,16395934.0,16404370.0,145532911616,16407674.0
2025-09-26 08:30:00+00:00,16414646.0,16422519.0,16399867.0,16410926.0,151674421248,16414646.0
2025-09-26 09:00:00+00:00,16432362.0,16437114.0,16406585.0,16415544.0,37294702592,16432362.0
2025-09-26 09:30:00+00:00,16418878.0,16433558.0,16394366.0,16433558.0,102155419648,16418878.0
2025-09-26 10:00:00+00:00,16361193.0,16422291.0,16351106.0,16419029.0,46696235008,16361193.0
2025-09-26 10:30:00+00:00,16333017.0,16360885.0,16319577.0,16360100.0,268674531328,16333017.0
2025-09-26 11:00:00+00:00,16302084.0,16338073.0,16292428.0,16333585.0,435320520704,16302084.0
2025-09-26 11:30:00+00:00,16355634.0,16364036.0,16298048.0,16298048.0,17352884224,16355634.0
2025-09-26 12:00:00+00:00,16334294.0,16353666.0,16304106.0,16353666.0,325580750848,16334294.0
2025-09-26 12:30:00+00:00,16379713.0,16398844.0,16327388.0,16337831.0,138106896384,16379713.0
2025-09-26 13:00:00+00:00,16356808.0,16377881.0,16331264.0,16372418.0,235051941888,16356808.0
2025-09-26 13:30:00+00:00,16434211.0,16441817.0,16337041.0,16354446.0,175339732992,16434211.0
2025-09-26 14:00:00+00:00,16312162.0,16433087.0,16304730.0,16433087.0,118169272320,16312162.0
2025-09-26 14:30:00+00:00,16282389.0,16319903.0,16280810.0,16317962.0,353664761856,16282389.0
2025-09-26 15:00:00+00:00,16343468.0,16343468.0,16278810.0,16278810.0,193957199872,16343468.0
2025-09-26 15:30:00+00:00,16314641.0,16352260.0,16314012.0,16344231.0,431350611968,16314641.0
2025-09-26 16:00:00+00:00,16381309.0,16402759.0,16308762.0,16308762.0,105972236288,16381309.0
2025-09-26 16:30:00+00:00,16367257.0,16385893.0,16352178.0,16383572.0,220620390400,16367257.0
2025-09-26 17:00:00+00:00,16441580.0,16443867.0,16373118.0,16375865.0,63384322048,16441580.0
2025-09-26 17:30:00+00:00,16433268.0,16453037.0,16415226.0,16446577.0,0,16433268.0
2025-09-26 18:00:00+00:00,16492008.0,16500334.0,16432962.0,16442594.0,41362128896,16492008.0
2025-09-26 18:30:00+00:00,16412085.0,16489111.0,16412085.0,16488799.0,389570101248,16412085.0
2025-09-26 19:00:00+00:00,16362790.0,16408161.0,16362594.0,16408161.0,204065472512,16362790.0
2025-09-26 19:30:00+00:00,16330658.0,16359947.0,16311092.0,16359947.0,128899350528,16330658.0
2025-09-26 20:00:00+00:00,16330361.0,16349343.0,16318801.0,16325578.0,123987820544,16330361.0
2025-09-26 20:30:00+00:00,16349793.0,16350171.0,16331305.0,16331305.0,105982722048,16349793.0
2025-09-26 21:00:00+00:00,16376959.0,16377305.0,16337739.0,16345214.0,118936829952,16376959.0
2025-09-26 21:30:00+00:00,16380022.0,16388914.0,16362635.0,16376959.0,123089190912,16380022.0
2025-09-26 22:00:00+00:00,16387170.0,16395412.0,16368366.0,16381319.0,250982957056,16387170.0
2025-09-26 22:30:00+00:00,16393150.0,16403619.0,16385127.0,16391945.0,131355115520,16393150.0
2025-09-26 23:00:00+00:00,16385752.0,16395382.0,16371699.0,16393487.0,97796489216,16385752.0
2025-09-26 23:30:00+00:00,16410905.0,16411495.0,16393429.0,16393429.0,0,16410905.0
2025-09-27 00:00:00+00:00,16399937.0,16408941.0,16389639.0,16408729.0,190306058240,16399937.0
2025-09-27 00:30:00+00:00,16400071.0,16401026.0,16377826.0,16399937.0,137046261760,16400071.0
2025-09-27 01:00:00+00:00,16378587.0,16408876.0,16376164.0,16407106.0,0,16378587.0
2025-09-27 01:30:00+00:00,16374799.0,16386568.0,16365285.0,16381159.0,24248320000,16374799.0
2025-09-27 02:00:00+00:00,16363500.0,16382816.0,16363500.0,16374799.0,113597480960,16363500.0
2025-09-27 02:30:00+00:00,16373771.0,16380357.0,16363636.0,16365271.0,37706268672,16373771.0
2025-09-27 03:00:00+00:00,16398226.0,16398226.0,16375402.0,16375402.0,17473994752,16398226.0
2025-09-27 03:30:00+00:00,16392780.0,16419182.0,16392780.0,16396861.0,182283403264,16392780.0
2025-09-27 04:00:00+00:00,16402529.0,16404151.0,16392717.0,16392780.0,376429871104,16402529.0
2025-09-27 04:30:00+00:00,16409551.0,16417165.0,16402529.0,16402529.0,276629553152,16409551.0
2025-09-27 05:00:00+00:00,16405013.0,16409788.0,16402331.0,16409551.0,0,16405013.0
2025-09-27 05:30:00+00:00,16406913.0,16413025.0,16403276.0,16406025.0,0,16406913.0
2025-09-27 06:00:00+00:00,16393060.0,16406913.0,16389788.0,16406913.0,0,16393060.0
2025-09-27 06:30:00+00:00,16392134.0,16394327.0,16386054.0,16393694.0,130272985088,16392134.0
2025-09-27 07:00:00+00:00,16387790.0,16397174.0,16387790.0,16392709.0,0,16387790.0
2025-09-27 07:30:00+00:00,16371329.0,16387439.0,16362541.0,16387439.0,0,16371329.0
2025-09-27 08:00:00+00:00,16361900.0,16371510.0,16351677.0,16371510.0,210084823040,16361900.0
2025-09-27 08:30:00+00:00,16350942.0,16362064.0,16350942.0,16362053.0,152545263616,16350942.0
2025-09-27 09:00:00+00:00,16331497.0,16354658.0,16331497.0,16352836.0,43250614272,16331497.0
2025-09-27 09:30:00+00:00,16357230.0,16362295.0,16327658.0,16327658.0,178033000448,16357230.0
2025-09-27 10:00:00+00:00,16355317.0,16358022.0,16351954.0,16356871.0,100175708160,16355317.0
2025-09-27 10:30:00+00:00,16377335.0,16379061.0,16354163.0,16354505.0,12998148096,16377335.0
2025-09-27 11:00:00+00:00,16359752.0,16376374.0,16356681.0,16375092.0,99379838976,16359752.0
2025-09-27 11:30:00+00:00,16356231.0,16361584.0,16351212.0,16359864.0,14993063936,16356231.0
2025-09-27 12:00:00+00:00,16348752.0,16356244.0,16348752.0,16356244.0,21512060928,16348752.0
2025-09-27 12:30:00+00:00,16375677.0,16388341.0,16349574.0,16349574.0,107682988032,16375677.0
2025-09-27 13:00:00+00:00,16361273.0,16375677.0,16358925.0,16375677.0,125482565632,16361273.0
2025-09-27 13:30:00+00:00,16359126.0,16365157.0,16358677.0,16363794.0,0,16359126.0
2025-09-27 14:00:00+00:00,16357451.0,16364018.0,16355995.0,16357825.0,14557904896,16357451.0
2025-09-27 14:30:00+00:00,16365330.0,16374124.0,16352037.0,16356985.0,85656600576,16365330.0
2025-09-27 15:00:00+00:00,16347033.0,16368311.0,16342609.0,16367215.0,219066925056,16347033.0
2025-09-27 15:30:00+00:00,16380654.0,16384920.0,16359697.0,16361545.0,12500598784,16380654.0
2025-09-27 16:00:00+00:00,16378689.0,16382300.0,16366087.0,16366087.0,94547476480,16378689.0
2025-09-27 16:30:00+00:00,16364579.0,16385607.0,16360512.0,16378369.0,129499136000,16364579.0
2025-09-27 17:00:00+00:00,16353487.0,16366038.0,16347980.0,16366038.0,169744007168,16353487.0
2025-09-27 17:30:00+00:00,16365520.0,16365520.0,16353057.0,16354004.0,225502560256,16365520.0
2025-09-27 18:00:00+00:00,16368082.0,16372262.0,16362597.0,16364286.0,3278897152,16368082.0
2025-09-27 18:30:00+00:00,16373417.0,16373417.0,16365599.0,16368652.0,0,16373417.0
2025-09-27 19:00:00+00:00,16369409.0,16373428.0,16368619.0,16372985.0,0,16369409.0
2025-09-27 19:30:00+00:00,16370663.0,16373078.0,16365160.0,16370387.0,0,16370663.0
2025-09-27 20:00:00+00:00,16363877.0,16372909.0,16363122.0,16371653.0,0,16363877.0
2025-09-27 20:30:00+00:00,16368863.0,16372932.0,16362082.0,16364126.0,11125915648,16368863.0
2025-09-27 21:00:00+00:00,16371329.0,16371329.0,16365601.0,16367583.0,4929355776,16371329.0
2025-09-27 21:30:00+00:00,16374699.0,16379689.0,16370948.0,16371329.0,91750400,16374699.0
2025-09-27 22:00:00+00:00,16413802.0,16413802.0,16375792.0,16375792.0,7817134080,16413802.0
2025-09-27 22:30:00+00:00,16399635.0,16414645.0,16391296.0,16414645.0,286907170816,16399635.0
2025-09-27 23:00:00+00:00,16390812.0,16404451.0,16367996.0,16399243.0,130054619136,16390812.0
2025-09-27 23:30:00+00:00,16401312.0,16410511.0,16390812.0,16390812.0,24595660800,16401312.0
2025-09-28 00:00:00+00:00,16418312.0,16419164.0,16393649.0,16404983.0,87110451200,16418312.0
2025-09-28 00:30:00+00:00,16403669.0,16423517.0,16395889.0,16423517.0,165072338944,16403669.0
2025-09-28 01:00:00+00:00,16384154.0,16405121.0,16380453.0,16398962.0,49725308928,16384154.0
2025-09-28 01:30:00+00:00,16363523.0,16388106.0,16363282.0,16384154.0,136179351552,16363523.0
2025-09-28 02:00:00+00:00,16374144.0,16380432.0,16362902.0,16363687.0,164174757888,16374144.0
2025-09-28 02:30:00+00:00,16376031.0,16386475.0,16371152.0,16380121.0,154050494464,16376031.0
2025-09-28 03:00:00+00:00,16380176.0,16385127.0,16375402.0,16375820.0,151040819200,16380176.0
2025-09-28 03:30:00+00:00,16375057.0,16380760.0,16372219.0,16380176.0,134513950720,16375057.0
2025-09-28 04:00:00+00:00,16369168.0,16378092.0,16369168.0,16374548.0,4926472192,16369168.0
2025-09-28 04:30:00+00:00,16365202.0,16368373.0,16363162.0,16364816.0,15905587200,16365202.0
2025-09-28 05:00:00+00:00,16370427.0,16370427.0,16362353.0,16366135.0,20443561984,16370427.0
2025-09-28 05:30:00+00:00,16361916.0,16369167.0,16359851.0,16366922.0,4901306368,16361916.0
2025-09-28 06:00:00+00:00,16357361.0,16366583.0,16357361.0,16362158.0,12133072896,16357361.0
2025-09-28 06:30:00+00:00,16369334.0,16370980.0,16350895.0,16357361.0,146333237248,16369334.0
2025-09-28 07:00:00+00:00,16376971.0,16376971.0,16362632.0,16367948.0,33938997248,16376971.0
2025-09-28 07:30:00+00:00,16382820.0,16388218.0,16374590.0,16377547.0,22225879040,16382820.0
2025-09-28 08:00:00+00:00,16383475.0,16391819.0,16376887.0,16381351.0,237778763776,16383475.0
2025-09-28 08:30:00+00:00,16385887.0,16390637.0,16382854.0,16387081.0,138550706176,16385887.0
2025-09-28 09:00:00+00:00,16367444.0,16388234.0,16361639.0,16386393.0,141063094272,16367444.0
2025-09-28 09:30:00+00:00,16384317.0,16391846.0,16376941.0,16376941.0,237537329152,16384317.0
2025-09-28 10:00:00+00:00,16373510.0,16384738.0,16369818.0,16384289.0,135598178304,16373510.0
2025-09-28 10:30:00+00:00,16363730.0,16375758.0,16361555.0,16373510.0,146940362752,16363730.0
2025-09-28 11:00:00+00:00,16347471.0,16365886.0,16346721.0,16362014.0,40704147456,16347471.0
2025-09-28 11:30:00+00:00,16367180.0,16367180.0,16347113.0,16347471.0,160274055168,16367180.0
2025-09-28 12:00:00+00:00,16372709.0,16372709.0,16364111.0,16364764.0,164393123840,16372709.0
2025-09-28 12:30:00+00:00,16356850.0,16371247.0,16338091.0,16370055.0,156183560192,16356850.0
2025-09-28 13:00:00+00:00,16373866.0,16379448.0,16353180.0,16356850.0,118789242880,16373866.0
2025-09-28 13:30:00+00:00,16402507.0,16404930.0,16377739.0,16377739.0,174902476800,16402507.0
2025-09-28 14:00:00+00:00,16409490.0,16409490.0,16386715.0,16400785.0,233745678336,16409490.0
2025-09-28 14:30:00+00:00,16431022.0,16431022.0,16402307.0,16407862.0,179574931456,16431022.0
2025-09-28 15:00:00+00:00,16433724.0,16439154.0,16415546.0,16433175.0,158125522944,16433724.0
2025-09-28 15:30:00+00:00,16461126.0,16461126.0,16428311.0,16433437.0,156000845824,16461126.0
2025-09-28 16:00:00+00:00,16480512.0,16510381.0,16461380.0,16461380.0,79982231552,16480512.0
2025-09-28 16:30:00+00:00,16486255.0,16486255.0,16456953.0,16480512.0,187629568000,16486255.0
2025-09-28 17:00:00+00:00,16483068.0,16503517.0,16479950.0,16485094.0,194365882368,16483068.0
2025-09-28 17:30:00+00:00,16489414.0,16508404.0,16483468.0,16484302.0,290717958144,16489414.0
2025-09-28 18:00:00+00:00,16475437.0,16489414.0,16468338.0,16489414.0,14229176320,16475437.0
2025-09-28 18:30:00+00:00,16493141.0,16493141.0,16476143.0,16476769.0,155904114688,16493141.0
2025-09-28 19:00:00+00:00,16494696.0,16504772.0,16469807.0,16495655.0,21916286976,16494696.0
2025-09-28 19:30:00+00:00,16507581.0,16516481.0,16495038.0,16500773.0,203807522816,16507581.0
2025-09-28 20:00:00+00:00,16545102.0,16545102.0,16495574.0,16510272.0,87324884992,16545102.0
2025-09-28 20:30:00+00:00,16569938.0,16593313.0,16542900.0,16542900.0,146473222144,16569938.0
2025-09-28 21:00:00+00:00,16560745.0,16592989.0,16558869.0,16590338.0,340139442176,16560745.0
2025-09-28 21:30:00+00:00,16561002.0,16561105.0,16539698.0,16560745.0,153128796160,16561002.0
2025-09-28 22:00:00+00:00,16702038.0,16703990.0,16579492.0,16579492.0,528744185856,16702038.0
2025-09-28 22:30:00+00:00,16732404.0,16743263.0,16706921.0,16707299.0,376762007552,16732404.0
2025-09-28 23:00:00+00:00,16747226.0,16794294.0,16733763.0,16733763.0,426654302208,16747226.0
2025-09-28 23:30:00+00:00,16750922.0,16771721.0,16743035.0,16751255.0,328334311424,16750922.0
2025-09-29 00:00:00+00:00,16752478.0,16765247.0,16724083.0,16752705.0,330183475200,16752478.0
2025-09-29 00:30:00+00:00,16747088.0,16759394.0,16721366.0,16751929.0,201774858240,16747088.0
2025-09-29 01:00:00+00:00,16730414.0,16769215.0,16729945.0,16749160.0,163206660096,16730414.0
2025-09-29 01:30:00+00:00,16668820.0,16711107.0,16665781.0,16711107.0,236745916416,16668820.0
2025-09-29 02:00:00+00:00,16675688.0,16684603.0,16655780.0,16674322.0,245068464128,16675688.0
2025-09-29 02:30:00+00:00,16645688.0,16674908.0,16632812.0,16674908.0,198953140224,16645688.0
2025-09-29 03:00:00+00:00,16642128.0,16648330.0,16622706.0,16648330.0,315164196864,16642128.0
2025-09-29 03:30:00+00:00,16661892.0,16661892.0,16639116.0,16641890.0,169184591872,16661892.0
2025-09-29 04:00:00+00:00,16657472.0,16668199.0,16647232.0,16659476.0,319902711808,16657472.0
2025-09-29 04:30:00+00:00,16662272.0,16669636.0,16653866.0,16658724.0,163085025280,16662272.0
2025-09-29 05:00:00+00:00,16634110.0,16661433.0,16620969.0,16661433.0,130508390400,16634110.0
2025-09-29 05:30:00+00:00,16629583.0,16637846.0,16614438.0,16636618.0,170376822784,16629583.0
2025-09-29 06:00:00+00:00,16640968.0,16641565.0,16621080.0,16630942.0,233215361024,16640968.0
2025-09-29 06:30:00+00:00,16622306.0,16645637.0,16621263.0,16642735.0,141540458496,16622306.0
2025-09-29 07:00:00+00:00,16598266.0,16621441.0,16594210.0,16619303.0,153130893312,16598266.0
2025-09-29 07:30:00+00:00,16619171.0,16621595.0,16594794.0,16594926.0,238778580992,16619171.0
2025-09-29 08:00:00+00:00,16678709.0,16678709.0,16620835.0,16620835.0,289203027968,16678709.0
2025-09-29 08:30:00+00:00,16656840.0,16694071.0,16656840.0,16675621.0,321032552448,16656840.0
2025-09-29 09:00:00+00:00,16664072.0,16664663.0,16640884.0,16653918.0,397581221888,16664072.0
2025-09-29 09:30:00+00:00,16662359.0,16673024.0,16657008.0,16664306.0,193140883456,16662359.0
2025-09-29 10:00:00+00:00,16680369.0,16680369.0,16658412.0,16663001.0,46630699008,16680369.0
2025-09-29 10:30:00+00:00,16676065.0,16686325.0,16659945.0,16682860.0,240465739776,16676065.0
2025-09-29 11:00:00+00:00,16667683.0,16676753.0,16650143.0,16676753.0,71946993664,16667683.0
2025-09-29 11:30:00+00:00,16669271.0,16674173.0,16662798.0,16662798.0,40487616512,16669271.0
2025-09-29 12:00:00+00:00,16721461.0,16721461.0,16664836.0,16664836.0,198833602560,16721461.0
2025-09-29 12:30:00+00:00,16648853.0,16726659.0,16645602.0,16718716.0,313617022976,16648853.0
2025-09-29 13:00:00+00:00,16687070.0,16703006.0,16648418.0,16651367.0,326715834368,16687070.0
2025-09-29 13:30:00+00:00,16835838.0,16856140.0,16670406.0,16684966.0,579398008832,16835838.0
2025-09-29 14:00:00+00:00,16911982.0,16936714.0,16828198.0,16845676.0,426684973056,16911982.0
2025-09-29 14:30:00+00:00,16957770.0,16979246.0,16902380.0,16905280.0,364489211904,16957770.0
2025-09-29 15:00:00+00:00,16914096.0,16964956.0,16914096.0,16959926.0,190080614400,16914096.0
2025-09-29 15:30:00+00:00,16917092.0,16941358.0,16900460.0,16911682.0,217882558464,16917092.0
2025-09-29 16:00:00+00:00,16927768.0,16949374.0,16918192.0,16918192.0,157562699776,16927768.0
2025-09-29 16:30:00+00:00,16891646.0,16949844.0,16891646.0,16927304.0,242785714176,16891646.0
2025-09-29 17:00:00+00:00,16926266.0,16933110.0,16873322.0,16891782.0,303581102080,16926266.0
2025-09-29 17:30:00+00:00,16958642.0,16964732.0,16920542.0,16931922.0,53517221888,16958642.0
2025-09-29 18:00:00+00:00,16933736.0,16965396.0,16927940.0,16959500.0,229622415360,16933736.0
2025-09-29 18:30:00+00:00,16958668.0,16958668.0,16939012.0,16941810.0,52295630848,16958668.0
2025-09-29 19:00:00+00:00,16949150.0,16964698.0,16932116.0,16960414.0,189335076864,16949150.0
2025-09-29 19:30:00+00:00,16998218.0,17000738.0,16934802.0,16949122.0,176500506624,16998218.0
2025-09-29 20:00:00+00:00,16998652.0,17013190.0,16974414.0,16998948.0,402256822272,16998652.0
2025-09-29 20:30:00+00:00,16987232.0,17014056.0,16987232.0,16999412.0,134874136576,16987232.0
2025-09-29 21:00:00+00:00,16980606.0,17007110.0,16979476.0,16987684.0,152611848192,16980606.0
2025-09-29 21:30:00+00:00,16982374.0,16986808.0,16961798.0,16979122.0,146839437312,16982374.0
2025-09-29 22:00:00+00:00,16955644.0,16982984.0,16955644.0,16982984.0,0,16955644.0
2025-09-29 22:30:00+00:00,16976602.0,16976698.0,16957064.0,16964892.0,124758523904,16976602.0
2025-09-29 23:00:00+00:00,16988176.0,16999810.0,16972102.0,16973548.0,308995424256,16988176.0
2025-09-29 23:30:00+00:00,16993036.0,16993036.0,16977186.0,16987578.0,0,16993036.0
2025-09-30 00:00:00+00:00,16967872.0,17015834.0,16958338.0,17002240.0,42058383360,16967872.0
2025-09-30 00:30:00+00:00,17055400.0,17078670.0,16972724.0,16972724.0,359080656896,17055400.0
2025-09-30 01:00:00+00:00,17060432.0,17068172.0,17023164.0,17053108.0,212153139200,17060432.0
2025-09-30 01:30:00+00:00,17021346.0,17053810.0,17012896.0,17053810.0,130647326720,17021346.0
2025-09-30 02:00:00+00:00,17030676.0,17057572.0,17015868.0,17043648.0,150051225600,17030676.0
2025-09-30 02:30:00+00:00,17025658.0,17044792.0,17022646.0,17025564.0,23092789248,17025658.0
2025-09-30 03:00:00+00:00,17004014.0,17037724.0,17003026.0,17029050.0,127015059456,17004014.0
2025-09-30 03:30:00+00:00,16995074.0,17010830.0,16993040.0,17002412.0,444039954432,16995074.0
2025-09-30 04:00:00+00:00,16969288.0,16995604.0,16965708.0,16995604.0,154441613312,16969288.0
2025-09-30 04:30:00+00:00,16944380.0,16978604.0,16942910.0,16971972.0,184365875200,16944380.0
2025-09-30 05:00:00+00:00,16905210.0,16958508.0,16904568.0,16942402.0,165803982848,16905210.0
2025-09-30 05:30:00+00:00,16896708.0,16910396.0,16890864.0,16904670.0,115635912704,16896708.0
2025-09-30 06:00:00+00:00,16894282.0,16911034.0,16882402.0,16896928.0,441445253120,16894282.0
2025-09-30 06:30:00+00:00,16872368.0,16905104.0,16872368.0,16892598.0,274065260544,16872368.0
2025-09-30 07:00:00+00:00,16879948.0,16879948.0,16865738.0,16872676.0,12880707584,16879948.0
2025-09-30 07:30:00+00:00,16843414.0,16879316.0,16818990.0,16879316.0,256001441792,16843414.0
2025-09-30 08:00:00+00:00,16809530.0,16845528.0,16804322.0,16845528.0,173811957760,16809530.0
2025-09-30 08:30:00+00:00,16787002.0,16814010.0,16781544.0,16809146.0,20272119808,16787002.0
2025-09-30 09:00:00+00:00,16754480.0,16786094.0,16751532.0,16781272.0,173598048256,16754480.0
2025-09-30 09:30:00+00:00,16703286.0,16767379.0,16702780.0,16755940.0,219426062336,16703286.0
2025-09-30 10:00:00+00:00,16703127.0,16723184.0,16675163.0,16701784.0,293224841216,16703127.0
2025-09-30 10:30:00+00:00,16731544.0,16739996.0,16694494.0,16701318.0,209060888576,16731544.0
2025-09-30 11:00:00+00:00,16711561.0,16731291.0,16710469.0,16724375.0,241425186816,16711561.0
2025-09-30 11:30:00+00:00,16740263.0,16747814.0,16717615.0,16719469.0,47223668736,16740263.0
2025-09-30 12:00:00+00:00,16738072.0,16745648.0,16724016.0,16733047.0,129614479360,16738072.0
2025-09-30 12:30:00+00:00,16731053.0,16761926.0,16731053.0,16738160.0,120975261696,16731053.0
2025-09-30 13:00:00+00:00,16771964.0,16778284.0,16712824.0,16729321.0,171062591488,16771964.0
2025-09-30 13:30:00+00:00,16772578.0,16811368.0,16736434.0,16771237.0,86723526656,16772578.0
2025-09-30 14:00:00+00:00,16711213.0,16778020.0,16699659.0,16778020.0,315245985792,16711213.0
2025-09-30 14:30:00+00:00,16782350.0,16783510.0,16715824.0,16715824.0,86743449600,16782350.0
2025-09-30 15:00:00+00:00,16723425.0,16784560.0,16720640.0,16784560.0,297209954304,16723425.0
2025-09-30 15:30:00+00:00,16740388.0,16761341.0,16724273.0,16724273.0,28913434624,16740388.0
2025-09-30 16:00:00+00:00,16720430.0,16748474.0,16720430.0,16742015.0,357528764416,16720430.0
2025-09-30 16:30:00+00:00,16670101.0,16721419.0,16669291.0,16721366.0,128108199936,16670101.0
2025-09-30 17:00:00+00:00,16724286.0,16733253.0,16668050.0,16668050.0,159658803200,16724286.0
2025-09-30 17:30:00+00:00,16750048.0,16770923.0,16727291.0,16731694.0,219374682112,16750048.0
2025-09-30 18:00:00+00:00,16779096.0,16781828.0,16736365.0,16745672.0,151275438080,16779096.0
2025-09-30 18:30:00+00:00,16813730.0,16813730.0,16766534.0,16776830.0,30232018944,16813730.0
2025-09-30 19:00:00+00:00,16848914.0,16855672.0,16816360.0,16816360.0,187648442368,16848914.0
2025-09-30 19:30:00+00:00,16924114.0,16936534.0,16848706.0,16848706.0,122415480832,16924114.0
2025-09-30 20:00:00+00:00,16927220.0,16934624.0,16890046.0,16919590.0,204577701888,16927220.0
2025-09-30 20:30:00+00:00,16959834.0,16966432.0,16915624.0,16923542.0,133601689600,16959834.0
2025-09-30 21:00:00+00:00,16915040.0,16967106.0,16915040.0,16956366.0,285825564672,16915040.0
2025-09-30 21:30:00+00:00,16895862.0,16933224.0,16894040.0,16906618.0,102982746112,16895862.0
2025-09-30 22:00:00+00:00,16861850.0,16908578.0,16861850.0,16889354.0,48771366912,16861850.0
2025-09-30 22:30:00+00:00,16856622.0,16869434.0,16848280.0,16859588.0,4578607104,16856622.0
2025-09-30 23:00:00+00:00,16861746.0,16861746.0,16823044.0,16855638.0,213694545920,16861746.0
2025-09-30 23:30:00+00:00,16874428.0,16874428.0,16843006.0,16863182.0,43641733120,16874428.0
2025-10-01 00:00:00+00:00,16880046.0,16929346.0,16880046.0,16890948.0,156523036672,16880046.0
2025-10-01 00:30:00+00:00,16919926.0,16920842.0,16885182.0,16885182.0,99161210880,16919926.0
2025-10-01 01:00:00+00:00,16928138.0,16936060.0,16912554.0,16918480.0,1521483776,16928138.0
2025-10-01 01:30:00+00:00,16944864.0,16946956.0,16908980.0,16929264.0,106197155840,16944864.0
2025-10-01 02:00:00+00:00,16933444.0,16948164.0,16928672.0,16948164.0,130319122432,16933444.0
2025-10-01 02:30:00+00:00,16905770.0,16937648.0,16905770.0,16934382.0,138683613184,16905770.0
2025-10-01 03:00:00+00:00,16938340.0,16942714.0,16897576.0,16904248.0,322590736384,16938340.0
2025-10-01 03:30:00+00:00,16893362.0,16949296.0,16889704.0,16934722.0,71344586752,16893362.0
2025-10-01 04:00:00+00:00,16933328.0,16937472.0,16894982.0,16894982.0,135716143104,16933328.0
2025-10-01 04:30:00+00:00,16868922.0,16946820.0,16868922.0,16936390.0,293669437440,16868922.0
2025-10-01 05:00:00+00:00,16900940.0,16932236.0,16857458.0,16857458.0,39664484352,16900940.0
2025-10-01 05:30:00+00:00,16903008.0,16917640.0,16900478.0,16900714.0,115504316416,16903008.0
2025-10-01 06:00:00+00:00,16854890.0,16903290.0,16854890.0,16903290.0,116877950976,16854890.0
2025-10-01 06:30:00+00:00,16826272.0,16864988.0,16823120.0,16858600.0,128755695616,16826272.0
2025-10-01 07:00:00+00:00,16861172.0,16861172.0,16820178.0,16827032.0,186815873024,16861172.0
2025-10-01 07:30:00+00:00,16861584.0,16879514.0,16846968.0,16872434.0,133383585792,16861584.0
2025-10-01 08:00:00+00:00,16910924.0,16910924.0,16842812.0,16860020.0,134438977536,16910924.0
2025-10-01 08:30:00+00:00,17102612.0,17129406.0,16925228.0,16925608.0,691392217088,17102612.0
2025-10-01 09:00:00+00:00,17109678.0,17117990.0,17068324.0,17085046.0,616675934208,17109678.0
2025-10-01 09:30:00+00:00,17141744.0,17144840.0,17103314.0,17108494.0,284664266752,17141744.0
2025-10-01 10:00:00+00:00,17123472.0,17161712.0,17115860.0,17140592.0,141197049856,17123472.0
2025-10-01 10:30:00+00:00,17102824.0,17127910.0,17099360.0,17127910.0,222463787008,17102824.0
2025-10-01 11:00:00+00:00,17117466.0,17128132.0,17105054.0,17106932.0,241427283968,17117466.0
2025-10-01 11:30:00+00:00,17167226.0,17168174.0,17117880.0,17119050.0,164572954624,17167226.0
2025-10-01 12:00:00+00:00,17151010.0,17184320.0,17120888.0,17171130.0,343229333504,17151010.0
2025-10-01 12:30:00+00:00,17101596.0,17136976.0,17099306.0,17136976.0,194606268416,17101596.0
2025-10-01 13:00:00+00:00,17113226.0,17125286.0,17090838.0,17090838.0,233859710976,17113226.0
2025-10-01 13:30:00+00:00,17139184.0,17139184.0,17085362.0,17113284.0,83822116864,17139184.0
2025-10-01 14:00:00+00:00,17225342.0,17247288.0,17141052.0,17141052.0,318998839296,17225342.0
2025-10-01 14:30:00+00:00,17233280.0,17241856.0,17204556.0,17224718.0,511433506816,17233280.0
2025-10-01 15:00:00+00:00,17287462.0,17287462.0,17226286.0,17235544.0,232553185280,17287462.0
2025-10-01 15:30:00+00:00,17276150.0,17303846.0,17272074.0,17300026.0,182446981120,17276150.0
2025-10-01 16:00:00+00:00,17354856.0,17354856.0,17283116.0,17293708.0,305521491968,17354856.0
2025-10-01 16:30:00+00:00,17323762.0,17393870.0,17313876.0,17355410.0,455914553344,17323762.0
2025-10-01 17:00:00+00:00,17296902.0,17324402.0,17266884.0,17315828.0,186712588288,17296902.0
2025-10-01 17:30:00+00:00,17194614.0,17296468.0,17194614.0,17285330.0,235714641920,17194614.0
2025-10-01 18:00:00+00:00,17216410.0,17235424.0,17198510.0,17205002.0,434124095488,17216410.0
2025-10-01 18:30:00+00:00,17249974.0,17260746.0,17216954.0,17218226.0,49686773760,17249974.0
2025-10-01 19:00:00+00:00,17290762.0,17292270.0,17247618.0,17250916.0,113251450880,17290762.0
2025-10-01 19:30:00+00:00,17279012.0,17308504.0,17272872.0,17292316.0,259658874880,17279012.0
2025-10-01 20:00:00+00:00,17279754.0,17282588.0,17251778.0,17277420.0,5834276864,17279754.0
2025-10-01 20:30:00+00:00,17289338.0,17294524.0,17266526.0,17283582.0,144640573440,17289338.0
2025-10-01 21:00:00+00:00,17288612.0,17297762.0,17281164.0,17294222.0,112012034048,17288612.0
2025-10-01 21:30:00+00:00,17286562.0,17289004.0,17266574.0,17288576.0,276580794368,17286562.0
2025-10-01 22:00:00+00:00,17334080.0,17359294.0,17289168.0,17289168.0,141154058240,17334080.0
2025-10-01 22:30:00+00:00,17328070.0,17336070.0,17307850.0,17331930.0,182450126848,17328070.0
2025-10-01 23:00:00+00:00,17401670.0,17421986.0,17314460.0,17320594.0,181042937856,17401670.0
2025-10-01 23:30:00+00:00,17434960.0,17434960.0,17381862.0,17414604.0,264814723072,17434960.0
2025-10-02 00:00:00+00:00,17535964.0,17588096.0,17455062.0,17455062.0,479629148160,17535964.0
2025-10-02 00:30:00+00:00,17450928.0,17525676.0,17450928.0,17525676.0,151354605568,17450928.0
2025-10-02 01:00:00+00:00,17439850.0,17470706.0,17436350.0,17442212.0,253091643392,17439850.0
2025-10-02 01:30:00+00:00,17452934.0,17485412.0,17436844.0,17441952.0,285222109184,17452934.0
2025-10-02 02:00:00+00:00,17450072.0,17465622.0,17434808.0,17453830.0,92220162048,17450072.0
2025-10-02 02:30:00+00:00,17480646.0,17482464.0,17435362.0,17446226.0,190715002880,17480646.0
2025-10-02 03:00:00+00:00,17509154.0,17520302.0,17478664.0,17479886.0,162596388864,17509154.0
2025-10-02 03:30:00+00:00,17471756.0,17514922.0,17467512.0,17508622.0,56719572992,17471756.0
2025-10-02 04:00:00+00:00,17463914.0,17505502.0,17463014.0,17474104.0,123025227776,17463914.0
2025-10-02 04:30:00+00:00,17459560.0,17470370.0,17444750.0,17459148.0,9416212480,17459560.0
2025-10-02 05:00:00+00:00,17464258.0,17477850.0,17445024.0,17464166.0,231082033152,17464258.0
2025-10-02 05:30:00+00:00,17425658.0,17469024.0,17424884.0,17462246.0,325704482816,17425658.0
2025-10-02 06:00:00+00:00,17433742.0,17437510.0,17421738.0,17427734.0,142432272384,17433742.0
2025-10-02 06:30:00+00:00,17467982.0,17490356.0,17434682.0,17435478.0,358809075712,17467982.0
2025-10-02 07:00:00+00:00,17454320.0,17470436.0,17448414.0,17467692.0,241869783040,17454320.0
2025-10-02 07:30:00+00:00,17435710.0,17455744.0,17428790.0,17455744.0,35149316096,17435710.0
2025-10-02 08:00:00+00:00,17442062.0,17445126.0,17402620.0,17445126.0,164493262848,17442062.0
2025-10-02 08:30:00+00:00,17418382.0,17444518.0,17416744.0,17438534.0,0,17418382.0
2025-10-02 09:00:00+00:00,17411146.0,17425926.0,17407848.0,17425926.0,0,17411146.0
2025-10-02 09:30:00+00:00,17426436.0,17426588.0,17402002.0,17409896.0,4280287232,17426436.0
2025-10-02 10:00:00+00:00,17410826.0,17440186.0,17410826.0,17426778.0,110344798208,17410826.0
2025-10-02 10:30:00+00:00,17403762.0,17435336.0,17401422.0,17404588.0,155417837568,17403762.0
2025-10-02 11:00:00+00:00,17417856.0,17417856.0,17397348.0,17401288.0,133625282560,17417856.0
2025-10-02 11:30:00+00:00,17443090.0,17460246.0,17417260.0,17417260.0,120298930176,17443090.0
2025-10-02 12:00:00+00:00,17512148.0,17512148.0,17439506.0,17442838.0,18366857216,17512148.0
2025-10-02 12:30:00+00:00,17573942.0,17578106.0,17503510.0,17508756.0,253612785664,17573942.0
2025-10-02 13:00:00+00:00,17541652.0,17579526.0,17508552.0,17579526.0,214212542464,17541652.0
2025-10-02 13:30:00+00:00,17627444.0,17640682.0,17534416.0,17541384.0,203273797632,17627444.0
2025-10-02 14:00:00+00:00,17624592.0,17625734.0,17582464.0,17616848.0,333380059136,17624592.0
2025-10-02 14:30:00+00:00,17512402.0,17628686.0,17502786.0,17620064.0,241551015936,17512402.0
2025-10-02 15:00:00+00:00,17612992.0,17622076.0,17485250.0,17520194.0,237698547712,17612992.0
2025-10-02 15:30:00+00:00,17677212.0,17678360.0,17592468.0,17617296.0,351207948288,17677212.0
2025-10-02 16:00:00+00:00,17680372.0,17718484.0,17658370.0,17678842.0,251075231744,17680372.0
2025-10-02 16:30:00+00:00,17624212.0,17686968.0,17616822.0,17673482.0,420296523776,17624212.0
2025-10-02 17:00:00+00:00,17599592.0,17639980.0,17584504.0,17629074.0,175494922240,17599592.0
2025-10-02 17:30:00+00:00,17654588.0,17654588.0,17591124.0,17592570.0,123923857408,17654588.0
2025-10-02 18:00:00+00:00,17690696.0,17705330.0,17661126.0,17661126.0,156549251072,17690696.0
2025-10-02 18:30:00+00:00,17755458.0,17766072.0,17676478.0,17696320.0,243618807808,17755458.0
2025-10-02 19:00:00+00:00,17775006.0,17813548.0,17746228.0,17746228.0,388589682688,17775006.0
2025-10-02 19:30:00+00:00,17790388.0,17810584.0,17759668.0,17779206.0,213118877696,17790388.0
2025-10-02 20:00:00+00:00,17759630.0,17805508.0,17756338.0,17800904.0,77502349312,17759630.0
2025-10-02 20:30:00+00:00,17766140.0,17766140.0,17725890.0,17758022.0,352889864192,17766140.0
2025-10-02 21:00:00+00:00,17752482.0,17784934.0,17752482.0,17770552.0,224480198656,17752482.0
2025-10-02 21:30:00+00:00,17705780.0,17748370.0,17703726.0,17748370.0,206499217408,17705780.0
2025-10-02 22:00:00+00:00,17712290.0,17734306.0,17696410.0,17699470.0,251527168000,17712290.0
2025-10-02 22:30:00+00:00,17703670.0,17726406.0,17686072.0,17717838.0,165077319680,17703670.0
2025-10-02 23:00:00+00:00,17740048.0,17754250.0,17706988.0,17706988.0,24192745472,17740048.0
2025-10-02 23:30:00+00:00,17752420.0,17754458.0,17708658.0,17743180.0,23031971840,17752420.0
2025-10-03 00:00:00+00:00,17735742.0,17755520.0,17708734.0,17755520.0,73552363520,17735742.0
2025-10-03 00:30:00+00:00,17711544.0,17733702.0,17706674.0,17733702.0,0,17711544.0
2025-10-03 01:00:00+00:00,17743426.0,17757756.0,17710352.0,17714200.0,7362052096,17743426.0
2025-10-03 01:30:00+00:00,17696784.0,17752686.0,17696784.0,17741162.0,151011721216,17696784.0
2025-10-03 02:00:00+00:00,17730266.0,17745560.0,17694622.0,17694622.0,155514306560,17730266.0
2025-10-03 02:30:00+00:00,17761840.0,17762900.0,17721446.0,17723224.0,117277982720,17761840.0
2025-10-03 03:00:00+00:00,17773600.0,17798836.0,17757064.0,17759798.0,251808186368,17773600.0
2025-10-03 03:30:00+00:00,17763430.0,17791734.0,17763430.0,17770682.0,30466375680,17763430.0
2025-10-03 04:00:00+00:00,17763660.0,17773096.0,17754180.0,17762744.0,221652189184,17763660.0
2025-10-03 04:30:00+00:00,17745120.0,17762980.0,17744364.0,17762980.0,6170869760,17745120.0
2025-10-03 05:00:00+00:00,17735076.0,17750678.0,17720894.0,17746318.0,261083889664,17735076.0
2025-10-03 05:30:00+00:00,17732670.0,17735090.0,17697958.0,17731810.0,149634940928,17732670.0
2025-10-03 06:00:00+00:00,17720550.0,17735042.0,17714402.0,17735042.0,319197020160,17720550.0
2025-10-03 06:30:00+00:00,17707142.0,17721076.0,17696826.0,17720196.0,0,17707142.0
2025-10-03 07:00:00+00:00,17691082.0,17720242.0,17688384.0,17712652.0,397447004160,17691082.0
2025-10-03 07:30:00+00:00,17653528.0,17688476.0,17652824.0,17688476.0,304463478784,17653528.0
2025-10-03 08:00:00+00:00,17643010.0,17655974.0,17589050.0,17652904.0,381841047552,17643010.0
2025-10-03 08:30:00+00:00,17690624.0,17690624.0,17644620.0,17644620.0,206803304448,17690624.0
2025-10-03 09:00:00+00:00,17747734.0,17747734.0,17696454.0,17696454.0,407755554816,17747734.0
2025-10-03 09:30:00+00:00,17743492.0,17748464.0,17718694.0,17748464.0,102744719360,17743492.0
2025-10-03 10:00:00+00:00,17762692.0,17762692.0,17735498.0,17739724.0,396560957440,17762692.0
2025-10-03 10:30:00+00:00,17759618.0,17767258.0,17749588.0,17767080.0,208154918912,17759618.0
2025-10-03 11:00:00+00:00,17738692.0,17762358.0,17720826.0,17755676.0,169469804544,17738692.0
2025-10-03 11:30:00+00:00,17738294.0,17746090.0,17716230.0,17738010.0,322625863680,17738294.0
2025-10-03 12:00:00+00:00,17736138.0,17747132.0,17726892.0,17734310.0,343409688576,17736138.0
2025-10-03 12:30:00+00:00,17737988.0,17739546.0,17710338.0,17730886.0,95533662208,17737988.0
2025-10-03 13:00:00+00:00,17759306.0,17759306.0,17720990.0,17738842.0,146965266432,17759306.0
2025-10-03 13:30:00+00:00,17769948.0,17769948.0,17709714.0,17758088.0,18985517056,17769948.0
2025-10-03 14:00:00+00:00,17759854.0,17759854.0,17691462.0,17759662.0,164839292928,17759854.0
2025-10-03 14:30:00+00:00,17835718.0,17846656.0,17758064.0,17766298.0,52038729728,17835718.0
2025-10-03 15:00:00+00:00,17889800.0,17915378.0,17805746.0,17835718.0,336543612928,17889800.0
2025-10-03 15:30:00+00:00,18008930.0,18008930.0,17891650.0,17891650.0,205185351680,18008930.0
2025-10-03 16:00:00+00:00,18253018.0,18253018.0,18031410.0,18031410.0,1755028914176,18253018.0
2025-10-03 16:30:00+00:00,18129392.0,18275766.0,18129392.0,18263120.0,693247148032,18129392.0
2025-10-03 17:00:00+00:00,18083868.0,18148836.0,17978966.0,18112606.0,608430981120,18083868.0
2025-10-03 17:30:00+00:00,18017492.0,18136452.0,17962450.0,18082066.0,409755189248,18017492.0
2025-10-03 18:00:00+00:00,18090284.0,18090284.0,17934838.0,18017176.0,368869113856,18090284.0
2025-10-03 18:30:00+00:00,18064610.0,18106754.0,18045254.0,18085474.0,225948205056,18064610.0
2025-10-03 19:00:00+00:00,18103302.0,18106194.0,18064156.0,18066112.0,362340679680,18103302.0
2025-10-03 19:30:00+00:00,18097570.0,18138526.0,18092666.0,18110616.0,168529231872,18097570.0
2025-10-03 20:00:00+00:00,18013304.0,18098832.0,18006558.0,18098832.0,37419483136,18013304.0
2025-10-03 20:30:00+00:00,18081858.0,18105178.0,18016462.0,18016462.0,263456817152,18081858.0
2025-10-03 21:00:00+00:00,18032210.0,18077688.0,18027890.0,18077688.0,1718616064,18032210.0
2025-10-03 21:30:00+00:00,18039000.0,18039000.0,17986672.0,18029626.0,159554469888,18039000.0
2025-10-03 22:00:00+00:00,18058134.0,18058512.0,18030000.0,18030000.0,9440329728,18058134.0
2025-10-03 22:30:00+00:00,18051098.0,18079208.0,18050644.0,18055932.0,125466312704,18051098.0
2025-10-03 23:00:00+00:00,18029556.0,18052702.0,18026162.0,18051536.0,5459935232,18029556.0
2025-10-03 23:30:00+00:00,18010600.0,18032576.0,18010600.0,18026378.0,112791126016,18010600.0
2025-10-04 00:00:00+00:00,18014884.0,18022396.0,18001390.0,18013054.0,228424941568,18014884.0
2025-10-04 00:30:00+00:00,17994076.0,18013794.0,17983510.0,18010518.0,14470348800,17994076.0
2025-10-04 01:00:00+00:00,17981598.0,17998380.0,17981598.0,17996964.0,123889254400,17981598.0
2025-10-04 01:30:00+00:00,17945892.0,17984268.0,17942426.0,17982168.0,26092765184,17945892.0
2025-10-04 02:00:00+00:00,17952210.0,17995270.0,17941604.0,17949758.0,247004659712,17952210.0
2025-10-04 02:30:00+00:00,17967814.0,17971580.0,17942806.0,17953034.0,4895801344,17967814.0
2025-10-04 03:00:00+00:00,17989728.0,17989728.0,17959746.0,17964392.0,222588567552,17989728.0
2025-10-04 03:30:00+00:00,18020810.0,18020810.0,17989408.0,17990402.0,134404374528,18020810.0
2025-10-04 04:00:00+00:00,18035718.0,18039070.0,18015692.0,18021770.0,296105279488,18035718.0
2025-10-04 04:30:00+00:00,18058290.0,18059782.0,18027846.0,18030876.0,21716008960,18058290.0
2025-10-04 05:00:00+00:00,18092630.0,18095926.0,18048988.0,18057658.0,143306784768,18092630.0
2025-10-04 05:30:00+00:00,18060198.0,18092630.0,18050672.0,18092630.0,154281181184,18060198.0
2025-10-04 06:00:00+00:00,18058666.0,18164132.0,18043482.0,18059244.0,135628062720,18058666.0
2025-10-04 06:30:00+00:00,18053016.0,18163796.0,18048090.0,18060358.0,222819254272,18053016.0
2025-10-04 07:00:00+00:00,18031110.0,18145906.0,18028372.0,18050870.0,0,18031110.0
2025-10-04 07:30:00+00:00,18019078.0,18126160.0,18019078.0,18030734.0,103820558336,18019078.0
2025-10-04 08:00:00+00:00,18064900.0,18141640.0,18024912.0,18025788.0,189642309632,18064900.0
2025-10-04 08:30:00+00:00,18037928.0,18141194.0,18026390.0,18061716.0,0,18037928.0
2025-10-04 09:00:00+00:00,18053984.0,18143060.0,18035000.0,18038634.0,122071023616,18053984.0
2025-10-04 09:30:00+00:00,18116014.0,18137528.0,18025716.0,18054922.0,241245880320,18116014.0
2025-10-04 10:00:00+00:00,18040896.0,18122428.0,18026618.0,18027038.0,180209319936,18040896.0
2025-10-04 10:30:00+00:00,18014482.0,18130794.0,18013496.0,18041760.0,118502719488,18014482.0
2025-10-04 11:00:00+00:00,18002698.0,18105012.0,17994416.0,18014296.0,27464302592,18002698.0
2025-10-04 11:30:00+00:00,17996802.0,18038676.0,17996802.0,18010356.0,338860965888,17996802.0
2025-10-04 12:00:00+00:00,18004938.0,18040630.0,17992974.0,17994362.0,125106651136,18004938.0
2025-10-04 12:30:00+00:00,17997344.0,18024866.0,17991464.0,18004764.0,220979003392,17997344.0
2025-10-04 13:00:00+00:00,18048480.0,18077764.0,17997344.0,17997344.0,29797384192,18048480.0
2025-10-04 13:30:00+00:00,18054404.0,18068318.0,18045364.0,18047524.0,90364182528,18054404.0
2025-10-04 14:00:00+00:00,18043214.0,18061780.0,18043120.0,18057256.0,88959090688,18043214.0
2025-10-04 14:30:00+00:00,17999650.0,18047754.0,17999650.0,18044206.0,0,17999650.0
2025-10-04 15:00:00+00:00,17962856.0,18007488.0,17962856.0,17998222.0,0,17962856.0
2025-10-04 15:30:00+00:00,17967296.0,17990368.0,17954258.0,17960004.0,93882155008,17967296.0
2025-10-04 16:00:00+00:00,17944434.0,17986404.0,17939934.0,17960756.0,0,17944434.0
2025-10-04 16:30:00+00:00,17942810.0,17971730.0,17942810.0,17943318.0,103715176448,17942810.0
2025-10-04 17:00:00+00:00,17973100.0,17973100.0,17946734.0,17949520.0,0,17973100.0
2025-10-04 17:30:00+00:00,17952280.0,17977692.0,17948334.0,17973162.0,101581848576,17952280.0
2025-10-04 18:00:00+00:00,17956790.0,17969314.0,17952280.0,17952280.0,0,17956790.0
2025-10-04 18:30:00+00:00,17933272.0,17957678.0,17926548.0,17957552.0,0,17933272.0
2025-10-04 19:00:00+00:00,17973504.0,17973504.0,17933272.0,17933272.0,104570814464,17973504.0
2025-10-04 19:30:00+00:00,17981264.0,17981670.0,17971170.0,17974030.0,70569689088,17981264.0
2025-10-04 20:00:00+00:00,17998910.0,17999758.0,17983450.0,17985620.0,180756676608,17998910.0
2025-10-04 20:30:00+00:00,17987758.0,18002370.0,17982990.0,18001712.0,0,17987758.0
2025-10-04 21:00:00+00:00,18032930.0,18032930.0,17978560.0,17981308.0,17869307904,18032930.0
2025-10-04 21:30:00+00:00,18023386.0,18040342.0,18020500.0,18036198.0,218763362304,18023386.0
2025-10-04 22:00:00+00:00,18027830.0,18035352.0,18018660.0,18023178.0,195501228032,18027830.0
2025-10-04 22:30:00+00:00,18034386.0,18044488.0,18028322.0,18038848.0,4528275456,18034386.0
2025-10-04 23:00:00+00:00,18026906.0,18041834.0,18026296.0,18034386.0,109106954240,18026906.0
2025-10-04 23:30:00+00:00,18047808.0,18049950.0,18024594.0,18025258.0,3226992640,18047808.0
2025-10-05 00:00:00+00:00,18053766.0,18054034.0,18031514.0,18050168.0,322961408,18053766.0
2025-10-05 00:30:00+00:00,18021458.0,18060110.0,18018686.0,18055410.0,0,18021458.0
2025-10-05 01:00:00+00:00,18042052.0,18050258.0,18019602.0,18046184.0,126357602304,18042052.0
2025-10-05 01:30:00+00:00,18045628.0,18058032.0,18030528.0,18030788.0,95366414336,18045628.0
2025-10-05 02:00:00+00:00,18082530.0,18082530.0,18046800.0,18047688.0,120884035584,18082530.0
2025-10-05 02:30:00+00:00,18272312.0,18324276.0,18101934.0,18101934.0,734608752640,18272312.0
2025-10-05 03:00:00+00:00,18250398.0,18299972.0,18192494.0,18284492.0,357878988800,18250398.0
2025-10-05 03:30:00+00:00,18257776.0,18297848.0,18253584.0,18253584.0,233903226880,18257776.0
2025-10-05 04:00:00+00:00,18296532.0,18296532.0,18252132.0,18252132.0,44897927168,18296532.0
2025-10-05 04:30:00+00:00,18478184.0,18513078.0,18292954.0,18294264.0,883669073920,18478184.0
2025-10-05 05:00:00+00:00,18478540.0,18483566.0,18416640.0,18463642.0,570274349056,18478540.0
2025-10-05 05:30:00+00:00,18425342.0,18484724.0,18425342.0,18484724.0,349927636992,18425342.0
2025-10-05 06:00:00+00:00,18424394.0,18458394.0,18402412.0,18429570.0,205148127232,18424394.0
2025-10-05 06:30:00+00:00,18435580.0,18450276.0,18410454.0,18424394.0,209221320704,18435580.0
2025-10-05 07:00:00+00:00,18413508.0,18445688.0,18413508.0,18434304.0,349159555072,18413508.0
2025-10-05 07:30:00+00:00,18412814.0,18415576.0,18383726.0,18412210.0,400304373760,18412814.0
2025-10-05 08:00:00+00:00,18388870.0,18412672.0,18369802.0,18412672.0,234920869888,18388870.0
2025-10-05 08:30:00+00:00,18370728.0,18392334.0,18370728.0,18392334.0,16330522624,18370728.0
2025-10-05 09:00:00+00:00,18336258.0,18374242.0,18325160.0,18371534.0,261911216128,18336258.0
2025-10-05 09:30:00+00:00,18155188.0,18284070.0,18119612.0,18284070.0,559648604160,18155188.0
2025-10-05 10:00:00+00:00,18138782.0,18150546.0,18081214.0,18142834.0,395087708160,18138782.0
2025-10-05 10:30:00+00:00,18149898.0,18150994.0,18097344.0,18138782.0,205729562624,18149898.0
2025-10-05 11:00:00+00:00,18193688.0,18195120.0,18124948.0,18148568.0,116548173824,18193688.0
2025-10-05 11:30:00+00:00,18211894.0,18212130.0,18155846.0,18193688.0,193926791168,18211894.0
2025-10-05 12:00:00+00:00,18161968.0,18188456.0,18136116.0,18171398.0,381847339008,18161968.0
2025-10-05 12:30:00+00:00,18162310.0,18170908.0,18109686.0,18157638.0,1222239059968,18162310.0
2025-10-05 13:00:00+00:00,18180888.0,18180888.0,18130942.0,18162310.0,16149118976,18180888.0
2025-10-05 13:30:00+00:00,18163440.0,18189722.0,18111884.0,18132876.0,225461665792,18163440.0
2025-10-05 14:00:00+00:00,18169668.0,18187702.0,18117898.0,18174332.0,87408246784,18169668.0
2025-10-05 14:30:00+00:00,18144658.0,18172744.0,18080586.0,18170246.0,367592996864,18144658.0
2025-10-05 15:00:00+00:00,18129738.0,18143308.0,18118788.0,18143308.0,106313023488,18129738.0
2025-10-05 15:30:00+00:00,18113574.0,18125960.0,18096746.0,18124898.0,10075766784,18113574.0
2025-10-05 16:00:00+00:00,18141222.0,18154112.0,18112196.0,18112392.0,102796099584,18141222.0
2025-10-05 16:30:00+00:00,18175584.0,18175584.0,18034702.0,18130476.0,318241767424,18175584.0
2025-10-05 17:00:00+00:00,18137870.0,18204216.0,18137870.0,18182490.0,224267337728,18137870.0
2025-10-05 17:30:00+00:00,18147030.0,18168932.0,18124184.0,18168932.0,65504542720,18147030.0
2025-10-05 18:00:00+00:00,18368060.0,18383514.0,18146194.0,18146194.0,297570140160,18368060.0
2025-10-05 18:30:00+00:00,18386678.0,18402106.0,18373372.0,18373372.0,424921792512,18386678.0
2025-10-05 19:00:00+00:00,18368582.0,18388022.0,18331482.0,18377428.0,201206005760,18368582.0
2025-10-05 19:30:00+00:00,18315882.0,18371954.0,18315882.0,18366572.0,257445330944,18315882.0
2025-10-05 20:00:00+00:00,18349812.0,18354496.0,18312042.0,18317660.0,184269406208,18349812.0
2025-10-05 20:30:00+00:00,18368248.0,18406706.0,18351212.0,18351212.0,215857758208,18368248.0
2025-10-05 21:00:00+00:00,18324978.0,18363606.0,18309390.0,18363606.0,176442834944,18324978.0
2025-10-05 21:30:00+00:00,18308722.0,18324826.0,18303100.0,18324826.0,16410214400,18308722.0
2025-10-05 22:00:00+00:00,18387934.0,18403496.0,18305708.0,18305708.0,223081398272,18387934.0
2025-10-05 22:30:00+00:00,18406126.0,18406126.0,18376810.0,18386902.0,330435657728,18406126.0
2025-10-05 23:00:00+00:00,18446730.0,18446730.0,18400552.0,18405112.0,111755132928,18446730.0
2025-10-05 23:30:00+00:00,18477894.0,18488098.0,18450490.0,18450490.0,225817133056,18477894.0
2025-10-06 00:00:00+00:00,18518666.0,18610594.0,18438978.0,18473978.0,524018515968,18518666.0
2025-10-06 00:30:00+00:00,18470620.0,18549258.0,18444506.0,18511802.0,312266981376,18470620.0
2025-10-06 01:00:00+00:00,18565850.0,18574670.0,18462702.0,18471524.0,242325913600,18565850.0
2025-10-06 01:30:00+00:00,18579126.0,18599814.0,18554376.0,18565048.0,158440882176,18579126.0
2025-10-06 02:00:00+00:00,18577810.0,18595090.0,18559724.0,18584738.0,195243802624,18577810.0
2025-10-06 02:30:00+00:00,18591548.0,18612252.0,18523570.0,18573114.0,258379612160,18591548.0
2025-10-06 03:00:00+00:00,18594624.0,18605852.0,18583216.0,18590664.0,121960923136,18594624.0
2025-10-06 03:30:00+00:00,18595820.0,18603428.0,18572924.0,18591866.0,104367915008,18595820.0
2025-10-06 04:00:00+00:00,18617006.0,18618050.0,18566876.0,18591994.0,0,18617006.0
2025-10-06 04:30:00+00:00,18589048.0,18619894.0,18583668.0,18614746.0,126533763072,18589048.0
2025-10-06 05:00:00+00:00,18584414.0,18588606.0,18546098.0,18588606.0,0,18584414.0
2025-10-06 05:30:00+00:00,18571970.0,18592130.0,18559588.0,18584414.0,133042274304,18571970.0
2025-10-06 06:00:00+00:00,18589972.0,18614956.0,18572050.0,18572706.0,88814387200,18589972.0
2025-10-06 06:30:00+00:00,18595762.0,18627666.0,18589118.0,18597454.0,144914251776,18595762.0
2025-10-06 07:00:00+00:00,18581084.0,18611662.0,18580676.0,18596026.0,112534749184,18581084.0
2025-10-06 07:30:00+00:00,18516642.0,18588842.0,18513956.0,18581518.0,67877994496,18516642.0
2025-10-06 08:00:00+00:00,18595698.0,18597196.0,18518310.0,18518310.0,221135241216,18595698.0
2025-10-06 08:30:00+00:00,18627896.0,18627896.0,18593550.0,18593550.0,66066579456,18627896.0
2025-10-06 09:00:00+00:00,18633110.0,18655638.0,18624996.0,18624996.0,234175332352,18633110.0
2025-10-06 09:30:00+00:00,18645828.0,18654704.0,18627550.0,18636242.0,0,18645828.0
2025-10-06 10:00:00+00:00,18663178.0,18663178.0,18639882.0,18646708.0,120942755840,18663178.0
2025-10-06 10:30:00+00:00,18643444.0,18666102.0,18643444.0,18665510.0,114211422208,18643444.0
2025-10-06 11:00:00+00:00,18656612.0,18656612.0,18622586.0,18640210.0,374587523072,18656612.0
2025-10-06 11:30:00+00:00,18687700.0,18712972.0,18652564.0,18652564.0,329162686464,18687700.0
2025-10-06 12:00:00+00:00,18674498.0,18694154.0,18643850.0,18686770.0,219949301760,18674498.0
2025-10-06 12:30:00+00:00,18657300.0,18674362.0,18633202.0,18674362.0,186189873152,18657300.0
2025-10-06 13:00:00+00:00,18729154.0,18729154.0,18659720.0,18661190.0,178467110912,18729154.0
2025-10-06 13:30:00+00:00,18738664.0,18738664.0,18658966.0,18729950.0,392698527744,18738664.0
2025-10-06 14:00:00+00:00,18739842.0,18776734.0,18699586.0,18741134.0,539998814208,18739842.0
2025-10-06 14:30:00+00:00,18673312.0,18767304.0,18673312.0,18744268.0,49171922944,18673312.0
2025-10-06 15:00:00+00:00,18787842.0,18813644.0,18672584.0,18679066.0,489236201472,18787842.0
2025-10-06 15:30:00+00:00,18782078.0,18797776.0,18767040.0,18787676.0,232310964224,18782078.0
2025-10-06 16:00:00+00:00,18765254.0,18769368.0,18733042.0,18769368.0,225993293824,18765254.0
2025-10-06 16:30:00+00:00,18826764.0,18826764.0,18752038.0,18752038.0,310272589824,18826764.0
2025-10-06 17:00:00+00:00,18870440.0,18887332.0,18819004.0,18825726.0,165424398336,18870440.0
2025-10-06 17:30:00+00:00,18837198.0,18879914.0,18802752.0,18872930.0,429623607296,18837198.0
2025-10-06 18:00:00+00:00,18810600.0,18837794.0,18797344.0,18837794.0,119974920192,18810600.0
2025-10-06 18:30:00+00:00,18962758.0,18962758.0,18812236.0,18812236.0,200275918848,18962758.0
2025-10-06 19:00:00+00:00,18901182.0,18965212.0,18858262.0,18965212.0,428778455040,18901182.0
2025-10-06 19:30:00+00:00,18855238.0,18903870.0,18834138.0,18894036.0,268328501248,18855238.0
2025-10-06 20:00:00+00:00,18805830.0,18869060.0,18805830.0,18854662.0,391503675392,18805830.0
2025-10-06 20:30:00+00:00,18832522.0,18841486.0,18805220.0,18805220.0,32407289856,18832522.0
2025-10-06 21:00:00+00:00,18772318.0,18833160.0,18738622.0,18828644.0,268256149504,18772318.0
2025-10-06 21:30:00+00:00,18766570.0,18783656.0,18743748.0,18776182.0,427325128704,18766570.0
2025-10-06 22:00:00+00:00,18823018.0,18823018.0,18818770.0,18818770.0,0,18823018.0
2025-10-06 22:30:00+00:00,18799528.0,18819078.0,18774514.0,18818884.0,316561948672,18799528.0
2025-10-06 23:00:00+00:00,18776330.0,18806646.0,18759424.0,18793510.0,134936002560,18776330.0
2025-10-06 23:30:00+00:00,18759684.0,18779078.0,18745128.0,18778466.0,14788067328,18759684.0
2025-10-07 00:00:00+00:00,18770360.0,18795562.0,18757906.0,18758190.0,92769615872,18770360.0
2025-10-07 00:30:00+00:00,18800164.0,18801570.0,18773892.0,18774044.0,0,18800164.0
2025-10-07 01:00:00+00:00,18754608.0,18829210.0,18736706.0,18800536.0,271616835584,18754608.0
2025-10-07 01:30:00+00:00,18770066.0,18780076.0,18745144.0,18765574.0,314621034496,18770066.0
2025-10-07 02:00:00+00:00,18748548.0,18771932.0,18711774.0,18769300.0,323693314048,18748548.0
2025-10-07 02:30:00+00:00,18720302.0,18748600.0,18720302.0,18746368.0,11304697856,18720302.0
2025-10-07 03:00:00+00:00,18685040.0,18737532.0,18679386.0,18721458.0,148491993088,18685040.0
2025-10-07 03:30:00+00:00,18701284.0,18703712.0,18681238.0,18686344.0,191419645952,18701284.0
2025-10-07 04:00:00+00:00,18706268.0,18707232.0,18664248.0,18699680.0,152632819712,18706268.0
2025-10-07 04:30:00+00:00,18738688.0,18748950.0,18704206.0,18704206.0,37731958784,18738688.0
2025-10-07 05:00:00+00:00,18750020.0,18750020.0,18710050.0,18739522.0,258240151552,18750020.0
2025-10-07 05:30:00+00:00,18718030.0,18753480.0,18717766.0,18737284.0,199423426560,18718030.0
2025-10-07 06:00:00+00:00,18691668.0,18748166.0,18691668.0,18722522.0,57172557824,18691668.0
2025-10-07 06:30:00+00:00,18672910.0,18696186.0,18664186.0,18696186.0,85242937344,18672910.0
2025-10-07 07:00:00+00:00,18639790.0,18687600.0,18636810.0,18674124.0,305746935808,18639790.0
2025-10-07 07:30:00+00:00,18633630.0,18653608.0,18622904.0,18648938.0,243760365568,18633630.0
2025-10-07 08:00:00+00:00,18639558.0,18645542.0,18597526.0,18634676.0,243417481216,18639558.0
2025-10-07 08:30:00+00:00,18692478.0,18704972.0,18613966.0,18640454.0,116093091840,18692478.0
2025-10-07 09:00:00+00:00,18720992.0,18730558.0,18686572.0,18686572.0,195931668480,18720992.0
2025-10-07 09:30:00+00:00,18731736.0,18739452.0,18715472.0,18719814.0,280864227328,18731736.0
2025-10-07 10:00:00+00:00,18745274.0,18756414.0,18710132.0,18728536.0,104100528128,18745274.0
2025-10-07 10:30:00+00:00,18751724.0,18755110.0,18739088.0,18740646.0,635018674176,18751724.0
2025-10-07 11:00:00+00:00,18774536.0,18774536.0,18745816.0,18750150.0,359223263232,18774536.0
2025-10-07 11:30:00+00:00,18788666.0,18800554.0,18763446.0,18777284.0,2609905664,18788666.0
2025-10-07 12:00:00+00:00,18787500.0,18800562.0,18784724.0,18790994.0,122897301504,18787500.0
2025-10-07 12:30:00+00:00,18856670.0,18880356.0,18785960.0,18790330.0,47981789184,18856670.0
2025-10-07 13:00:00+00:00,18821660.0,18854482.0,18807688.0,18854482.0,164866555904,18821660.0
2025-10-07 13:30:00+00:00,18711764.0,18825756.0,18644102.0,18819378.0,321032028160,18711764.0
2025-10-07 14:00:00+00:00,18578638.0,18717256.0,18552334.0,18712960.0,171981144064,18578638.0
2025-10-07 14:30:00+00:00,18565374.0,18595532.0,18545322.0,18584674.0,247207034880,18565374.0
2025-10-07 15:00:00+00:00,18464596.0,18568896.0,18425168.0,18564112.0,499764953088,18464596.0
2025-10-07 15:30:00+00:00,18413192.0,18456140.0,18345516.0,18456140.0,524982157312,18413192.0
2025-10-07 16:00:00+00:00,18333200.0,18423454.0,18301686.0,18423418.0,464884072448,18333200.0
2025-10-07 16:30:00+00:00,18415910.0,18470106.0,18339490.0,18339490.0,555029102592,18415910.0
2025-10-07 17:00:00+00:00,18372170.0,18432706.0,18372170.0,18424836.0,166375456768,18372170.0
2025-10-07 17:30:00+00:00,18370586.0,18416062.0,18361546.0,18377662.0,278922264576,18370586.0
2025-10-07 18:00:00+00:00,18329790.0,18394260.0,18327692.0,18368226.0,233507389440,18329790.0
2025-10-07 18:30:00+00:00,18365232.0,18374408.0,18318832.0,18318832.0,480200622080,18365232.0
2025-10-07 19:00:00+00:00,18429744.0,18457130.0,18361518.0,18363490.0,193204322304,18429744.0
2025-10-07 19:30:00+00:00,18489422.0,18535974.0,18423466.0,18423466.0,47780462592,18489422.0
2025-10-07 20:00:00+00:00,18567808.0,18577118.0,18493746.0,18493746.0,182635724800,18567808.0
2025-10-07 20:30:00+00:00,18554444.0,18577566.0,18554444.0,18575518.0,414615339008,18554444.0
2025-10-07 21:00:00+00:00,18572608.0,18572608.0,18522972.0,18530916.0,32052871168,18572608.0
2025-10-07 21:30:00+00:00,18523770.0,18578296.0,18510856.0,18578296.0,252045164544,18523770.0
2025-10-07 22:00:00+00:00,18529164.0,18549748.0,18499190.0,18533278.0,323572727808,18529164.0
2025-10-07 22:30:00+00:00,18531366.0,18543804.0,18513640.0,18523928.0,167255212032,18531366.0
2025-10-07 23:00:00+00:00,18495398.0,18531052.0,18495398.0,18529128.0,171610996736,18495398.0
2025-10-07 23:30:00+00:00,18468476.0,18501454.0,18461680.0,18496160.0,82285953024,18468476.0
2025-10-08 00:00:00+00:00,18541892.0,18555808.0,18460342.0,18460342.0,537868107776,18541892.0
2025-10-08 00:30:00+00:00,18582276.0,18595112.0,18486728.0,18533548.0,558819704832,18582276.0
2025-10-08 01:00:00+00:00,18609730.0,18609730.0,18542214.0,18590580.0,448104759296,18609730.0
2025-10-08 01:30:00+00:00,18613160.0,18614002.0,18568436.0,18605788.0,46756003840,18613160.0
2025-10-08 02:00:00+00:00,18648458.0,18648458.0,18600420.0,18620408.0,51730448384,18648458.0
2025-10-08 02:30:00+00:00,18620438.0,18644356.0,18586456.0,18644356.0,219023409152,18620438.0
2025-10-08 03:00:00+00:00,18538928.0,18619492.0,18532288.0,18619492.0,7465861120,18538928.0
2025-10-08 03:30:00+00:00,18504932.0,18535768.0,18497974.0,18533874.0,179405062144,18504932.0
2025-10-08 04:00:00+00:00,18520824.0,18546692.0,18485028.0,18505796.0,284950528000,18520824.0
2025-10-08 04:30:00+00:00,18579878.0,18579878.0,18533088.0,18537924.0,307227525120,18579878.0
2025-10-08 05:00:00+00:00,18483528.0,18578692.0,18483528.0,18578692.0,193817739264,18483528.0
2025-10-08 05:30:00+00:00,18492272.0,18515130.0,18474134.0,18483578.0,240825401344,18492272.0
2025-10-08 06:00:00+00:00,18510482.0,18526608.0,18444258.0,18491016.0,335132229632,18510482.0
2025-10-08 06:30:00+00:00,18559948.0,18566754.0,18512216.0,18517752.0,0,18559948.0
2025-10-08 07:00:00+00:00,18542600.0,18576236.0,18537792.0,18568016.0,236165529600,18542600.0
2025-10-08 07:30:00+00:00,18538064.0,18541048.0,18502548.0,18541048.0,184687788032,18538064.0
2025-10-08 08:00:00+00:00,18583626.0,18594088.0,18536664.0,18541794.0,4715446272,18583626.0
2025-10-08 08:30:00+00:00,18701286.0,18741470.0,18579778.0,18582968.0,447422136320,18701286.0
2025-10-08 09:00:00+00:00,18739330.0,18740430.0,18704526.0,18704526.0,156741140480,18739330.0
2025-10-08 09:30:00+00:00,18743632.0,18745876.0,18721206.0,18739724.0,178746556416,18743632.0
2025-10-08 10:00:00+00:00,18747098.0,18783252.0,18737126.0,18744102.0,166652280832,18747098.0
2025-10-08 10:30:00+00:00,18786920.0,18817372.0,18748704.0,18749950.0,126176198656,18786920.0
2025-10-08 11:00:00+00:00,18791438.0,18823606.0,18769984.0,18783128.0,266117054464,18791438.0
2025-10-08 11:30:00+00:00,18769344.0,18789632.0,18757300.0,18788568.0,206272724992,18769344.0
2025-10-08 12:00:00+00:00,18743880.0,18789866.0,18737232.0,18769102.0,396217024512,18743880.0
2025-10-08 12:30:00+00:00,18702854.0,18740278.0,18694322.0,18740278.0,114454167552,18702854.0
2025-10-08 13:00:00+00:00,18694828.0,18722094.0,18675748.0,18702948.0,98652127232,18694828.0
2025-10-08 13:30:00+00:00,18691984.0,18712636.0,18588512.0,18681624.0,147443417088,18691984.0
2025-10-08 14:00:00+00:00,18711262.0,18806772.0,18705224.0,18714166.0,67690823680,18711262.0
2025-10-08 14:30:00+00:00,18640004.0,18736378.0,18638550.0,18715480.0,11838423040,18640004.0
2025-10-08 15:00:00+00:00,18701296.0,18713868.0,18649510.0,18649510.0,214906699776,18701296.0
2025-10-08 15:30:00+00:00,18665026.0,18699134.0,18636798.0,18686654.0,0,18665026.0
2025-10-08 16:00:00+00:00,18742086.0,18770420.0,18660630.0,18664464.0,72040316928,18742086.0
2025-10-08 16:30:00+00:00,18808212.0,18808582.0,18727616.0,18743280.0,0,18808212.0
2025-10-08 17:00:00+00:00,18930410.0,18941108.0,18797336.0,18804264.0,100775493632,18930410.0
2025-10-08 17:30:00+00:00,18978062.0,18978610.0,18908272.0,18921840.0,72837234688,18978062.0
2025-10-08 18:00:00+00:00,18906910.0,18977982.0,18906910.0,18977982.0,218308280320,18906910.0
2025-10-08 18:30:00+00:00,18878988.0,18905958.0,18862362.0,18901836.0,375982653440,18878988.0
2025-10-08 19:00:00+00:00,18883036.0,18883036.0,18823272.0,18854954.0,145003380736,18883036.0
2025-10-08 19:30:00+00:00,18859368.0,18898854.0,18853704.0,18881136.0,10594811904,18859368.0
2025-10-08 20:00:00+00:00,18882592.0,18889592.0,18840552.0,18862708.0,137731506176,18882592.0
2025-10-08 20:30:00+00:00,18800346.0,18877168.0,18800346.0,18877168.0,196794646528,18800346.0
2025-10-08 21:00:00+00:00,18827058.0,18831082.0,18766226.0,18789394.0,299679875072,18827058.0
2025-10-08 21:30:00+00:00,18815456.0,18828394.0,18814836.0,18825272.0,134196756480,18815456.0
2025-10-08 22:00:00+00:00,18822858.0,18845532.0,18818706.0,18818706.0,136316977152,18822858.0
2025-10-08 22:30:00+00:00,18808960.0,18830158.0,18805522.0,18822002.0,141938393088,18808960.0
2025-10-08 23:00:00+00:00,18857882.0,18857882.0,18775718.0,18807576.0,181475999744,18857882.0
2025-10-08 23:30:00+00:00,18837686.0,18862170.0,18823994.0,18856074.0,479812648960,18837686.0
2025-10-09 00:00:00+00:00,18790606.0,18838528.0,18782538.0,18832110.0,137151643648,18790606.0
2025-10-09 00:30:00+00:00,18778684.0,18789176.0,18749322.0,18789176.0,5966397440,18778684.0
2025-10-09 01:00:00+00:00,18700666.0,18784824.0,18700666.0,18784824.0,91218771968,18700666.0
2025-10-09 01:30:00+00:00,18696702.0,18697214.0,18660738.0,18688226.0,416554156032,18696702.0
2025-10-09 02:00:00+00:00,18623534.0,18697458.0,18623534.0,18697458.0,41556115456,18623534.0
2025-10-09 02:30:00+00:00,18542250.0,18627968.0,18534494.0,18618876.0,245430747136,18542250.0
2025-10-09 03:00:00+00:00,18608748.0,18628990.0,18547764.0,18547764.0,202921476096,18608748.0
2025-10-09 03:30:00+00:00,18616664.0,18619390.0,18597078.0,18611844.0,126922784768,18616664.0
2025-10-09 04:00:00+00:00,18655330.0,18655336.0,18604268.0,18616430.0,133821366272,18655330.0
2025-10-09 04:30:00+00:00,18623030.0,18656852.0,18618650.0,18656852.0,130043346944,18623030.0
2025-10-09 05:00:00+00:00,18604768.0,18636994.0,18595650.0,18623190.0,126706778112,18604768.0
2025-10-09 05:30:00+00:00,18639958.0,18639958.0,18605300.0,18611106.0,152072880128,18639958.0
2025-10-09 06:00:00+00:00,18685728.0,18685728.0,18635144.0,18639958.0,155428323328,18685728.0
2025-10-09 06:30:00+00:00,18662696.0,18706648.0,18662696.0,18683538.0,160538034176,18662696.0
2025-10-09 07:00:00+00:00,18654200.0,18677434.0,18654200.0,18663294.0,150312321024,18654200.0
2025-10-09 07:30:00+00:00,18666794.0,18681428.0,18645866.0,18654058.0,152021499904,18666794.0
2025-10-09 08:00:00+00:00,18567716.0,18673316.0,18567716.0,18664646.0,277825454080,18567716.0
2025-10-09 08:30:00+00:00,18536166.0,18619164.0,18524486.0,18563934.0,17391681536,18536166.0
2025-10-09 09:00:00+00:00,18589700.0,18594574.0,18532006.0,18539946.0,156027060224,18589700.0
2025-10-09 09:30:00+00:00,18586468.0,18597508.0,18568122.0,18588958.0,274429116416,18586468.0
2025-10-09 10:00:00+00:00,18578468.0,18603206.0,18574500.0,18587772.0,170653646848,18578468.0
2025-10-09 10:30:00+00:00,18660500.0,18678960.0,18587660.0,18587660.0,15334375424,18660500.0
2025-10-09 11:00:00+00:00,18742206.0,18753332.0,18656786.0,18660500.0,328401420288,18742206.0
2025-10-09 11:30:00+00:00,18767076.0,18770970.0,18733330.0,18742976.0,186525941760,18767076.0
2025-10-09 12:00:00+00:00,18797884.0,18820064.0,18760552.0,18763200.0,191239290880,18797884.0
2025-10-09 12:30:00+00:00,18887510.0,18906184.0,18784074.0,18798290.0,322009300992,18887510.0
2025-10-09 13:00:00+00:00,18847758.0,18884666.0,18792924.0,18882318.0,283892514816,18847758.0
2025-10-09 13:30:00+00:00,18732332.0,18858886.0,18715056.0,18858886.0,305807753216,18732332.0
2025-10-09 14:00:00+00:00,18651518.0,18749386.0,18635426.0,18726948.0,270949941248,18651518.0
2025-10-09 14:30:00+00:00,18579744.0,18644910.0,18491226.0,18644910.0,343054221312,18579744.0
2025-10-09 15:00:00+00:00,18570148.0,18630666.0,18553284.0,18578422.0,314933510144,18570148.0
2025-10-09 15:30:00+00:00,18542518.0,18559902.0,18499870.0,18559902.0,435639287808,18542518.0
2025-10-09 16:00:00+00:00,18563872.0,18592024.0,18544826.0,18552236.0,313302974464,18563872.0
2025-10-09 16:30:00+00:00,18410924.0,18573852.0,18410924.0,18563176.0,473188794368,18410924.0
2025-10-09 17:00:00+00:00,18398388.0,18438432.0,18338368.0,18358640.0,492488884224,18398388.0
2025-10-09 17:30:00+00:00,18494116.0,18494116.0,18398312.0,18398976.0,255330353152,18494116.0
2025-10-09 18:00:00+00:00,18489728.0,18521284.0,18465726.0,18495566.0,276050214912,18489728.0
2025-10-09 18:30:00+00:00,18497400.0,18497400.0,18445656.0,18483736.0,164803641344,18497400.0
2025-10-09 19:00:00+00:00,18554484.0,18554484.0,18497400.0,18497400.0,94269079552,18554484.0
2025-10-09 19:30:00+00:00,18523632.0,18555520.0,18511684.0,18555142.0,196242046976,18523632.0
2025-10-09 20:00:00+00:00,18513810.0,18547426.0,18508840.0,18520982.0,166064029696,18513810.0
2025-10-09 20:30:00+00:00,18550834.0,18554292.0,18512436.0,18512436.0,150616408064,18550834.0
2025-10-09 21:00:00+00:00,18584778.0,18596822.0,18527548.0,18548706.0,238154678272,18584778.0
2025-10-09 21:30:00+00:00,18599056.0,18608616.0,18572778.0,18585570.0,175222292480,18599056.0
2025-10-09 22:00:00+00:00,18617166.0,18618594.0,18587562.0,18601662.0,188312715264,18617166.0
2025-10-09 22:30:00+00:00,18628544.0,18643188.0,18608952.0,18617794.0,199916257280,18628544.0
2025-10-09 23:00:00+00:00,18611004.0,18635302.0,18601136.0,18629796.0,258695233536,18611004.0
2025-10-09 23:30:00+00:00,18624470.0,18628192.0,18598716.0,18611526.0,164842438656,18624470.0
2025-10-10 00:00:00+00:00,18657414.0,18657414.0,18624760.0,18624760.0,17157849088,18657414.0
2025-10-10 00:30:00+00:00,18638934.0,18664412.0,18633098.0,18664148.0,191249776640,18638934.0
2025-10-10 01:00:00+00:00,18631124.0,18648552.0,18618314.0,18634432.0,129769668608,18631124.0
2025-10-10 01:30:00+00:00,18627574.0,18645506.0,18602518.0,18630638.0,436286259200,18627574.0
2025-10-10 02:00:00+00:00,18560244.0,18622316.0,18553000.0,18622316.0,617873408000,18560244.0
2025-10-10 02:30:00+00:00,18516886.0,18564632.0,18514434.0,18564632.0,127169200128,18516886.0
2025-10-10 03:00:00+00:00,18570422.0,18570422.0,18500224.0,18519648.0,306112888832,18570422.0
2025-10-10 03:30:00+00:00,18497116.0,18577732.0,18497116.0,18570340.0,215894458368,18497116.0
2025-10-10 04:00:00+00:00,18528160.0,18543692.0,18497586.0,18500910.0,47326429184,18528160.0
2025-10-10 04:30:00+00:00,18530256.0,18542534.0,18508920.0,18530602.0,315339309056,18530256.0
2025-10-10 05:00:00+00:00,18544906.0,18555994.0,18491490.0,18526748.0,26175602688,18544906.0
2025-10-10 05:30:00+00:00,18589800.0,18589800.0,18529518.0,18550130.0,88149590016,18589800.0
2025-10-10 06:00:00+00:00,18593050.0,18615422.0,18586292.0,18586292.0,192479756288,18593050.0
2025-10-10 06:30:00+00:00,18531262.0,18598888.0,18513360.0,18588490.0,254793482240,18531262.0
2025-10-10 07:00:00+00:00,18555372.0,18558114.0,18505080.0,18520648.0,93363109888,18555372.0
2025-10-10 07:30:00+00:00,18496472.0,18557642.0,18496472.0,18557392.0,367986212864,18496472.0
2025-10-10 08:00:00+00:00,18523086.0,18529550.0,18490708.0,18501914.0,50006589440,18523086.0
2025-10-10 08:30:00+00:00,18573468.0,18573468.0,18518624.0,18520106.0,114978455552,18573468.0
2025-10-10 09:00:00+00:00,18602628.0,18608774.0,18558844.0,18572126.0,17400070144,18602628.0
2025-10-10 09:30:00+00:00,18549992.0,18611580.0,18544504.0,18607406.0,183204052992,18549992.0
2025-10-10 10:00:00+00:00,18534746.0,18552462.0,18532140.0,18546640.0,21315452928,18534746.0
2025-10-10 10:30:00+00:00,18561020.0,18563748.0,18524120.0,18534640.0,141336510464,18561020.0
2025-10-10 11:00:00+00:00,18551280.0,18588550.0,18546012.0,18562718.0,135964655616,18551280.0
2025-10-10 11:30:00+00:00,18563650.0,18572182.0,18543840.0,18551746.0,2415919104,18563650.0
2025-10-10 12:00:00+00:00,18551688.0,18574792.0,18539316.0,18562324.0,113798807552,18551688.0
2025-10-10 12:30:00+00:00,18555190.0,18559176.0,18534958.0,18552510.0,0,18555190.0
2025-10-10 13:00:00+00:00,18620920.0,18632778.0,18556094.0,18556094.0,32797360128,18620920.0
2025-10-10 13:30:00+00:00,18573046.0,18699508.0,18540076.0,18622584.0,456964177920,18573046.0
2025-10-10 14:00:00+00:00,18514782.0,18628640.0,18501320.0,18584856.0,2031091712,18514782.0
2025-10-10 14:30:00+00:00,18490618.0,18537222.0,18490618.0,18512188.0,337915150336,18490618.0
2025-10-10 15:00:00+00:00,18159032.0,18488872.0,18106400.0,18488872.0,587271766016,18159032.0
2025-10-10 15:30:00+00:00,18094378.0,18150148.0,17986048.0,18126836.0,688193011712,18094378.0
2025-10-10 16:00:00+00:00,18135412.0,18135412.0,18046850.0,18089216.0,422680985600,18135412.0
2025-10-10 16:30:00+00:00,17976774.0,18157896.0,17976774.0,18139560.0,391430275072,17976774.0
2025-10-10 17:00:00+00:00,17946672.0,17982760.0,17873330.0,17974918.0,502948429824,17946672.0
2025-10-10 17:30:00+00:00,17873738.0,17955176.0,17867142.0,17955176.0,361886646272,17873738.0
2025-10-10 18:00:00+00:00,17880712.0,17887304.0,17851288.0,17881540.0,357367283712,17880712.0
2025-10-10 18:30:00+00:00,17797940.0,17866358.0,17794612.0,17866358.0,304490741760,17797940.0
2025-10-10 19:00:00+00:00,17673320.0,17804514.0,17635562.0,17797954.0,557320241152,17673320.0
2025-10-10 19:30:00+00:00,17703944.0,17753672.0,17595066.0,17654292.0,701565501440,17703944.0
2025-10-10 20:00:00+00:00,17764088.0,17764088.0,17687298.0,17704896.0,92034564096,17764088.0
2025-10-10 20:30:00+00:00,17314278.0,17763932.0,17241566.0,17763932.0,333985087488,17314278.0
2025-10-10 21:00:00+00:00,16491518.0,17403470.0,15868395.0,17274120.0,3538004475904,16491518.0
2025-10-10 21:30:00+00:00,17226838.0,17226838.0,16475602.0,16491518.0,2618410663936,17226838.0
2025-10-10 22:00:00+00:00,17023492.0,17234636.0,17023356.0,17234636.0,1566767579136,17023492.0
2025-10-10 22:30:00+00:00,17232168.0,17327288.0,17042728.0,17042728.0,1279281594368,17232168.0
2025-10-10 23:00:00+00:00,17227862.0,17235746.0,17108468.0,17224670.0,849707270144,17227862.0
2025-10-10 23:30:00+00:00,17120784.0,17366912.0,17096368.0,17230786.0,1217642102784,17120784.0
2025-10-11 00:00:00+00:00,16995590.0,17091686.0,16918048.0,17082100.0,734038851584,16995590.0
2025-10-11 00:30:00+00:00,17049154.0,17128666.0,16974872.0,16997612.0,622113849344,17049154.0
2025-10-11 01:00:00+00:00,16843056.0,17041368.0,16843056.0,17041368.0,768513933312,16843056.0
2025-10-11 01:30:00+00:00,16919924.0,16958910.0,16839456.0,16843056.0,987995570176,16919924.0
2025-10-11 02:00:00+00:00,17005274.0,17008110.0,16886264.0,16909290.0,672193839104,17005274.0
2025-10-11 02:30:00+00:00,17128744.0,17143344.0,16977556.0,16977556.0,745694822400,17128744.0
2025-10-11 03:00:00+00:00,16947636.0,17147322.0,16947636.0,17134150.0,506841792512,16947636.0
2025-10-11 03:30:00+00:00,16998172.0,16998172.0,16932374.0,16939374.0,387507552256,16998172.0
2025-10-11 04:00:00+00:00,17064984.0,17125690.0,16977476.0,16986526.0,487839498240,17064984.0
2025-10-11 04:30:00+00:00,17094046.0,17094240.0,16915974.0,17062968.0,642810642432,17094046.0
2025-10-11 05:00:00+00:00,16966984.0,17149236.0,16962798.0,17094242.0,1020696461312,16966984.0
2025-10-11 05:30:00+00:00,17023676.0,17030618.0,16959372.0,16959372.0,534228500480,17023676.0
2025-10-11 06:00:00+00:00,17062172.0,17062172.0,16975826.0,17021522.0,222319083520,17062172.0
2025-10-11 06:30:00+00:00,16958810.0,17062172.0,16958810.0,17062172.0,174824882176,16958810.0
2025-10-11 07:00:00+00:00,16797414.0,16966034.0,16793370.0,16966034.0,878845100032,16797414.0
2025-10-11 07:30:00+00:00,16679937.0,16797790.0,16679937.0,16773978.0,477527801856,16679937.0
2025-10-11 08:00:00+00:00,16785216.0,16856400.0,16679845.0,16699641.0,468113686528,16785216.0
2025-10-11 08:30:00+00:00,16862826.0,16872008.0,16767147.0,16798460.0,396403671040,16862826.0
2025-10-11 09:00:00+00:00,16902894.0,16923086.0,16845278.0,16862826.0,435091931136,16902894.0
2025-10-11 09:30:00+00:00,16903582.0,16924728.0,16887738.0,16909822.0,578493087744,16903582.0
2025-10-11 10:00:00+00:00,16962124.0,16964414.0,16902216.0,16902216.0,332608307200,16962124.0
2025-10-11 10:30:00+00:00,16966912.0,16989504.0,16952516.0,16977858.0,638276599808,16966912.0
2025-10-11 11:00:00+00:00,16991326.0,16991326.0,16905498.0,16965716.0,517270929408,16991326.0
2025-10-11 11:30:00+00:00,16987014.0,17000510.0,16973470.0,16996278.0,408672010240,16987014.0
2025-10-11 12:00:00+00:00,17010714.0,17010714.0,16958746.0,16992668.0,409305350144,17010714.0
2025-10-11 12:30:00+00:00,17001932.0,17020206.0,16978760.0,17009554.0,771512860672,17001932.0
2025-10-11 13:00:00+00:00,16999210.0,17027224.0,16985050.0,17001932.0,161539424256,16999210.0
2025-10-11 13:30:00+00:00,16988120.0,17001618.0,16941250.0,16999210.0,157808590848,16988120.0
2025-10-11 14:00:00+00:00,16954252.0,17002722.0,16947642.0,16995750.0,97534345216,16954252.0
2025-10-11 14:30:00+00:00,16942580.0,16974146.0,16940036.0,16955886.0,292017930240,16942580.0
2025-10-11 15:00:00+00:00,16983230.0,17005086.0,16942580.0,16942580.0,13589544960,16983230.0
2025-10-11 15:30:00+00:00,16930104.0,16988090.0,16930104.0,16986820.0,0,16930104.0
2025-10-11 16:00:00+00:00,16938510.0,16964236.0,16925068.0,16925068.0,22223519744,16938510.0
2025-10-11 16:30:00+00:00,16930800.0,16937764.0,16874496.0,16937764.0,156200075264,16930800.0
2025-10-11 17:00:00+00:00,16968442.0,16976952.0,16913368.0,16924988.0,0,16968442.0
2025-10-11 17:30:00+00:00,16941914.0,16974824.0,16934312.0,16968386.0,394688200704,16941914.0
2025-10-11 18:00:00+00:00,16940214.0,16954698.0,16932008.0,16950772.0,251071037440,16940214.0
2025-10-11 18:30:00+00:00,16943906.0,16950864.0,16930890.0,16937744.0,133628428288,16943906.0
2025-10-11 19:00:00+00:00,16853730.0,16952258.0,16812470.0,16946306.0,0,16853730.0
2025-10-11 19:30:00+00:00,16822316.0,16866614.0,16791720.0,16866614.0,115163004928,16822316.0
2025-10-11 20:00:00+00:00,16740855.0,16847628.0,16740787.0,16816806.0,787923075072,16740855.0
2025-10-11 20:30:00+00:00,16693766.0,16768549.0,16624260.0,16723790.0,150973972480,16693766.0
2025-10-11 21:00:00+00:00,16773459.0,16773459.0,16603898.0,16693766.0,119382474752,16773459.0
2025-10-11 21:30:00+00:00,16791112.0,16809796.0,16747435.0,16774277.0,182431252480,16791112.0
2025-10-11 22:00:00+00:00,16783904.0,16820706.0,16759542.0,16789504.0,12618563584,16783904.0
2025-10-11 22:30:00+00:00,16818996.0,16842220.0,16795272.0,16797784.0,90611646464,16818996.0
2025-10-11 23:00:00+00:00,16792478.0,16810496.0,16760821.0,16807630.0,4531945472,16792478.0
2025-10-11 23:30:00+00:00,16755247.0,16798928.0,16746157.0,16792478.0,78145126400,16755247.0
2025-10-12 00:00:00+00:00,16643528.0,16754147.0,16643528.0,16754147.0,140368674816,16643528.0
2025-10-12 00:30:00+00:00,16595111.0,16702517.0,16595111.0,16631232.0,166644940800,16595111.0
2025-10-12 01:00:00+00:00,16623366.0,16663361.0,16592440.0,16592440.0,214853222400,16623366.0
2025-10-12 01:30:00+00:00,16635131.0,16683277.0,16628078.0,16637421.0,260322623488,16635131.0
2025-10-12 02:00:00+00:00,16721562.0,16721562.0,16628943.0,16628943.0,94085578752,16721562.0
2025-10-12 02:30:00+00:00,16629510.0,16733103.0,16590657.0,16719454.0,140570001408,16629510.0
2025-10-12 03:00:00+00:00,16804650.0,16834254.0,16651907.0,16651907.0,246676455424,16804650.0
2025-10-12 03:30:00+00:00,16748598.0,16825328.0,16747962.0,16804650.0,262590693376,16748598.0
2025-10-12 04:00:00+00:00,16818724.0,16828252.0,16748610.0,16749549.0,139082072064,16818724.0
2025-10-12 04:30:00+00:00,16867844.0,16931898.0,16818724.0,16818724.0,317206822912,16867844.0
2025-10-12 05:00:00+00:00,16874506.0,16874506.0,16836122.0,16873714.0,193143504896,16874506.0
2025-10-12 05:30:00+00:00,16908334.0,16908628.0,16867754.0,16875072.0,4302307328,16908334.0
2025-10-12 06:00:00+00:00,16934364.0,16955034.0,16897864.0,16906102.0,95858720768,16934364.0
2025-10-12 06:30:00+00:00,16914916.0,16934536.0,16901980.0,16934364.0,150066954240,16914916.0
2025-10-12 07:00:00+00:00,16896046.0,16935990.0,16886416.0,16909216.0,48825892864,16896046.0
2025-10-12 07:30:00+00:00,16878272.0,16897352.0,16874728.0,16893702.0,71721549824,16878272.0
2025-10-12 08:00:00+00:00,16914502.0,16914502.0,16874062.0,16878272.0,2728394752,16914502.0
2025-10-12 08:30:00+00:00,16847156.0,16908238.0,16847156.0,16908238.0,279552458752,16847156.0
2025-10-12 09:00:00+00:00,16839168.0,16855046.0,16821160.0,16847156.0,0,16839168.0
2025-10-12 09:30:00+00:00,16918440.0,16918440.0,16839446.0,16839446.0,367883452416,16918440.0
2025-10-12 10:00:00+00:00,16887624.0,16932748.0,16879906.0,16919728.0,282030243840,16887624.0
2025-10-12 10:30:00+00:00,16895388.0,16896502.0,16864828.0,16886840.0,160090292224,16895388.0
2025-10-12 11:00:00+00:00,16895014.0,16928816.0,16877664.0,16892448.0,147973996544,16895014.0
2025-10-12 11:30:00+00:00,16910138.0,16944294.0,16893056.0,16897892.0,193437106176,16910138.0
2025-10-12 12:00:00+00:00,16940340.0,16973138.0,16914254.0,16914254.0,129098579968,16940340.0
2025-10-12 12:30:00+00:00,16903800.0,16942750.0,16888466.0,16940340.0,390024134656,16903800.0
2025-10-12 13:00:00+00:00,16882050.0,16930246.0,16880618.0,16908528.0,432272310272,16882050.0
2025-10-12 13:30:00+00:00,16853624.0,16934544.0,16843918.0,16887530.0,426689691648,16853624.0
2025-10-12 14:00:00+00:00,16858576.0,16884958.0,16829406.0,16884958.0,184232706048,16858576.0
2025-10-12 14:30:00+00:00,16980214.0,17076082.0,16821372.0,16856002.0,562492866560,16980214.0
2025-10-12 15:00:00+00:00,17113180.0,17194910.0,16992196.0,16992196.0,900973199360,17113180.0
2025-10-12 15:30:00+00:00,17136842.0,17136842.0,17003958.0,17115792.0,443391410176,17136842.0
2025-10-12 16:00:00+00:00,17177442.0,17279556.0,17107442.0,17126322.0,612836048896,17177442.0
2025-10-12 16:30:00+00:00,17265038.0,17345492.0,17169786.0,17188070.0,504971132928,17265038.0
2025-10-12 17:00:00+00:00,17308748.0,17318414.0,17246932.0,17257324.0,216329617408,17308748.0
2025-10-12 17:30:00+00:00,17218974.0,17316838.0,17194922.0,17308748.0,549870108672,17218974.0
2025-10-12 18:00:00+00:00,17327250.0,17358578.0,17220008.0,17220008.0,315762933760,17327250.0
2025-10-12 18:30:00+00:00,17309290.0,17341646.0,17268248.0,17311050.0,159651987456,17309290.0
2025-10-12 19:00:00+00:00,17357268.0,17381098.0,17307828.0,17307828.0,142490992640,17357268.0
2025-10-12 19:30:00+00:00,17370838.0,17383964.0,17324030.0,17383964.0,126138449920,17370838.0
2025-10-12 20:00:00+00:00,17487464.0,17487464.0,17374978.0,17375606.0,240999464960,17487464.0
2025-10-12 20:30:00+00:00,17470240.0,17532550.0,17468550.0,17496004.0,247857152000,17470240.0
2025-10-12 21:00:00+00:00,17455374.0,17552506.0,17443736.0,17483714.0,198181912576,17455374.0
2025-10-12 21:30:00+00:00,17459726.0,17470630.0,17395010.0,17470630.0,280814944256,17459726.0
2025-10-12 22:00:00+00:00,17546570.0,17603852.0,17454026.0,17454026.0,466266095616,17546570.0
2025-10-12 22:30:00+00:00,17529500.0,17564084.0,17516966.0,17539208.0,283562213376,17529500.0
2025-10-12 23:00:00+00:00,17511000.0,17536598.0,17449010.0,17536598.0,414464344064,17511000.0
2025-10-12 23:30:00+00:00,17512658.0,17527230.0,17475592.0,17520284.0,214649798656,17512658.0
2025-10-13 00:00:00+00:00,17555096.0,17616160.0,17480392.0,17512780.0,203878825984,17555096.0
2025-10-13 00:30:00+00:00,17529978.0,17552930.0,17489048.0,17552930.0,491539922944,17529978.0
2025-10-13 01:00:00+00:00,17582000.0,17582000.0,17506278.0,17519176.0,119560732672,17582000.0
2025-10-13 01:30:00+00:00,17601384.0,17601384.0,17576496.0,17581156.0,142740553728,17601384.0
2025-10-13 02:00:00+00:00,17519948.0,17601038.0,17496874.0,17601038.0,709012488192,17519948.0
2025-10-13 02:30:00+00:00,17540050.0,17563418.0,17522756.0,17525662.0,123222360064,17540050.0
2025-10-13 03:00:00+00:00,17524440.0,17573912.0,17515208.0,17543320.0,307384811520,17524440.0
2025-10-13 03:30:00+00:00,17458812.0,17521878.0,17443938.0,17520444.0,56532926464,17458812.0
2025-10-13 04:00:00+00:00,17427960.0,17484026.0,17427152.0,17477256.0,312401199104,17427960.0
2025-10-13 04:30:00+00:00,17432908.0,17472364.0,17408634.0,17432218.0,303386591232,17432908.0
2025-10-13 05:00:00+00:00,17422360.0,17439482.0,17410382.0,17439476.0,5437915136,17422360.0
2025-10-13 05:30:00+00:00,17416658.0,17430060.0,17401302.0,17430060.0,369692246016,17416658.0
2025-10-13 06:00:00+00:00,17473568.0,17481168.0,17397246.0,17420472.0,162677129216,17473568.0
2025-10-13 06:30:00+00:00,17520666.0,17524402.0,17464416.0,17483874.0,4163895296,17520666.0
2025-10-13 07:00:00+00:00,17606212.0,17606212.0,17507298.0,17519430.0,592765255680,17606212.0
2025-10-13 07:30:00+00:00,17581932.0,17603968.0,17543578.0,17603546.0,407629725696,17581932.0
2025-10-13 08:00:00+00:00,17565954.0,17583692.0,17559794.0,17583234.0,149637038080,17565954.0
2025-10-13 08:30:00+00:00,17560612.0,17593888.0,17558438.0,17583582.0,283103985664,17560612.0
2025-10-13 09:00:00+00:00,17506800.0,17558288.0,17492730.0,17555754.0,175950004224,17506800.0
2025-10-13 09:30:00+00:00,17538952.0,17544640.0,17507232.0,17509610.0,177410670592,17538952.0
2025-10-13 10:00:00+00:00,17507430.0,17533248.0,17497280.0,17533248.0,130934636544,17507430.0
2025-10-13 10:30:00+00:00,17490502.0,17504174.0,17479806.0,17504174.0,85376106496,17490502.0
2025-10-13 11:00:00+00:00,17352812.0,17490804.0,17352812.0,17490804.0,147913179136,17352812.0
2025-10-13 11:30:00+00:00,17387356.0,17410792.0,17333078.0,17338200.0,195996680192,17387356.0
2025-10-13 12:00:00+00:00,17395390.0,17411950.0,17353132.0,17386906.0,388333830144,17395390.0
2025-10-13 12:30:00+00:00,17426138.0,17464682.0,17404696.0,17407986.0,392760918016,17426138.0
2025-10-13 13:00:00+00:00,17419338.0,17468100.0,17406726.0,17424750.0,232944304128,17419338.0
2025-10-13 13:30:00+00:00,17545628.0,17584538.0,17418198.0,17418198.0,385193345024,17545628.0
2025-10-13 14:00:00+00:00,17437504.0,17575082.0,17437504.0,17567988.0,490158948352,17437504.0
2025-10-13 14:30:00+00:00,17378534.0,17496146.0,17366292.0,17436340.0,143641280512,17378534.0
2025-10-13 15:00:00+00:00,17417800.0,17456564.0,17387762.0,17392990.0,11925454848,17417800.0
2025-10-13 15:30:00+00:00,17433556.0,17472532.0,17403552.0,17416906.0,181335490560,17433556.0
2025-10-13 16:00:00+00:00,17458610.0,17523668.0,17418974.0,17418974.0,45874151424,17458610.0
2025-10-13 16:30:00+00:00,17484926.0,17490396.0,17431710.0,17451280.0,110235746304,17484926.0
2025-10-13 17:00:00+00:00,17456392.0,17524254.0,17450488.0,17483050.0,98897494016,17456392.0
2025-10-13 17:30:00+00:00,17467642.0,17468576.0,17410690.0,17456712.0,82627788800,17467642.0
2025-10-13 18:00:00+00:00,17565134.0,17569292.0,17484484.0,17513876.0,117591506944,17565134.0
2025-10-13 18:30:00+00:00,17542308.0,17570634.0,17529376.0,17564932.0,338914443264,17542308.0
2025-10-13 19:00:00+00:00,17620192.0,17634568.0,17545742.0,17550744.0,218442498048,17620192.0
2025-10-13 19:30:00+00:00,17651294.0,17665140.0,17606380.0,17620956.0,64358449152,17651294.0
2025-10-13 20:00:00+00:00,17616276.0,17663292.0,17616276.0,17657074.0,251541848064,17616276.0
2025-10-13 20:30:00+00:00,17622660.0,17624866.0,17602532.0,17611696.0,88282759168,17622660.0
2025-10-13 21:00:00+00:00,17627486.0,17636312.0,17608588.0,17622660.0,318218698752,17627486.0
2025-10-13 21:30:00+00:00,17625736.0,17628916.0,17614058.0,17626696.0,11537481728,17625736.0
2025-10-13 22:00:00+00:00,17632854.0,17650766.0,17627428.0,17628212.0,0,17632854.0
2025-10-13 22:30:00+00:00,17609038.0,17629694.0,17601524.0,17629694.0,102712213504,17609038.0
2025-10-13 23:00:00+00:00,17596066.0,17613198.0,17586600.0,17613198.0,425268871168,17596066.0
2025-10-13 23:30:00+00:00,17568526.0,17597966.0,17540168.0,17596354.0,457768435712,17568526.0
2025-10-14 00:00:00+00:00,17596568.0,17610472.0,17564746.0,17573110.0,206721515520,17596568.0
2025-10-14 00:30:00+00:00,17541304.0,17618782.0,17540500.0,17600490.0,14798553088,17541304.0
2025-10-14 01:00:00+00:00,17485264.0,17543134.0,17479580.0,17542274.0,448424574976,17485264.0
2025-10-14 01:30:00+00:00,17424172.0,17485800.0,17414066.0,17485800.0,141547274240,17424172.0
2025-10-14 02:00:00+00:00,17408346.0,17436524.0,17383956.0,17436524.0,112353869824,17408346.0
2025-10-14 02:30:00+00:00,17345876.0,17406188.0,17338852.0,17398390.0,71014809600,17345876.0
2025-10-14 03:00:00+00:00,17281346.0,17345364.0,17275678.0,17345364.0,695592812544,17281346.0
2025-10-14 03:30:00+00:00,17280720.0,17302918.0,17272372.0,17284366.0,293619105792,17280720.0
2025-10-14 04:00:00+00:00,17242514.0,17285748.0,17219994.0,17283570.0,40935358464,17242514.0
2025-10-14 04:30:00+00:00,17175620.0,17248744.0,17149834.0,17245802.0,265413459968,17175620.0
2025-10-14 05:00:00+00:00,17183858.0,17271932.0,17174432.0,17180192.0,414207442944,17183858.0
2025-10-14 05:30:00+00:00,17073182.0,17185724.0,17070668.0,17184588.0,257590034432,17073182.0
2025-10-14 06:00:00+00:00,17059806.0,17117600.0,17057820.0,17075366.0,529226792960,17059806.0
2025-10-14 06:30:00+00:00,17029708.0,17075258.0,16972766.0,17056020.0,544901955584,17029708.0
2025-10-14 07:00:00+00:00,17049566.0,17052254.0,16964414.0,17013272.0,234518216704,17049566.0
2025-10-14 07:30:00+00:00,16962176.0,17050616.0,16961870.0,17050616.0,73821847552,16962176.0
2025-10-14 08:00:00+00:00,17032614.0,17032614.0,16969272.0,16989568.0,476849373184,17032614.0
2025-10-14 08:30:00+00:00,17008328.0,17060828.0,17002260.0,17031164.0,174509260800,17008328.0
2025-10-14 09:00:00+00:00,17021304.0,17042346.0,17005166.0,17010874.0,113617403904,17021304.0
2025-10-14 09:30:00+00:00,16940014.0,17020054.0,16912350.0,17017308.0,427816910848,16940014.0
2025-10-14 10:00:00+00:00,16812910.0,16941392.0,16812910.0,16941392.0,647391870976,16812910.0
2025-10-14 10:30:00+00:00,16823122.0,16829818.0,16747988.0,16811750.0,294857474048,16823122.0
2025-10-14 11:00:00+00:00,16964950.0,16972890.0,16824886.0,16824886.0,107013472256,16964950.0
2025-10-14 11:30:00+00:00,16947804.0,16983274.0,16943782.0,16961316.0,271519318016,16947804.0
2025-10-14 12:00:00+00:00,16901396.0,16946574.0,16875264.0,16946388.0,42256564224,16901396.0
2025-10-14 12:30:00+00:00,16855648.0,16914842.0,16855648.0,16914842.0,231447986176,16855648.0
2025-10-14 13:00:00+00:00,16845476.0,16879950.0,16789300.0,16859848.0,110626865152,16845476.0
2025-10-14 13:30:00+00:00,16876216.0,16906284.0,16714325.0,16847116.0,528955211776,16876216.0
2025-10-14 14:00:00+00:00,17015386.0,17041368.0,16862896.0,16862896.0,402613338112,17015386.0
2025-10-14 14:30:00+00:00,16937624.0,17045436.0,16937624.0,17021798.0,490881417216,16937624.0
2025-10-14 15:00:00+00:00,16936024.0,16981752.0,16885518.0,16936690.0,664191107072,16936024.0
2025-10-14 15:30:00+00:00,17113066.0,17124950.0,16935796.0,16935796.0,337374085120,17113066.0
2025-10-14 16:00:00+00:00,17102568.0,17180356.0,17059900.0,17111158.0,244847738880,17102568.0
2025-10-14 16:30:00+00:00,17046718.0,17135752.0,17046718.0,17127364.0,526396686336,17046718.0
2025-10-14 17:00:00+00:00,17137452.0,17143536.0,16985098.0,17022562.0,601961267200,17137452.0
2025-10-14 17:30:00+00:00,17123898.0,17144602.0,17077326.0,17135352.0,296152465408,17123898.0
2025-10-14 18:00:00+00:00,17189840.0,17227514.0,17123286.0,17123322.0,205835468800,17189840.0
2025-10-14 18:30:00+00:00,17123992.0,17208874.0,17110542.0,17191914.0,385881210880,17123992.0
2025-10-14 19:00:00+00:00,17216240.0,17225310.0,17143104.0,17147092.0,143349776384,17216240.0
2025-10-14 19:30:00+00:00,17090968.0,17218166.0,17007948.0,17208012.0,315739865088,17090968.0
2025-10-14 20:00:00+00:00,17132174.0,17132174.0,17049920.0,17090996.0,170177593344,17132174.0
2025-10-14 20:30:00+00:00,17153410.0,17153410.0,17122358.0,17131936.0,240129146880,17153410.0
2025-10-14 21:00:00+00:00,17154208.0,17155346.0,17117148.0,17153606.0,170482728960,17154208.0
2025-10-14 21:30:00+00:00,17171218.0,17172596.0,17140344.0,17154208.0,164659986432,17171218.0
2025-10-14 22:00:00+00:00,17196112.0,17243858.0,17173142.0,17173142.0,92548366336,17196112.0
2025-10-14 22:30:00+00:00,17196324.0,17200018.0,17144554.0,17189052.0,305089478656,17196324.0
2025-10-14 23:00:00+00:00,17230914.0,17238814.0,17186294.0,17193780.0,110182268928,17230914.0
2025-10-14 23:30:00+00:00,17173106.0,17231460.0,17170662.0,17220372.0,195119022080,17173106.0
2025-10-15 00:00:00+00:00,17106484.0,17167626.0,17106484.0,17159842.0,165586927616,17106484.0
2025-10-15 00:30:00+00:00,17130078.0,17147792.0,17091014.0,17105280.0,484894048256,17130078.0
2025-10-15 01:00:00+00:00,17064960.0,17134344.0,17036476.0,17130328.0,298608230400,17064960.0
2025-10-15 01:30:00+00:00,17066090.0,17068982.0,17018102.0,17064804.0,40641757184,17066090.0
2025-10-15 02:00:00+00:00,17154174.0,17157556.0,17054806.0,17065660.0,192063471616,17154174.0
2025-10-15 02:30:00+00:00,17055544.0,17165592.0,17055544.0,17165592.0,555581702144,17055544.0
2025-10-15 03:00:00+00:00,16971978.0,17055920.0,16937788.0,17055920.0,185138675712,16971978.0
2025-10-15 03:30:00+00:00,16939994.0,16969288.0,16911454.0,16969288.0,198654820352,16939994.0
2025-10-15 04:00:00+00:00,16973116.0,16983344.0,16909316.0,16938372.0,394202710016,16973116.0
2025-10-15 04:30:00+00:00,17002868.0,17014256.0,16961226.0,16973176.0,323217260544,17002868.0
2025-10-15 05:00:00+00:00,16991480.0,17021222.0,16991480.0,17001244.0,172831539200,16991480.0
2025-10-15 05:30:00+00:00,17011546.0,17034696.0,16970116.0,16978296.0,65028489216,17011546.0
2025-10-15 06:00:00+00:00,16917292.0,17007924.0,16911202.0,17006716.0,21007171584,16917292.0
2025-10-15 06:30:00+00:00,16982868.0,17009158.0,16915512.0,16917894.0,702336204800,16982868.0
2025-10-15 07:00:00+00:00,17017110.0,17028684.0,16968038.0,16981998.0,347004207104,17017110.0
2025-10-15 07:30:00+00:00,17030446.0,17030446.0,16997928.0,17017398.0,0,17030446.0
2025-10-15 08:00:00+00:00,17099872.0,17132148.0,17032054.0,17032054.0,147251527680,17099872.0
2025-10-15 08:30:00+00:00,17099944.0,17168814.0,17090744.0,17143994.0,201376923648,17099944.0
2025-10-15 09:00:00+00:00,17058410.0,17121024.0,17049256.0,17084120.0,285237837824,17058410.0
2025-10-15 09:30:00+00:00,17033248.0,17070694.0,17032534.0,17056668.0,515692822528,17033248.0
2025-10-15 10:00:00+00:00,17036296.0,17070264.0,17017474.0,17042518.0,189967368192,17036296.0
2025-10-15 10:30:00+00:00,17000786.0,17043042.0,17000264.0,17032768.0,97390690304,17000786.0
2025-10-15 11:00:00+00:00,16984464.0,17058182.0,16951372.0,17004974.0,200582103040,16984464.0
2025-10-15 11:30:00+00:00,16968866.0,16986064.0,16960490.0,16977500.0,124470165504,16968866.0
2025-10-15 12:00:00+00:00,16944520.0,17000900.0,16944520.0,16961278.0,108071485440,16944520.0
2025-10-15 12:30:00+00:00,16949776.0,16958702.0,16906740.0,16906740.0,209376509952,16949776.0
2025-10-15 13:00:00+00:00,16919932.0,16947272.0,16919932.0,16947272.0,108571656192,16919932.0
2025-10-15 13:30:00+00:00,16886264.0,16980754.0,16804416.0,16912896.0,115061293056,16886264.0
2025-10-15 14:00:00+00:00,16946898.0,17007196.0,16882484.0,16882484.0,289562165248,16946898.0
2025-10-15 14:30:00+00:00,16824600.0,16954778.0,16791168.0,16946926.0,126149984256,16824600.0
2025-10-15 15:00:00+00:00,16843432.0,16861252.0,16761829.0,16831254.0,279813554176,16843432.0
2025-10-15 15:30:00+00:00,16761566.0,16833124.0,16704388.0,16822782.0,116808220672,16761566.0
2025-10-15 16:00:00+00:00,16803780.0,16804930.0,16761267.0,16762242.0,209922818048,16803780.0
2025-10-15 16:30:00+00:00,16757643.0,16804854.0,16741353.0,16797834.0,49416241152,16757643.0
2025-10-15 17:00:00+00:00,16708191.0,16746588.0,16671422.0,16746588.0,0,16708191.0
2025-10-15 17:30:00+00:00,16828538.0,16828538.0,16693483.0,16705908.0,230382632960,16828538.0
2025-10-15 18:00:00+00:00,16828854.0,16854056.0,16778160.0,16827980.0,2536505344,16828854.0
2025-10-15 18:30:00+00:00,16874040.0,16874040.0,16818048.0,16832854.0,190094245888,16874040.0
2025-10-15 19:00:00+00:00,16874616.0,16880012.0,16821770.0,16879886.0,127980797952,16874616.0
2025-10-15 19:30:00+00:00,16837720.0,16877218.0,16812650.0,16872726.0,40373321728,16837720.0
2025-10-15 20:00:00+00:00,16839688.0,16876982.0,16839688.0,16852474.0,146478727168,16839688.0
2025-10-15 20:30:00+00:00,16795602.0,16841900.0,16726724.0,16840830.0,170934665216,16795602.0
2025-10-15 21:00:00+00:00,16784438.0,16797538.0,16721312.0,16792824.0,330225942528,16784438.0
2025-10-15 21:30:00+00:00,16758465.0,16844614.0,16731028.0,16785882.0,259394633728,16758465.0
2025-10-15 22:00:00+00:00,16811318.0,16829348.0,16747718.0,16747718.0,168857436160,16811318.0
2025-10-15 22:30:00+00:00,16713157.0,16803844.0,16713157.0,16802192.0,118660005888,16713157.0
2025-10-15 23:00:00+00:00,16749774.0,16755763.0,16704840.0,16714652.0,155828879360,16749774.0
2025-10-15 23:30:00+00:00,16724398.0,16766882.0,16715762.0,16746813.0,756084113408,16724398.0
2025-10-16 00:00:00+00:00,16693622.0,16741640.0,16674848.0,16738925.0,325900566528,16693622.0
2025-10-16 00:30:00+00:00,16654266.0,16670325.0,16628887.0,16668075.0,95176097792,16654266.0
2025-10-16 01:00:00+00:00,16712049.0,16742948.0,16660529.0,16660529.0,359238991872,16712049.0
2025-10-16 01:30:00+00:00,16765273.0,16768214.0,16710521.0,16718864.0,24247271424,16765273.0
2025-10-16 02:00:00+00:00,16799100.0,16799100.0,16731159.0,16762214.0,173537230848,16799100.0
2025-10-16 02:30:00+00:00,16820560.0,16820882.0,16785438.0,16802450.0,91031076864,16820560.0
2025-10-16 03:00:00+00:00,16866414.0,16873236.0,16813680.0,16822314.0,63452479488,16866414.0
2025-10-16 03:30:00+00:00,16824354.0,16863320.0,16820238.0,16863320.0,162281816064,16824354.0
2025-10-16 04:00:00+00:00,16847506.0,16857680.0,16808476.0,16821998.0,130977628160,16847506.0
2025-10-16 04:30:00+00:00,16773529.0,16849732.0,16753284.0,16848264.0,10154409984,16773529.0
2025-10-16 05:00:00+00:00,16790924.0,16804126.0,16771299.0,16771299.0,16173236224,16790924.0
2025-10-16 05:30:00+00:00,16765173.0,16843518.0,16739092.0,16805238.0,649290842112,16765173.0
2025-10-16 06:00:00+00:00,16812306.0,16812306.0,16763094.0,16763156.0,149389574144,16812306.0
2025-10-16 06:30:00+00:00,16889610.0,16895678.0,16822680.0,16822680.0,286030561280,16889610.0
2025-10-16 07:00:00+00:00,16747918.0,16902872.0,16740752.0,16896008.0,348798320640,16747918.0
2025-10-16 07:30:00+00:00,16736552.0,16755929.0,16734967.0,16748209.0,104623767552,16736552.0
2025-10-16 08:00:00+00:00,16710379.0,16739153.0,16698017.0,16736341.0,288099401728,16710379.0
2025-10-16 08:30:00+00:00,16763752.0,16770307.0,16713868.0,16713868.0,149141061632,16763752.0
2025-10-16 09:00:00+00:00,16771754.0,16790776.0,16760069.0,16767648.0,270291435520,16771754.0
2025-10-16 09:30:00+00:00,16831604.0,16884016.0,16605737.0,16771254.0,549340577792,16831604.0
2025-10-16 10:00:00+00:00,16844692.0,16890480.0,16801302.0,16819600.0,166844170240,16844692.0
2025-10-16 10:30:00+00:00,16861028.0,16875972.0,16833020.0,16843886.0,248687624192,16861028.0
2025-10-16 11:00:00+00:00,16831714.0,16871814.0,16831714.0,16855518.0,246746710016,16831714.0
2025-10-16 11:30:00+00:00,16855560.0,16855560.0,16810190.0,16830578.0,179711246336,16855560.0
2025-10-16 12:00:00+00:00,16850650.0,16934454.0,16839340.0,16857006.0,211371950080,16850650.0
2025-10-16 12:30:00+00:00,16864872.0,16882574.0,16832034.0,16842366.0,195986194432,16864872.0
2025-10-16 13:00:00+00:00,16785576.0,16871000.0,16779990.0,16871000.0,200906113024,16785576.0
2025-10-16 13:30:00+00:00,16764112.0,16850936.0,16756945.0,16803958.0,192763920384,16764112.0
2025-10-16 14:00:00+00:00,16637099.0,16762530.0,16589847.0,16759888.0,103989379072,16637099.0
2025-10-16 14:30:00+00:00,16701156.0,16811140.0,16648621.0,16648621.0,249713131520,16701156.0
2025-10-16 15:00:00+00:00,16589957.0,16705405.0,16589957.0,16675857.0,20480786432,16589957.0
2025-10-16 15:30:00+00:00,16366482.0,16616957.0,16366482.0,16580378.0,481068843008,16366482.0
2025-10-16 16:00:00+00:00,16291624.0,16402268.0,16261502.0,16358725.0,509560750080,16291624.0
2025-10-16 16:30:00+00:00,16409465.0,16409465.0,16195550.0,16292363.0,489815015424,16409465.0
2025-10-16 17:00:00+00:00,16375674.0,16427393.0,16311253.0,16411489.0,202933010432,16375674.0
2025-10-16 17:30:00+00:00,16296767.0,16384360.0,16280112.0,16378465.0,151844290560,16296767.0
2025-10-16 18:00:00+00:00,16209730.0,16291910.0,16201716.0,16291910.0,264025145344,16209730.0
2025-10-16 18:30:00+00:00,16322614.0,16340436.0,16236560.0,16243179.0,228938743808,16322614.0
2025-10-16 19:00:00+00:00,16223770.0,16347832.0,16211968.0,16329274.0,304994058240,16223770.0
2025-10-16 19:30:00+00:00,16286066.0,16321080.0,16204372.0,16236588.0,347080753152,16286066.0
2025-10-16 20:00:00+00:00,16222826.0,16296406.0,16222826.0,16277408.0,324291002368,16222826.0
2025-10-16 20:30:00+00:00,16201212.0,16243256.0,16175816.0,16243256.0,328059584512,16201212.0
2025-10-16 21:00:00+00:00,16259841.0,16272372.0,16198635.0,16212939.0,170554032128,16259841.0
2025-10-16 21:30:00+00:00,16312367.0,16315356.0,16263223.0,16263223.0,0,16312367.0
2025-10-16 22:00:00+00:00,16251126.0,16312956.0,16246624.0,16312956.0,360567537664,16251126.0
2025-10-16 22:30:00+00:00,16208860.0,16245976.0,16208860.0,16238673.0,316069117952,16208860.0
2025-10-16 23:00:00+00:00,16254385.0,16267301.0,16201794.0,16201924.0,134528106496,16254385.0
2025-10-16 23:30:00+00:00,16236077.0,16264642.0,16210571.0,16262858.0,205577519104,16236077.0
2025-10-17 00:00:00+00:00,16285432.0,16285432.0,16217531.0,16242518.0,173215318016,16285432.0
2025-10-17 00:30:00+00:00,16341763.0,16341763.0,16273322.0,16285380.0,284139978752,16341763.0
2025-10-17 01:00:00+00:00,16353287.0,16395417.0,16340864.0,16342822.0,116899446784,16353287.0
2025-10-17 01:30:00+00:00,16353115.0,16369467.0,16318498.0,16355033.0,215931158528,16353115.0
2025-10-17 02:00:00+00:00,16279824.0,16363577.0,16279824.0,16356221.0,98637447168,16279824.0
2025-10-17 02:30:00+00:00,16370814.0,16371995.0,16279662.0,16279662.0,391227899904,16370814.0
2025-10-17 03:00:00+00:00,16373316.0,16380421.0,16359695.0,16368927.0,163689005056,16373316.0
2025-10-17 03:30:00+00:00,16380535.0,16381720.0,16339601.0,16372128.0,298892394496,16380535.0
2025-10-17 04:00:00+00:00,16357906.0,16389173.0,16355801.0,16376250.0,334043807744,16357906.0
2025-10-17 04:30:00+00:00,16326434.0,16372262.0,16324088.0,16359630.0,41215328256,16326434.0
2025-10-17 05:00:00+00:00,16323343.0,16330039.0,16299301.0,16312594.0,284822601728,16323343.0
2025-10-17 05:30:00+00:00,16236730.0,16319513.0,16231440.0,16319513.0,54408511488,16236730.0
2025-10-17 06:00:00+00:00,16167968.0,16256633.0,16167968.0,16239540.0,231474200576,16167968.0
2025-10-17 06:30:00+00:00,15981895.0,16160538.0,15981895.0,16158011.0,509703356416,15981895.0
2025-10-17 07:00:00+00:00,15904933.0,15985092.0,15875089.0,15985092.0,370834145280,15904933.0
2025-10-17 07:30:00+00:00,15805260.0,15906601.0,15805260.0,15906601.0,547780296704,15805260.0
2025-10-17 08:00:00+00:00,15724286.0,15806799.0,15686178.0,15804268.0,694504390656,15724286.0
2025-10-17 08:30:00+00:00,15729864.0,15797385.0,15707397.0,15751221.0,490723082240,15729864.0
2025-10-17 09:00:00+00:00,15740182.0,15766310.0,15711259.0,15726205.0,333300367360,15740182.0
2025-10-17 09:30:00+00:00,15676142.0,15820703.0,15676142.0,15738016.0,174831173632,15676142.0
2025-10-17 10:00:00+00:00,15552493.0,15694511.0,15510865.0,15678386.0,389357240320,15552493.0
2025-10-17 10:30:00+00:00,15700954.0,15709460.0,15568657.0,15568657.0,637387407360,15700954.0
2025-10-17 11:00:00+00:00,15967275.0,15975971.0,15692112.0,15705787.0,589804077056,15967275.0
2025-10-17 11:30:00+00:00,15873177.0,15972069.0,15866164.0,15972069.0,449537114112,15873177.0
2025-10-17 12:00:00+00:00,15885532.0,15948345.0,15878396.0,15878595.0,411362656256,15885532.0
2025-10-17 12:30:00+00:00,15841714.0,15910393.0,15833887.0,15887068.0,221542088704,15841714.0
2025-10-17 13:00:00+00:00,15836257.0,15867155.0,15786417.0,15845273.0,266537533440,15836257.0
2025-10-17 13:30:00+00:00,15952147.0,15955032.0,15791411.0,15847429.0,751620325376,15952147.0
2025-10-17 14:00:00+00:00,15850414.0,15951321.0,15814413.0,15918249.0,173900038144,15850414.0
2025-10-17 14:30:00+00:00,15818280.0,15916522.0,15751076.0,15834570.0,317242474496,15818280.0
2025-10-17 15:00:00+00:00,15950023.0,15950023.0,15817794.0,15819321.0,148268646400,15950023.0
2025-10-17 15:30:00+00:00,16045297.0,16045297.0,15891255.0,15935916.0,208924573696,16045297.0
2025-10-17 16:00:00+00:00,16066780.0,16157768.0,16052685.0,16058678.0,358336167936,16066780.0
2025-10-17 16:30:00+00:00,16003915.0,16073266.0,15983389.0,16058443.0,69084381184,16003915.0
2025-10-17 17:00:00+00:00,15993369.0,16047742.0,15980103.0,16002730.0,36040605696,15993369.0
2025-10-17 17:30:00+00:00,16012816.0,16026520.0,15958745.0,15981358.0,30496784384,16012816.0
2025-10-17 18:00:00+00:00,16091788.0,16091788.0,16011548.0,16011548.0,72687288320,16091788.0
2025-10-17 18:30:00+00:00,16043472.0,16111257.0,16043472.0,16091452.0,297207332864,16043472.0
2025-10-17 19:00:00+00:00,16041945.0,16085498.0,16037618.0,16046286.0,130596995072,16041945.0
2025-10-17 19:30:00+00:00,16029417.0,16047580.0,16002123.0,16044149.0,149193490432,16029417.0
2025-10-17 20:00:00+00:00,16107572.0,16107572.0,16014728.0,16024905.0,127154520064,16107572.0
2025-10-17 20:30:00+00:00,16131529.0,16140705.0,16102286.0,16116827.0,0,16131529.0
2025-10-17 21:00:00+00:00,16179828.0,16183298.0,16125054.0,16126995.0,474492174336,16179828.0
2025-10-17 21:30:00+00:00,16179382.0,16183768.0,16156932.0,16183515.0,205494681600,16179382.0
2025-10-17 22:00:00+00:00,16142153.0,16181626.0,16129236.0,16171918.0,142048493568,16142153.0
2025-10-17 22:30:00+00:00,16121373.0,16142146.0,16104918.0,16142146.0,26349666304,16121373.0
2025-10-17 23:00:00+00:00,16083978.0,16121398.0,16079574.0,16121398.0,137768206336,16083978.0
2025-10-17 23:30:00+00:00,16032663.0,16081118.0,16032663.0,16081118.0,132109041664,16032663.0
2025-10-18 00:00:00+00:00,16070621.0,16095466.0,16023868.0,16036633.0,195356000256,16070621.0
2025-10-18 00:30:00+00:00,16095794.0,16095794.0,16063444.0,16075170.0,141276741632,16095794.0
2025-10-18 01:00:00+00:00,16152327.0,16152327.0,16091632.0,16091632.0,139362041856,16152327.0
2025-10-18 01:30:00+00:00,16140665.0,16164857.0,16127606.0,16158293.0,8157921280,16140665.0
2025-10-18 02:00:00+00:00,16114323.0,16164153.0,16099243.0,16149921.0,494400438272,16114323.0
2025-10-18 02:30:00+00:00,16056098.0,16128346.0,16047095.0,16126471.0,289300021248,16056098.0
2025-10-18 03:00:00+00:00,16116346.0,16116346.0,16060815.0,16060815.0,375682760704,16116346.0
2025-10-18 03:30:00+00:00,16133028.0,16138004.0,16114743.0,16116863.0,163572613120,16133028.0
2025-10-18 04:00:00+00:00,16078426.0,16135722.0,16052499.0,16131504.0,283081965568,16078426.0
2025-10-18 04:30:00+00:00,16046333.0,16077106.0,16038903.0,16077106.0,298837868544,16046333.0
2025-10-18 05:00:00+00:00,16065970.0,16067787.0,16044998.0,16044998.0,39917191168,16065970.0
2025-10-18 05:30:00+00:00,16094614.0,16094614.0,16050544.0,16065097.0,273221156864,16094614.0
2025-10-18 06:00:00+00:00,16101722.0,16111001.0,16084029.0,16099651.0,199686619136,16101722.0
2025-10-18 06:30:00+00:00,16106949.0,16110200.0,16085145.0,16100364.0,47243591680,16106949.0
2025-10-18 07:00:00+00:00,16135161.0,16188161.0,16102626.0,16102626.0,8586788864,16135161.0
2025-10-18 07:30:00+00:00,16072947.0,16166485.0,16072947.0,16137674.0,96413417472,16072947.0
2025-10-18 08:00:00+00:00,16082082.0,16114347.0,16070038.0,16075009.0,42037411840,16082082.0
2025-10-18 08:30:00+00:00,16089950.0,16095052.0,16073931.0,16084724.0,147654180864,16089950.0
2025-10-18 09:00:00+00:00,16098069.0,16098485.0,16073594.0,16081247.0,93969186816,16098069.0
2025-10-18 09:30:00+00:00,16109379.0,16113143.0,16085827.0,16101592.0,0,16109379.0
2025-10-18 10:00:00+00:00,16115414.0,16115414.0,16096688.0,16109335.0,0,16115414.0
2025-10-18 10:30:00+00:00,16101880.0,16141828.0,16093715.0,16115414.0,214897262592,16101880.0
2025-10-18 11:00:00+00:00,16108327.0,16113441.0,16087971.0,16109802.0,0,16108327.0
2025-10-18 11:30:00+00:00,16138449.0,16138449.0,16106823.0,16109102.0,182071590912,16138449.0
2025-10-18 12:00:00+00:00,16136002.0,16167162.0,16136002.0,16153783.0,154863140864,16136002.0
2025-10-18 12:30:00+00:00,16135510.0,16140706.0,16120271.0,16137010.0,397507821568,16135510.0
2025-10-18 13:00:00+00:00,16125426.0,16135452.0,16112907.0,16132917.0,67244130304,16125426.0
2025-10-18 13:30:00+00:00,16104713.0,16127970.0,16056125.0,16127970.0,45994737664,16104713.0
2025-10-18 14:00:00+00:00,16099645.0,16114942.0,16088403.0,16105522.0,0,16099645.0
2025-10-18 14:30:00+00:00,16122774.0,16127664.0,16105227.0,16105227.0,109581434880,16122774.0
2025-10-18 15:00:00+00:00,16121136.0,16141705.0,16121136.0,16121984.0,38045483008,16121136.0
2025-10-18 15:30:00+00:00,16112751.0,16121306.0,16097006.0,16121306.0,99087810560,16112751.0
2025-10-18 16:00:00+00:00,16095229.0,16125398.0,16083921.0,16112751.0,105526591488,16095229.0
2025-10-18 16:30:00+00:00,16070885.0,16095899.0,16049916.0,16094816.0,1031269253120,16070885.0
2025-10-18 17:00:00+00:00,16114632.0,16114632.0,16063293.0,16071215.0,512842268672,16114632.0
2025-10-18 17:30:00+00:00,16100048.0,16108918.0,16089243.0,16104312.0,75186569216,16100048.0
2025-10-18 18:00:00+00:00,16083929.0,16104242.0,16073871.0,16096625.0,327519043584,16083929.0
2025-10-18 18:30:00+00:00,16093574.0,16099354.0,16083917.0,16083917.0,123057733632,16093574.0
2025-10-18 19:00:00+00:00,16117690.0,16117690.0,16090540.0,16095922.0,0,16117690.0
2025-10-18 19:30:00+00:00,16125239.0,16261800.0,16110775.0,16113468.0,108813877248,16125239.0
2025-10-18 20:00:00+00:00,16152640.0,16159305.0,16120181.0,16126349.0,184671535104,16152640.0
2025-10-18 20:30:00+00:00,16130060.0,16162914.0,16130060.0,16153865.0,116345274368,16130060.0
2025-10-18 21:00:00+00:00,16130316.0,16130316.0,16094769.0,16125719.0,121170296832,16130316.0
2025-10-18 21:30:00+00:00,16144426.0,16147523.0,16129818.0,16134972.0,26764902400,16144426.0
2025-10-18 22:00:00+00:00,16156475.0,16162075.0,16138691.0,16153853.0,114282201088,16156475.0
2025-10-18 22:30:00+00:00,16137871.0,16156445.0,16134336.0,16156445.0,0,16137871.0
2025-10-18 23:00:00+00:00,16128645.0,16147727.0,16124405.0,16138036.0,247621746688,16128645.0
2025-10-18 23:30:00+00:00,16142132.0,16142132.0,16128410.0,16128410.0,0,16142132.0
2025-10-19 00:00:00+00:00,16135202.0,16153311.0,16129878.0,16145506.0,23325048832,16135202.0
2025-10-19 00:30:00+00:00,16102629.0,16147481.0,16082965.0,16147481.0,31327256576,16102629.0
2025-10-19 01:00:00+00:00,16112564.0,16114749.0,16085503.0,16103796.0,237966458880,16112564.0
2025-10-19 01:30:00+00:00,16118001.0,16119689.0,16102554.0,16112564.0,0,16118001.0
2025-10-19 02:00:00+00:00,16105116.0,16123445.0,16105116.0,16111462.0,14855700480,16105116.0
2025-10-19 02:30:00+00:00,16097188.0,16107335.0,16091363.0,16104505.0,0,16097188.0
2025-10-19 03:00:00+00:00,16134935.0,16138225.0,16090370.0,16096573.0,115478626304,16134935.0
2025-10-19 03:30:00+00:00,16156855.0,16166652.0,16133653.0,16133653.0,2686976000,16156855.0
2025-10-19 04:00:00+00:00,16125394.0,16161793.0,16121615.0,16160501.0,432733159424,16125394.0
2025-10-19 04:30:00+00:00,16130000.0,16145723.0,16130000.0,16137564.0,124015607808,16130000.0
2025-10-19 05:00:00+00:00,16109635.0,16144799.0,16109635.0,16127052.0,53843853312,16109635.0
2025-10-19 05:30:00+00:00,16098404.0,16124088.0,16091656.0,16109318.0,243922894848,16098404.0
2025-10-19 06:00:00+00:00,16090475.0,16107036.0,16087698.0,16102052.0,0,16090475.0
2025-10-19 06:30:00+00:00,16081074.0,16088623.0,16058230.0,16087762.0,198002606080,16081074.0
2025-10-19 07:00:00+00:00,16100124.0,16107016.0,16082323.0,16083718.0,209359732736,16100124.0
2025-10-19 07:30:00+00:00,16086449.0,16101780.0,16075964.0,16101780.0,155469742080,16086449.0
2025-10-19 08:00:00+00:00,16068681.0,16145032.0,16049775.0,16084918.0,150055944192,16068681.0
2025-10-19 08:30:00+00:00,16038898.0,16071850.0,16013904.0,16069473.0,117810397184,16038898.0
2025-10-19 09:00:00+00:00,15998846.0,16038898.0,15995780.0,16038898.0,246660202496,15998846.0
2025-10-19 09:30:00+00:00,16191147.0,16235490.0,15988282.0,15990538.0,588854067200,16191147.0
2025-10-19 10:00:00+00:00,16246409.0,16246409.0,16169222.0,16206705.0,189190897664,16246409.0
2025-10-19 10:30:00+00:00,16243333.0,16243333.0,16205789.0,16240037.0,181069152256,16243333.0
2025-10-19 11:00:00+00:00,16246267.0,16300198.0,16246267.0,16247565.0,141434552320,16246267.0
2025-10-19 11:30:00+00:00,16235011.0,16263914.0,16220293.0,16245714.0,216352686080,16235011.0
2025-10-19 12:00:00+00:00,16200396.0,16241719.0,16198033.0,16238342.0,189598793728,16200396.0
2025-10-19 12:30:00+00:00,16208280.0,16220695.0,16190266.0,16190266.0,299240521728,16208280.0
2025-10-19 13:00:00+00:00,16188130.0,16210908.0,16173382.0,16208280.0,227677306880,16188130.0
2025-10-19 13:30:00+00:00,16274692.0,16291357.0,16188130.0,16188130.0,63220219904,16274692.0
2025-10-19 14:00:00+00:00,16330676.0,16343150.0,16252313.0,16284722.0,124578693120,16330676.0
2025-10-19 14:30:00+00:00,16339988.0,16341350.0,16297845.0,16332495.0,411376287744,16339988.0
2025-10-19 15:00:00+00:00,16349873.0,16356291.0,16326563.0,16339988.0,183139041280,16349873.0
2025-10-19 15:30:00+00:00,16336213.0,16345983.0,16321820.0,16344628.0,276368457728,16336213.0
2025-10-19 16:00:00+00:00,16323657.0,16346992.0,16311797.0,16339937.0,124398862336,16323657.0
2025-10-19 16:30:00+00:00,16367278.0,16404094.0,16316019.0,16323938.0,279004577792,16367278.0
2025-10-19 17:00:00+00:00,16433626.0,16478427.0,16368705.0,16368705.0,171073601536,16433626.0
2025-10-19 17:30:00+00:00,16442019.0,16459406.0,16412042.0,16440536.0,103224967168,16442019.0
2025-10-19 18:00:00+00:00,16439357.0,16450650.0,16416639.0,16444058.0,205179060224,16439357.0
2025-10-19 18:30:00+00:00,16451567.0,16471241.0,16434352.0,16454356.0,307263176704,16451567.0
2025-10-19 19:00:00+00:00,16424712.0,16445629.0,16397516.0,16445629.0,68746215424,16424712.0
2025-10-19 19:30:00+00:00,16390015.0,16418677.0,16376251.0,16418677.0,277417033728,16390015.0
2025-10-19 20:00:00+00:00,16388511.0,16397584.0,16377641.0,16389803.0,107272470528,16388511.0
2025-10-19 20:30:00+00:00,16389348.0,16399727.0,16369849.0,16384069.0,53659303936,16389348.0
2025-10-19 21:00:00+00:00,16351760.0,16387537.0,16350428.0,16387516.0,20058210304,16351760.0
2025-10-19 21:30:00+00:00,16366636.0,16374323.0,16349430.0,16351533.0,188961783808,16366636.0
2025-10-19 22:00:00+00:00,16479016.0,16479016.0,16383999.0,16383999.0,134610419712,16479016.0
2025-10-19 22:30:00+00:00,16454518.0,16498967.0,16454518.0,16498967.0,281874006016,16454518.0
2025-10-19 23:00:00+00:00,16408515.0,16454965.0,16404822.0,16454965.0,129315110912,16408515.0
2025-10-19 23:30:00+00:00,16399982.0,16420845.0,16372038.0,16420845.0,86205530112,16399982.0
2025-10-20 00:00:00+00:00,16215212.0,16395677.0,16215212.0,16395677.0,177108680704,16215212.0
2025-10-20 00:30:00+00:00,16329816.0,16329816.0,16217635.0,16225338.0,280504041472,16329816.0
2025-10-20 01:00:00+00:00,16352251.0,16353516.0,16295538.0,16327299.0,125381378048,16352251.0
2025-10-20 01:30:00+00:00,16315181.0,16351682.0,16315181.0,16347313.0,127223201792,16315181.0
2025-10-20 02:00:00+00:00,16354737.0,16371646.0,16293987.0,16311434.0,397097304064,16354737.0
2025-10-20 02:30:00+00:00,16415600.0,16437978.0,16348764.0,16352728.0,243597312000,16415600.0
2025-10-20 03:00:00+00:00,16415358.0,16432714.0,16388610.0,16410430.0,396398952448,16415358.0
2025-10-20 03:30:00+00:00,16614297.0,16655606.0,16395841.0,16415105.0,407899209728,16614297.0
2025-10-20 04:00:00+00:00,16601033.0,16645232.0,16576096.0,16623306.0,402634309632,16601033.0
2025-10-20 04:30:00+00:00,16637671.0,16640404.0,16590811.0,16610262.0,224099041280,16637671.0
2025-10-20 05:00:00+00:00,16657418.0,16676491.0,16617325.0,16623574.0,199465369600,16657418.0
2025-10-20 05:30:00+00:00,16729451.0,16744393.0,16650755.0,16650755.0,310193422336,16729451.0
2025-10-20 06:00:00+00:00,16739939.0,16771443.0,16729305.0,16729305.0,275352387584,16739939.0
2025-10-20 06:30:00+00:00,16782752.0,16786502.0,16742129.0,16742129.0,275925434368,16782752.0
2025-10-20 07:00:00+00:00,16798584.0,16798584.0,16762030.0,16778384.0,117929148416,16798584.0
2025-10-20 07:30:00+00:00,16769814.0,16797290.0,16753007.0,16797290.0,271533998080,16769814.0
2025-10-20 08:00:00+00:00,16782596.0,16782596.0,16738754.0,16769482.0,98213822464,16782596.0
2025-10-20 08:30:00+00:00,16740079.0,16823588.0,16740079.0,16785260.0,187632189440,16740079.0
2025-10-20 09:00:00+00:00,16681504.0,16737250.0,16672736.0,16737250.0,159601655808,16681504.0
2025-10-20 09:30:00+00:00,16734206.0,16734206.0,16667332.0,16683839.0,89662685184,16734206.0
2025-10-20 10:00:00+00:00,16740366.0,16751581.0,16725827.0,16730631.0,83812679680,16740366.0
2025-10-20 10:30:00+00:00,16697261.0,16750936.0,16684719.0,16742861.0,146838388736,16697261.0
2025-10-20 11:00:00+00:00,16711145.0,16714821.0,16683741.0,16695287.0,34642853888,16711145.0
2025-10-20 11:30:00+00:00,16730019.0,16744668.0,16699214.0,16711322.0,163693723648,16730019.0
2025-10-20 12:00:00+00:00,16730798.0,16742207.0,16719786.0,16732476.0,177371873280,16730798.0
2025-10-20 12:30:00+00:00,16701005.0,16752139.0,16693864.0,16731160.0,183658610688,16701005.0
2025-10-20 13:00:00+00:00,16685284.0,16705102.0,16665326.0,16699464.0,208747888640,16685284.0
2025-10-20 13:30:00+00:00,16765124.0,16765124.0,16689479.0,16689479.0,250158776320,16765124.0
2025-10-20 14:00:00+00:00,16739733.0,16766408.0,16685884.0,16764548.0,571222261760,16739733.0
2025-10-20 14:30:00+00:00,16763282.0,16766620.0,16711125.0,16746659.0,171706417152,16763282.0
2025-10-20 15:00:00+00:00,16752952.0,16808140.0,16731453.0,16762112.0,223871500288,16752952.0
2025-10-20 15:30:00+00:00,16760723.0,16817992.0,16749156.0,16757189.0,152036179968,16760723.0
2025-10-20 16:00:00+00:00,16755735.0,16764587.0,16694247.0,16760638.0,479956828160,16755735.0
2025-10-20 16:30:00+00:00,16686359.0,16726527.0,16615265.0,16725954.0,249748258816,16686359.0
2025-10-20 17:00:00+00:00,16648456.0,16739113.0,16645239.0,16688458.0,1325914914816,16648456.0
2025-10-20 17:30:00+00:00,16632805.0,16656648.0,16581182.0,16647416.0,429085687808,16632805.0
2025-10-20 18:00:00+00:00,16659038.0,16670316.0,16631485.0,16634974.0,292340891648,16659038.0
2025-10-20 18:30:00+00:00,16716897.0,16718176.0,16679906.0,16684115.0,69517443072,16716897.0
2025-10-20 19:00:00+00:00,16702237.0,16730375.0,16665008.0,16722481.0,142747893760,16702237.0
2025-10-20 19:30:00+00:00,16708930.0,16723770.0,16694997.0,16703052.0,254535532544,16708930.0
2025-10-20 20:00:00+00:00,16739040.0,16755750.0,16685253.0,16705728.0,379499577344,16739040.0
2025-10-20 20:30:00+00:00,16746166.0,16751047.0,16724001.0,16731065.0,338889277440,16746166.0
2025-10-20 21:00:00+00:00,16715076.0,16764688.0,16705891.0,16743345.0,400540303360,16715076.0
2025-10-20 21:30:00+00:00,16662372.0,16714579.0,16655680.0,16713756.0,68769808384,16662372.0
2025-10-20 22:00:00+00:00,16684804.0,16700856.0,16648024.0,16662540.0,212504412160,16684804.0
2025-10-20 22:30:00+00:00,16710067.0,16717011.0,16684872.0,16687537.0,131736797184,16710067.0
2025-10-20 23:00:00+00:00,16702283.0,16712351.0,16669332.0,16705846.0,262734348288,16702283.0
2025-10-20 23:30:00+00:00,16674765.0,16701767.0,16670215.0,16698601.0,42808115200,16674765.0
2025-10-21 00:00:00+00:00,16630713.0,16679232.0,16598779.0,16679232.0,0,16630713.0
2025-10-21 00:30:00+00:00,16646440.0,16647869.0,16624837.0,16630033.0,201976709120,16646440.0
2025-10-21 01:00:00+00:00,16622660.0,16646801.0,16592885.0,16646801.0,187516846080,16622660.0
2025-10-21 01:30:00+00:00,16581973.0,16629513.0,16560874.0,16626596.0,168432762880,16581973.0
2025-10-21 02:00:00+00:00,16526884.0,16594415.0,16525800.0,16592873.0,97727283200,16526884.0
2025-10-21 02:30:00+00:00,16553208.0,16582916.0,16531900.0,16533247.0,300327895040,16553208.0
2025-10-21 03:00:00+00:00,16542343.0,16570470.0,16533718.0,16552514.0,170306568192,16542343.0
2025-10-21 03:30:00+00:00,16492066.0,16558156.0,16492066.0,16544215.0,353942634496,16492066.0
2025-10-21 04:00:00+00:00,16354683.0,16487639.0,16335011.0,16487639.0,292477206528,16354683.0
2025-10-21 04:30:00+00:00,16297855.0,16355765.0,16275823.0,16355765.0,183659134976,16297855.0
2025-10-21 05:00:00+00:00,16315597.0,16336799.0,16258909.0,16290463.0,264264220672,16315597.0
2025-10-21 05:30:00+00:00,16297137.0,16354008.0,16291703.0,16336399.0,291990667264,16297137.0
2025-10-21 06:00:00+00:00,16371563.0,16392643.0,16299703.0,16302694.0,423548157952,16371563.0
2025-10-21 06:30:00+00:00,16330366.0,16373727.0,16327884.0,16373727.0,235230199808,16330366.0
2025-10-21 07:00:00+00:00,16323028.0,16323381.0,16282774.0,16314213.0,155415740416,16323028.0
2025-10-21 07:30:00+00:00,16344396.0,16349053.0,16326396.0,16326396.0,123726725120,16344396.0
2025-10-21 08:00:00+00:00,16329363.0,16341327.0,16300298.0,16340340.0,234357784576,16329363.0
2025-10-21 08:30:00+00:00,16332764.0,16346368.0,16295117.0,16332108.0,63790120960,16332764.0
2025-10-21 09:00:00+00:00,16353086.0,16364588.0,16321321.0,16334377.0,140789153792,16353086.0
2025-10-21 09:30:00+00:00,16358870.0,16371120.0,16345933.0,16356820.0,130999648256,16358870.0
2025-10-21 10:00:00+00:00,16357177.0,16384603.0,16350100.0,16362560.0,203750899712,16357177.0
2025-10-21 10:30:00+00:00,16494621.0,16528554.0,16364681.0,16364973.0,283593670656,16494621.0
2025-10-21 11:00:00+00:00,16462898.0,16485993.0,16438096.0,16484048.0,96745816064,16462898.0
2025-10-21 11:30:00+00:00,16503735.0,16510551.0,16453543.0,16456282.0,122076266496,16503735.0
2025-10-21 12:00:00+00:00,16591405.0,16636266.0,16496018.0,16504252.0,189164158976,16591405.0
2025-10-21 12:30:00+00:00,16555399.0,16650780.0,16555399.0,16594205.0,451886972928,16555399.0
2025-10-21 13:00:00+00:00,16508983.0,16560426.0,16463896.0,16554205.0,154693271552,16508983.0
2025-10-21 13:30:00+00:00,16438910.0,16514684.0,16427982.0,16502087.0,353283080192,16438910.0
2025-10-21 14:00:00+00:00,16657922.0,16770710.0,16442545.0,16442545.0,970523148288,16657922.0
2025-10-21 14:30:00+00:00,17022726.0,17022726.0,16663727.0,16663836.0,370828902400,17022726.0
2025-10-21 15:00:00+00:00,17129970.0,17140330.0,16984910.0,17016106.0,734835769344,17129970.0
2025-10-21 15:30:00+00:00,17199166.0,17230142.0,17123090.0,17154954.0,514361131008,17199166.0
2025-10-21 16:00:00+00:00,17283008.0,17283432.0,17180490.0,17213096.0,862559666176,17283008.0
2025-10-21 16:30:00+00:00,17128208.0,17304856.0,17128208.0,17280158.0,173123043328,17128208.0
2025-10-21 17:00:00+00:00,17074194.0,17160990.0,16999798.0,17136534.0,459494391808,17074194.0
2025-10-21 17:30:00+00:00,17030856.0,17101516.0,17030856.0,17084212.0,744373616640,17030856.0
2025-10-21 18:00:00+00:00,17037224.0,17056312.0,16996960.0,17029662.0,511294046208,17037224.0
2025-10-21 18:30:00+00:00,17011238.0,17022912.0,16951620.0,17012934.0,324343431168,17011238.0
2025-10-21 19:00:00+00:00,16987254.0,17048250.0,16977740.0,17019466.0,67576528896,16987254.0
2025-10-21 19:30:00+00:00,17004204.0,17022010.0,16968690.0,16987186.0,71588380672,17004204.0
2025-10-21 20:00:00+00:00,16841830.0,17002650.0,16830138.0,17002650.0,296563507200,16841830.0
2025-10-21 20:30:00+00:00,16867078.0,16885256.0,16826130.0,16844728.0,139192172544,16867078.0
2025-10-21 21:00:00+00:00,16801394.0,16882604.0,16747920.0,16861778.0,608563101696,16801394.0
2025-10-21 21:30:00+00:00,16852792.0,16858722.0,16785182.0,16802066.0,475816525824,16852792.0
2025-10-21 22:00:00+00:00,16702919.0,16847542.0,16702919.0,16847542.0,254463180800,16702919.0
2025-10-21 22:30:00+00:00,16577740.0,16679626.0,16528178.0,16661148.0,638050107392,16577740.0
2025-10-21 23:00:00+00:00,16595018.0,16634031.0,16567817.0,16570390.0,432912990208,16595018.0
2025-10-21 23:30:00+00:00,16474637.0,16600380.0,16450820.0,16600380.0,286845304832,16474637.0
2025-10-22 00:00:00+00:00,16385793.0,16483663.0,16385793.0,16477395.0,245493661696,16385793.0
2025-10-22 00:30:00+00:00,16399258.0,16423479.0,16375439.0,16375439.0,470816915456,16399258.0
2025-10-22 01:00:00+00:00,16428344.0,16446851.0,16384357.0,16396143.0,304371204096,16428344.0
2025-10-22 01:30:00+00:00,16453620.0,16457475.0,16397840.0,16431565.0,385486946304,16453620.0
2025-10-22 02:00:00+00:00,16468514.0,16493528.0,16448802.0,16453620.0,107585994752,16468514.0
2025-10-22 02:30:00+00:00,16432442.0,16477562.0,16425925.0,16477562.0,317633593344,16432442.0
2025-10-22 03:00:00+00:00,16420582.0,16428583.0,16380709.0,16428583.0,294755762176,16420582.0
2025-10-22 03:30:00+00:00,16423975.0,16423975.0,16393143.0,16418964.0,86853550080,16423975.0
2025-10-22 04:00:00+00:00,16463436.0,16486150.0,16426284.0,16431965.0,2895118336,16463436.0
2025-10-22 04:30:00+00:00,16489774.0,16495385.0,16459278.0,16462054.0,106127425536,16489774.0
2025-10-22 05:00:00+00:00,16397109.0,16491000.0,16395522.0,16490383.0,85348843520,16397109.0
2025-10-22 05:30:00+00:00,16432618.0,16433837.0,16383144.0,16407428.0,128564854784,16432618.0
2025-10-22 06:00:00+00:00,16450792.0,16457348.0,16420669.0,16434974.0,135542079488,16450792.0
2025-10-22 06:30:00+00:00,16398130.0,16442179.0,16392562.0,16442179.0,260820697088,16398130.0
2025-10-22 07:00:00+00:00,16390163.0,16400418.0,16341360.0,16396399.0,122088849408,16390163.0
2025-10-22 07:30:00+00:00,16440495.0,16441709.0,16398117.0,16398118.0,196503142400,16440495.0
2025-10-22 08:00:00+00:00,16436560.0,16455908.0,16403516.0,16449707.0,161040302080,16436560.0
2025-10-22 08:30:00+00:00,16427239.0,16447281.0,16421241.0,16440107.0,78399930368,16427239.0
2025-10-22 09:00:00+00:00,16412862.0,16426389.0,16378213.0,16426389.0,157231874048,16412862.0
2025-10-22 09:30:00+00:00,16401075.0,16433977.0,16371928.0,16428175.0,204413599744,16401075.0
2025-10-22 10:00:00+00:00,16386893.0,16412793.0,16379150.0,16397619.0,343526080512,16386893.0
2025-10-22 10:30:00+00:00,16353935.0,16395992.0,16353305.0,16383872.0,213468053504,16353935.0
2025-10-22 11:00:00+00:00,16381785.0,16419865.0,16235941.0,16350834.0,482835693568,16381785.0
2025-10-22 11:30:00+00:00,16328527.0,16394545.0,16304755.0,16382434.0,218956300288,16328527.0
2025-10-22 12:00:00+00:00,16412019.0,16412019.0,16325206.0,16329870.0,165841731584,16412019.0
2025-10-22 12:30:00+00:00,16419696.0,16448230.0,16403430.0,16405282.0,380463218688,16419696.0
2025-10-22 13:00:00+00:00,16449729.0,16472764.0,16406536.0,16421833.0,289294778368,16449729.0
2025-10-22 13:30:00+00:00,16553119.0,16553119.0,16378276.0,16443971.0,230672039936,16553119.0
2025-10-22 14:00:00+00:00,16409381.0,16541364.0,16360181.0,16541364.0,316954116096,16409381.0
2025-10-22 14:30:00+00:00,16525933.0,16525933.0,16376770.0,16406103.0,266109714432,16525933.0
2025-10-22 15:00:00+00:00,16394271.0,16567024.0,16374762.0,16539564.0,1260274057216,16394271.0
2025-10-22 15:30:00+00:00,16455701.0,16493380.0,16371165.0,16385054.0,33946599424,16455701.0
2025-10-22 16:00:00+00:00,16486847.0,16486847.0,16414450.0,16448322.0,250458669056,16486847.0
2025-10-22 16:30:00+00:00,16455512.0,16499033.0,16362215.0,16476915.0,506469548032,16455512.0
2025-10-22 17:00:00+00:00,16376996.0,16450644.0,16374069.0,16450644.0,0,16376996.0
2025-10-22 17:30:00+00:00,16340609.0,16408315.0,16319947.0,16371603.0,0,16340609.0
2025-10-22 18:00:00+00:00,16383576.0,16394697.0,16312278.0,16345821.0,54867787776,16383576.0
2025-10-22 18:30:00+00:00,16397741.0,16423761.0,16384703.0,16391074.0,183084515328,16397741.0
2025-10-22 19:00:00+00:00,16433586.0,16465619.0,16399502.0,16399502.0,71871496192,16433586.0
2025-10-22 19:30:00+00:00,16420653.0,16445073.0,16399520.0,16437525.0,280850595840,16420653.0
2025-10-22 20:00:00+00:00,16365162.0,16414453.0,16362566.0,16382224.0,92229599232,16365162.0
2025-10-22 20:30:00+00:00,16359367.0,16395240.0,16336322.0,16363521.0,317773053952,16359367.0
2025-10-22 21:00:00+00:00,16232298.0,16361283.0,16232298.0,16361283.0,196114120704,16232298.0
2025-10-22 21:30:00+00:00,16286321.0,16300636.0,16225678.0,16228377.0,179850706944,16286321.0
2025-10-22 22:00:00+00:00,16262174.0,16335072.0,16245292.0,16285249.0,263128612864,16262174.0
2025-10-22 22:30:00+00:00,16281405.0,16299229.0,16257824.0,16257824.0,127622184960,16281405.0
2025-10-22 23:00:00+00:00,16383311.0,16389588.0,16285494.0,16285494.0,2203058176,16383311.0
2025-10-22 23:30:00+00:00,16369346.0,16393412.0,16352190.0,16374220.0,110591213568,16369346.0
2025-10-23 00:00:00+00:00,16379454.0,16411623.0,16355958.0,16355958.0,11409555456,16379454.0
2025-10-23 00:30:00+00:00,16416340.0,16430295.0,16380591.0,16380591.0,70821871616,16416340.0
2025-10-23 01:00:00+00:00,16493802.0,16528051.0,16413238.0,16413238.0,183076126720,16493802.0
2025-10-23 01:30:00+00:00,16489440.0,16515234.0,16484688.0,16489454.0,5170528256,16489440.0
2025-10-23 02:00:00+00:00,16501716.0,16520922.0,16480342.0,16490708.0,220805988352,16501716.0
2025-10-23 02:30:00+00:00,16521257.0,16521257.0,16502052.0,16503963.0,8407482368,16521257.0
2025-10-23 03:00:00+00:00,16575225.0,16575225.0,16525371.0,16527967.0,128776667136,16575225.0
2025-10-23 03:30:00+00:00,16531313.0,16574507.0,16519426.0,16573839.0,139781472256,16531313.0
2025-10-23 04:00:00+00:00,16558808.0,16563944.0,16528763.0,16528763.0,97955872768,16558808.0
2025-10-23 04:30:00+00:00,16575553.0,16611382.0,16546680.0,16555645.0,140710510592,16575553.0
2025-10-23 05:00:00+00:00,16581901.0,16588097.0,16569577.0,16574906.0,227435085824,16581901.0
2025-10-23 05:30:00+00:00,16606101.0,16606101.0,16560327.0,16576720.0,98047098880,16606101.0
2025-10-23 06:00:00+00:00,16760898.0,16779896.0,16594092.0,16608776.0,248504123392,16760898.0
2025-10-23 06:30:00+00:00,16819380.0,16819380.0,16747332.0,16763888.0,132817879040,16819380.0
2025-10-23 07:00:00+00:00,16696641.0,16827758.0,16682454.0,16827758.0,166563151872,16696641.0
2025-10-23 07:30:00+00:00,16674228.0,16712279.0,16661563.0,16701019.0,88820678656,16674228.0
2025-10-23 08:00:00+00:00,16730873.0,16755662.0,16668538.0,16668538.0,194576908288,16730873.0
2025-10-23 08:30:00+00:00,16713911.0,16743501.0,16705067.0,16735858.0,240459448320,16713911.0
2025-10-23 09:00:00+00:00,16683630.0,16719784.0,16659734.0,16715567.0,48665460736,16683630.0
2025-10-23 09:30:00+00:00,16704437.0,16704437.0,16683563.0,16686900.0,107310219264,16704437.0
2025-10-23 10:00:00+00:00,16725031.0,16740070.0,16698525.0,16700611.0,61178118144,16725031.0
2025-10-23 10:30:00+00:00,16728262.0,16733439.0,16707968.0,16721907.0,416326615040,16728262.0
2025-10-23 11:00:00+00:00,16750473.0,16750473.0,16712524.0,16729545.0,7861174272,16750473.0
2025-10-23 11:30:00+00:00,16678726.0,16738488.0,16674943.0,16738488.0,27297579008,16678726.0
2025-10-23 12:00:00+00:00,16659805.0,16684109.0,16608923.0,16684109.0,232873000960,16659805.0
2025-10-23 12:30:00+00:00,16641068.0,16661663.0,16613455.0,16660814.0,193450737664,16641068.0
2025-10-23 13:00:00+00:00,16642232.0,16654134.0,16611525.0,16654134.0,9410969600,16642232.0
2025-10-23 13:30:00+00:00,16708139.0,16736929.0,16648015.0,16650899.0,248487346176,16708139.0
2025-10-23 14:00:00+00:00,16698916.0,16721396.0,16624540.0,16708059.0,176363143168,16698916.0
2025-10-23 14:30:00+00:00,16726344.0,16761465.0,16695177.0,16697835.0,13003390976,16726344.0
2025-10-23 15:00:00+00:00,16757102.0,16789220.0,16722915.0,16732359.0,131569025024,16757102.0
2025-10-23 15:30:00+00:00,16804980.0,16816508.0,16762213.0,16770936.0,216279285760,16804980.0
2025-10-23 16:00:00+00:00,16779994.0,16821744.0,16779994.0,16797014.0,104107868160,16779994.0
2025-10-23 16:30:00+00:00,16847202.0,16880656.0,16755039.0,16778294.0,45780828160,16847202.0
2025-10-23 17:00:00+00:00,16819454.0,16844010.0,16755070.0,16844010.0,143290007552,16819454.0
2025-10-23 17:30:00+00:00,16976510.0,16978282.0,16834742.0,16835264.0,279786291200,16976510.0
2025-10-23 18:00:00+00:00,16879106.0,16984504.0,16875152.0,16979284.0,364997771264,16879106.0
2025-10-23 18:30:00+00:00,16868680.0,16877838.0,16834780.0,16877838.0,26502758400,16868680.0
2025-10-23 19:00:00+00:00,16863488.0,16869168.0,16805900.0,16869168.0,186355023872,16863488.0
2025-10-23 19:30:00+00:00,16831260.0,16869962.0,16825784.0,16867692.0,772800512,16831260.0
2025-10-23 20:00:00+00:00,16784140.0,16823158.0,16774763.0,16823158.0,104486404096,16784140.0
2025-10-23 20:30:00+00:00,16766749.0,16797096.0,16759598.0,16785906.0,209853612032,16766749.0
2025-10-23 21:00:00+00:00,16744145.0,16749592.0,16711380.0,16711904.0,0,16744145.0
2025-10-23 21:30:00+00:00,16719505.0,16743204.0,16704497.0,16743204.0,131758817280,16719505.0
2025-10-23 22:00:00+00:00,16764820.0,16780962.0,16718834.0,16718834.0,69585076224,16764820.0
2025-10-23 22:30:00+00:00,16787054.0,16801420.0,16771361.0,16771361.0,108893569024,16787054.0
2025-10-23 23:00:00+00:00,16807950.0,16807950.0,16771658.0,16784338.0,182163865600,16807950.0
2025-10-23 23:30:00+00:00,16798436.0,16805970.0,16788804.0,16805970.0,119623122944,16798436.0
2025-10-24 00:00:00+00:00,16813292.0,16853868.0,16782836.0,16805110.0,246418505728,16813292.0
2025-10-24 00:30:00+00:00,16877250.0,16888222.0,16812410.0,16813336.0,314351026176,16877250.0
2025-10-24 01:00:00+00:00,16858048.0,16900122.0,16858048.0,16877620.0,109548929024,16858048.0
2025-10-24 01:30:00+00:00,16909070.0,16915154.0,16853592.0,16853592.0,102441680896,16909070.0
2025-10-24 02:00:00+00:00,16890844.0,16913808.0,16878058.0,16910868.0,138013573120,16890844.0
2025-10-24 02:30:00+00:00,16920192.0,16933786.0,16888958.0,16889194.0,25009586176,16920192.0
2025-10-24 03:00:00+00:00,16893232.0,16916914.0,16892744.0,16915382.0,91488780288,16893232.0
2025-10-24 03:30:00+00:00,16877544.0,16888224.0,16857634.0,16885204.0,14763425792,16877544.0
2025-10-24 04:00:00+00:00,16966552.0,16968802.0,16869972.0,16876838.0,27857518592,16966552.0
2025-10-24 04:30:00+00:00,17008304.0,17027704.0,16965378.0,16965378.0,211289112576,17008304.0
2025-10-24 05:00:00+00:00,16992636.0,17017068.0,16976256.0,17006046.0,259412983808,16992636.0
2025-10-24 05:30:00+00:00,17022336.0,17022336.0,16981510.0,16981510.0,37629198336,17022336.0
2025-10-24 06:00:00+00:00,17032534.0,17032534.0,17012124.0,17020172.0,92285698048,17032534.0
2025-10-24 06:30:00+00:00,17048846.0,17055520.0,17025862.0,17028022.0,0,17048846.0
2025-10-24 07:00:00+00:00,16984770.0,17050044.0,16984060.0,17050044.0,84997046272,16984770.0
2025-10-24 07:30:00+00:00,16983326.0,17001264.0,16944856.0,16988594.0,225985953792,16983326.0
2025-10-24 08:00:00+00:00,16969832.0,16994426.0,16949998.0,16979120.0,216776835072,16969832.0
2025-10-24 08:30:00+00:00,16994238.0,17012272.0,16948058.0,16964842.0,161348059136,16994238.0
2025-10-24 09:00:00+00:00,17046972.0,17046972.0,16984888.0,16996902.0,129304625152,17046972.0
2025-10-24 09:30:00+00:00,17026994.0,17048042.0,17019974.0,17044708.0,264550481920,17026994.0
2025-10-24 10:00:00+00:00,16997598.0,17030892.0,16994262.0,17030002.0,112394240000,16997598.0
2025-10-24 10:30:00+00:00,17008460.0,17016430.0,16991452.0,16994988.0,142997454848,17008460.0
2025-10-24 11:00:00+00:00,16995348.0,17016372.0,16995348.0,17004786.0,105699082240,16995348.0
2025-10-24 11:30:00+00:00,16987192.0,16998944.0,16926036.0,16997430.0,14929100800,16987192.0
2025-10-24 12:00:00+00:00,16963744.0,17008038.0,16963744.0,16985426.0,201158295552,16963744.0
2025-10-24 12:30:00+00:00,16993666.0,17049496.0,16928184.0,16961834.0,347596128256,16993666.0
2025-10-24 13:00:00+00:00,17003918.0,17019004.0,16987746.0,16994116.0,432801316864,17003918.0
2025-10-24 13:30:00+00:00,16950402.0,17002388.0,16895664.0,17001946.0,165132894208,16950402.0
2025-10-24 14:00:00+00:00,16793582.0,16956522.0,16774803.0,16956522.0,211751010304,16793582.0
2025-10-24 14:30:00+00:00,16827942.0,16841568.0,16790460.0,16808606.0,152426250240,16827942.0
2025-10-24 15:00:00+00:00,16894622.0,16894622.0,16815908.0,16830186.0,272493445120,16894622.0
2025-10-24 15:30:00+00:00,16818470.0,16900548.0,16815486.0,16887780.0,114909773824,16818470.0
2025-10-24 16:00:00+00:00,16851892.0,16858658.0,16788918.0,16821572.0,154187333632,16851892.0
2025-10-24 16:30:00+00:00,16853560.0,16870610.0,16810470.0,16861710.0,52559347712,16853560.0
2025-10-24 17:00:00+00:00,16885240.0,16897592.0,16842846.0,16855604.0,35043409920,16885240.0
2025-10-24 17:30:00+00:00,16855496.0,16886496.0,16852332.0,16886496.0,173736984576,16855496.0
2025-10-24 18:00:00+00:00,16896392.0,16909348.0,16840454.0,16851970.0,0,16896392.0
2025-10-24 18:30:00+00:00,16903502.0,16913142.0,16885964.0,16897072.0,452429611008,16903502.0
2025-10-24 19:00:00+00:00,16939926.0,16945602.0,16909066.0,16913124.0,104680390656,16939926.0
2025-10-24 19:30:00+00:00,16907772.0,16958668.0,16900542.0,16958322.0,214881009664,16907772.0
2025-10-24 20:00:00+00:00,16924734.0,16924734.0,16892090.0,16906752.0,98434547712,16924734.0
2025-10-24 20:30:00+00:00,16959238.0,16968318.0,16920618.0,16925784.0,313900138496,16959238.0
2025-10-24 21:00:00+00:00,16946672.0,16967218.0,16911670.0,16949972.0,368457023488,16946672.0
2025-10-24 21:30:00+00:00,16976958.0,16978818.0,16937000.0,16937000.0,122397655040,16976958.0
2025-10-24 22:00:00+00:00,16973786.0,16978804.0,16958564.0,16978804.0,206609842176,16973786.0
2025-10-24 22:30:00+00:00,16973686.0,16984102.0,16957358.0,16975296.0,92827811840,16973686.0
2025-10-24 23:00:00+00:00,16975184.0,16975184.0,16950246.0,16973688.0,107231051776,16975184.0
2025-10-24 23:30:00+00:00,16960994.0,16986422.0,16960076.0,16974438.0,114576850944,16960994.0
2025-10-25 00:00:00+00:00,16944578.0,16972868.0,16940072.0,16966450.0,72370618368,16944578.0
2025-10-25 00:30:00+00:00,16922404.0,16955722.0,16916298.0,16944034.0,189398515712,16922404.0
2025-10-25 01:00:00+00:00,16983956.0,16983956.0,16930468.0,16930468.0,90892140544,16983956.0
2025-10-25 01:30:00+00:00,16970828.0,16996218.0,16960000.0,16982766.0,12922126336,16970828.0
2025-10-25 02:00:00+00:00,16966244.0,16983922.0,16959578.0,16969240.0,214282272768,16966244.0
2025-10-25 02:30:00+00:00,16974780.0,16991708.0,16962090.0,16973570.0,105288564736,16974780.0
2025-10-25 03:00:00+00:00,16976814.0,16984318.0,16968494.0,16974648.0,137344057344,16976814.0
2025-10-25 03:30:00+00:00,16971978.0,16989192.0,16968532.0,16978350.0,845152256,16971978.0
2025-10-25 04:00:00+00:00,17015180.0,17030690.0,16970112.0,16980030.0,237284884480,17015180.0
2025-10-25 04:30:00+00:00,17000538.0,17020096.0,17000538.0,17013420.0,0,17000538.0
2025-10-25 05:00:00+00:00,16990692.0,17003564.0,16979060.0,17002280.0,201121595392,16990692.0
2025-10-25 05:30:00+00:00,17036412.0,17036412.0,16992550.0,16992550.0,193441300480,17036412.0
2025-10-25 06:00:00+00:00,17017696.0,17038402.0,17016398.0,17036412.0,219012923392,17017696.0
2025-10-25 06:30:00+00:00,17022152.0,17030300.0,17008420.0,17014496.0,114254413824,17022152.0
2025-10-25 07:00:00+00:00,17066028.0,17069098.0,17023052.0,17023474.0,18923651072,17066028.0
2025-10-25 07:30:00+00:00,17040858.0,17073808.0,17036616.0,17061108.0,134764560384,17040858.0
2025-10-25 08:00:00+00:00,17064366.0,17069616.0,17038392.0,17041702.0,13983809536,17064366.0
2025-10-25 08:30:00+00:00,17081300.0,17081470.0,17049012.0,17064366.0,0,17081300.0
2025-10-25 09:00:00+00:00,17059714.0,17089944.0,17059610.0,17084864.0,128344129536,17059714.0
2025-10-25 09:30:00+00:00,17045850.0,17077432.0,17040176.0,17064622.0,22378184704,17045850.0
2025-10-25 10:00:00+00:00,17048764.0,17055230.0,17029528.0,17044496.0,139113529344,17048764.0
2025-10-25 10:30:00+00:00,17059044.0,17074236.0,17039874.0,17045520.0,12453937152,17059044.0
2025-10-25 11:00:00+00:00,17060270.0,17060270.0,17045666.0,17058338.0,230751207424,17060270.0
2025-10-25 11:30:00+00:00,17053106.0,17064880.0,17052594.0,17060734.0,61995483136,17053106.0
2025-10-25 12:00:00+00:00,17072506.0,17072506.0,17050000.0,17054088.0,104918417408,17072506.0
2025-10-25 12:30:00+00:00,17104252.0,17104252.0,17066992.0,17072946.0,190143004672,17104252.0
2025-10-25 13:00:00+00:00,17076598.0,17103480.0,17076598.0,17103480.0,276824588288,17076598.0
2025-10-25 13:30:00+00:00,17065162.0,17083236.0,17049024.0,17079078.0,40050360320,17065162.0
2025-10-25 14:00:00+00:00,17063056.0,17077770.0,17063056.0,17067072.0,82201018368,17063056.0
2025-10-25 14:30:00+00:00,17053582.0,17061270.0,17048632.0,17061270.0,106500718592,17053582.0
2025-10-25 15:00:00+00:00,17033386.0,17054522.0,17029406.0,17053552.0,0,17033386.0
2025-10-25 15:30:00+00:00,17023226.0,17041552.0,17019682.0,17033676.0,97270628352,17023226.0
2025-10-25 16:00:00+00:00,17002808.0,17025858.0,16996354.0,17024574.0,17273192448,17002808.0
2025-10-25 16:30:00+00:00,17020350.0,17032552.0,17001910.0,17002386.0,872187691008,17020350.0
2025-10-25 17:00:00+00:00,17020196.0,17032796.0,17018108.0,17018306.0,97610104832,17020196.0
2025-10-25 17:30:00+00:00,17015544.0,17020512.0,17011026.0,17019212.0,101571624960,17015544.0
2025-10-25 18:00:00+00:00,17037032.0,17039738.0,17015470.0,17018140.0,108438224896,17037032.0
2025-10-25 18:30:00+00:00,17067884.0,17073718.0,17036066.0,17036066.0,15418261504,17067884.0
2025-10-25 19:00:00+00:00,17064990.0,17072524.0,17058334.0,17072524.0,207539929088,17064990.0
2025-10-25 19:30:00+00:00,17057070.0,17072504.0,16969360.0,17064788.0,3450077184,17057070.0
2025-10-25 20:00:00+00:00,17047168.0,17062542.0,17047168.0,17060164.0,123185922048,17047168.0
2025-10-25 20:30:00+00:00,17033432.0,17046454.0,17027600.0,17044900.0,124498214912,17033432.0
2025-10-25 21:00:00+00:00,17027390.0,17032788.0,17024298.0,17031508.0,108485935104,17027390.0
2025-10-25 21:30:00+00:00,17033490.0,17033490.0,17017678.0,17025292.0,0,17033490.0
2025-10-25 22:00:00+00:00,17037128.0,17037368.0,17028084.0,17033768.0,9002024960,17037128.0
2025-10-25 22:30:00+00:00,17060904.0,17067162.0,17038526.0,17039512.0,18025283584,17060904.0
2025-10-25 23:00:00+00:00,17055018.0,17063096.0,17049382.0,17058882.0,116971798528,17055018.0
2025-10-25 23:30:00+00:00,17061680.0,17061680.0,17047938.0,17060032.0,8613527552,17061680.0
2025-10-26 00:00:00+00:00,17071550.0,17071550.0,17049686.0,17060888.0,82397364224,17071550.0
2025-10-26 00:30:00+00:00,17077160.0,17094384.0,17072082.0,17085998.0,164332568576,17077160.0
2025-10-26 01:00:00+00:00,17074196.0,17087866.0,17073350.0,17075448.0,128220397568,17074196.0
2025-10-26 01:30:00+00:00,17058500.0,17082002.0,17054392.0,17074448.0,21933850624,17058500.0
2025-10-26 02:00:00+00:00,17056676.0,17060630.0,17039288.0,17060630.0,137607249920,17056676.0
2025-10-26 02:30:00+00:00,17034024.0,17066780.0,17032756.0,17062452.0,145727422464,17034024.0
2025-10-26 03:00:00+00:00,17037596.0,17037596.0,17028442.0,17034224.0,145877368832,17037596.0
2025-10-26 03:30:00+00:00,17005492.0,17037118.0,17004892.0,17036384.0,126276861952,17005492.0
2025-10-26 04:00:00+00:00,17022410.0,17022410.0,17002502.0,17005288.0,111475425280,17022410.0
2025-10-26 04:30:00+00:00,17028564.0,17032538.0,17020198.0,17021132.0,8903196672,17028564.0
2025-10-26 05:00:00+00:00,17036034.0,17037104.0,17021658.0,17028986.0,238177484800,17036034.0
2025-10-26 05:30:00+00:00,17057700.0,17058568.0,17036974.0,17036974.0,23944757248,17057700.0
2025-10-26 06:00:00+00:00,17057148.0,17057148.0,17046582.0,17056364.0,112913547264,17057148.0
2025-10-26 06:30:00+00:00,17057760.0,17062374.0,17052248.0,17062374.0,1863057408,17057760.0
2025-10-26 07:00:00+00:00,17064538.0,17066702.0,17056830.0,17057726.0,117919973376,17064538.0
2025-10-26 07:30:00+00:00,17071320.0,17073316.0,17063876.0,17064590.0,791150592,17071320.0
2025-10-26 08:00:00+00:00,17082734.0,17086884.0,17073688.0,17073688.0,208495443968,17082734.0
2025-10-26 08:30:00+00:00,17082866.0,17091794.0,17078868.0,17083054.0,1743519744,17082866.0
2025-10-26 09:00:00+00:00,17183012.0,17183012.0,17074820.0,17083210.0,6518320136192,17183012.0
2025-10-26 09:30:00+00:00,17185282.0,17220998.0,17161666.0,17220998.0,6789718605824,17185282.0
2025-10-26 10:00:00+00:00,17168686.0,17198338.0,17168370.0,17189862.0,129283129344,17168686.0
2025-10-26 10:30:00+00:00,17115518.0,17183572.0,17115518.0,17167674.0,131407806464,17115518.0
2025-10-26 11:00:00+00:00,17152888.0,17182830.0,17118218.0,17118218.0,51700826112,17152888.0
2025-10-26 11:30:00+00:00,17241058.0,17260236.0,17153330.0,17153496.0,260349100032,17241058.0
2025-10-26 12:00:00+00:00,17336048.0,17350960.0,17243678.0,17243678.0,287281250304,17336048.0
2025-10-26 12:30:00+00:00,17291324.0,17317132.0,17273924.0,17299340.0,296580022272,17291324.0
2025-10-26 13:00:00+00:00,17295354.0,17325340.0,17251406.0,17286258.0,329380265984,17295354.0
2025-10-26 13:30:00+00:00,17309276.0,17353678.0,17282518.0,17298308.0,153746407424,17309276.0
2025-10-26 14:00:00+00:00,17371032.0,17383552.0,17294088.0,17307230.0,359591837696,17371032.0
2025-10-26 14:30:00+00:00,17354940.0,17397844.0,17325180.0,17325180.0,98892251136,17354940.0
2025-10-26 15:00:00+00:00,17341598.0,17355608.0,17292770.0,17351828.0,184176607232,17341598.0
2025-10-26 15:30:00+00:00,17372978.0,17373474.0,17317996.0,17349368.0,30639915008,17372978.0
2025-10-26 16:00:00+00:00,17332862.0,17373294.0,17280312.0,17373294.0,281973096448,17332862.0
2025-10-26 16:30:00+00:00,17350966.0,17375188.0,17291428.0,17291428.0,288037011456,17350966.0
2025-10-26 17:00:00+00:00,17328550.0,17375690.0,17321754.0,17348114.0,56892063744,17328550.0
2025-10-26 17:30:00+00:00,17336524.0,17367094.0,17320504.0,17366622.0,293401001984,17336524.0
2025-10-26 18:00:00+00:00,17351902.0,17379298.0,17336576.0,17336576.0,267061821440,17351902.0
2025-10-26 18:30:00+00:00,17378442.0,17393852.0,17350820.0,17350820.0,21782593536,17378442.0
2025-10-26 19:00:00+00:00,17369938.0,17375294.0,17349024.0,17375294.0,272159473664,17369938.0
2025-10-26 19:30:00+00:00,17347810.0,17376058.0,17347810.0,17371536.0,261204475904,17347810.0
2025-10-26 20:00:00+00:00,17329590.0,17356274.0,17329590.0,17347272.0,139185881088,17329590.0
2025-10-26 20:30:00+00:00,17333086.0,17341124.0,17328014.0,17328014.0,291009724416,17333086.0
2025-10-26 21:00:00+00:00,17276858.0,17335920.0,17276858.0,17324392.0,7250903040,17276858.0
2025-10-26 21:30:00+00:00,17361976.0,17369980.0,17278232.0,17286224.0,390752894976,17361976.0
2025-10-26 22:00:00+00:00,17496770.0,17606932.0,17363370.0,17363370.0,549860671488,17496770.0
2025-10-26 22:30:00+00:00,17553024.0,17566212.0,17505668.0,17505668.0,269365542912,17553024.0
2025-10-26 23:00:00+00:00,17526498.0,17590982.0,17525870.0,17551980.0,317181132800,17526498.0
2025-10-26 23:30:00+00:00,17521432.0,17553202.0,17518682.0,17519876.0,206546927616,17521432.0
2025-10-27 00:00:00+00:00,17572652.0,17598380.0,17507306.0,17535800.0,201361719296,17572652.0
2025-10-27 00:30:00+00:00,17542130.0,17604516.0,17532650.0,17572098.0,357753683968,17542130.0
2025-10-27 01:00:00+00:00,17589612.0,17596380.0,17545086.0,17554986.0,192800620544,17589612.0
2025-10-27 01:30:00+00:00,17619620.0,17624162.0,17577620.0,17588374.0,105689645056,17619620.0
2025-10-27 02:00:00+00:00,17592042.0,17655108.0,17592042.0,17619904.0,351689768960,17592042.0
2025-10-27 02:30:00+00:00,17578022.0,17595256.0,17568148.0,17587660.0,227554623488,17578022.0
2025-10-27 03:00:00+00:00,17590178.0,17616822.0,17572436.0,17576398.0,283062566912,17590178.0
2025-10-27 03:30:00+00:00,17594136.0,17600600.0,17581188.0,17587080.0,262355812352,17594136.0
2025-10-27 04:00:00+00:00,17632984.0,17637814.0,17598682.0,17598682.0,309573713920,17632984.0
2025-10-27 04:30:00+00:00,17648378.0,17651638.0,17629434.0,17629434.0,299707662336,17648378.0
2025-10-27 05:00:00+00:00,17702762.0,17706006.0,17648378.0,17648378.0,83549487104,17702762.0
2025-10-27 05:30:00+00:00,17694358.0,17708606.0,17686410.0,17698366.0,338720456704,17694358.0
2025-10-27 06:00:00+00:00,17688716.0,17709638.0,17664650.0,17689132.0,315067727872,17688716.0
2025-10-27 06:30:00+00:00,17756920.0,17756920.0,17679196.0,17696500.0,315557412864,17756920.0
2025-10-27 07:00:00+00:00,17737022.0,17756320.0,17715914.0,17746316.0,390666911744,17737022.0
2025-10-27 07:30:00+00:00,17682968.0,17742250.0,17659574.0,17742250.0,312625070080,17682968.0
2025-10-27 08:00:00+00:00,17617834.0,17684786.0,17617834.0,17684786.0,392323661824,17617834.0
2025-10-27 08:30:00+00:00,17574660.0,17633882.0,17565144.0,17606480.0,260053139456,17574660.0
2025-10-27 09:00:00+00:00,17595238.0,17602818.0,17544444.0,17573812.0,336172417024,17595238.0
2025-10-27 09:30:00+00:00,17603418.0,17616148.0,17585562.0,17594366.0,111883059200,17603418.0
2025-10-27 10:00:00+00:00,17638910.0,17642304.0,17591558.0,17605564.0,362894327808,17638910.0
2025-10-27 10:30:00+00:00,17630958.0,17647020.0,17630958.0,17637208.0,27181187072,17630958.0
2025-10-27 11:00:00+00:00,17610600.0,17638440.0,17593774.0,17631736.0,51236569088,17610600.0
2025-10-27 11:30:00+00:00,17617906.0,17644680.0,17606614.0,17606614.0,222136631296,17617906.0
2025-10-27 12:00:00+00:00,17602068.0,17608696.0,17579328.0,17608696.0,216530944000,17602068.0
2025-10-27 12:30:00+00:00,17589968.0,17607544.0,17581650.0,17606182.0,101990793216,17589968.0
2025-10-27 13:00:00+00:00,17604822.0,17614818.0,17581686.0,17584550.0,247034019840,17604822.0
2025-10-27 13:30:00+00:00,17648086.0,17663568.0,17553136.0,17617898.0,316383166464,17648086.0
2025-10-27 14:00:00+00:00,17591512.0,17648604.0,17542680.0,17647866.0,345979748352,17591512.0
2025-10-27 14:30:00+00:00,17569442.0,17607742.0,17557372.0,17598130.0,81685118976,17569442.0
2025-10-27 15:00:00+00:00,17599474.0,17613226.0,17564366.0,17564366.0,454465421312,17599474.0
2025-10-27 15:30:00+00:00,17598266.0,17625014.0,17589140.0,17614308.0,340707508224,17598266.0
2025-10-27 16:00:00+00:00,17653342.0,17661966.0,17591860.0,17605840.0,205418135552,17653342.0
2025-10-27 16:30:00+00:00,17670362.0,17687022.0,17645642.0,17645642.0,343612063744,17670362.0
2025-10-27 17:00:00+00:00,17659272.0,17685242.0,17653082.0,17672492.0,325504204800,17659272.0
2025-10-27 17:30:00+00:00,17704068.0,17704800.0,17652418.0,17655926.0,360006549504,17704068.0
2025-10-27 18:00:00+00:00,17663558.0,17716804.0,17659010.0,17710190.0,155727167488,17663558.0
2025-10-27 18:30:00+00:00,17626762.0,17671606.0,17625432.0,17658810.0,44264587264,17626762.0
2025-10-27 19:00:00+00:00,17581920.0,17626902.0,17580082.0,17626902.0,201179791360,17581920.0
2025-10-27 19:30:00+00:00,17564796.0,17590144.0,17552988.0,17584654.0,118446096384,17564796.0
2025-10-27 20:00:00+00:00,17540324.0,17565950.0,17538304.0,17565950.0,219092615168,17540324.0
2025-10-27 20:30:00+00:00,17502264.0,17546492.0,17502264.0,17536416.0,194713223168,17502264.0
2025-10-27 21:00:00+00:00,17455024.0,17512192.0,17453672.0,17499492.0,171551227904,17455024.0
2025-10-27 21:30:00+00:00,17495130.0,17513874.0,17452578.0,17454324.0,296619081728,17495130.0
2025-10-27 22:00:00+00:00,17493658.0,17507836.0,17442630.0,17487220.0,235432574976,17493658.0
2025-10-27 22:30:00+00:00,17430750.0,17486758.0,17428782.0,17486758.0,3679453184,17430750.0
2025-10-27 23:00:00+00:00,17414842.0,17433130.0,17400350.0,17431062.0,29922164736,17414842.0
2025-10-27 23:30:00+00:00,17431082.0,17434442.0,17415338.0,17415338.0,304393224192,17431082.0
2025-10-28 00:00:00+00:00,17429336.0,17434462.0,17389718.0,17424702.0,1470103552,17429336.0
2025-10-28 00:30:00+00:00,17378396.0,17427428.0,17353688.0,17427428.0,252842082304,17378396.0
2025-10-28 01:00:00+00:00,17412316.0,17416266.0,17378116.0,17378116.0,199685570560,17412316.0
2025-10-28 01:30:00+00:00,17441408.0,17451688.0,17395256.0,17409122.0,18177064960,17441408.0
2025-10-28 02:00:00+00:00,17376966.0,17439476.0,17363148.0,17439476.0,127748014080,17376966.0
2025-10-28 02:30:00+00:00,17368570.0,17396310.0,17368570.0,17387076.0,139516182528,17368570.0
2025-10-28 14:30:00+00:00,17490178.0,17557804.0,17384336.0,17557804.0,249930186752,17490178.0
2025-10-28 15:00:00+00:00,17508466.0,17534122.0,17485880.0,17485880.0,254530289664,17508466.0
2025-10-28 15:30:00+00:00,17440000.0,17494228.0,17400820.0,17494228.0,132631756800,17440000.0
2025-10-28 16:00:00+00:00,17496468.0,17496468.0,17432514.0,17432514.0,313019334656,17496468.0
2025-10-28 16:30:00+00:00,17550308.0,17568564.0,17505530.0,17507838.0,136606908416,17550308.0
2025-10-28 17:00:00+00:00,17566952.0,17583784.0,17546624.0,17549296.0,107553488896,17566952.0
2025-10-28 17:30:00+00:00,17558208.0,17582186.0,17539640.0,17569258.0,333190266880,17558208.0
2025-10-28 18:00:00+00:00,17502464.0,17553464.0,17502464.0,17549550.0,198431473664,17502464.0
2025-10-28 18:30:00+00:00,17483770.0,17505576.0,17452410.0,17503078.0,105549135872,17483770.0
2025-10-28 19:00:00+00:00,17298738.0,17490820.0,17298738.0,17488640.0,482661105664,17298738.0
2025-10-28 19:30:00+00:00,17277784.0,17340408.0,17266768.0,17298738.0,135702511616,17277784.0
2025-10-28 20:00:00+00:00,17121900.0,17282692.0,17113940.0,17279096.0,617809969152,17121900.0
2025-10-28 20:30:00+00:00,17167494.0,17182964.0,17102076.0,17110504.0,318432608256,17167494.0
2025-10-28 21:00:00+00:00,17141696.0,17163976.0,17076196.0,17163976.0,666111049728,17141696.0
2025-10-28 21:30:00+00:00,17201712.0,17217460.0,17137738.0,17143156.0,189314105344,17201712.0
2025-10-28 22:00:00+00:00,17208052.0,17212186.0,17173696.0,17194240.0,371906838528,17208052.0
2025-10-28 22:30:00+00:00,17231702.0,17238484.0,17219084.0,17219242.0,187469660160,17231702.0
2025-10-28 23:00:00+00:00,17178894.0,17232976.0,17167492.0,17232976.0,202156015616,17178894.0
2025-10-28 23:30:00+00:00,17154464.0,17207466.0,17154464.0,17179030.0,160104972288,17154464.0
2025-10-29 00:00:00+00:00,17108468.0,17135518.0,17087122.0,17135518.0,386081488896,17108468.0
2025-10-29 00:30:00+00:00,17070164.0,17123746.0,17064782.0,17111828.0,149635989504,17070164.0
2025-10-29 01:00:00+00:00,17019434.0,17067142.0,17018400.0,17065924.0,373301444608,17019434.0
2025-10-29 01:30:00+00:00,17097168.0,17146440.0,17029552.0,17029552.0,329444753408,17097168.0
2025-10-29 02:00:00+00:00,17151448.0,17151448.0,17089802.0,17095778.0,209962663936,17151448.0
2025-10-29 02:30:00+00:00,17126390.0,17150884.0,17118810.0,17150884.0,21644705792,17126390.0
2025-10-29 03:00:00+00:00,17088954.0,17126302.0,17084270.0,17126302.0,243690110976,17088954.0
2025-10-29 03:30:00+00:00,17110408.0,17117222.0,17089984.0,17089984.0,9018802176,17110408.0
2025-10-29 04:00:00+00:00,17134348.0,17143646.0,17112740.0,17112740.0,14188281856,17134348.0
2025-10-29 04:30:00+00:00,17161624.0,17162390.0,17135156.0,17135914.0,21816672256,17161624.0
2025-10-29 05:00:00+00:00,17225502.0,17227236.0,17160146.0,17160146.0,311330603008,17225502.0
2025-10-29 05:30:00+00:00,17231782.0,17284844.0,17224416.0,17227816.0,189977853952,17231782.0
2025-10-29 06:00:00+00:00,17217178.0,17257090.0,17216966.0,17233004.0,136114601984,17217178.0
2025-10-29 06:30:00+00:00,17241028.0,17244176.0,17205428.0,17214402.0,271934554112,17241028.0
2025-10-29 07:00:00+00:00,17246498.0,17250118.0,17226912.0,17243198.0,204773261312,17246498.0
2025-10-29 07:30:00+00:00,17260314.0,17265398.0,17230786.0,17243008.0,174030061568,17260314.0
2025-10-29 08:00:00+00:00,17252356.0,17291914.0,17252356.0,17266490.0,181246361600,17252356.0
2025-10-29 08:30:00+00:00,17221608.0,17254974.0,17213080.0,17251598.0,13562281984,17221608.0
2025-10-29 09:00:00+00:00,17213668.0,17236652.0,17211722.0,17223588.0,261461377024,17213668.0
2025-10-29 09:30:00+00:00,17205602.0,17217110.0,17187788.0,17217110.0,505799507968,17205602.0
2025-10-29 10:00:00+00:00,17216068.0,17225918.0,17201978.0,17206070.0,519830503424,17216068.0
2025-10-29 10:30:00+00:00,17187220.0,17230088.0,17178866.0,17217502.0,179466928128,17187220.0
2025-10-29 11:00:00+00:00,17235210.0,17245010.0,17176728.0,17188448.0,146040422400,17235210.0
2025-10-29 11:30:00+00:00,17230996.0,17247738.0,17210026.0,17231084.0,140466192384,17230996.0
2025-10-29 12:00:00+00:00,17230658.0,17253454.0,17225844.0,17230608.0,120571559936,17230658.0
2025-10-29 12:30:00+00:00,17231456.0,17243164.0,17217974.0,17225572.0,101874401280,17231456.0
2025-10-29 13:00:00+00:00,17258842.0,17261028.0,17223134.0,17229600.0,3693084672,17258842.0
2025-10-29 13:30:00+00:00,17166024.0,17255302.0,17149724.0,17255302.0,168947613696,17166024.0
2025-10-29 14:00:00+00:00,17102604.0,17165136.0,17085418.0,17165136.0,173233143808,17102604.0
2025-10-29 14:30:00+00:00,17101480.0,17144974.0,17082922.0,17084124.0,176624238592,17101480.0
2025-10-29 15:00:00+00:00,17076838.0,17108764.0,17070952.0,17100354.0,149412642816,17076838.0
2025-10-29 15:30:00+00:00,16937168.0,17082784.0,16937168.0,17076206.0,268507807744,16937168.0
2025-10-29 16:00:00+00:00,16919552.0,16950466.0,16886464.0,16945348.0,346843774976,16919552.0
2025-10-29 16:30:00+00:00,16916280.0,16940818.0,16896664.0,16918718.0,113986502656,16916280.0
2025-10-29 17:00:00+00:00,16924024.0,16937888.0,16896812.0,16915132.0,5674893312,16924024.0
2025-10-29 17:30:00+00:00,17023236.0,17034602.0,16926636.0,16926636.0,218701496320,17023236.0
2025-10-29 18:00:00+00:00,16974138.0,17051854.0,16961554.0,17025324.0,283038973952,16974138.0
2025-10-29 18:30:00+00:00,16974874.0,17015732.0,16755833.0,16974806.0,581487820800,16974874.0
2025-10-29 19:00:00+00:00,16988192.0,17034062.0,16931756.0,16972480.0,431655747584,16988192.0
2025-10-29 19:30:00+00:00,16917274.0,16993396.0,16860898.0,16990050.0,0,16917274.0
2025-10-29 20:00:00+00:00,17007872.0,17007872.0,16887238.0,16919576.0,70560776192,17007872.0
2025-10-29 20:30:00+00:00,17026680.0,17039094.0,16975090.0,17005310.0,119011278848,17026680.0
2025-10-29 21:00:00+00:00,17036612.0,17036612.0,17010410.0,17019178.0,304032514048,17036612.0
2025-10-29 21:30:00+00:00,17030882.0,17068730.0,17026592.0,17029806.0,427987828736,17030882.0
2025-10-29 22:00:00+00:00,17000926.0,17044292.0,16991538.0,17038162.0,489248784384,17000926.0
2025-10-29 22:30:00+00:00,16972198.0,17000566.0,16971812.0,17000566.0,276083769344,16972198.0
2025-10-29 23:00:00+00:00,16876418.0,16955824.0,16873760.0,16955824.0,21439184896,16876418.0
2025-10-29 23:30:00+00:00,16815038.0,16875854.0,16772243.0,16875854.0,124602286080,16815038.0
2025-10-30 00:00:00+00:00,16829174.0,16838150.0,16769246.0,16809044.0,86799024128,16829174.0
2025-10-30 00:30:00+00:00,16877340.0,16877340.0,16826858.0,16826858.0,596876722176,16877340.0
2025-10-30 01:00:00+00:00,16843250.0,16875216.0,16836736.0,16874150.0,278034120704,16843250.0
2025-10-30 01:30:00+00:00,16887040.0,16887040.0,16837678.0,16846366.0,0,16887040.0
2025-10-30 02:00:00+00:00,16915568.0,16915726.0,16841828.0,16876298.0,186391724032,16915568.0
2025-10-30 02:30:00+00:00,16904630.0,16922624.0,16888280.0,16917710.0,166638649344,16904630.0
2025-10-30 03:00:00+00:00,16936938.0,16944176.0,16855118.0,16903252.0,548206018560,16936938.0
2025-10-30 03:30:00+00:00,16925006.0,16961266.0,16925006.0,16939822.0,213202763776,16925006.0
2025-10-30 04:00:00+00:00,16644400.0,16939144.0,16644400.0,16924686.0,317177462784,16644400.0
2025-10-30 04:30:00+00:00,16615381.0,16708643.0,16502524.0,16530632.0,742456819712,16615381.0
2025-10-30 05:00:00+00:00,16692134.0,16692134.0,16571005.0,16619484.0,273337548800,16692134.0
2025-10-30 05:30:00+00:00,16895836.0,16895836.0,16694232.0,16699619.0,204558303232,16895836.0
2025-10-30 06:00:00+00:00,16862558.0,16896602.0,16836762.0,16896602.0,210238439424,16862558.0
2025-10-30 06:30:00+00:00,16997100.0,17022408.0,16864246.0,16864246.0,518814433280,16997100.0
2025-10-30 07:00:00+00:00,17080166.0,17126422.0,16982244.0,16995160.0,198634897408,17080166.0
2025-10-30 07:30:00+00:00,17080502.0,17097080.0,17053796.0,17066970.0,159046959104,17080502.0
2025-10-30 08:00:00+00:00,17046494.0,17104330.0,17044952.0,17082682.0,187706638336,17046494.0
2025-10-30 08:30:00+00:00,17027810.0,17043176.0,17027810.0,17043176.0,250609664,17027810.0
2025-10-30 09:00:00+00:00,16965910.0,17028674.0,16934760.0,17024540.0,327447216128,16965910.0
2025-10-30 09:30:00+00:00,16952174.0,16983776.0,16932942.0,16978516.0,297230401536,16952174.0
2025-10-30 10:00:00+00:00,16939000.0,16953516.0,16906500.0,16951568.0,579698950144,16939000.0
2025-10-30 10:30:00+00:00,16950656.0,16959418.0,16924890.0,16934276.0,111659712512,16950656.0
2025-10-30 11:00:00+00:00,16936950.0,16958014.0,16897034.0,16952594.0,390599802880,16936950.0
2025-10-30 11:30:00+00:00,16926668.0,16955198.0,16916672.0,16931642.0,307172999168,16926668.0
2025-10-30 12:00:00+00:00,16798008.0,16921624.0,16796518.0,16921624.0,353398423552,16798008.0
2025-10-30 12:30:00+00:00,16715727.0,16810458.0,16709441.0,16795504.0,265294970880,16715727.0
2025-10-30 13:00:00+00:00,16721947.0,16780786.0,16717059.0,16717776.0,292119642112,16721947.0
2025-10-30 13:30:00+00:00,16625515.0,16741909.0,16572796.0,16734306.0,242674040832,16625515.0
2025-10-30 14:00:00+00:00,16636390.0,16670772.0,16618689.0,16620772.0,359079608320,16636390.0
2025-10-30 14:30:00+00:00,16715096.0,16715096.0,16630679.0,16639110.0,122332119040,16715096.0
2025-10-30 15:00:00+00:00,16615120.0,16713245.0,16615120.0,16713245.0,134356140032,16615120.0
2025-10-30 15:30:00+00:00,16611968.0,16619809.0,16550842.0,16619809.0,5990514688,16611968.0
2025-10-30 16:00:00+00:00,16663060.0,16678123.0,16595154.0,16606824.0,79378251776,16663060.0
2025-10-30 16:30:00+00:00,16664944.0,16664944.0,16646907.0,16652198.0,4258267136,16664944.0
2025-10-30 17:00:00+00:00,16524645.0,16655636.0,16466137.0,16655636.0,158920081408,16524645.0
2025-10-30 17:30:00+00:00,16559443.0,16584158.0,16477640.0,16527597.0,182038036480,16559443.0
2025-10-30 18:00:00+00:00,16535592.0,16561819.0,16533163.0,16561819.0,98485403648,16535592.0
2025-10-30 18:30:00+00:00,16450066.0,16567165.0,16450066.0,16543194.0,56748933120,16450066.0
2025-10-30 19:00:00+00:00,16485529.0,16500129.0,16437604.0,16464844.0,140000624640,16485529.0
2025-10-30 19:30:00+00:00,16407748.0,16496307.0,16398803.0,16496307.0,363591630848,16407748.0
2025-10-30 20:00:00+00:00,16509723.0,16509723.0,16391503.0,16405237.0,119639375872,16509723.0
2025-10-30 20:30:00+00:00,16571143.0,16571143.0,16477042.0,16510709.0,217351979008,16571143.0
2025-10-30 21:00:00+00:00,16584137.0,16602331.0,16554317.0,16573255.0,250837204992,16584137.0
2025-10-30 21:30:00+00:00,16630240.0,16630240.0,16563650.0,16569684.0,79177973760,16630240.0
2025-10-30 22:00:00+00:00,16580674.0,16618049.0,16580674.0,16617145.0,250123124736,16580674.0
2025-10-30 22:30:00+00:00,16625418.0,16625418.0,16558746.0,16580405.0,62885199872,16625418.0
2025-10-30 23:00:00+00:00,16595825.0,16628744.0,16583216.0,16627358.0,106238574592,16595825.0
2025-10-30 23:30:00+00:00,16667715.0,16669565.0,16595143.0,16595143.0,19139657728,16667715.0
2025-10-31 00:00:00+00:00,16695736.0,16730032.0,16666558.0,16666558.0,44387270656,16695736.0
2025-10-31 00:30:00+00:00,16851666.0,16851666.0,16695241.0,16695241.0,236365807616,16851666.0
2025-10-31 01:00:00+00:00,16881736.0,16907904.0,16800972.0,16835132.0,248395071488,16881736.0
2025-10-31 01:30:00+00:00,16845844.0,16889004.0,16833046.0,16883712.0,259287678976,16845844.0
2025-10-31 02:00:00+00:00,16812004.0,16868588.0,16771823.0,16853880.0,229603540992,16812004.0
2025-10-31 02:30:00+00:00,16750790.0,16817506.0,16720571.0,16807418.0,218027261952,16750790.0
2025-10-31 03:00:00+00:00,16791360.0,16801460.0,16723075.0,16743446.0,294789316608,16791360.0
2025-10-31 03:30:00+00:00,16814960.0,16825480.0,16761664.0,16785800.0,188478390272,16814960.0
2025-10-31 04:00:00+00:00,16901300.0,16903174.0,16805690.0,16824706.0,25207767040,16901300.0
2025-10-31 04:30:00+00:00,16948480.0,16955060.0,16889692.0,16902248.0,14264827904,16948480.0
2025-10-31 05:00:00+00:00,16908758.0,16954244.0,16897138.0,16952964.0,128326828032,16908758.0
2025-10-31 05:30:00+00:00,16913550.0,16930698.0,16902636.0,16921074.0,105406005248,16913550.0
2025-10-31 06:00:00+00:00,16889440.0,16931052.0,16873584.0,16910966.0,70283952128,16889440.0
2025-10-31 06:30:00+00:00,16899502.0,16899502.0,16880928.0,16897830.0,204259459072,16899502.0
2025-10-31 07:00:00+00:00,16906372.0,16931492.0,16886432.0,16899706.0,25963790336,16906372.0
2025-10-31 07:30:00+00:00,16887596.0,16924992.0,16858796.0,16911586.0,431480635392,16887596.0
2025-10-31 08:00:00+00:00,16904470.0,16912080.0,16853594.0,16885046.0,30388781056,16904470.0
2025-10-31 08:30:00+00:00,16968222.0,16968632.0,16916366.0,16916366.0,195164110848,16968222.0
2025-10-31 09:00:00+00:00,16961462.0,17018588.0,16961462.0,16969502.0,188930326528,16961462.0
2025-10-31 09:30:00+00:00,16925554.0,16969160.0,16925554.0,16964772.0,515415998464,16925554.0
2025-10-31 10:00:00+00:00,16928216.0,16939302.0,16916626.0,16927946.0,46132101120,16928216.0
2025-10-31 10:30:00+00:00,16926730.0,16960596.0,16915198.0,16927688.0,80346087424,16926730.0
2025-10-31 11:00:00+00:00,16873776.0,16921922.0,16870560.0,16921922.0,59545485312,16873776.0
2025-10-31 11:30:00+00:00,17005724.0,17005724.0,16870758.0,16872618.0,465246879744,17005724.0
2025-10-31 12:00:00+00:00,16979368.0,17032570.0,16975790.0,17009912.0,84930461696,16979368.0
2025-10-31 12:30:00+00:00,16893742.0,16988770.0,16893742.0,16979968.0,73030172672,16893742.0
2025-10-31 13:00:00+00:00,16941704.0,16981466.0,16895252.0,16895252.0,104145616896,16941704.0
2025-10-31 13:30:00+00:00,16954150.0,16970542.0,16875662.0,16943776.0,213073788928,16954150.0
2025-10-31 14:00:00+00:00,16917350.0,17012726.0,16890310.0,16963596.0,172058738688,16917350.0
2025-10-31 14:30:00+00:00,17064190.0,17073732.0,16883730.0,16914900.0,809057124352,17064190.0
2025-10-31 15:00:00+00:00,16995538.0,17092008.0,16993020.0,17056638.0,410111705088,16995538.0
2025-10-31 15:30:00+00:00,16971954.0,17015792.0,16965422.0,17001376.0,67416096768,16971954.0
2025-10-31 16:00:00+00:00,16964576.0,16974084.0,16922938.0,16969352.0,228135534592,16964576.0
2025-10-31 16:30:00+00:00,16760651.0,16961220.0,16760651.0,16957946.0,350222286848,16760651.0
2025-10-31 17:00:00+00:00,16802936.0,16816480.0,16737854.0,16760638.0,750425997312,16802936.0
2025-10-31 17:30:00+00:00,16834362.0,16849894.0,16802624.0,16818708.0,221408919552,16834362.0
2025-10-31 18:00:00+00:00,16830084.0,16866418.0,16827634.0,16831842.0,220056256512,16830084.0
2025-10-31 18:30:00+00:00,16845528.0,16905852.0,16794126.0,16825084.0,206910259200,16845528.0
2025-10-31 19:00:00+00:00,16916956.0,16917686.0,16812700.0,16856568.0,149447245824,16916956.0
2025-10-31 19:30:00+00:00,16923424.0,16973326.0,16908878.0,16919360.0,41252028416,16923424.0
2025-10-31 20:00:00+00:00,16884748.0,16911066.0,16883132.0,16903042.0,201868705792,16884748.0
2025-10-31 20:30:00+00:00,16852558.0,16903676.0,16850238.0,16888294.0,83584090112,16852558.0
2025-10-31 21:00:00+00:00,16865950.0,16877234.0,16827574.0,16851626.0,147149815808,16865950.0
2025-10-31 21:30:00+00:00,16866840.0,16890194.0,16849972.0,16865914.0,52502200320,16866840.0
2025-10-31 22:00:00+00:00,16874998.0,16899280.0,16859920.0,16861996.0,8878292992,16874998.0
2025-10-31 22:30:00+00:00,16874354.0,16885932.0,16865766.0,16876486.0,178201296896,16874354.0
2025-10-31 23:00:00+00:00,16870922.0,16874354.0,16859874.0,16874354.0,103749255168,16870922.0
2025-10-31 23:30:00+00:00,16870686.0,16880450.0,16861274.0,16870922.0,6352273408,16870686.0
2025-11-01 00:00:00+00:00,16859278.0,16871484.0,16842288.0,16870824.0,147375259648,16859278.0
2025-11-01 00:30:00+00:00,16888214.0,16892904.0,16845018.0,16859278.0,94934925312,16888214.0
2025-11-01 01:00:00+00:00,16902306.0,16912506.0,16886462.0,16890116.0,0,16902306.0
2025-11-01 01:30:00+00:00,16896066.0,16935330.0,16896066.0,16919936.0,97742487552,16896066.0
2025-11-01 02:00:00+00:00,16881260.0,16899150.0,16863468.0,16891058.0,121319194624,16881260.0
2025-11-01 02:30:00+00:00,16904130.0,16907274.0,16851714.0,16884442.0,88971149312,16904130.0
2025-11-01 03:00:00+00:00,16935200.0,16946936.0,16899008.0,16899008.0,313524224,16935200.0
2025-11-01 03:30:00+00:00,16970700.0,16970700.0,16935286.0,16937376.0,174626701312,16970700.0
2025-11-01 04:00:00+00:00,16979202.0,16998928.0,16953616.0,16965068.0,215207116800,16979202.0
2025-11-01 04:30:00+00:00,16974648.0,16987652.0,16964842.0,16977198.0,110029176832,16974648.0
2025-11-01 05:00:00+00:00,16947326.0,16977988.0,16941746.0,16975794.0,116217348096,16947326.0
2025-11-01 05:30:00+00:00,16947142.0,16984280.0,16946478.0,16947326.0,1495793664,16947142.0
2025-11-01 06:00:00+00:00,16938384.0,16957160.0,16932504.0,16947478.0,35909533696,16938384.0
2025-11-01 06:30:00+00:00,16931400.0,16954050.0,16924266.0,16934008.0,114798624768,16931400.0
2025-11-01 07:00:00+00:00,16973990.0,16976978.0,16928116.0,16930350.0,20203962368,16973990.0
2025-11-01 07:30:00+00:00,16942662.0,16977846.0,16939888.0,16973332.0,205790380032,16942662.0
2025-11-01 08:00:00+00:00,16958332.0,16985420.0,16940594.0,16942000.0,231056343040,16958332.0
2025-11-01 08:30:00+00:00,16964152.0,16968370.0,16958760.0,16962656.0,16751525888,16964152.0
2025-11-01 09:00:00+00:00,16957742.0,16967986.0,16955944.0,16964152.0,111526543360,16957742.0
2025-11-01 09:30:00+00:00,16930276.0,16957742.0,16928832.0,16957742.0,30763646976,16930276.0
2025-11-01 10:00:00+00:00,16925254.0,16944614.0,16911010.0,16930606.0,15737552896,16925254.0
2025-11-01 10:30:00+00:00,16948384.0,16953112.0,16927306.0,16929698.0,129830486016,16948384.0
2025-11-01 11:00:00+00:00,16940178.0,16965170.0,16940178.0,16949638.0,109189791744,16940178.0
2025-11-01 11:30:00+00:00,16948896.0,16955468.0,16931418.0,16940178.0,118389997568,16948896.0
2025-11-01 12:00:00+00:00,16942324.0,16961152.0,16937072.0,16948434.0,110916272128,16942324.0
2025-11-01 12:30:00+00:00,16936322.0,16956988.0,16936322.0,16942324.0,0,16936322.0
2025-11-01 13:00:00+00:00,16932978.0,16937284.0,16925648.0,16937284.0,0,16932978.0
2025-11-01 13:30:00+00:00,16922764.0,16943440.0,16893682.0,16933658.0,165386649600,16922764.0
2025-11-01 14:00:00+00:00,16906490.0,16930634.0,16893122.0,16926426.0,0,16906490.0
2025-11-01 14:30:00+00:00,16921364.0,16922796.0,16906676.0,16906676.0,0,16921364.0
2025-11-01 15:00:00+00:00,16945696.0,16990200.0,16918202.0,16922672.0,0,16945696.0
2025-11-01 15:30:00+00:00,16968504.0,16968504.0,16944216.0,16944216.0,309235548160,16968504.0
2025-11-01 16:00:00+00:00,16978352.0,17008270.0,16978352.0,16984206.0,230392594432,16978352.0
2025-11-01 16:30:00+00:00,17016136.0,17021224.0,16974336.0,16974336.0,11919163392,17016136.0
2025-11-01 17:00:00+00:00,16984074.0,17016720.0,16984074.0,17016720.0,80446750720,16984074.0
2025-11-01 17:30:00+00:00,16986938.0,17006564.0,16979102.0,16985696.0,445258924032,16986938.0
2025-11-01 18:00:00+00:00,16994414.0,17006858.0,16983746.0,16983746.0,144897998848,16994414.0
2025-11-01 18:30:00+00:00,17002346.0,17006728.0,16986670.0,16993290.0,14481358848,17002346.0
2025-11-01 19:00:00+00:00,17001858.0,17002442.0,16984476.0,17002442.0,14780727296,17001858.0
2025-11-01 19:30:00+00:00,16996978.0,17000818.0,16986884.0,16992874.0,118149873664,16996978.0
2025-11-01 20:00:00+00:00,17018442.0,17020888.0,16994244.0,16994244.0,91640299520,17018442.0
2025-11-01 20:30:00+00:00,17014552.0,17023272.0,17011970.0,17017630.0,483133751296,17014552.0
2025-11-01 21:00:00+00:00,16983526.0,17019950.0,16981858.0,17015754.0,134638731264,16983526.0
2025-11-01 21:30:00+00:00,16923032.0,16986276.0,16923032.0,16986276.0,117991276544,16923032.0
2025-11-01 22:00:00+00:00,16934022.0,16937326.0,16912944.0,16912944.0,139910447104,16934022.0
2025-11-01 22:30:00+00:00,16947084.0,16947084.0,16932430.0,16932430.0,120312823808,16947084.0
2025-11-01 23:00:00+00:00,16943530.0,16948294.0,16931418.0,16944486.0,14225768448,16943530.0
2025-11-01 23:30:00+00:00,16939966.0,16951020.0,16933596.0,16951020.0,12848988160,16939966.0
2025-11-02 00:00:00+00:00,16947576.0,16947576.0,16920920.0,16945748.0,0,16947576.0
2025-11-02 00:30:00+00:00,16929556.0,16943550.0,16925070.0,16943550.0,41169190912,16929556.0
2025-11-02 01:00:00+00:00,16942950.0,16943184.0,16918746.0,16926602.0,11058020352,16942950.0
2025-11-02 01:30:00+00:00,16928360.0,16948660.0,16928360.0,16948126.0,137492168704,16928360.0
2025-11-02 02:00:00+00:00,16930516.0,16935402.0,16917970.0,16928430.0,23907532800,16930516.0
2025-11-02 02:30:00+00:00,16937612.0,16969588.0,16930516.0,16930516.0,23021223936,16937612.0
2025-11-02 03:00:00+00:00,16929398.0,16944556.0,16927856.0,16944556.0,132772265984,16929398.0
2025-11-02 03:30:00+00:00,16937452.0,16939276.0,16926818.0,16929398.0,111535718400,16937452.0
2025-11-02 04:00:00+00:00,16954230.0,16959384.0,16936652.0,16937358.0,123580973056,16954230.0
2025-11-02 04:30:00+00:00,17041054.0,17041054.0,16949886.0,16956004.0,345141673984,17041054.0
2025-11-02 05:00:00+00:00,17000468.0,17043264.0,16989480.0,17032588.0,144510287872,17000468.0
2025-11-02 05:30:00+00:00,17014400.0,17014400.0,16983370.0,17000468.0,258443313152,17014400.0
2025-11-02 06:00:00+00:00,16995806.0,17008760.0,16984408.0,17007688.0,150885629952,16995806.0
2025-11-02 06:30:00+00:00,17036292.0,17044596.0,16985182.0,16995806.0,222197710848,17036292.0
2025-11-02 07:00:00+00:00,17009330.0,17037574.0,17002546.0,17036330.0,165551013888,17009330.0
2025-11-02 07:30:00+00:00,17081194.0,17094936.0,17009098.0,17011644.0,63060049920,17081194.0
2025-11-02 08:00:00+00:00,17061452.0,17081572.0,17043426.0,17074780.0,190818025472,17061452.0
2025-11-02 08:30:00+00:00,17057928.0,17063116.0,17046210.0,17053734.0,168510619648,17057928.0
2025-11-02 09:00:00+00:00,17085048.0,17092388.0,17060448.0,17060448.0,41474326528,17085048.0
2025-11-02 09:30:00+00:00,17040788.0,17085048.0,17015702.0,17085048.0,42961207296,17040788.0
2025-11-02 10:00:00+00:00,17027976.0,17061460.0,17027976.0,17040556.0,324434657280,17027976.0
2025-11-02 10:30:00+00:00,16996958.0,17027976.0,16994046.0,17027976.0,59053178880,16996958.0
2025-11-02 11:00:00+00:00,17064098.0,17066872.0,16996958.0,16996958.0,39981678592,17064098.0
2025-11-02 11:30:00+00:00,17100802.0,17100802.0,17054284.0,17068066.0,292942249984,17100802.0
2025-11-02 12:00:00+00:00,17079316.0,17114282.0,17076594.0,17106924.0,230467567616,17079316.0
2025-11-02 12:30:00+00:00,17058166.0,17085574.0,17047574.0,17080426.0,40562589696,17058166.0
2025-11-02 13:00:00+00:00,16989524.0,17052636.0,16975322.0,17052636.0,81912659968,16989524.0
2025-11-02 13:30:00+00:00,17017598.0,17017598.0,16978962.0,16989524.0,272400646144,17017598.0
2025-11-02 14:00:00+00:00,16971930.0,17036486.0,16971930.0,17018712.0,230936281088,16971930.0
2025-11-02 14:30:00+00:00,16999706.0,17003982.0,16977112.0,16980034.0,73211576320,16999706.0
2025-11-02 15:00:00+00:00,17014316.0,17014316.0,16983884.0,16999378.0,146680578048,17014316.0
2025-11-02 15:30:00+00:00,16957634.0,17019134.0,16957634.0,17017232.0,157347217408,16957634.0
2025-11-02 16:00:00+00:00,16941146.0,16953472.0,16899406.0,16953472.0,311964467200,16941146.0
2025-11-02 16:30:00+00:00,16956092.0,16957224.0,16935880.0,16946356.0,128213057536,16956092.0
2025-11-02 17:00:00+00:00,16969044.0,16977174.0,16951680.0,16956730.0,386804482048,16969044.0
2025-11-02 17:30:00+00:00,16965050.0,16969044.0,16941862.0,16969044.0,175242739712,16965050.0
2025-11-02 18:00:00+00:00,16970570.0,16990756.0,16964916.0,16968384.0,293873909760,16970570.0
2025-11-02 18:30:00+00:00,16985600.0,16986398.0,16967982.0,16972160.0,137856286720,16985600.0
2025-11-02 19:00:00+00:00,16942834.0,16985864.0,16942834.0,16985864.0,43996151808,16942834.0
2025-11-02 19:30:00+00:00,16963824.0,16963824.0,16932632.0,16933246.0,40291008512,16963824.0
2025-11-02 20:00:00+00:00,16923302.0,16973550.0,16921584.0,16967954.0,152946868224,16923302.0
2025-11-02 20:30:00+00:00,16947030.0,16947138.0,16924436.0,16924436.0,133525667840,16947030.0
2025-11-02 21:00:00+00:00,16954176.0,16960550.0,16939612.0,16951700.0,482124759040,16954176.0
2025-11-02 21:30:00+00:00,16947252.0,16963214.0,16946522.0,16957192.0,20835729408,16947252.0
2025-11-02 22:00:00+00:00,16946474.0,16950078.0,16937898.0,16947290.0,17368612864,16946474.0
2025-11-02 22:30:00+00:00,16913000.0,16943988.0,16875320.0,16943988.0,84776845312,16913000.0
2025-11-02 23:00:00+00:00,16990476.0,17025124.0,16917968.0,16917968.0,215119560704,16990476.0
2025-11-02 23:30:00+00:00,17064214.0,17068396.0,16985852.0,16990742.0,354518302720,17064214.0
2025-11-03 00:00:00+00:00,17014068.0,17070910.0,17014068.0,17041578.0,156151316480,17014068.0
2025-11-03 00:30:00+00:00,16925670.0,17014822.0,16925670.0,17014822.0,50072125440,16925670.0
2025-11-03 01:00:00+00:00,16892476.0,16926822.0,16884140.0,16906938.0,125737369600,16892476.0
2025-11-03 01:30:00+00:00,16901890.0,16927564.0,16858906.0,16893790.0,289090306048,16901890.0
2025-11-03 02:00:00+00:00,16832418.0,16906966.0,16832418.0,16903236.0,110401421312,16832418.0
2025-11-03 02:30:00+00:00,16799888.0,16808916.0,16752706.0,16808916.0,280122884096,16799888.0
2025-11-03 03:00:00+00:00,16655439.0,16812852.0,16641780.0,16798402.0,362535190528,16655439.0
2025-11-03 03:30:00+00:00,16640024.0,16688908.0,16633541.0,16655806.0,356136779776,16640024.0
2025-11-03 04:00:00+00:00,16616489.0,16638996.0,16559780.0,16638996.0,865353596928,16616489.0
2025-11-03 04:30:00+00:00,16623841.0,16634320.0,16591694.0,16616321.0,109619183616,16623841.0
2025-11-03 05:00:00+00:00,16636324.0,16643917.0,16611047.0,16624636.0,53080489984,16636324.0
2025-11-03 05:30:00+00:00,16579430.0,16641130.0,16553013.0,16637757.0,58767441920,16579430.0
2025-11-03 06:00:00+00:00,16571302.0,16595445.0,16542708.0,16582492.0,234961764352,16571302.0
2025-11-03 06:30:00+00:00,16572909.0,16595534.0,16504995.0,16569701.0,320899383296,16572909.0
2025-11-03 07:00:00+00:00,16602399.0,16619597.0,16546392.0,16559997.0,173462257664,16602399.0
2025-11-03 07:30:00+00:00,16567712.0,16602070.0,16563437.0,16602070.0,56703844352,16567712.0
2025-11-03 08:00:00+00:00,16529784.0,16602368.0,16528042.0,16560740.0,154507673600,16529784.0
2025-11-03 08:30:00+00:00,16574151.0,16576790.0,16499844.0,16530656.0,281734021120,16574151.0
2025-11-03 09:00:00+00:00,16547974.0,16622973.0,16543585.0,16577618.0,194307948544,16547974.0
2025-11-03 09:30:00+00:00,16513040.0,16555359.0,16510034.0,16553760.0,17311989760,16513040.0
2025-11-03 10:00:00+00:00,16583552.0,16583552.0,16528263.0,16528805.0,233587605504,16583552.0
2025-11-03 10:30:00+00:00,16530207.0,16581218.0,16522674.0,16581218.0,101371084800,16530207.0
2025-11-03 11:00:00+00:00,16569179.0,16605411.0,16482699.0,16516689.0,389606801408,16569179.0
2025-11-03 11:30:00+00:00,16616096.0,16628104.0,16569530.0,16569530.0,266136453120,16616096.0
2025-11-03 12:00:00+00:00,16680736.0,16680736.0,16614601.0,16614601.0,117150580736,16680736.0
2025-11-03 12:30:00+00:00,16616878.0,16683902.0,16612168.0,16680357.0,333537345536,16616878.0
2025-11-03 13:00:00+00:00,16606779.0,16614811.0,16596472.0,16611950.0,38537789440,16606779.0
2025-11-03 13:30:00+00:00,16640698.0,16661183.0,16607144.0,16607144.0,128815988736,16640698.0
2025-11-03 14:00:00+00:00,16598044.0,16699390.0,16598044.0,16639600.0,214778773504,16598044.0
2025-11-03 14:30:00+00:00,16642150.0,16642150.0,16565856.0,16597278.0,313600770048,16642150.0
2025-11-03 15:00:00+00:00,16382828.0,16640265.0,16382828.0,16640265.0,444097101824,16382828.0
2025-11-03 15:30:00+00:00,16308104.0,16407899.0,16273598.0,16309276.0,821568208896,16308104.0
2025-11-03 16:00:00+00:00,16384361.0,16420469.0,16237390.0,16292107.0,565624438784,16384361.0
2025-11-03 16:30:00+00:00,16449007.0,16449007.0,16378631.0,16384078.0,416547864576,16449007.0
2025-11-03 17:00:00+00:00,16517467.0,16573524.0,16421892.0,16444499.0,242156044288,16517467.0
2025-11-03 17:30:00+00:00,16557505.0,16590897.0,16499835.0,16499835.0,250614906880,16557505.0
2025-11-03 18:00:00+00:00,16543212.0,16576360.0,16513307.0,16566067.0,343682318336,16543212.0
2025-11-03 18:30:00+00:00,16491095.0,16549796.0,16469692.0,16536957.0,290452406272,16491095.0
2025-11-03 19:00:00+00:00,16490924.0,16506161.0,16438287.0,16490379.0,319881740288,16490924.0
2025-11-03 19:30:00+00:00,16515566.0,16551356.0,16483933.0,16483933.0,163834757120,16515566.0
2025-11-03 20:00:00+00:00,16435594.0,16515958.0,16428163.0,16502954.0,213498462208,16435594.0
2025-11-03 20:30:00+00:00,16401122.0,16481616.0,16401122.0,16460078.0,294995886080,16401122.0
2025-11-03 21:00:00+00:00,16425842.0,16503291.0,16388516.0,16409406.0,309212479488,16425842.0
2025-11-03 21:30:00+00:00,16472774.0,16497182.0,16432068.0,16436624.0,263642415104,16472774.0
2025-11-03 22:00:00+00:00,16383165.0,16478888.0,16383032.0,16472629.0,147908984832,16383165.0
2025-11-03 22:30:00+00:00,16400950.0,16436824.0,16334260.0,16382621.0,238165164032,16400950.0
2025-11-03 23:00:00+00:00,16415715.0,16416498.0,16351828.0,16413203.0,145487822848,16415715.0
2025-11-03 23:30:00+00:00,16437104.0,16450534.0,16413131.0,16415743.0,73144467456,16437104.0
2025-11-04 00:00:00+00:00,16341051.0,16439982.0,16341051.0,16430197.0,136575975424,16341051.0
2025-11-04 00:30:00+00:00,16420008.0,16471766.0,16336653.0,16336653.0,254586912768,16420008.0
2025-11-04 01:00:00+00:00,16508639.0,16525683.0,16418255.0,16418255.0,274248761344,16508639.0
2025-11-04 01:30:00+00:00,16527234.0,16547685.0,16470688.0,16494227.0,151328391168,16527234.0
2025-11-04 02:00:00+00:00,16505288.0,16532847.0,16470923.0,16519760.0,255514902528,16505288.0
2025-11-04 02:30:00+00:00,16417681.0,16505455.0,16417681.0,16505455.0,0,16417681.0
2025-11-04 03:00:00+00:00,16485776.0,16485776.0,16375775.0,16414317.0,175916449792,16485776.0
2025-11-04 03:30:00+00:00,16509376.0,16509376.0,16465347.0,16483489.0,48273293312,16509376.0
2025-11-04 04:00:00+00:00,16467965.0,16522473.0,16467965.0,16508202.0,84477476864,16467965.0
2025-11-04 04:30:00+00:00,16445791.0,16470839.0,16429550.0,16462714.0,193953005568,16445791.0
2025-11-04 05:00:00+00:00,16231449.0,16443633.0,16231449.0,16443633.0,217718980608,16231449.0
2025-11-04 05:30:00+00:00,16023746.0,16250022.0,16023746.0,16229911.0,457441280000,16023746.0
2025-11-04 06:00:00+00:00,16103146.0,16157953.0,16022940.0,16022993.0,419188178944,16103146.0
2025-11-04 06:30:00+00:00,16075352.0,16103758.0,16046288.0,16103758.0,35300311040,16075352.0
2025-11-04 07:00:00+00:00,16017932.0,16106232.0,16017932.0,16088918.0,313052364800,16017932.0
2025-11-04 07:30:00+00:00,16053280.0,16053750.0,16004060.0,16009637.0,241033019392,16053280.0
2025-11-04 08:00:00+00:00,15999396.0,16049334.0,15920486.0,16049334.0,260767219712,15999396.0
2025-11-04 08:30:00+00:00,15979643.0,16061669.0,15974887.0,15994917.0,290519515136,15979643.0
2025-11-04 09:00:00+00:00,15962000.0,15982050.0,15927624.0,15982050.0,134941245440,15962000.0
2025-11-04 09:30:00+00:00,15919282.0,15976097.0,15909897.0,15961779.0,228137631744,15919282.0
2025-11-04 10:00:00+00:00,15924151.0,15925793.0,15895351.0,15906662.0,200992096256,15924151.0
2025-11-04 10:30:00+00:00,15936244.0,15963691.0,15907980.0,15923990.0,216867536896,15936244.0
2025-11-04 11:00:00+00:00,16007226.0,16017842.0,15937658.0,15937658.0,50042241024,16007226.0
2025-11-04 11:30:00+00:00,16047889.0,16052151.0,15997777.0,16005689.0,517558239232,16047889.0
2025-11-04 12:00:00+00:00,15985808.0,16058968.0,15946119.0,16052404.0,440083152896,15985808.0
2025-11-04 12:30:00+00:00,15948245.0,15980216.0,15942633.0,15976815.0,194530770944,15948245.0
2025-11-04 13:00:00+00:00,15903965.0,15944641.0,15890384.0,15941477.0,134982139904,15903965.0
2025-11-04 13:30:00+00:00,15939581.0,15973371.0,15930008.0,15930008.0,168636186624,15939581.0
2025-11-04 14:00:00+00:00,15915651.0,15951723.0,15905006.0,15932535.0,27928821760,15915651.0
2025-11-04 14:30:00+00:00,16028207.0,16052500.0,15803323.0,15919599.0,533190410240,16028207.0
2025-11-04 15:00:00+00:00,16046598.0,16072910.0,15989371.0,16046381.0,89806340096,16046598.0
2025-11-04 15:30:00+00:00,15852022.0,16029315.0,15852022.0,16029315.0,25532825600,15852022.0
2025-11-04 16:00:00+00:00,15768529.0,15866851.0,15732071.0,15854346.0,73323773952,15768529.0
2025-11-04 16:30:00+00:00,15683203.0,15785420.0,15683203.0,15769644.0,292101816320,15683203.0
2025-11-04 17:00:00+00:00,15558097.0,15664061.0,15495885.0,15664061.0,479490736128,15558097.0
2025-11-04 17:30:00+00:00,15533228.0,15641436.0,15452676.0,15613135.0,459538432000,15533228.0
2025-11-04 18:00:00+00:00,15375476.0,15515021.0,15375476.0,15503816.0,668906553344,15375476.0
2025-11-04 18:30:00+00:00,15573674.0,15573674.0,15363755.0,15363755.0,202701275136,15573674.0
2025-11-04 19:00:00+00:00,15526647.0,15593007.0,15497841.0,15565656.0,234161700864,15526647.0
2025-11-04 19:30:00+00:00,15431211.0,15506624.0,15431211.0,15493268.0,283216183296,15431211.0
2025-11-04 20:00:00+00:00,15418643.0,15463701.0,15320336.0,15432901.0,760816336896,15418643.0
2025-11-04 20:30:00+00:00,15460495.0,15512958.0,15393432.0,15418894.0,458036871168,15460495.0
2025-11-04 21:00:00+00:00,15305671.0,15481557.0,15305671.0,15434793.0,804244160512,15305671.0
2025-11-04 21:30:00+00:00,15418792.0,15418792.0,15219268.0,15266090.0,821802565632,15418792.0
2025-11-04 22:00:00+00:00,15530273.0,15557163.0,15426564.0,15458231.0,228892606464,15530273.0
2025-11-04 22:30:00+00:00,15543119.0,15617352.0,15517903.0,15529768.0,383788253184,15543119.0
2025-11-04 23:00:00+00:00,15557922.0,15594161.0,15513571.0,15545830.0,318652809216,15557922.0
2025-11-04 23:30:00+00:00,15596806.0,15612111.0,15536017.0,15556201.0,263879393280,15596806.0
2025-11-05 00:00:00+00:00,15520547.0,15630449.0,15515635.0,15587306.0,242790432768,15520547.0
2025-11-05 00:30:00+00:00,15415270.0,15506299.0,15401363.0,15506299.0,46035632128,15415270.0
2025-11-05 01:00:00+00:00,15172091.0,15410500.0,15172091.0,15410500.0,165280743424,15172091.0
2025-11-05 01:30:00+00:00,15469975.0,15469975.0,15152255.0,15230580.0,536017371136,15469975.0
2025-11-05 02:00:00+00:00,15509726.0,15536674.0,15465851.0,15493575.0,362133061632,15509726.0
2025-11-05 02:30:00+00:00,15570487.0,15601636.0,15500484.0,15505475.0,602945880064,15570487.0
2025-11-05 03:00:00+00:00,15653636.0,15660529.0,15566197.0,15609202.0,153427640320,15653636.0
2025-11-05 03:30:00+00:00,15664363.0,15695750.0,15649818.0,15649818.0,457718104064,15664363.0
2025-11-05 04:00:00+00:00,15591389.0,15672363.0,15591389.0,15660923.0,135134183424,15591389.0
2025-11-05 04:30:00+00:00,15646839.0,15675666.0,15585650.0,15585650.0,304978329600,15646839.0
2025-11-05 05:00:00+00:00,15642605.0,15701259.0,15617600.0,15651845.0,198677889024,15642605.0
2025-11-05 05:30:00+00:00,15626415.0,15663077.0,15600103.0,15649178.0,253273047040,15626415.0
2025-11-05 06:00:00+00:00,15653700.0,15653700.0,15591165.0,15624022.0,56096718848,15653700.0
2025-11-05 06:30:00+00:00,15692519.0,15693454.0,15636754.0,15657767.0,68214063104,15692519.0
2025-11-05 07:00:00+00:00,15638170.0,15689854.0,15619680.0,15689854.0,600432443392,15638170.0
2025-11-05 07:30:00+00:00,15627245.0,15673746.0,15618097.0,15628270.0,0,15627245.0
2025-11-05 08:00:00+00:00,15617725.0,15627586.0,15541827.0,15627586.0,2251292672,15617725.0
2025-11-05 08:30:00+00:00,15597378.0,15623031.0,15556061.0,15614145.0,206061961216,15597378.0
2025-11-05 09:00:00+00:00,15641615.0,15680061.0,15606921.0,15630919.0,271433334784,15641615.0
2025-11-05 09:30:00+00:00,15668855.0,15674737.0,15630535.0,15641884.0,0,15668855.0
2025-11-05 10:00:00+00:00,15643927.0,15678050.0,15633281.0,15655415.0,28914483200,15643927.0
2025-11-05 10:30:00+00:00,15587633.0,15649971.0,15568920.0,15648080.0,40004222976,15587633.0
2025-11-05 11:00:00+00:00,15607548.0,15630509.0,15595365.0,15595365.0,55292461056,15607548.0
2025-11-05 11:30:00+00:00,15668033.0,15680789.0,15611274.0,15611274.0,192363364352,15668033.0
2025-11-05 12:00:00+00:00,15732417.0,15765897.0,15662571.0,15678816.0,2833252352,15732417.0
2025-11-05 12:30:00+00:00,15774930.0,15785866.0,15729508.0,15754636.0,347329265664,15774930.0
2025-11-05 13:00:00+00:00,15770389.0,15794509.0,15738626.0,15779152.0,750401880064,15770389.0
2025-11-05 13:30:00+00:00,15853712.0,15886763.0,15757266.0,15774329.0,161841414144,15853712.0
2025-11-05 14:00:00+00:00,15804054.0,15857921.0,15795598.0,15855969.0,243362955264,15804054.0
2025-11-05 14:30:00+00:00,15898167.0,15916419.0,15749690.0,15808017.0,55909023744,15898167.0
2025-11-05 15:00:00+00:00,15931828.0,15946904.0,15865349.0,15884225.0,548091723776,15931828.0
2025-11-05 15:30:00+00:00,15991797.0,16005246.0,15932475.0,15932810.0,56679727104,15991797.0
2025-11-05 16:00:00+00:00,15949442.0,16004763.0,15906883.0,15999492.0,0,15949442.0
2025-11-05 16:30:00+00:00,16015601.0,16026205.0,15962710.0,15962710.0,47939846144,16015601.0
2025-11-05 17:00:00+00:00,16020472.0,16020472.0,15935620.0,16014104.0,0,16020472.0
2025-11-05 17:30:00+00:00,15996496.0,16020329.0,15955260.0,16020329.0,139521425408,15996496.0
2025-11-05 18:00:00+00:00,16030061.0,16030061.0,15984339.0,15997430.0,0,16030061.0
2025-11-05 18:30:00+00:00,16076916.0,16091076.0,16034932.0,16037160.0,37916508160,16076916.0
2025-11-05 19:00:00+00:00,16077422.0,16093486.0,16042254.0,16076738.0,37129027584,16077422.0
2025-11-05 19:30:00+00:00,16042355.0,16093414.0,16028986.0,16064275.0,426874241024,16042355.0
2025-11-05 20:00:00+00:00,16051512.0,16103031.0,16025100.0,16040521.0,0,16051512.0
2025-11-05 20:30:00+00:00,16003311.0,16035936.0,15990426.0,16035936.0,0,16003311.0
2025-11-05 21:00:00+00:00,15968460.0,16008399.0,15968460.0,16007660.0,0,15968460.0
2025-11-05 21:30:00+00:00,15977569.0,15988334.0,15962234.0,15969017.0,0,15977569.0
2025-11-05 22:00:00+00:00,15940671.0,15977905.0,15923953.0,15977576.0,0,15940671.0
2025-11-05 22:30:00+00:00,15986619.0,15986811.0,15922720.0,15927894.0,54301556736,15986619.0
2025-11-05 23:00:00+00:00,16010725.0,16010869.0,15972953.0,15988316.0,0,16010725.0
2025-11-05 23:30:00+00:00,16011625.0,16032405.0,16003434.0,16010590.0,315725185024,16011625.0
2025-11-06 00:00:00+00:00,15912821.0,16009484.0,15906818.0,16009484.0,25524436992,15912821.0
2025-11-06 00:30:00+00:00,15953948.0,15958295.0,15913023.0,15913023.0,77238108160,15953948.0
2025-11-06 01:00:00+00:00,15830125.0,15954057.0,15829135.0,15950696.0,315109670912,15830125.0
2025-11-06 01:30:00+00:00,15912606.0,15927554.0,15822960.0,15824009.0,13208911872,15912606.0
2025-11-06 02:00:00+00:00,15829284.0,15905518.0,15827807.0,15905518.0,0,15829284.0
2025-11-06 02:30:00+00:00,15932352.0,15936779.0,15843292.0,15843292.0,8363442176,15932352.0
2025-11-06 03:00:00+00:00,15962972.0,15990351.0,15914142.0,15928304.0,23335010304,15962972.0
2025-11-06 03:30:00+00:00,15956303.0,15963733.0,15941913.0,15945413.0,0,15956303.0
2025-11-06 04:00:00+00:00,15975489.0,15979360.0,15938359.0,15953651.0,0,15975489.0
2025-11-06 04:30:00+00:00,16000931.0,16040282.0,15966169.0,15975358.0,49041899520,16000931.0
2025-11-06 05:00:00+00:00,15936293.0,16015847.0,15918175.0,16011653.0,231842250752,15936293.0
2025-11-06 05:30:00+00:00,15864444.0,15936867.0,15864444.0,15936867.0,16370368512,15864444.0
2025-11-06 06:00:00+00:00,15920697.0,15927503.0,15859546.0,15869244.0,28174188544,15920697.0
2025-11-06 06:30:00+00:00,15910643.0,15937105.0,15901962.0,15920773.0,45313163264,15910643.0
2025-11-06 07:00:00+00:00,15914280.0,15932315.0,15845651.0,15912800.0,30645682176,15914280.0
2025-11-06 07:30:00+00:00,15884369.0,15913843.0,15844451.0,15913843.0,252109127680,15884369.0
2025-11-06 08:00:00+00:00,15887329.0,15893583.0,15836167.0,15877236.0,17245929472,15887329.0
2025-11-06 08:30:00+00:00,15859414.0,15884364.0,15852747.0,15878413.0,1005584384,15859414.0
2025-11-06 09:00:00+00:00,15835282.0,15861282.0,15805522.0,15861282.0,379768012800,15835282.0
2025-11-06 09:30:00+00:00,15819422.0,15841937.0,15813792.0,15834741.0,102186876928,15819422.0
2025-11-06 10:00:00+00:00,15835148.0,15844407.0,15788309.0,15818744.0,175343927296,15835148.0
2025-11-06 10:30:00+00:00,15843426.0,15876882.0,15836992.0,15836992.0,113920442368,15843426.0
2025-11-06 11:00:00+00:00,15849613.0,15857947.0,15805669.0,15805669.0,144344875008,15849613.0
2025-11-06 11:30:00+00:00,15856516.0,15863248.0,15844835.0,15850429.0,44746932224,15856516.0
2025-11-06 12:00:00+00:00,15800915.0,15865019.0,15800255.0,15854361.0,240145924096,15800915.0
2025-11-06 12:30:00+00:00,15746568.0,15810116.0,15732884.0,15806689.0,701678747648,15746568.0
2025-11-06 13:00:00+00:00,15891797.0,15901315.0,15751294.0,15751294.0,161708244992,15891797.0
2025-11-06 13:30:00+00:00,15870800.0,15887538.0,15827915.0,15885934.0,92727672832,15870800.0
2025-11-06 14:00:00+00:00,15781307.0,15826473.0,15772896.0,15799593.0,137324658688,15781307.0
2025-11-06 14:30:00+00:00,15657020.0,15789298.0,15657020.0,15789298.0,248554455040,15657020.0
2025-11-06 15:00:00+00:00,15732992.0,15774041.0,15632238.0,15654622.0,171823857664,15732992.0
2025-11-06 15:30:00+00:00,15599909.0,15720979.0,15576796.0,15720979.0,288908902400,15599909.0
2025-11-06 16:00:00+00:00,15577544.0,15653342.0,15537649.0,15610427.0,348062220288,15577544.0
2025-11-06 16:30:00+00:00,15430777.0,15582656.0,15355786.0,15580120.0,182983852032,15430777.0
2025-11-06 17:00:00+00:00,15494686.0,15501935.0,15416905.0,15428370.0,513434189824,15494686.0
2025-11-06 17:30:00+00:00,15561317.0,15577280.0,15472922.0,15495591.0,63026757632,15561317.0
2025-11-06 18:00:00+00:00,15510656.0,15569426.0,15442520.0,15569426.0,409854803968,15510656.0
2025-11-06 18:30:00+00:00,15576602.0,15648213.0,15503948.0,15503948.0,37877710848,15576602.0
2025-11-06 19:00:00+00:00,15574739.0,15605782.0,15554256.0,15565461.0,391322271744,15574739.0
2025-11-06 19:30:00+00:00,15532250.0,15591092.0,15497927.0,15586547.0,41894805504,15532250.0
2025-11-06 20:00:00+00:00,15501441.0,15546864.0,15479762.0,15542061.0,193169719296,15501441.0
2025-11-06 20:30:00+00:00,15443966.0,15497835.0,15412220.0,15497835.0,45164265472,15443966.0
2025-11-06 21:00:00+00:00,15421060.0,15447215.0,15386369.0,15434919.0,238286798848,15421060.0
2025-11-06 21:30:00+00:00,15468080.0,15485909.0,15425359.0,15425359.0,115091701760,15468080.0
2025-11-06 22:00:00+00:00,15495045.0,15507579.0,15457318.0,15470227.0,454503170048,15495045.0
2025-11-06 22:30:00+00:00,15518467.0,15518467.0,15465034.0,15465034.0,176515186688,15518467.0
2025-11-06 23:00:00+00:00,15484900.0,15519530.0,15471463.0,15519530.0,256988151808,15484900.0
2025-11-06 23:30:00+00:00,15494542.0,15496812.0,15464489.0,15481843.0,83044073472,15494542.0
2025-11-07 00:00:00+00:00,15426291.0,15548143.0,15426291.0,15491138.0,511416729600,15426291.0
2025-11-07 00:30:00+00:00,15529775.0,15549129.0,15417870.0,15417870.0,494151925760,15529775.0
2025-11-07 01:00:00+00:00,15590253.0,15610194.0,15487936.0,15528201.0,423811350528,15590253.0
2025-11-07 01:30:00+00:00,15521316.0,15580203.0,15460413.0,15577917.0,386023817216,15521316.0
2025-11-07 02:00:00+00:00,15493765.0,15546750.0,15493765.0,15532524.0,108793954304,15493765.0
2025-11-07 02:30:00+00:00,15591215.0,15591215.0,15490419.0,15496014.0,205950812160,15591215.0
2025-11-07 03:00:00+00:00,15644650.0,15667673.0,15590561.0,15591111.0,185416548352,15644650.0
2025-11-07 03:30:00+00:00,15594766.0,15652275.0,15594766.0,15643524.0,123532738560,15594766.0
2025-11-07 04:00:00+00:00,15614031.0,15615419.0,15542476.0,15595909.0,482085961728,15614031.0
2025-11-07 04:30:00+00:00,15599624.0,15611779.0,15572825.0,15611779.0,557027688448,15599624.0
2025-11-07 05:00:00+00:00,15669287.0,15686152.0,15614930.0,15614930.0,51780780032,15669287.0
2025-11-07 05:30:00+00:00,15701085.0,15701085.0,15665016.0,15669287.0,293977718784,15701085.0
2025-11-07 06:00:00+00:00,15696032.0,15715764.0,15683558.0,15698572.0,163491872768,15696032.0
2025-11-07 06:30:00+00:00,15635409.0,15692521.0,15632597.0,15692521.0,200895627264,15635409.0
2025-11-07 07:00:00+00:00,15604151.0,15642751.0,15601128.0,15633810.0,150146646016,15604151.0
2025-11-07 07:30:00+00:00,15641448.0,15646770.0,15590626.0,15616939.0,332944900096,15641448.0
2025-11-07 08:00:00+00:00,15625465.0,15641236.0,15603280.0,15641218.0,193647869952,15625465.0
2025-11-07 08:30:00+00:00,15575966.0,15623826.0,15570021.0,15623826.0,87105208320,15575966.0
2025-11-07 09:00:00+00:00,15497798.0,15577486.0,15497798.0,15577486.0,90624229376,15497798.0
2025-11-07 09:30:00+00:00,15487942.0,15509966.0,15468397.0,15494976.0,193877508096,15487942.0
2025-11-07 10:00:00+00:00,15442412.0,15527650.0,15437951.0,15483223.0,180308934656,15442412.0
2025-11-07 10:30:00+00:00,15435493.0,15470855.0,15416850.0,15443877.0,186418987008,15435493.0
2025-11-07 11:00:00+00:00,15293667.0,15449105.0,15293667.0,15443365.0,170430300160,15293667.0
2025-11-07 11:30:00+00:00,15365707.0,15388565.0,15285677.0,15285677.0,577379500032,15365707.0
2025-11-07 12:00:00+00:00,15305505.0,15393727.0,15302712.0,15361146.0,372368211968,15305505.0
2025-11-07 12:30:00+00:00,15246414.0,15294486.0,15200706.0,15286741.0,426428596224,15246414.0
2025-11-07 13:00:00+00:00,15346498.0,15374427.0,15216312.0,15242249.0,174425374720,15346498.0
2025-11-07 13:30:00+00:00,15375340.0,15411004.0,15323174.0,15331492.0,736704331776,15375340.0
2025-11-07 14:00:00+00:00,15381383.0,15397286.0,15328930.0,15377095.0,429624655872,15381383.0
2025-11-07 14:30:00+00:00,15438793.0,15438793.0,15260655.0,15375003.0,423605829632,15438793.0
2025-11-07 15:00:00+00:00,15471650.0,15499256.0,15368188.0,15433974.0,390414204928,15471650.0
2025-11-07 15:30:00+00:00,15450078.0,15462435.0,15364534.0,15461724.0,432549134336,15450078.0
2025-11-07 16:00:00+00:00,15537988.0,15537988.0,15380349.0,15430749.0,59224621056,15537988.0
2025-11-07 16:30:00+00:00,15449902.0,15543004.0,15449902.0,15532879.0,68280123392,15449902.0
2025-11-07 17:00:00+00:00,15672170.0,15672170.0,15444248.0,15453125.0,171165351936,15672170.0
2025-11-07 17:30:00+00:00,15663246.0,15718697.0,15592915.0,15646011.0,630678618112,15663246.0
2025-11-07 18:00:00+00:00,15718235.0,15733120.0,15660324.0,15660324.0,237213057024,15718235.0
2025-11-07 18:30:00+00:00,15716635.0,15735967.0,15662272.0,15718953.0,312305778688,15716635.0
2025-11-07 19:00:00+00:00,15765264.0,15765264.0,15702725.0,15724973.0,71804387328,15765264.0
2025-11-07 19:30:00+00:00,15848378.0,15848378.0,15758736.0,15758736.0,377292324864,15848378.0
2025-11-07 20:00:00+00:00,15829872.0,15870770.0,15797044.0,15854589.0,196886921216,15829872.0
2025-11-07 20:30:00+00:00,15917423.0,15929018.0,15837416.0,15837416.0,574470750208,15917423.0
2025-11-07 21:00:00+00:00,15868746.0,15920968.0,15863275.0,15920968.0,748268027904,15868746.0
2025-11-07 21:30:00+00:00,15928257.0,15929762.0,15865593.0,15865694.0,432345710592,15928257.0
2025-11-07 22:00:00+00:00,15963257.0,15964078.0,15909738.0,15931803.0,343300636672,15963257.0
2025-11-07 22:30:00+00:00,15915486.0,15958896.0,15909363.0,15958896.0,488192868352,15915486.0
2025-11-07 23:00:00+00:00,15881950.0,15915254.0,15871945.0,15913427.0,278690529280,15881950.0
2025-11-07 23:30:00+00:00,15872461.0,15904560.0,15868348.0,15889521.0,98591309824,15872461.0
2025-11-08 00:00:00+00:00,15825413.0,15870264.0,15825413.0,15864004.0,6868172800,15825413.0
2025-11-08 00:30:00+00:00,15768456.0,15827829.0,15755826.0,15821677.0,162729558016,15768456.0
2025-11-08 01:00:00+00:00,15803388.0,15816851.0,15756431.0,15756431.0,197721587712,15803388.0
2025-11-08 01:30:00+00:00,15805182.0,15837725.0,15784728.0,15806907.0,414550327296,15805182.0
2025-11-08 02:00:00+00:00,15845212.0,15849328.0,15799059.0,15805301.0,120037834752,15845212.0
2025-11-08 02:30:00+00:00,15789923.0,15854221.0,15773390.0,15845063.0,2860515328,15789923.0
2025-11-08 03:00:00+00:00,15830564.0,15846761.0,15787715.0,15787715.0,209514921984,15830564.0
2025-11-08 03:30:00+00:00,15753720.0,15818888.0,15743754.0,15818888.0,13531873280,15753720.0
2025-11-08 04:00:00+00:00,15733537.0,15763403.0,15733537.0,15758382.0,265276096512,15733537.0
2025-11-08 04:30:00+00:00,15743137.0,15776501.0,15716657.0,15734609.0,198439862272,15743137.0
2025-11-08 05:00:00+00:00,15734099.0,15759104.0,15725293.0,15740481.0,11775508480,15734099.0
2025-11-08 05:30:00+00:00,15706601.0,15739194.0,15705053.0,15732726.0,145415471104,15706601.0
2025-11-08 06:00:00+00:00,15699189.0,15717891.0,15678695.0,15701108.0,601828098048,15699189.0
2025-11-08 06:30:00+00:00,15691140.0,15733450.0,15691140.0,15706154.0,153002967040,15691140.0
2025-11-08 07:00:00+00:00,15664710.0,15704985.0,15648013.0,15689546.0,11631853568,15664710.0
2025-11-08 07:30:00+00:00,15707867.0,15712842.0,15663555.0,15671673.0,125146497024,15707867.0
2025-11-08 08:00:00+00:00,15725613.0,15730972.0,15684016.0,15709184.0,151740481536,15725613.0
2025-11-08 08:30:00+00:00,15725122.0,15756709.0,15722622.0,15728887.0,56151244800,15725122.0
2025-11-08 09:00:00+00:00,15727917.0,15729330.0,15694301.0,15714580.0,0,15727917.0
2025-11-08 09:30:00+00:00,15715652.0,15745321.0,15707586.0,15728159.0,161205977088,15715652.0
2025-11-08 10:00:00+00:00,15733346.0,15733631.0,15702098.0,15714290.0,92603940864,15733346.0
2025-11-08 10:30:00+00:00,15734420.0,15740704.0,15726959.0,15732606.0,11086594048,15734420.0
2025-11-08 11:00:00+00:00,15739259.0,15750998.0,15728214.0,15728214.0,76280758272,15739259.0
2025-11-08 11:30:00+00:00,15633302.0,15732569.0,15624749.0,15732569.0,0,15633302.0
2025-11-08 12:00:00+00:00,15658063.0,15662587.0,15620565.0,15627453.0,236764266496,15658063.0
2025-11-08 12:30:00+00:00,15657419.0,15661766.0,15634745.0,15655207.0,0,15657419.0
2025-11-08 13:00:00+00:00,15670719.0,15678455.0,15623394.0,15650265.0,81601232896,15670719.0
2025-11-08 13:30:00+00:00,15626601.0,15673235.0,15626601.0,15669124.0,241798479872,15626601.0
2025-11-08 14:00:00+00:00,15612492.0,15630740.0,15573794.0,15626642.0,25897730048,15612492.0
2025-11-08 14:30:00+00:00,15633890.0,15664510.0,15598351.0,15598351.0,226733588480,15633890.0
2025-11-08 15:00:00+00:00,15585262.0,15643766.0,15578789.0,15633890.0,14854127616,15585262.0
2025-11-08 15:30:00+00:00,15612192.0,15614755.0,15583449.0,15593023.0,61704503296,15612192.0
2025-11-08 16:00:00+00:00,15633621.0,15646486.0,15590204.0,15617260.0,62739447808,15633621.0
2025-11-08 16:30:00+00:00,15622801.0,15647461.0,15606480.0,15633621.0,79457943552,15622801.0
2025-11-08 17:00:00+00:00,15630513.0,15636175.0,15585896.0,15636175.0,102303268864,15630513.0
2025-11-08 17:30:00+00:00,15656014.0,15656014.0,15624803.0,15628923.0,155066564608,15656014.0
2025-11-08 18:00:00+00:00,15655432.0,15658834.0,15620877.0,15654839.0,158932664320,15655432.0
2025-11-08 18:30:00+00:00,15692564.0,15692564.0,15647461.0,15671702.0,10445914112,15692564.0
2025-11-08 19:00:00+00:00,15614003.0,15687558.0,15593672.0,15671971.0,42226155520,15614003.0
2025-11-08 19:30:00+00:00,15649388.0,15660522.0,15616881.0,15627540.0,78340685824,15649388.0
2025-11-08 20:00:00+00:00,15673768.0,15673768.0,15648837.0,15654722.0,132759158784,15673768.0
2025-11-08 20:30:00+00:00,15665088.0,15681172.0,15654780.0,15670535.0,206489255936,15665088.0
2025-11-08 21:00:00+00:00,15656718.0,15676330.0,15649940.0,15666510.0,793247744,15656718.0
2025-11-08 21:30:00+00:00,15702167.0,15712247.0,15673522.0,15674052.0,151354605568,15702167.0
2025-11-08 22:00:00+00:00,15709296.0,15712011.0,15679716.0,15701720.0,219930951680,15709296.0
2025-11-08 22:30:00+00:00,15719185.0,15722450.0,15688873.0,15707657.0,243153764352,15719185.0
2025-11-08 23:00:00+00:00,15723807.0,15723807.0,15693338.0,15717709.0,110701314048,15723807.0
2025-11-08 23:30:00+00:00,15705146.0,15731500.0,15690869.0,15725792.0,112399482880,15705146.0
2025-11-09 00:00:00+00:00,15617692.0,15708822.0,15612112.0,15705714.0,134137511936,15617692.0
2025-11-09 00:30:00+00:00,15625808.0,15667974.0,15623007.0,15623007.0,270006222848,15625808.0
2025-11-09 01:00:00+00:00,15625328.0,15658507.0,15624834.0,15624834.0,30539251712,15625328.0
2025-11-09 01:30:00+00:00,15667986.0,15670053.0,15605078.0,15625328.0,2782396416,15667986.0
2025-11-09 02:00:00+00:00,15642345.0,15665435.0,15624851.0,15665435.0,111465725952,15642345.0
2025-11-09 02:30:00+00:00,15602698.0,15642213.0,15602698.0,15642213.0,136698134528,15602698.0
2025-11-09 03:00:00+00:00,15580036.0,15628176.0,15580036.0,15602294.0,169885040640,15580036.0
2025-11-09 03:30:00+00:00,15607986.0,15616189.0,15570590.0,15595489.0,147649462272,15607986.0
2025-11-09 04:00:00+00:00,15664228.0,15669136.0,15605167.0,15605504.0,372304248832,15664228.0
2025-11-09 04:30:00+00:00,15615846.0,15669869.0,15610656.0,15667835.0,124902703104,15615846.0
2025-11-09 05:00:00+00:00,15644557.0,15644557.0,15609513.0,15615751.0,130541420544,15644557.0
2025-11-09 05:30:00+00:00,15643455.0,15647968.0,15625055.0,15647968.0,41737519104,15643455.0
2025-11-09 06:00:00+00:00,15641171.0,15648152.0,15625755.0,15643795.0,92177694720,15641171.0
2025-11-09 06:30:00+00:00,15615514.0,15647906.0,15615514.0,15640517.0,119465312256,15615514.0
2025-11-09 07:00:00+00:00,15628520.0,15637788.0,15603900.0,15603900.0,130135621632,15628520.0
2025-11-09 07:30:00+00:00,15644000.0,15646975.0,15617170.0,15626224.0,146007392256,15644000.0
2025-11-09 08:00:00+00:00,15642893.0,15661484.0,15623060.0,15649663.0,236759023616,15642893.0
2025-11-09 08:30:00+00:00,15640433.0,15660643.0,15633500.0,15643442.0,206782857216,15640433.0
2025-11-09 09:00:00+00:00,15660973.0,15679633.0,15652177.0,15655644.0,244462911488,15660973.0
2025-11-09 09:30:00+00:00,15610852.0,15658447.0,15604235.0,15651873.0,23526375424,15610852.0
2025-11-09 10:00:00+00:00,15621577.0,15621577.0,15586926.0,15606048.0,66862448640,15621577.0
2025-11-09 10:30:00+00:00,15634912.0,15640843.0,15586230.0,15618343.0,403104595968,15634912.0
2025-11-09 11:00:00+00:00,15692452.0,15698879.0,15632702.0,15638511.0,92587163648,15692452.0
2025-11-09 11:30:00+00:00,15690563.0,15702474.0,15664883.0,15692452.0,211740524544,15690563.0
2025-11-09 12:00:00+00:00,15690250.0,15720622.0,15678180.0,15693664.0,156899999744,15690250.0
2025-11-09 12:30:00+00:00,15670173.0,15699278.0,15670173.0,15686900.0,167321796608,15670173.0
2025-11-09 13:00:00+00:00,15732357.0,15732357.0,15666048.0,15671603.0,231543406592,15732357.0
2025-11-09 13:30:00+00:00,15796369.0,15810662.0,15734189.0,15735107.0,180681703424,15796369.0
2025-11-09 14:00:00+00:00,15910670.0,15910670.0,15780662.0,15799971.0,149126381568,15910670.0
2025-11-09 14:30:00+00:00,15819564.0,15965100.0,15819564.0,15938018.0,549718589440,15819564.0
2025-11-09 15:00:00+00:00,15886870.0,15900715.0,15811352.0,15811352.0,326096125952,15886870.0
2025-11-09 15:30:00+00:00,15931597.0,15970633.0,15886870.0,15886870.0,256523108352,15931597.0
2025-11-09 16:00:00+00:00,15892037.0,15941387.0,15870612.0,15927339.0,202324836352,15892037.0
2025-11-09 16:30:00+00:00,15940810.0,15940810.0,15856305.0,15890152.0,243840057344,15940810.0
2025-11-09 17:00:00+00:00,15886735.0,15955714.0,15874328.0,15940992.0,620431933440,15886735.0
2025-11-09 17:30:00+00:00,15907442.0,15933758.0,15874815.0,15895402.0,448940474368,15907442.0
2025-11-09 18:00:00+00:00,15885857.0,15924291.0,15868812.0,15910015.0,449485209600,15885857.0
2025-11-09 18:30:00+00:00,16043464.0,16043464.0,15884858.0,15885857.0,287285182464,16043464.0
2025-11-09 19:00:00+00:00,16003235.0,16054643.0,16003235.0,16046653.0,59799240704,16003235.0
