timestamp,close,high,low,open,volume,adj_close
2025-09-11 00:00:00+00:00,16788430.0,16800188.0,16788430.0,16791304.0,13608943616,16788430.0
2025-09-11 00:15:00+00:00,16784664.0,16792368.0,16780900.0,16786312.0,6290931712,16784664.0
2025-09-11 00:30:00+00:00,16769828.0,16782700.0,16764972.0,16781886.0,14545321984,16769828.0
2025-09-11 00:45:00+00:00,16796358.0,16796358.0,16770301.0,16771919.0,0,16796358.0
2025-09-11 01:00:00+00:00,16807588.0,16807588.0,16790840.0,16795710.0,8652324864,16807588.0
2025-09-11 01:15:00+00:00,16798722.0,16823338.0,16798722.0,16810226.0,27528790016,16798722.0
2025-09-11 01:30:00+00:00,16788862.0,16812890.0,16779502.0,16801204.0,227280420864,16788862.0
2025-09-11 01:45:00+00:00,16794504.0,16796366.0,16782018.0,16788378.0,122526105600,16794504.0
2025-09-11 02:00:00+00:00,16793998.0,16793998.0,16778926.0,16792674.0,127581290496,16793998.0
2025-09-11 02:15:00+00:00,16776517.0,16797404.0,16775655.0,16797404.0,2306342912,16776517.0
2025-09-11 02:30:00+00:00,16794360.0,16800052.0,16772842.0,16773139.0,3365404672,16794360.0
2025-09-11 02:45:00+00:00,16791330.0,16794570.0,16788986.0,16794280.0,118538371072,16791330.0
2025-09-11 03:00:00+00:00,16801456.0,16801456.0,16785954.0,16791688.0,7475822592,16801456.0
2025-09-11 03:15:00+00:00,16832328.0,16832988.0,16797250.0,16797250.0,31868321792,16832328.0
2025-09-11 03:30:00+00:00,16843008.0,16843008.0,16819866.0,16830118.0,124607528960,16843008.0
2025-09-11 03:45:00+00:00,16869848.0,16870248.0,16840972.0,16840972.0,62918754304,16869848.0
2025-09-11 04:00:00+00:00,16846248.0,16870034.0,16844864.0,16870034.0,159739019264,16846248.0
2025-09-11 04:15:00+00:00,16845572.0,16849434.0,16831598.0,16843822.0,331273469952,16845572.0
2025-09-11 04:30:00+00:00,16837576.0,16844200.0,16824804.0,16844200.0,213400420352,16837576.0
2025-09-11 04:45:00+00:00,16829926.0,16835010.0,16825330.0,16833076.0,2789736448,16829926.0
2025-09-11 05:00:00+00:00,16834182.0,16840280.0,16827128.0,16831168.0,114654445568,16834182.0
2025-09-11 05:15:00+00:00,16820518.0,16831456.0,16809786.0,16829348.0,139402412032,16820518.0
2025-09-11 05:30:00+00:00,16859532.0,16859532.0,16829730.0,16829730.0,22890938368,16859532.0
2025-09-11 05:45:00+00:00,16866974.0,16866974.0,16853256.0,16858920.0,24149753856,16866974.0
2025-09-11 06:00:00+00:00,16865226.0,16865226.0,16843980.0,16858488.0,111959605248,16865226.0
2025-09-11 06:15:00+00:00,16877996.0,16881084.0,16858604.0,16865994.0,7531921408,16877996.0
2025-09-11 06:30:00+00:00,16900760.0,16901848.0,16882304.0,16882304.0,6993477632,16900760.0
2025-09-11 06:45:00+00:00,16895710.0,16908554.0,16895710.0,16904916.0,115167723520,16895710.0
2025-09-11 07:00:00+00:00,16848420.0,16895690.0,16841188.0,16895690.0,7523008512,16848420.0
2025-09-11 07:15:00+00:00,16853428.0,16854038.0,16843624.0,16850010.0,10561257472,16853428.0
2025-09-11 07:30:00+00:00,16878956.0,16878956.0,16855420.0,16861718.0,200900345856,16878956.0
2025-09-11 07:45:00+00:00,16862272.0,16883978.0,16856760.0,16880402.0,0,16862272.0
2025-09-11 08:00:00+00:00,16876090.0,16876204.0,16851252.0,16857612.0,129375404032,16876090.0
2025-09-11 08:15:00+00:00,16870166.0,16874586.0,16866998.0,16874586.0,55124688896,16870166.0
2025-09-11 08:30:00+00:00,16870280.0,16875148.0,16870242.0,16874394.0,122924040192,16870280.0
2025-09-11 08:45:00+00:00,16864504.0,16873700.0,16859794.0,16873700.0,0,16864504.0
2025-09-11 09:00:00+00:00,16846016.0,16871992.0,16843074.0,16865334.0,0,16846016.0
2025-09-11 09:15:00+00:00,16864256.0,16867560.0,16849692.0,16849692.0,5525995520,16864256.0
2025-09-11 09:30:00+00:00,16848580.0,16860456.0,16846376.0,16850552.0,113530896384,16848580.0
2025-09-11 09:45:00+00:00,16848718.0,16850772.0,16836794.0,16845108.0,2556952576,16848718.0
2025-09-11 10:00:00+00:00,16854604.0,16856286.0,16850538.0,16850538.0,0,16854604.0
2025-09-11 10:15:00+00:00,16862606.0,16863018.0,16854148.0,16857696.0,354942976,16862606.0
2025-09-11 10:30:00+00:00,16879102.0,16882944.0,16863928.0,16865866.0,4950851584,16879102.0
2025-09-11 10:45:00+00:00,16880092.0,16883650.0,16875642.0,16879582.0,7738490880,16880092.0
2025-09-11 11:00:00+00:00,16877258.0,16877258.0,16869748.0,16875218.0,103536918528,16877258.0
2025-09-11 11:15:00+00:00,16856732.0,16877396.0,16856732.0,16877396.0,13421772800,16856732.0
2025-09-11 11:30:00+00:00,16871034.0,16871034.0,16855322.0,16857296.0,5823791104,16871034.0
2025-09-11 11:45:00+00:00,16868280.0,16871790.0,16863442.0,16871790.0,3263168512,16868280.0
2025-09-11 12:00:00+00:00,16913620.0,16918984.0,16871086.0,16871086.0,144900096000,16913620.0
2025-09-11 12:15:00+00:00,16902364.0,16906388.0,16881676.0,16906388.0,12877037568,16902364.0
2025-09-11 12:30:00+00:00,16808432.0,16849508.0,16777782.0,16794166.0,164937859072,16808432.0
2025-09-11 12:45:00+00:00,16817262.0,16855626.0,16807670.0,16807670.0,153468534784,16817262.0
2025-09-11 13:00:00+00:00,16736545.0,16815626.0,16735432.0,16815010.0,4379901952,16736545.0
2025-09-11 13:15:00+00:00,16780366.0,16787766.0,16735014.0,16735014.0,174034780160,16780366.0
2025-09-11 13:30:00+00:00,16799726.0,16827200.0,16780180.0,16805004.0,5233442816,16799726.0
2025-09-11 13:45:00+00:00,16892656.0,16899336.0,16787252.0,16787252.0,48951197696,16892656.0
2025-09-11 14:00:00+00:00,16823342.0,16878560.0,16812928.0,16878560.0,185282330624,16823342.0
2025-09-11 14:15:00+00:00,16801834.0,16811160.0,16759352.0,16811160.0,129119551488,16801834.0
2025-09-11 14:30:00+00:00,16839074.0,16839074.0,16796200.0,16796858.0,680525824,16839074.0
2025-09-11 14:45:00+00:00,16852872.0,16855896.0,16834792.0,16844240.0,170937810944,16852872.0
2025-09-11 15:00:00+00:00,16862632.0,16868844.0,16850952.0,16852256.0,88395481088,16862632.0
2025-09-11 15:15:00+00:00,16839070.0,16875300.0,16834542.0,16861992.0,235319328768,16839070.0
2025-09-11 15:30:00+00:00,16824132.0,16848128.0,16823732.0,16842938.0,2070937600,16824132.0
2025-09-11 15:45:00+00:00,16800944.0,16822116.0,16784908.0,16822116.0,41732800512,16800944.0
2025-09-11 16:00:00+00:00,16807456.0,16819398.0,16802302.0,16806744.0,422670499840,16807456.0
2025-09-11 16:15:00+00:00,16825802.0,16826784.0,16809224.0,16809224.0,75977719808,16825802.0
2025-09-11 16:30:00+00:00,16852008.0,16852008.0,16821950.0,16822024.0,98288795648,16852008.0
2025-09-11 16:45:00+00:00,16842538.0,16853674.0,16832474.0,16853674.0,104172879872,16842538.0
2025-09-11 17:00:00+00:00,16844368.0,16844368.0,16831832.0,16841322.0,67860168704,16844368.0
2025-09-11 17:15:00+00:00,16849184.0,16851304.0,16823714.0,16840032.0,459100651520,16849184.0
2025-09-11 17:30:00+00:00,16866838.0,16866838.0,16846204.0,16848184.0,0,16866838.0
2025-09-11 17:45:00+00:00,16874722.0,16877328.0,16862682.0,16869166.0,0,16874722.0
2025-09-11 18:00:00+00:00,16852844.0,16878450.0,16852844.0,16877242.0,0,16852844.0
2025-09-11 18:15:00+00:00,16819552.0,16844630.0,16812550.0,16844630.0,83639664640,16819552.0
2025-09-11 18:30:00+00:00,16826920.0,16830448.0,16814278.0,16823738.0,89137348608,16826920.0
2025-09-11 18:45:00+00:00,16825260.0,16828542.0,16811668.0,16828542.0,0,16825260.0
2025-09-11 19:00:00+00:00,16815060.0,16825574.0,16814294.0,16821380.0,303058386944,16815060.0
2025-09-11 19:15:00+00:00,16828400.0,16829274.0,16806076.0,16812296.0,0,16828400.0
2025-09-11 19:30:00+00:00,16838562.0,16845584.0,16834798.0,16836536.0,11365515264,16838562.0
2025-09-11 19:45:00+00:00,16846798.0,16848856.0,16835692.0,16840526.0,0,16846798.0
2025-09-11 20:00:00+00:00,16833014.0,16849038.0,16833014.0,16843060.0,0,16833014.0
2025-09-11 20:15:00+00:00,16829458.0,16838046.0,16825248.0,16825248.0,110723858432,16829458.0
2025-09-11 20:30:00+00:00,16826756.0,16827312.0,16814822.0,16822758.0,5480382464,16826756.0
2025-09-11 20:45:00+00:00,16845834.0,16846638.0,16826312.0,16826312.0,3240099840,16845834.0
2025-09-11 21:00:00+00:00,16854424.0,16858786.0,16845360.0,16845360.0,0,16854424.0
2025-09-11 21:15:00+00:00,16851722.0,16851722.0,16846748.0,16849356.0,121699827712,16851722.0
2025-09-11 21:30:00+00:00,16859014.0,16859014.0,16849752.0,16851176.0,0,16859014.0
2025-09-11 21:45:00+00:00,16856216.0,16856686.0,16851044.0,16856686.0,0,16856216.0
2025-09-11 22:00:00+00:00,16857554.0,16859006.0,16846542.0,16854164.0,849346560,16857554.0
2025-09-11 22:15:00+00:00,16927750.0,16940836.0,16859928.0,16861098.0,152829427712,16927750.0
2025-09-11 22:30:00+00:00,16952660.0,16957070.0,16920738.0,16934546.0,93633642496,16952660.0
2025-09-11 22:45:00+00:00,16954766.0,16968428.0,16954766.0,16958950.0,62933434368,16954766.0
2025-09-11 23:00:00+00:00,16986278.0,16986278.0,16948154.0,16948154.0,108835373056,16986278.0
2025-09-11 23:15:00+00:00,16980572.0,16988608.0,16974666.0,16988608.0,58702954496,16980572.0
2025-09-11 23:30:00+00:00,16986478.0,16986478.0,16977664.0,16979978.0,132991418368,16986478.0
2025-09-11 23:45:00+00:00,17007326.0,17007326.0,16989232.0,16989232.0,12560891904,17007326.0
2025-09-12 00:00:00+00:00,17023736.0,17034598.0,17006638.0,17006638.0,162551824384,17023736.0
2025-09-12 00:15:00+00:00,17049894.0,17060836.0,17000244.0,17012728.0,49847730176,17049894.0
2025-09-12 00:30:00+00:00,17087372.0,17087372.0,17054260.0,17054260.0,202503094272,17087372.0
2025-09-12 00:45:00+00:00,17074312.0,17128096.0,17070140.0,17070140.0,164562993152,17074312.0
2025-09-12 01:00:00+00:00,17056340.0,17080790.0,17056340.0,17062970.0,217202556928,17056340.0
2025-09-12 01:15:00+00:00,17050438.0,17080876.0,17049956.0,17054604.0,122760462336,17050438.0
2025-09-12 01:30:00+00:00,17042516.0,17052418.0,17025360.0,17052418.0,40281571328,17042516.0
2025-09-12 01:45:00+00:00,17022242.0,17045034.0,17018572.0,17045034.0,36344692736,17022242.0
2025-09-12 02:00:00+00:00,17038786.0,17044680.0,17015166.0,17019430.0,168839610368,17038786.0
2025-09-12 02:15:00+00:00,17038672.0,17049130.0,17028278.0,17030106.0,160356630528,17038672.0
2025-09-12 02:30:00+00:00,17040416.0,17051078.0,17031342.0,17038920.0,180319944704,17040416.0
2025-09-12 02:45:00+00:00,17008934.0,17038988.0,16997710.0,17038988.0,35905339392,17008934.0
2025-09-12 03:00:00+00:00,16997294.0,17017280.0,16997294.0,17014890.0,34445721600,16997294.0
2025-09-12 03:15:00+00:00,16993822.0,17000882.0,16990860.0,16993572.0,17437818880,16993822.0
2025-09-12 03:30:00+00:00,16994248.0,16995710.0,16967988.0,16992534.0,129650130944,16994248.0
2025-09-12 03:45:00+00:00,16989204.0,17010016.0,16989204.0,17002752.0,11436294144,16989204.0
2025-09-12 04:00:00+00:00,17004234.0,17004234.0,16976446.0,16989204.0,0,17004234.0
2025-09-12 04:15:00+00:00,17014506.0,17017364.0,17008010.0,17009218.0,36717461504,17014506.0
2025-09-12 04:30:00+00:00,17032654.0,17037688.0,17010030.0,17010030.0,124444999680,17032654.0
2025-09-12 04:45:00+00:00,17021494.0,17028726.0,17017176.0,17025292.0,147632685056,17021494.0
2025-09-12 05:00:00+00:00,17029874.0,17035060.0,17018198.0,17021962.0,1176502272,17029874.0
2025-09-12 05:15:00+00:00,17039376.0,17045104.0,17028204.0,17028318.0,120247549952,17039376.0
2025-09-12 05:30:00+00:00,17031336.0,17043430.0,17011042.0,17037806.0,0,17031336.0
2025-09-12 05:45:00+00:00,17038846.0,17049248.0,17033528.0,17033528.0,28857335808,17038846.0
2025-09-12 06:00:00+00:00,17015528.0,17041706.0,17015528.0,17039776.0,301740326912,17015528.0
2025-09-12 06:15:00+00:00,17015194.0,17029022.0,17010366.0,17013266.0,190766907392,17015194.0
2025-09-12 06:30:00+00:00,17006336.0,17016904.0,17001710.0,17015770.0,301798522880,17006336.0
2025-09-12 06:45:00+00:00,17003608.0,17009114.0,17002336.0,17006496.0,104890630144,17003608.0
2025-09-12 07:00:00+00:00,16992024.0,17003914.0,16990074.0,17001954.0,0,16992024.0
2025-09-12 07:15:00+00:00,16981604.0,16992664.0,16975606.0,16992664.0,12790005760,16981604.0
2025-09-12 07:30:00+00:00,16987388.0,16993176.0,16982078.0,16984194.0,312830590976,16987388.0
2025-09-12 07:45:00+00:00,16975794.0,16990840.0,16974120.0,16990840.0,15468593152,16975794.0
2025-09-12 08:00:00+00:00,16989688.0,16989688.0,16971752.0,16977900.0,269176274944,16989688.0
2025-09-12 08:15:00+00:00,17019760.0,17025292.0,16985302.0,16990508.0,105397092352,17019760.0
2025-09-12 08:30:00+00:00,17021334.0,17023642.0,17010618.0,17021996.0,47119859712,17021334.0
2025-09-12 08:45:00+00:00,17017386.0,17023750.0,17012636.0,17023750.0,28656009216,17017386.0
2025-09-12 09:00:00+00:00,17027030.0,17029142.0,17016742.0,17019302.0,3509059584,17027030.0
2025-09-12 09:15:00+00:00,17005104.0,17026854.0,17001044.0,17026854.0,3741319168,17005104.0
2025-09-12 09:30:00+00:00,17007204.0,17010230.0,16998118.0,17009748.0,9397338112,17007204.0
2025-09-12 09:45:00+00:00,17016288.0,17016288.0,17006756.0,17006756.0,4481613824,17016288.0
2025-09-12 10:00:00+00:00,17010318.0,17013974.0,17004036.0,17013974.0,361758720,17010318.0
2025-09-12 10:15:00+00:00,17004286.0,17007110.0,16999056.0,17004828.0,0,17004286.0
2025-09-12 10:30:00+00:00,16996540.0,17008870.0,16996540.0,17003820.0,107714445312,16996540.0
2025-09-12 10:45:00+00:00,16990322.0,16998494.0,16988720.0,16996130.0,3166175232,16990322.0
2025-09-12 11:00:00+00:00,16980814.0,16990600.0,16980814.0,16989534.0,120467226624,16980814.0
2025-09-12 11:15:00+00:00,17007026.0,17010564.0,16978148.0,16978154.0,25111298048,17007026.0
2025-09-12 11:30:00+00:00,16992180.0,17007566.0,16992180.0,17006970.0,120689524736,16992180.0
2025-09-12 11:45:00+00:00,16996116.0,16996116.0,16988654.0,16991688.0,0,16996116.0
2025-09-12 12:00:00+00:00,16989480.0,16996612.0,16979762.0,16996612.0,0,16989480.0
2025-09-12 12:15:00+00:00,17014638.0,17014638.0,16985998.0,16987554.0,78478049280,17014638.0
2025-09-12 12:30:00+00:00,17007660.0,17037280.0,17007660.0,17037280.0,58547240960,17007660.0
2025-09-12 12:45:00+00:00,17022730.0,17032202.0,17010496.0,17020526.0,0,17022730.0
2025-09-12 13:00:00+00:00,17003238.0,17022042.0,17003238.0,17013834.0,89121095680,17003238.0
2025-09-12 13:15:00+00:00,16983640.0,17004564.0,16982848.0,17004564.0,69793742848,16983640.0
2025-09-12 13:30:00+00:00,16989994.0,17015284.0,16979014.0,16988920.0,0,16989994.0
2025-09-12 13:45:00+00:00,17015370.0,17019440.0,16979850.0,16993278.0,0,17015370.0
2025-09-12 14:00:00+00:00,17015922.0,17049394.0,17015922.0,17020004.0,15233187840,17015922.0
2025-09-12 14:15:00+00:00,17018780.0,17025458.0,17001624.0,17002254.0,25056772096,17018780.0
2025-09-12 14:30:00+00:00,16971544.0,17026824.0,16971544.0,17026824.0,27783593984,16971544.0
2025-09-12 14:45:00+00:00,17025222.0,17025222.0,16977348.0,16977348.0,10624172032,17025222.0
2025-09-12 15:00:00+00:00,16996204.0,17021854.0,16991222.0,17021854.0,103732477952,16996204.0
2025-09-12 15:15:00+00:00,17012758.0,17024960.0,16994382.0,16994382.0,123337703424,17012758.0
2025-09-12 15:30:00+00:00,17015398.0,17028978.0,17000776.0,17007024.0,871890944,17015398.0
2025-09-12 15:45:00+00:00,17026704.0,17037712.0,17018800.0,17020154.0,87445995520,17026704.0
2025-09-12 16:00:00+00:00,17035248.0,17035248.0,17017230.0,17024854.0,90922024960,17035248.0
2025-09-12 16:15:00+00:00,17056002.0,17056002.0,17035068.0,17035068.0,35575037952,17056002.0
2025-09-12 16:30:00+00:00,17033544.0,17064032.0,17027966.0,17051244.0,148208877568,17033544.0
2025-09-12 16:45:00+00:00,17058238.0,17058534.0,17035680.0,17035680.0,137057271808,17058238.0
2025-09-12 17:00:00+00:00,17068242.0,17068242.0,17051070.0,17055234.0,119178002432,17068242.0
2025-09-12 17:15:00+00:00,17109580.0,17113772.0,17071996.0,17071996.0,119703863296,17109580.0
2025-09-12 17:30:00+00:00,17104402.0,17107472.0,17087166.0,17104992.0,91710029824,17104402.0
2025-09-12 17:45:00+00:00,17095336.0,17105534.0,17091612.0,17102350.0,65926070272,17095336.0
2025-09-12 18:00:00+00:00,17122134.0,17123602.0,17094664.0,17097522.0,176870129664,17122134.0
2025-09-12 18:15:00+00:00,17147008.0,17149384.0,17123840.0,17123840.0,239966093312,17147008.0
2025-09-12 18:30:00+00:00,17185226.0,17190662.0,17164400.0,17164400.0,183260151808,17185226.0
2025-09-12 18:45:00+00:00,17182066.0,17190188.0,17174482.0,17183248.0,227319218176,17182066.0
2025-09-12 19:00:00+00:00,17172278.0,17184848.0,17172278.0,17184848.0,365226360832,17172278.0
2025-09-12 19:15:00+00:00,17195602.0,17198338.0,17161260.0,17161260.0,41193832448,17195602.0
2025-09-12 19:30:00+00:00,17205578.0,17211310.0,17193954.0,17199780.0,116691304448,17205578.0
2025-09-12 19:45:00+00:00,17227402.0,17231426.0,17204066.0,17204066.0,220873621504,17227402.0
2025-09-12 20:00:00+00:00,17175824.0,17229510.0,17175824.0,17229510.0,116588019712,17175824.0
2025-09-12 20:15:00+00:00,17142912.0,17178896.0,17138564.0,17178896.0,282909474816,17142912.0
2025-09-12 20:30:00+00:00,17172126.0,17175992.0,17142428.0,17142428.0,37271109632,17172126.0
2025-09-12 20:45:00+00:00,17162352.0,17188618.0,17162352.0,17170780.0,84957200384,17162352.0
2025-09-12 21:00:00+00:00,17147942.0,17147942.0,17133750.0,17146074.0,227673112576,17147942.0
2025-09-12 21:15:00+00:00,17145232.0,17159578.0,17143316.0,17157092.0,136519352320,17145232.0
2025-09-12 21:30:00+00:00,17129276.0,17144578.0,17128634.0,17144578.0,123355004928,17129276.0
2025-09-12 21:45:00+00:00,17126440.0,17129276.0,17110346.0,17129276.0,30953439232,17126440.0
2025-09-12 22:00:00+00:00,17156288.0,17156288.0,17126686.0,17126686.0,123959508992,17156288.0
2025-09-12 22:15:00+00:00,17166416.0,17188838.0,17151646.0,17152668.0,79113486336,17166416.0
2025-09-12 22:30:00+00:00,17135046.0,17167052.0,17129664.0,17167052.0,3500670976,17135046.0
2025-09-12 22:45:00+00:00,17148326.0,17151926.0,17137594.0,17138572.0,117639217152,17148326.0
2025-09-12 23:00:00+00:00,17140444.0,17147326.0,17135286.0,17146536.0,117838970880,17140444.0
2025-09-12 23:15:00+00:00,17160156.0,17160156.0,17136198.0,17141364.0,314811351040,17160156.0
2025-09-12 23:30:00+00:00,17164284.0,17165422.0,17146120.0,17158352.0,208621010944,17164284.0
2025-09-12 23:45:00+00:00,17153782.0,17167014.0,17151362.0,17167014.0,112652189696,17153782.0
2025-09-13 00:00:00+00:00,17143306.0,17157492.0,17143306.0,17150540.0,0,17143306.0
2025-09-13 00:15:00+00:00,17153600.0,17156516.0,17141220.0,17143306.0,0,17153600.0
2025-09-13 00:30:00+00:00,17176378.0,17176378.0,17153456.0,17154264.0,0,17176378.0
2025-09-13 00:45:00+00:00,17181150.0,17182914.0,17174688.0,17176336.0,60570468352,17181150.0
2025-09-13 01:00:00+00:00,17175474.0,17182148.0,17174682.0,17181150.0,42362994688,17175474.0
2025-09-13 01:15:00+00:00,17147320.0,17174578.0,17147016.0,17169006.0,119611588608,17147320.0
2025-09-13 01:30:00+00:00,17125802.0,17150580.0,17123750.0,17148776.0,0,17125802.0
2025-09-13 01:45:00+00:00,17125308.0,17140262.0,17113978.0,17125264.0,323180560384,17125308.0
2025-09-13 02:00:00+00:00,17148420.0,17149252.0,17119868.0,17125308.0,846200832,17148420.0
2025-09-13 02:15:00+00:00,17151480.0,17155364.0,17148646.0,17149620.0,0,17151480.0
2025-09-13 02:30:00+00:00,17146966.0,17150310.0,17141520.0,17150310.0,115892813824,17146966.0
2025-09-13 02:45:00+00:00,17120578.0,17148814.0,17120410.0,17146966.0,1874329600,17120578.0
2025-09-13 03:00:00+00:00,17156750.0,17156750.0,17140254.0,17141462.0,0,17156750.0
2025-09-13 03:15:00+00:00,17143048.0,17156750.0,17139162.0,17156750.0,162923020288,17143048.0
2025-09-13 03:30:00+00:00,17147294.0,17149590.0,17134988.0,17143048.0,5683806208,17147294.0
2025-09-13 03:45:00+00:00,17148564.0,17153498.0,17142140.0,17144956.0,9265741824,17148564.0
2025-09-13 04:00:00+00:00,17138166.0,17149392.0,17132786.0,17149392.0,22214606848,17138166.0
2025-09-13 04:15:00+00:00,17125814.0,17136354.0,17125172.0,17136354.0,0,17125814.0
2025-09-13 04:30:00+00:00,17132604.0,17134788.0,17123636.0,17124230.0,112751280128,17132604.0
2025-09-13 04:45:00+00:00,17117136.0,17131882.0,17114696.0,17131882.0,23141023744,17117136.0
2025-09-13 05:00:00+00:00,17119854.0,17121728.0,17117430.0,17117828.0,117350858752,17119854.0
2025-09-13 05:15:00+00:00,17127100.0,17131174.0,17115234.0,17118098.0,1808269312,17127100.0
2025-09-13 05:30:00+00:00,17124504.0,17128104.0,17116646.0,17125658.0,121955680256,17124504.0
2025-09-13 05:45:00+00:00,17115236.0,17124500.0,17112266.0,17124264.0,120507072512,17115236.0
2025-09-13 06:00:00+00:00,17122352.0,17127322.0,17118942.0,17118942.0,3624402944,17122352.0
2025-09-13 06:15:00+00:00,17113644.0,17120360.0,17109106.0,17120360.0,14587789312,17113644.0
2025-09-13 06:30:00+00:00,17116442.0,17117832.0,17112524.0,17114124.0,0,17116442.0
2025-09-13 06:45:00+00:00,17120950.0,17120950.0,17111784.0,17118438.0,239150301184,17120950.0
2025-09-13 07:00:00+00:00,17125002.0,17125002.0,17112610.0,17119774.0,0,17125002.0
2025-09-13 07:15:00+00:00,17135072.0,17136760.0,17129830.0,17132558.0,124791029760,17135072.0
2025-09-13 07:30:00+00:00,17131144.0,17136018.0,17131144.0,17135072.0,111506620416,17131144.0
2025-09-13 07:45:00+00:00,17127214.0,17133126.0,17126944.0,17131666.0,0,17127214.0
2025-09-13 08:00:00+00:00,17127750.0,17128814.0,17125486.0,17125486.0,0,17127750.0
2025-09-13 08:15:00+00:00,17134276.0,17134276.0,17127578.0,17128534.0,0,17134276.0
2025-09-13 08:30:00+00:00,17159002.0,17164106.0,17134276.0,17134276.0,6459228160,17159002.0
2025-09-13 08:45:00+00:00,17155926.0,17159934.0,17155330.0,17159934.0,122432782336,17155926.0
2025-09-13 09:00:00+00:00,17146230.0,17157866.0,17146230.0,17152632.0,2809659392,17146230.0
2025-09-13 09:15:00+00:00,17141520.0,17146742.0,17140762.0,17146054.0,0,17141520.0
2025-09-13 09:30:00+00:00,17144286.0,17145742.0,17140880.0,17140890.0,114740953088,17144286.0
2025-09-13 09:45:00+00:00,17162942.0,17162942.0,17144948.0,17144948.0,0,17162942.0
2025-09-13 10:00:00+00:00,17177938.0,17181222.0,17155728.0,17162942.0,133415567360,17177938.0
2025-09-13 10:15:00+00:00,17153886.0,17181134.0,17153886.0,17179166.0,140639207424,17153886.0
2025-09-13 10:30:00+00:00,17152718.0,17153886.0,17140932.0,17153886.0,8616673280,17152718.0
2025-09-13 10:45:00+00:00,17134324.0,17153726.0,17134004.0,17153726.0,127179685888,17134324.0
2025-09-13 11:00:00+00:00,17127680.0,17134206.0,17127680.0,17133776.0,0,17127680.0
2025-09-13 11:15:00+00:00,17130574.0,17131018.0,17127258.0,17128516.0,0,17130574.0
2025-09-13 11:30:00+00:00,17142838.0,17142844.0,17129274.0,17130054.0,118477029376,17142838.0
2025-09-13 11:45:00+00:00,17140226.0,17142498.0,17138244.0,17141554.0,5860491264,17140226.0
2025-09-13 12:00:00+00:00,17127152.0,17135398.0,17127016.0,17135398.0,109746585600,17127152.0
2025-09-13 12:15:00+00:00,17124828.0,17127670.0,17124798.0,17125546.0,91359281152,17124828.0
2025-09-13 12:30:00+00:00,17146252.0,17146252.0,17122974.0,17122974.0,0,17146252.0
2025-09-13 12:45:00+00:00,17143632.0,17146310.0,17142382.0,17142382.0,110596980736,17143632.0
2025-09-13 13:00:00+00:00,17131678.0,17144250.0,17130732.0,17144250.0,0,17131678.0
2025-09-13 13:15:00+00:00,17136706.0,17136706.0,17127416.0,17131372.0,3046113280,17136706.0
2025-09-13 13:30:00+00:00,17124162.0,17136706.0,17124162.0,17136706.0,107033919488,17124162.0
2025-09-13 13:45:00+00:00,17110754.0,17122458.0,17094582.0,17122458.0,148491468800,17110754.0
2025-09-13 14:00:00+00:00,17099458.0,17109454.0,17088714.0,17104384.0,0,17099458.0
2025-09-13 14:15:00+00:00,17130884.0,17136976.0,17103312.0,17103312.0,116006060032,17130884.0
2025-09-13 14:30:00+00:00,17114090.0,17130884.0,17113996.0,17130884.0,0,17114090.0
2025-09-13 14:45:00+00:00,17115528.0,17121470.0,17113264.0,17114090.0,383370919936,17115528.0
2025-09-13 15:00:00+00:00,17121986.0,17122472.0,17110074.0,17110074.0,0,17121986.0
2025-09-13 15:15:00+00:00,17118680.0,17127140.0,17118680.0,17123954.0,119841226752,17118680.0
2025-09-13 15:30:00+00:00,17097244.0,17118680.0,17083450.0,17118680.0,240552771584,17097244.0
2025-09-13 15:45:00+00:00,17106152.0,17106152.0,17096348.0,17100596.0,66045083648,17106152.0
2025-09-13 16:00:00+00:00,17090414.0,17113526.0,17090076.0,17106152.0,108290637824,17090414.0
2025-09-13 16:15:00+00:00,17072480.0,17090878.0,17069116.0,17090878.0,9534701568,17072480.0
2025-09-13 16:30:00+00:00,17038534.0,17079176.0,17038534.0,17072480.0,115523190784,17038534.0
2025-09-13 16:45:00+00:00,17044102.0,17055382.0,17037930.0,17055382.0,67300753408,17044102.0
2025-09-13 17:00:00+00:00,17039732.0,17039732.0,17026974.0,17039384.0,152726667264,17039732.0
2025-09-13 17:15:00+00:00,17054850.0,17057874.0,17026802.0,17026802.0,0,17054850.0
2025-09-13 17:30:00+00:00,17072060.0,17074404.0,17051028.0,17051028.0,0,17072060.0
2025-09-13 17:45:00+00:00,17077624.0,17080462.0,17071804.0,17072348.0,201503277056,17077624.0
2025-09-13 18:00:00+00:00,17072992.0,17075456.0,17058698.0,17074968.0,99490988032,17072992.0
2025-09-13 18:15:00+00:00,17091244.0,17091244.0,17071094.0,17072992.0,0,17091244.0
2025-09-13 18:30:00+00:00,17081510.0,17090952.0,17073596.0,17090952.0,153116737536,17081510.0
2025-09-13 18:45:00+00:00,17085080.0,17086944.0,17080040.0,17080238.0,121210667008,17085080.0
2025-09-13 19:00:00+00:00,17085404.0,17091120.0,17081328.0,17087500.0,60939042816,17085404.0
2025-09-13 19:15:00+00:00,17088172.0,17088448.0,17080684.0,17084300.0,0,17088172.0
2025-09-13 19:30:00+00:00,17101378.0,17101782.0,17087036.0,17087036.0,0,17101378.0
2025-09-13 19:45:00+00:00,17108142.0,17109972.0,17097886.0,17101554.0,0,17108142.0
2025-09-13 20:00:00+00:00,17130168.0,17134274.0,17110504.0,17110504.0,6543114240,17130168.0
2025-09-13 20:15:00+00:00,17131326.0,17132460.0,17125504.0,17132430.0,0,17131326.0
2025-09-13 20:30:00+00:00,17119188.0,17131380.0,17119188.0,17131326.0,109754974208,17119188.0
2025-09-13 20:45:00+00:00,17129434.0,17130374.0,17121114.0,17123420.0,108333629440,17129434.0
2025-09-13 21:00:00+00:00,17124570.0,17139492.0,17124570.0,17130948.0,122891534336,17124570.0
2025-09-13 21:15:00+00:00,17133626.0,17134722.0,17121720.0,17121720.0,0,17133626.0
2025-09-13 21:30:00+00:00,17125976.0,17135438.0,17125976.0,17133540.0,118697230336,17125976.0
2025-09-13 21:45:00+00:00,17124944.0,17124944.0,17118520.0,17122820.0,124487991296,17124944.0
2025-09-13 22:00:00+00:00,17125140.0,17130080.0,17121964.0,17121964.0,0,17125140.0
2025-09-13 22:15:00+00:00,17120720.0,17126004.0,17120720.0,17126004.0,0,17120720.0
2025-09-13 22:30:00+00:00,17124190.0,17124190.0,17117166.0,17120738.0,0,17124190.0
2025-09-13 22:45:00+00:00,17122624.0,17125160.0,17118270.0,17125160.0,0,17122624.0
2025-09-13 23:00:00+00:00,17124872.0,17127876.0,17120606.0,17120606.0,79691776,17124872.0
2025-09-13 23:15:00+00:00,17143000.0,17143544.0,17124718.0,17124718.0,0,17143000.0
2025-09-13 23:30:00+00:00,17143208.0,17144104.0,17137964.0,17137964.0,2151677952,17143208.0
2025-09-13 23:45:00+00:00,17144424.0,17145214.0,17141480.0,17142432.0,0,17144424.0
2025-09-14 00:00:00+00:00,17153788.0,17155406.0,17143826.0,17143826.0,116985954304,17153788.0
2025-09-14 00:15:00+00:00,17149944.0,17159754.0,17144188.0,17154904.0,116828143616,17149944.0
2025-09-14 00:30:00+00:00,17150122.0,17155492.0,17148586.0,17149944.0,120245977088,17150122.0
2025-09-14 00:45:00+00:00,17147976.0,17149012.0,17134484.0,17148534.0,129960509440,17147976.0
2025-09-14 01:00:00+00:00,17127338.0,17145568.0,17124268.0,17145568.0,127087411200,17127338.0
2025-09-14 01:15:00+00:00,17128924.0,17134066.0,17123752.0,17124394.0,119513546752,17128924.0
2025-09-14 01:30:00+00:00,17143594.0,17143594.0,17127740.0,17130242.0,0,17143594.0
2025-09-14 01:45:00+00:00,17150996.0,17153530.0,17141328.0,17142130.0,134648168448,17150996.0
2025-09-14 02:00:00+00:00,17165808.0,17165808.0,17147784.0,17150594.0,123184611328,17165808.0
2025-09-14 02:15:00+00:00,17159914.0,17166878.0,17159548.0,17166844.0,0,17159914.0
2025-09-14 02:30:00+00:00,17134476.0,17155336.0,17124978.0,17155336.0,133701828608,17134476.0
2025-09-14 02:45:00+00:00,17137350.0,17138704.0,17129124.0,17129124.0,7550795776,17137350.0
2025-09-14 03:00:00+00:00,17111568.0,17136262.0,17108874.0,17136262.0,13961789440,17111568.0
2025-09-14 03:15:00+00:00,17117958.0,17120544.0,17110760.0,17111568.0,0,17117958.0
2025-09-14 03:30:00+00:00,17119890.0,17121046.0,17109910.0,17117320.0,0,17119890.0
2025-09-14 03:45:00+00:00,17107370.0,17122592.0,17107370.0,17120392.0,0,17107370.0
2025-09-14 04:00:00+00:00,17105460.0,17110768.0,17103884.0,17110768.0,125490954240,17105460.0
2025-09-14 04:15:00+00:00,17111188.0,17113012.0,17084232.0,17105452.0,148063125504,17111188.0
2025-09-14 04:30:00+00:00,17114738.0,17120032.0,17112812.0,17112898.0,4115136512,17114738.0
2025-09-14 04:45:00+00:00,17121084.0,17121084.0,17115936.0,17116474.0,0,17121084.0
2025-09-14 05:00:00+00:00,17124484.0,17125354.0,17117604.0,17119058.0,122178502656,17124484.0
2025-09-14 05:15:00+00:00,17128280.0,17128654.0,17123588.0,17123588.0,2973761536,17128280.0
2025-09-14 05:30:00+00:00,17145262.0,17145574.0,17125962.0,17129170.0,141800505344,17145262.0
2025-09-14 05:45:00+00:00,17140374.0,17145318.0,17138938.0,17141804.0,2753036288,17140374.0
2025-09-14 06:00:00+00:00,17135930.0,17145414.0,17131392.0,17140552.0,133370478592,17135930.0
2025-09-14 06:15:00+00:00,17126190.0,17136308.0,17122666.0,17136308.0,0,17126190.0
2025-09-14 06:30:00+00:00,17118216.0,17127172.0,17116312.0,17124950.0,138752819200,17118216.0
2025-09-14 06:45:00+00:00,17118386.0,17120392.0,17116360.0,17119896.0,0,17118386.0
2025-09-14 07:00:00+00:00,17120764.0,17122158.0,17115968.0,17116334.0,335593603072,17120764.0
2025-09-14 07:15:00+00:00,17123700.0,17124564.0,17117774.0,17121228.0,260984274944,17123700.0
2025-09-14 07:30:00+00:00,17126336.0,17129490.0,17121378.0,17121378.0,1775239168,17126336.0
2025-09-14 07:45:00+00:00,17129390.0,17130670.0,17109658.0,17128326.0,3433562112,17129390.0
2025-09-14 08:00:00+00:00,17126746.0,17126746.0,17121752.0,17123006.0,125849567232,17126746.0
2025-09-14 08:15:00+00:00,17138804.0,17138804.0,17125996.0,17125996.0,7389839360,17138804.0
2025-09-14 08:30:00+00:00,17149208.0,17149458.0,17140336.0,17140336.0,131629318144,17149208.0
2025-09-14 08:45:00+00:00,17148670.0,17151734.0,17142336.0,17150884.0,132074438656,17148670.0
2025-09-14 09:00:00+00:00,17149810.0,17149810.0,17144306.0,17146272.0,1686110208,17149810.0
2025-09-14 09:15:00+00:00,17161176.0,17161910.0,17149704.0,17151548.0,1822425088,17161176.0
2025-09-14 09:30:00+00:00,17174224.0,17174658.0,17161370.0,17163026.0,161803665408,17174224.0
2025-09-14 09:45:00+00:00,17165768.0,17177934.0,17165220.0,17175032.0,137438953472,17165768.0
2025-09-14 10:00:00+00:00,17166090.0,17173302.0,17165490.0,17165768.0,113952423936,17166090.0
2025-09-14 10:15:00+00:00,17155440.0,17168582.0,17154946.0,17165014.0,124198060032,17155440.0
2025-09-14 10:30:00+00:00,17154820.0,17155360.0,17149736.0,17150812.0,118145679360,17154820.0
2025-09-14 10:45:00+00:00,17160898.0,17162484.0,17156326.0,17156326.0,0,17160898.0
2025-09-14 11:00:00+00:00,17167170.0,17167312.0,17159864.0,17159864.0,0,17167170.0
2025-09-14 11:15:00+00:00,17138718.0,17166466.0,17138718.0,17166466.0,126497587200,17138718.0
2025-09-14 11:30:00+00:00,17124492.0,17140712.0,17124492.0,17140712.0,147467010048,17124492.0
2025-09-14 11:45:00+00:00,17125088.0,17133196.0,17123268.0,17129236.0,13576437760,17125088.0
2025-09-14 12:00:00+00:00,17130002.0,17133900.0,17126870.0,17126870.0,3015180288,17130002.0
2025-09-14 12:15:00+00:00,17131298.0,17131450.0,17116422.0,17130002.0,11638145024,17131298.0
2025-09-14 12:30:00+00:00,17115838.0,17131772.0,17115838.0,17131772.0,1904214016,17115838.0
2025-09-14 12:45:00+00:00,17121754.0,17126146.0,17109362.0,17116714.0,161362739200,17121754.0
2025-09-14 13:00:00+00:00,17118836.0,17122608.0,17116822.0,17121360.0,4206362624,17118836.0
2025-09-14 13:15:00+00:00,17077236.0,17118690.0,17077236.0,17118690.0,8698462208,17077236.0
2025-09-14 13:30:00+00:00,17056876.0,17083792.0,17053218.0,17083792.0,202713858048,17056876.0
2025-09-14 13:45:00+00:00,17058506.0,17067866.0,17043526.0,17056040.0,95711395840,17058506.0
2025-09-14 14:00:00+00:00,17099268.0,17099268.0,17058506.0,17058506.0,108786614272,17099268.0
2025-09-14 14:15:00+00:00,17072360.0,17099624.0,17064312.0,17099624.0,131638755328,17072360.0
2025-09-14 14:30:00+00:00,17047984.0,17082322.0,17043634.0,17078102.0,157362421760,17047984.0
2025-09-14 14:45:00+00:00,17069522.0,17069522.0,17042928.0,17051880.0,309802303488,17069522.0
2025-09-14 15:00:00+00:00,17062936.0,17071694.0,17052812.0,17070172.0,13888913408,17062936.0
2025-09-14 15:15:00+00:00,17053710.0,17069418.0,17046706.0,17061612.0,32661045248,17053710.0
2025-09-14 15:30:00+00:00,17055346.0,17060320.0,17047374.0,17047374.0,142578548736,17055346.0
2025-09-14 15:45:00+00:00,17043988.0,17056226.0,17042662.0,17055024.0,131624075264,17043988.0
2025-09-14 16:00:00+00:00,17054686.0,17067002.0,17039984.0,17039984.0,0,17054686.0
2025-09-14 16:15:00+00:00,17077698.0,17077698.0,17045908.0,17055170.0,0,17077698.0
2025-09-14 16:30:00+00:00,17078074.0,17086946.0,17076122.0,17080072.0,69549424640,17078074.0
2025-09-14 16:45:00+00:00,17076386.0,17081554.0,17073740.0,17079356.0,271042740224,17076386.0
2025-09-14 17:00:00+00:00,17082092.0,17082092.0,17071154.0,17078512.0,122295943168,17082092.0
2025-09-14 17:15:00+00:00,17103882.0,17103882.0,17081772.0,17081772.0,0,17103882.0
2025-09-14 17:30:00+00:00,17101220.0,17104500.0,17097400.0,17103882.0,2292711424,17101220.0
2025-09-14 17:45:00+00:00,17097504.0,17102344.0,17096042.0,17099230.0,11437867008,17097504.0
2025-09-14 18:00:00+00:00,17086358.0,17095248.0,17083564.0,17095248.0,255148949504,17086358.0
2025-09-14 18:15:00+00:00,17078252.0,17085578.0,17077112.0,17085578.0,4127719424,17078252.0
2025-09-14 18:30:00+00:00,17079738.0,17080906.0,17076520.0,17077244.0,128285409280,17079738.0
2025-09-14 18:45:00+00:00,17067756.0,17080530.0,17066110.0,17080530.0,0,17067756.0
2025-09-14 19:00:00+00:00,17058746.0,17068724.0,17033672.0,17068350.0,974651392,17058746.0
2025-09-14 19:15:00+00:00,17067694.0,17067694.0,17058122.0,17058122.0,129427308544,17067694.0
2025-09-14 19:30:00+00:00,17083568.0,17086066.0,17067694.0,17067694.0,9786884096,17083568.0
2025-09-14 19:45:00+00:00,17084730.0,17088064.0,17082398.0,17085084.0,0,17084730.0
2025-09-14 20:00:00+00:00,17118698.0,17118698.0,17085614.0,17085614.0,0,17118698.0
2025-09-14 20:15:00+00:00,17101904.0,17117820.0,17100062.0,17117820.0,127700303872,17101904.0
2025-09-14 20:30:00+00:00,17097448.0,17102608.0,17090864.0,17102608.0,136821342208,17097448.0
2025-09-14 20:45:00+00:00,17110704.0,17113546.0,17099276.0,17099276.0,9545187328,17110704.0
2025-09-14 21:00:00+00:00,17085418.0,17118910.0,17074050.0,17110494.0,137475129344,17085418.0
2025-09-14 21:15:00+00:00,17120782.0,17120782.0,17093252.0,17093252.0,13718519808,17120782.0
2025-09-14 21:30:00+00:00,17138876.0,17138876.0,17116034.0,17120380.0,135062880256,17138876.0
2025-09-14 21:45:00+00:00,17128972.0,17144090.0,17119592.0,17139340.0,154511343616,17128972.0
2025-09-14 22:00:00+00:00,17123322.0,17154306.0,17123322.0,17137844.0,10720116736,17123322.0
2025-09-14 22:15:00+00:00,17122096.0,17125188.0,17117796.0,17124394.0,5783945216,17122096.0
2025-09-14 22:30:00+00:00,17146224.0,17148202.0,17120100.0,17121710.0,131793944576,17146224.0
2025-09-14 22:45:00+00:00,17142598.0,17149172.0,17139844.0,17147448.0,145592156160,17142598.0
2025-09-14 23:00:00+00:00,17081470.0,17139856.0,17081470.0,17139856.0,130891644928,17081470.0
2025-09-14 23:15:00+00:00,17054294.0,17079394.0,17045616.0,17078874.0,30675566592,17054294.0
2025-09-14 23:30:00+00:00,17028614.0,17047958.0,17028614.0,17047534.0,217799196672,17028614.0
2025-09-14 23:45:00+00:00,17041236.0,17041332.0,17018002.0,17028640.0,387891855360,17041236.0
2025-09-15 00:00:00+00:00,17010674.0,17026034.0,16998102.0,17026034.0,159117737984,17010674.0
2025-09-15 00:15:00+00:00,17021546.0,17021546.0,16984886.0,17006800.0,299862851584,17021546.0
2025-09-15 00:30:00+00:00,16986052.0,17020164.0,16985754.0,17020164.0,171162730496,16986052.0
2025-09-15 00:45:00+00:00,16982798.0,16997386.0,16980404.0,16983716.0,2434269184,16982798.0
2025-09-15 01:00:00+00:00,16955866.0,16981620.0,16955866.0,16981620.0,23265280000,16955866.0
2025-09-15 01:15:00+00:00,16990070.0,16996536.0,16957088.0,16959688.0,148672872448,16990070.0
2025-09-15 01:30:00+00:00,17006194.0,17015654.0,16998636.0,16998636.0,17388535808,17006194.0
2025-09-15 01:45:00+00:00,17008886.0,17013198.0,16998628.0,17007194.0,2224029696,17008886.0
2025-09-15 02:00:00+00:00,17035860.0,17041676.0,17019908.0,17019908.0,145682333696,17035860.0
2025-09-15 02:15:00+00:00,17032322.0,17038988.0,17030648.0,17031312.0,135010451456,17032322.0
2025-09-15 02:30:00+00:00,17038082.0,17038082.0,17023068.0,17033844.0,2148532224,17038082.0
2025-09-15 02:45:00+00:00,17022024.0,17040662.0,17022024.0,17040662.0,126715166720,17022024.0
2025-09-15 03:00:00+00:00,17041082.0,17041330.0,17021824.0,17021824.0,0,17041082.0
2025-09-15 03:15:00+00:00,17034330.0,17049336.0,17034330.0,17038018.0,265262465024,17034330.0
2025-09-15 03:30:00+00:00,17029240.0,17035716.0,17021546.0,17035716.0,131684892672,17029240.0
2025-09-15 03:45:00+00:00,17028208.0,17039048.0,17028208.0,17028530.0,14136901632,17028208.0
2025-09-15 04:00:00+00:00,17027330.0,17027330.0,17014626.0,17025800.0,5603590144,17027330.0
2025-09-15 04:15:00+00:00,17101468.0,17116196.0,17028764.0,17028764.0,335412723712,17101468.0
2025-09-15 04:30:00+00:00,17110460.0,17110952.0,17094872.0,17101884.0,2607284224,17110460.0
2025-09-15 04:45:00+00:00,17112446.0,17125326.0,17109068.0,17111810.0,51538558976,17112446.0
2025-09-15 05:00:00+00:00,17130774.0,17130774.0,17110926.0,17110926.0,367475556352,17130774.0
2025-09-15 05:15:00+00:00,17154338.0,17158042.0,17123518.0,17131564.0,68787634176,17154338.0
2025-09-15 05:30:00+00:00,17163294.0,17167184.0,17156698.0,17160058.0,31648120832,17163294.0
2025-09-15 05:45:00+00:00,17191498.0,17191498.0,17165794.0,17165794.0,39465254912,17191498.0
2025-09-15 06:00:00+00:00,17211334.0,17220884.0,17187272.0,17192834.0,65453162496,17211334.0
2025-09-15 06:15:00+00:00,17185392.0,17214610.0,17185392.0,17214610.0,171498799104,17185392.0
2025-09-15 06:30:00+00:00,17162864.0,17188474.0,17150342.0,17188438.0,32523157504,17162864.0
2025-09-15 06:45:00+00:00,17136024.0,17159530.0,17131718.0,17159530.0,12181307392,17136024.0
2025-09-15 07:00:00+00:00,17148438.0,17157082.0,17137834.0,17139502.0,256295043072,17148438.0
2025-09-15 07:15:00+00:00,17121660.0,17162146.0,17121660.0,17155360.0,11804868608,17121660.0
2025-09-15 07:30:00+00:00,17058272.0,17122320.0,17058272.0,17122320.0,186678509568,17058272.0
2025-09-15 07:45:00+00:00,17084122.0,17089368.0,17067600.0,17076740.0,162051653632,17084122.0
2025-09-15 08:00:00+00:00,17040846.0,17082334.0,17032736.0,17082334.0,418959589376,17040846.0
2025-09-15 08:15:00+00:00,17064386.0,17073170.0,17028732.0,17031050.0,172305154048,17064386.0
2025-09-15 08:30:00+00:00,17003812.0,17057770.0,17003812.0,17057770.0,54507077632,17003812.0
2025-09-15 08:45:00+00:00,16922218.0,17007814.0,16922218.0,17007814.0,150828744704,16922218.0
2025-09-15 09:00:00+00:00,16927674.0,16946808.0,16907398.0,16907398.0,189373349888,16927674.0
2025-09-15 09:15:00+00:00,16968678.0,16974938.0,16921876.0,16931386.0,168378236928,16968678.0
2025-09-15 09:30:00+00:00,16945408.0,16964230.0,16945408.0,16964230.0,174418034688,16945408.0
2025-09-15 09:45:00+00:00,16934738.0,16946062.0,16933802.0,16946062.0,64250445824,16934738.0
2025-09-15 10:00:00+00:00,16922538.0,16940028.0,16922538.0,16938828.0,25246564352,16922538.0
2025-09-15 10:15:00+00:00,16908136.0,16933938.0,16902540.0,16924492.0,50906791936,16908136.0
2025-09-15 10:30:00+00:00,16914260.0,16924738.0,16910338.0,16910338.0,29546774528,16914260.0
2025-09-15 10:45:00+00:00,16925784.0,16930480.0,16913078.0,16915508.0,165697552384,16925784.0
2025-09-15 11:00:00+00:00,16956684.0,16956684.0,16919136.0,16923368.0,127774752768,16956684.0
2025-09-15 11:15:00+00:00,16942744.0,16955950.0,16939462.0,16955164.0,38728630272,16942744.0
2025-09-15 11:30:00+00:00,16980990.0,16983150.0,16942058.0,16942794.0,515821797376,16980990.0
2025-09-15 11:45:00+00:00,16973216.0,16978536.0,16957534.0,16978536.0,10164895744,16973216.0
2025-09-15 12:00:00+00:00,16936172.0,16964144.0,16933444.0,16964144.0,263738884096,16936172.0
2025-09-15 12:15:00+00:00,16939410.0,16946810.0,16933572.0,16935536.0,150652583936,16939410.0
2025-09-15 12:30:00+00:00,16920142.0,16926106.0,16916534.0,16925776.0,23829413888,16920142.0
2025-09-15 12:45:00+00:00,16899136.0,16923172.0,16897222.0,16923172.0,10518790144,16899136.0
2025-09-15 13:00:00+00:00,16904392.0,16911332.0,16889342.0,16898142.0,160023183360,16904392.0
2025-09-15 13:15:00+00:00,16944702.0,16944702.0,16909652.0,16912642.0,213722333184,16944702.0
2025-09-15 13:30:00+00:00,16873200.0,16949080.0,16873200.0,16944158.0,120443633664,16873200.0
2025-09-15 13:45:00+00:00,16895592.0,16926826.0,16856372.0,16856372.0,179961856000,16895592.0
2025-09-15 14:00:00+00:00,16897718.0,16901490.0,16876344.0,16898346.0,45174751232,16897718.0
2025-09-15 14:15:00+00:00,16962126.0,16963606.0,16899988.0,16899988.0,48738861056,16962126.0
2025-09-15 14:30:00+00:00,16939970.0,16963456.0,16924796.0,16963456.0,158967267328,16939970.0
2025-09-15 14:45:00+00:00,16918030.0,16951826.0,16918030.0,16942476.0,135133659136,16918030.0
2025-09-15 15:00:00+00:00,16881042.0,16911288.0,16880154.0,16911288.0,51767148544,16881042.0
2025-09-15 15:15:00+00:00,16898678.0,16904884.0,16867484.0,16881714.0,29853483008,16898678.0
2025-09-15 15:30:00+00:00,16910738.0,16920298.0,16868626.0,16893972.0,164543594496,16910738.0
2025-09-15 15:45:00+00:00,16923566.0,16929392.0,16890204.0,16897288.0,139479482368,16923566.0
2025-09-15 16:00:00+00:00,16918510.0,16918950.0,16890606.0,16918842.0,184456052736,16918510.0
2025-09-15 16:15:00+00:00,16908910.0,16933072.0,16906132.0,16933072.0,515100377088,16908910.0
2025-09-15 16:30:00+00:00,16933032.0,16933032.0,16903844.0,16908774.0,12666273792,16933032.0
2025-09-15 16:45:00+00:00,16898782.0,16938282.0,16898782.0,16938282.0,156625797120,16898782.0
2025-09-15 17:00:00+00:00,16927268.0,16931354.0,16900850.0,16900850.0,143450439680,16927268.0
2025-09-15 17:15:00+00:00,16907960.0,16927036.0,16900866.0,16927036.0,351977603072,16907960.0
2025-09-15 17:30:00+00:00,16929162.0,16929162.0,16907462.0,16907462.0,229990465536,16929162.0
2025-09-15 17:45:00+00:00,16940586.0,16940586.0,16914484.0,16926996.0,20963655680,16940586.0
2025-09-15 18:00:00+00:00,16931620.0,16966110.0,16929510.0,16949614.0,164830904320,16931620.0
2025-09-15 18:15:00+00:00,16932640.0,16943162.0,16929000.0,16931774.0,14064025600,16932640.0
2025-09-15 18:30:00+00:00,16930806.0,16936908.0,16927568.0,16930772.0,140263292928,16930806.0
2025-09-15 18:45:00+00:00,16990408.0,16990826.0,16928758.0,16928758.0,207040282624,16990408.0
2025-09-15 19:00:00+00:00,16977708.0,17021756.0,16977708.0,16988012.0,21019754496,16977708.0
2025-09-15 19:15:00+00:00,16959406.0,16974542.0,16959406.0,16970362.0,251380367360,16959406.0
2025-09-15 19:30:00+00:00,17015636.0,17023140.0,16945670.0,16959976.0,49877614592,17015636.0
2025-09-15 19:45:00+00:00,16995798.0,17019970.0,16993130.0,17015398.0,43782242304,16995798.0
2025-09-15 20:00:00+00:00,17019612.0,17027592.0,16992418.0,16997146.0,159601655808,17019612.0
2025-09-15 20:15:00+00:00,16999468.0,17022522.0,16997354.0,17018810.0,17533239296,16999468.0
2025-09-15 20:30:00+00:00,16994746.0,17003022.0,16990052.0,16999622.0,152174592000,16994746.0
2025-09-15 20:45:00+00:00,17007482.0,17007482.0,16990152.0,16992324.0,145869504512,17007482.0
2025-09-15 21:00:00+00:00,16998770.0,17013044.0,16992236.0,17013044.0,126387486720,16998770.0
2025-09-15 21:15:00+00:00,17013388.0,17019764.0,16995698.0,16995698.0,15528886272,17013388.0
2025-09-15 21:30:00+00:00,17016788.0,17016962.0,17007088.0,17012964.0,123581497344,17016788.0
2025-09-15 21:45:00+00:00,17022080.0,17025948.0,17019538.0,17019538.0,0,17022080.0
2025-09-15 22:00:00+00:00,17006268.0,17038700.0,17002360.0,17021560.0,146254856192,17006268.0
2025-09-15 22:15:00+00:00,17012352.0,17019536.0,17007972.0,17012260.0,13784055808,17012352.0
2025-09-15 22:30:00+00:00,16989858.0,17014734.0,16985960.0,17013708.0,0,16989858.0
2025-09-15 22:45:00+00:00,17000478.0,17000478.0,16984416.0,16989588.0,871890944,17000478.0
2025-09-15 23:00:00+00:00,17006682.0,17006682.0,16989518.0,16995672.0,332340920320,17006682.0
2025-09-15 23:15:00+00:00,17005982.0,17005982.0,17005982.0,17005982.0,1436549120,17005982.0
2025-09-16 01:00:00+00:00,16998212.0,17000804.0,16975414.0,16976450.0,0,16998212.0
2025-09-16 01:15:00+00:00,17030900.0,17030900.0,16998738.0,16998738.0,0,17030900.0
2025-09-16 01:45:00+00:00,16956232.0,16959958.0,16953488.0,16957434.0,119269228544,16956232.0
2025-09-16 02:00:00+00:00,16959144.0,16960428.0,16951172.0,16953634.0,359558283264,16959144.0
2025-09-16 02:15:00+00:00,16957680.0,16961880.0,16942108.0,16961880.0,0,16957680.0
2025-09-16 02:30:00+00:00,16949450.0,16962868.0,16945764.0,16955408.0,7634157568,16949450.0
2025-09-16 02:45:00+00:00,16930320.0,16946602.0,16929172.0,16946602.0,6944194560,16930320.0
2025-09-16 03:00:00+00:00,16946404.0,16952028.0,16930966.0,16933744.0,151852154880,16946404.0
2025-09-16 03:15:00+00:00,16952076.0,16956348.0,16937426.0,16947834.0,134592593920,16952076.0
2025-09-16 03:30:00+00:00,16970928.0,16972916.0,16953558.0,16958770.0,4068999168,16970928.0
2025-09-16 03:45:00+00:00,16973432.0,16976492.0,16968052.0,16976448.0,15144583168,16973432.0
2025-09-16 04:00:00+00:00,16935856.0,16980832.0,16935856.0,16971626.0,134679625728,16935856.0
2025-09-16 04:15:00+00:00,16957098.0,16959272.0,16917022.0,16931916.0,27609530368,16957098.0
2025-09-16 04:30:00+00:00,16963200.0,16963200.0,16944136.0,16959402.0,131735224320,16963200.0
2025-09-16 04:45:00+00:00,16983340.0,16993652.0,16959950.0,16960782.0,0,16983340.0
2025-09-16 05:00:00+00:00,17024010.0,17024010.0,16976266.0,16976266.0,7726432256,17024010.0
2025-09-16 05:15:00+00:00,17000384.0,17000384.0,17000384.0,17000384.0,133266145280,17000384.0
2025-09-16 05:30:00+00:00,17029548.0,17029548.0,17007472.0,17009686.0,18637389824,17029548.0
2025-09-16 05:45:00+00:00,17042842.0,17045878.0,17031780.0,17032676.0,76021760,17042842.0
2025-09-16 06:00:00+00:00,17046686.0,17048088.0,17030666.0,17041938.0,160955891712,17046686.0
2025-09-16 06:15:00+00:00,17035628.0,17047472.0,17035628.0,17047472.0,145304846336,17035628.0
2025-09-16 09:30:00+00:00,16979280.0,16979280.0,16979280.0,16979280.0,0,16979280.0
2025-09-16 09:45:00+00:00,16973516.0,16976440.0,16973516.0,16976440.0,0,16973516.0
2025-09-16 10:30:00+00:00,16982778.0,16988274.0,16982778.0,16988044.0,0,16982778.0
2025-09-16 10:45:00+00:00,16967662.0,16985798.0,16967662.0,16984338.0,1145044992,16967662.0
2025-09-16 11:00:00+00:00,16957920.0,16969302.0,16954378.0,16969302.0,54721511424,16957920.0
2025-09-16 11:15:00+00:00,16966956.0,16970176.0,16954850.0,16957374.0,139496783872,16966956.0
2025-09-16 11:30:00+00:00,16955274.0,16983826.0,16955274.0,16966926.0,0,16955274.0
2025-09-16 11:45:00+00:00,16942236.0,16958916.0,16942028.0,16955962.0,0,16942236.0
2025-09-16 12:00:00+00:00,16966036.0,16966122.0,16942874.0,16946498.0,0,16966036.0
2025-09-16 12:15:00+00:00,16963990.0,16974876.0,16960704.0,16966636.0,0,16963990.0
2025-09-16 12:30:00+00:00,16984614.0,16990914.0,16966428.0,16966428.0,3532652544,16984614.0
2025-09-16 12:45:00+00:00,16981966.0,16988872.0,16975742.0,16988872.0,156768927744,16981966.0
2025-09-16 13:00:00+00:00,16965074.0,16986754.0,16965074.0,16981326.0,97042563072,16965074.0
2025-09-16 13:15:00+00:00,16965680.0,16977466.0,16958670.0,16964642.0,0,16965680.0
2025-09-16 13:30:00+00:00,16898958.0,16966270.0,16898958.0,16966270.0,129143144448,16898958.0
2025-09-16 13:45:00+00:00,16898700.0,16903316.0,16852108.0,16903316.0,49944199168,16898700.0
2025-09-16 14:00:00+00:00,16841236.0,16913662.0,16841236.0,16909416.0,142131855360,16841236.0
2025-09-16 14:15:00+00:00,16863930.0,16895716.0,16853262.0,16853262.0,22005415936,16863930.0
2025-09-16 14:30:00+00:00,16863990.0,16882716.0,16851162.0,16859906.0,126643863552,16863990.0
2025-09-16 14:45:00+00:00,16895044.0,16899596.0,16864948.0,16864948.0,3388997632,16895044.0
2025-09-16 15:00:00+00:00,16867728.0,16893096.0,16865008.0,16893096.0,140158959616,16867728.0
2025-09-16 15:15:00+00:00,16872992.0,16892800.0,16864982.0,16864982.0,535298048,16872992.0
2025-09-16 15:30:00+00:00,16913924.0,16915046.0,16876566.0,16876566.0,0,16913924.0
2025-09-16 15:45:00+00:00,16983036.0,16983036.0,16916588.0,16916588.0,26160398336,16983036.0
2025-09-16 16:00:00+00:00,16979322.0,16995422.0,16968268.0,16995422.0,72897527808,16979322.0
2025-09-16 16:15:00+00:00,16967282.0,16985600.0,16939632.0,16972012.0,148057358336,16967282.0
2025-09-16 16:30:00+00:00,16963778.0,16980768.0,16960860.0,16973394.0,167643185152,16963778.0
2025-09-16 16:45:00+00:00,16984780.0,16984780.0,16963228.0,16965444.0,2125987840,16984780.0
2025-09-16 17:00:00+00:00,17055588.0,17061358.0,16999324.0,16999324.0,28918153216,17055588.0
2025-09-16 17:15:00+00:00,17079954.0,17079954.0,17061884.0,17061884.0,180208271360,17079954.0
2025-09-16 17:30:00+00:00,17057720.0,17109976.0,17041470.0,17093658.0,304993009664,17057720.0
2025-09-16 17:45:00+00:00,17057956.0,17080042.0,17045262.0,17059166.0,41671458816,17057956.0
2025-09-16 18:00:00+00:00,17079956.0,17095610.0,17067602.0,17067602.0,147208536064,17079956.0
2025-09-16 18:15:00+00:00,17047450.0,17083638.0,17047450.0,17066218.0,236856016896,17047450.0
2025-09-16 18:30:00+00:00,17023412.0,17049828.0,17022478.0,17049828.0,288680837120,17023412.0
2025-09-16 18:45:00+00:00,17043950.0,17053302.0,17027562.0,17027562.0,0,17043950.0
2025-09-16 19:00:00+00:00,17071814.0,17071814.0,17048452.0,17052364.0,130211643392,17071814.0
2025-09-16 19:15:00+00:00,17051844.0,17067214.0,17051844.0,17064756.0,0,17051844.0
2025-09-16 19:30:00+00:00,17077194.0,17077530.0,17052658.0,17057080.0,348580216832,17077194.0
2025-09-16 19:45:00+00:00,17112298.0,17112298.0,17075780.0,17075780.0,62266540032,17112298.0
2025-09-16 20:00:00+00:00,17121650.0,17123366.0,17110592.0,17116328.0,265289728,17121650.0
2025-09-16 20:15:00+00:00,17106706.0,17124950.0,17104648.0,17124252.0,6718750720,17106706.0
2025-09-16 20:30:00+00:00,17126586.0,17126586.0,17103648.0,17103648.0,137788653568,17126586.0
2025-09-16 20:45:00+00:00,17121524.0,17127836.0,17118932.0,17126218.0,10871111680,17121524.0
2025-09-16 21:00:00+00:00,17129500.0,17138786.0,17119446.0,17120614.0,149191393280,17129500.0
2025-09-16 21:15:00+00:00,17089150.0,17102368.0,17086162.0,17102330.0,35058089984,17089150.0
2025-09-16 21:30:00+00:00,17091880.0,17095526.0,17087828.0,17092530.0,964689920,17091880.0
2025-09-16 21:45:00+00:00,17118530.0,17120938.0,17089162.0,17089162.0,379977203712,17118530.0
2025-09-16 22:00:00+00:00,17130742.0,17137412.0,17120522.0,17126266.0,16453206016,17130742.0
2025-09-16 22:15:00+00:00,17130934.0,17132064.0,17126904.0,17129584.0,228962336768,17130934.0
2025-09-16 22:30:00+00:00,17113942.0,17128178.0,17100078.0,17127938.0,243855261696,17113942.0
2025-09-16 22:45:00+00:00,17124272.0,17125032.0,17113956.0,17113956.0,148542849024,17124272.0
2025-09-16 23:00:00+00:00,17125722.0,17128572.0,17115680.0,17123788.0,137131196416,17125722.0
2025-09-16 23:15:00+00:00,17096474.0,17128244.0,17092194.0,17125714.0,150237347840,17096474.0
2025-09-16 23:30:00+00:00,17092264.0,17104616.0,17091620.0,17096408.0,0,17092264.0
2025-09-16 23:45:00+00:00,17105064.0,17105064.0,17079056.0,17081666.0,145206804480,17105064.0
2025-09-17 00:00:00+00:00,17068544.0,17107128.0,17068544.0,17107128.0,1493172224,17068544.0
2025-09-17 00:15:00+00:00,17080390.0,17082220.0,17067820.0,17068544.0,3659530240,17080390.0
2025-09-17 00:30:00+00:00,17095454.0,17095454.0,17072130.0,17081046.0,141492748288,17095454.0
2025-09-17 00:45:00+00:00,17093608.0,17098252.0,17085538.0,17095960.0,293986631680,17093608.0
2025-09-17 01:00:00+00:00,17089220.0,17093880.0,17083384.0,17092926.0,0,17089220.0
2025-09-17 01:15:00+00:00,17101994.0,17103708.0,17086006.0,17089810.0,18125160448,17101994.0
2025-09-17 01:30:00+00:00,17106442.0,17107448.0,17097780.0,17105454.0,6773800960,17106442.0
2025-09-17 01:45:00+00:00,17097764.0,17106008.0,17093972.0,17103392.0,6372720640,17097764.0
2025-09-17 02:00:00+00:00,17100334.0,17103160.0,17091074.0,17100430.0,16048979968,17100334.0
2025-09-17 02:15:00+00:00,17116870.0,17116870.0,17098876.0,17098876.0,1398800384,17116870.0
2025-09-17 02:30:00+00:00,17139260.0,17143190.0,17118032.0,17118032.0,164817272832,17139260.0
2025-09-17 02:45:00+00:00,17113136.0,17155978.0,17112900.0,17133600.0,236011388928,17113136.0
2025-09-17 03:00:00+00:00,17108526.0,17111170.0,17101846.0,17108124.0,28800712704,17108526.0
2025-09-17 03:15:00+00:00,17081240.0,17110734.0,17081240.0,17110482.0,37596692480,17081240.0
2025-09-17 03:30:00+00:00,17072640.0,17087296.0,17072038.0,17081532.0,177564811264,17072640.0
2025-09-17 03:45:00+00:00,17071822.0,17072478.0,17066480.0,17071944.0,22120235008,17071822.0
2025-09-17 04:00:00+00:00,17066696.0,17075632.0,17061778.0,17066288.0,149700476928,17066696.0
2025-09-17 04:15:00+00:00,17045968.0,17066926.0,17045220.0,17066926.0,140822183936,17045968.0
2025-09-17 04:30:00+00:00,17036928.0,17050732.0,17036082.0,17050732.0,144631136256,17036928.0
2025-09-17 04:45:00+00:00,17046012.0,17047006.0,17026760.0,17036234.0,107178622976,17046012.0
2025-09-17 05:00:00+00:00,17078786.0,17078786.0,17043002.0,17043002.0,120615075840,17078786.0
2025-09-17 05:15:00+00:00,17081390.0,17089890.0,17075354.0,17075354.0,0,17081390.0
2025-09-17 05:30:00+00:00,17094176.0,17102408.0,17081530.0,17081530.0,0,17094176.0
2025-09-17 05:45:00+00:00,17173922.0,17173922.0,17090744.0,17096546.0,27762098176,17173922.0
2025-09-17 06:00:00+00:00,17160412.0,17178084.0,17152466.0,17168844.0,68085088256,17160412.0
2025-09-17 06:15:00+00:00,17156316.0,17169326.0,17149900.0,17160414.0,4791468032,17156316.0
2025-09-17 06:30:00+00:00,17173478.0,17174222.0,17148866.0,17154144.0,0,17173478.0
2025-09-17 06:45:00+00:00,17172454.0,17173670.0,17160308.0,17173478.0,408789975040,17172454.0
2025-09-17 07:00:00+00:00,17184172.0,17186480.0,17168118.0,17181056.0,388696113152,17184172.0
2025-09-17 07:15:00+00:00,17195352.0,17204532.0,17185348.0,17185348.0,154661289984,17195352.0
2025-09-17 07:30:00+00:00,17192708.0,17201092.0,17192148.0,17195510.0,41338011648,17192708.0
2025-09-17 07:45:00+00:00,17194528.0,17194528.0,17185768.0,17190866.0,38399377408,17194528.0
2025-09-17 08:00:00+00:00,17168982.0,17194218.0,17168982.0,17194218.0,3120037888,17168982.0
2025-09-17 08:15:00+00:00,17149226.0,17171838.0,17148666.0,17171838.0,20609236992,17149226.0
2025-09-17 08:30:00+00:00,17100054.0,17139568.0,17100054.0,17139568.0,40362835968,17100054.0
2025-09-17 08:45:00+00:00,17112874.0,17112874.0,17100864.0,17107254.0,96004997120,17112874.0
2025-09-17 09:00:00+00:00,17091310.0,17120914.0,17087214.0,17120914.0,366655045632,17091310.0
2025-09-17 09:15:00+00:00,17096254.0,17098102.0,17089026.0,17092844.0,231661895680,17096254.0
2025-09-17 09:30:00+00:00,17093914.0,17101202.0,17090822.0,17096368.0,1461714944,17093914.0
2025-09-17 09:45:00+00:00,17066334.0,17089932.0,17063462.0,17089932.0,13488357376,17066334.0
2025-09-17 10:00:00+00:00,17062424.0,17066080.0,17049920.0,17066080.0,154256539648,17062424.0
2025-09-17 10:15:00+00:00,17038328.0,17062524.0,17038328.0,17062524.0,54883516416,17038328.0
2025-09-17 10:30:00+00:00,17030234.0,17039654.0,17030078.0,17036322.0,6020399104,17030234.0
2025-09-17 10:45:00+00:00,17026824.0,17030216.0,17012808.0,17030216.0,23878696960,17026824.0
2025-09-17 11:00:00+00:00,17015186.0,17024804.0,17010252.0,17024804.0,364168347648,17015186.0
2025-09-17 11:15:00+00:00,17017968.0,17022060.0,17011468.0,17016184.0,141880721408,17017968.0
2025-09-17 11:30:00+00:00,17015586.0,17022658.0,17013722.0,17018342.0,148054212608,17015586.0
2025-09-17 11:45:00+00:00,17019614.0,17026572.0,17015232.0,17015232.0,14299955200,17019614.0
2025-09-17 12:00:00+00:00,17037880.0,17037880.0,17015256.0,17019586.0,32996065280,17037880.0
2025-09-17 12:15:00+00:00,17043142.0,17043142.0,17025776.0,17040256.0,16432234496,17043142.0
2025-09-17 12:30:00+00:00,17018570.0,17056194.0,17007360.0,17045048.0,16602628096,17018570.0
2025-09-17 12:45:00+00:00,17019206.0,17030446.0,17008830.0,17019834.0,54248079360,17019206.0
2025-09-17 13:00:00+00:00,17000644.0,17017632.0,16997994.0,17017632.0,120090263552,17000644.0
2025-09-17 13:15:00+00:00,17015000.0,17020056.0,17000130.0,17001220.0,280260771840,17015000.0
2025-09-17 13:30:00+00:00,16975386.0,17016048.0,16973452.0,17016048.0,37761318912,16975386.0
2025-09-17 13:45:00+00:00,16991778.0,17001794.0,16964306.0,16975992.0,78721318912,16991778.0
2025-09-17 14:00:00+00:00,16992988.0,17010570.0,16990964.0,16999674.0,118935781376,16992988.0
2025-09-17 14:15:00+00:00,16934906.0,16997506.0,16934906.0,16997506.0,159809273856,16934906.0
2025-09-17 14:30:00+00:00,16907620.0,16931676.0,16901666.0,16931676.0,77382287360,16907620.0
2025-09-17 14:45:00+00:00,16924408.0,16931832.0,16899176.0,16915382.0,443589066752,16924408.0
2025-09-17 15:00:00+00:00,16942050.0,16942050.0,16920214.0,16923876.0,20245905408,16942050.0
2025-09-17 15:15:00+00:00,16930834.0,16946636.0,16930256.0,16941702.0,133501550592,16930834.0
2025-09-17 15:30:00+00:00,16956252.0,16956252.0,16926416.0,16926416.0,43073929216,16956252.0
2025-09-17 15:45:00+00:00,16958332.0,16960264.0,16948256.0,16957204.0,0,16958332.0
2025-09-17 16:00:00+00:00,16925520.0,16964526.0,16925520.0,16964526.0,61940957184,16925520.0
2025-09-17 16:15:00+00:00,16915450.0,16922162.0,16910554.0,16922162.0,0,16915450.0
2025-09-17 16:30:00+00:00,16895366.0,16921702.0,16895366.0,16920984.0,146312527872,16895366.0
2025-09-17 16:45:00+00:00,16925434.0,16930792.0,16891346.0,16898950.0,175366995968,16925434.0
2025-09-17 17:00:00+00:00,16932230.0,16951124.0,16922694.0,16922694.0,5740429312,16932230.0
2025-09-17 17:15:00+00:00,16927618.0,16937226.0,16921516.0,16932720.0,0,16927618.0
2025-09-17 17:30:00+00:00,17002240.0,17002240.0,16928668.0,16928668.0,0,17002240.0
2025-09-17 17:45:00+00:00,16986266.0,17011908.0,16960492.0,17011908.0,67599073280,16986266.0
2025-09-17 18:00:00+00:00,16845722.0,16985098.0,16845722.0,16985098.0,331880595456,16845722.0
2025-09-17 18:15:00+00:00,16924448.0,16924448.0,16799274.0,16841164.0,327768080384,16924448.0
2025-09-17 18:30:00+00:00,16864668.0,16929638.0,16864668.0,16929638.0,215444619264,16864668.0
2025-09-17 18:45:00+00:00,16886954.0,16908190.0,16837410.0,16843544.0,215947935744,16886954.0
2025-09-17 19:00:00+00:00,16954000.0,16973352.0,16906540.0,16906540.0,460075302912,16954000.0
2025-09-17 19:15:00+00:00,16984724.0,16991370.0,16942858.0,16970956.0,100381229056,16984724.0
2025-09-17 19:30:00+00:00,16987390.0,16993730.0,16964672.0,16972634.0,174194688000,16987390.0
2025-09-17 19:45:00+00:00,16985354.0,16999692.0,16975036.0,16994294.0,133587533824,16985354.0
2025-09-17 20:00:00+00:00,17056736.0,17056736.0,16982056.0,16982056.0,150287155200,17056736.0
2025-09-17 20:15:00+00:00,17034584.0,17057276.0,17028308.0,17046680.0,189027319808,17034584.0
2025-09-17 20:30:00+00:00,17010668.0,17042852.0,17007096.0,17035566.0,0,17010668.0
2025-09-17 20:45:00+00:00,16989674.0,17014754.0,16989674.0,17010828.0,20251148288,16989674.0
2025-09-17 21:00:00+00:00,16993630.0,16999772.0,16965170.0,16994508.0,166407962624,16993630.0
2025-09-17 21:15:00+00:00,17031374.0,17031374.0,17017040.0,17020406.0,5053612032,17031374.0
2025-09-17 21:30:00+00:00,17041910.0,17041910.0,17015672.0,17031490.0,139733762048,17041910.0
2025-09-17 21:45:00+00:00,17058048.0,17065910.0,17039214.0,17039214.0,162586427392,17058048.0
2025-09-17 22:00:00+00:00,17088022.0,17088022.0,17057194.0,17057194.0,33386135552,17088022.0
2025-09-17 22:15:00+00:00,17068286.0,17092700.0,17068142.0,17088764.0,36997955584,17068286.0
2025-09-17 22:30:00+00:00,17085958.0,17085958.0,17068298.0,17068298.0,200931278848,17085958.0
2025-09-17 22:45:00+00:00,17147734.0,17150642.0,17083536.0,17085074.0,146844155904,17147734.0
2025-09-17 23:00:00+00:00,17154902.0,17178222.0,17124786.0,17125466.0,145173774336,17154902.0
2025-09-17 23:15:00+00:00,17135108.0,17157834.0,17131450.0,17157464.0,92467625984,17135108.0
2025-09-17 23:30:00+00:00,17089264.0,17138602.0,17089264.0,17123010.0,193384677376,17089264.0
2025-09-17 23:45:00+00:00,17106046.0,17118630.0,17095582.0,17095582.0,257867907072,17106046.0
2025-09-18 00:00:00+00:00,17089242.0,17110290.0,17089242.0,17106950.0,372068319232,17089242.0
2025-09-18 00:15:00+00:00,17077688.0,17103626.0,17068578.0,17093080.0,188704882688,17077688.0
2025-09-18 00:30:00+00:00,17115956.0,17118544.0,17079264.0,17079264.0,229192499200,17115956.0
2025-09-18 00:45:00+00:00,17096156.0,17114964.0,17090252.0,17114748.0,152843583488,17096156.0
2025-09-18 01:00:00+00:00,17151614.0,17151614.0,17093288.0,17096624.0,32121028608,17151614.0
2025-09-18 01:15:00+00:00,17153732.0,17161392.0,17149898.0,17151230.0,13881049088,17153732.0
2025-09-18 01:30:00+00:00,17164828.0,17164828.0,17139112.0,17141384.0,170656792576,17164828.0
2025-09-18 01:45:00+00:00,17168444.0,17191362.0,17168444.0,17177776.0,43301994496,17168444.0
2025-09-18 02:00:00+00:00,17159510.0,17163570.0,17143268.0,17163570.0,266973741056,17159510.0
2025-09-18 02:15:00+00:00,17129136.0,17165016.0,17128236.0,17162708.0,6529482752,17129136.0
2025-09-18 02:30:00+00:00,17148318.0,17148434.0,17126798.0,17126798.0,139635720192,17148318.0
2025-09-18 02:45:00+00:00,17184138.0,17184138.0,17145182.0,17148060.0,0,17184138.0
2025-09-18 03:00:00+00:00,17264126.0,17264126.0,17179810.0,17188528.0,100488183808,17264126.0
2025-09-18 03:15:00+00:00,17311628.0,17311628.0,17266056.0,17266056.0,257737883648,17311628.0
2025-09-18 03:30:00+00:00,17330962.0,17330962.0,17299202.0,17314734.0,88539660288,17330962.0
2025-09-18 03:45:00+00:00,17297922.0,17326044.0,17296534.0,17326044.0,179708100608,17297922.0
2025-09-18 04:00:00+00:00,17310922.0,17321748.0,17301138.0,17301138.0,60260614144,17310922.0
2025-09-18 04:15:00+00:00,17275674.0,17316186.0,17275498.0,17311562.0,266519707648,17275674.0
2025-09-18 04:30:00+00:00,17280402.0,17282576.0,17259058.0,17276740.0,88906661888,17280402.0
2025-09-18 04:45:00+00:00,17306858.0,17307108.0,17283544.0,17283544.0,187847147520,17306858.0
2025-09-18 05:00:00+00:00,17301058.0,17314686.0,17297402.0,17314686.0,151876796416,17301058.0
2025-09-18 05:15:00+00:00,17271548.0,17299960.0,17271548.0,17296686.0,0,17271548.0
2025-09-18 05:30:00+00:00,17272878.0,17274516.0,17263952.0,17266292.0,13109297152,17272878.0
2025-09-18 05:45:00+00:00,17280554.0,17280554.0,17268844.0,17269010.0,0,17280554.0
2025-09-18 06:00:00+00:00,17277932.0,17295024.0,17277932.0,17286238.0,93788831744,17277932.0
2025-09-18 06:15:00+00:00,17247402.0,17276086.0,17247402.0,17270332.0,0,17247402.0
2025-09-18 06:30:00+00:00,17255322.0,17257876.0,17242862.0,17250316.0,205556547584,17255322.0
2025-09-18 06:45:00+00:00,17258562.0,17262214.0,17245312.0,17251870.0,10604249088,17258562.0
2025-09-18 07:00:00+00:00,17252438.0,17265764.0,17249676.0,17265764.0,0,17252438.0
2025-09-18 07:15:00+00:00,17237688.0,17251150.0,17236440.0,17251150.0,134600458240,17237688.0
2025-09-18 07:30:00+00:00,17233832.0,17247738.0,17230948.0,17230948.0,194815983616,17233832.0
2025-09-18 07:45:00+00:00,17227230.0,17238146.0,17222392.0,17235604.0,9887023104,17227230.0
2025-09-18 08:00:00+00:00,17261638.0,17261638.0,17227328.0,17229764.0,5246025728,17261638.0
2025-09-18 08:15:00+00:00,17295626.0,17297032.0,17266920.0,17266920.0,7801405440,17295626.0
2025-09-18 08:30:00+00:00,17275670.0,17294914.0,17275670.0,17294182.0,0,17275670.0
2025-09-18 08:45:00+00:00,17285838.0,17291190.0,17262144.0,17275632.0,229962153984,17285838.0
2025-09-18 09:00:00+00:00,17277390.0,17287514.0,17272384.0,17287514.0,131252355072,17277390.0
2025-09-18 09:15:00+00:00,17273978.0,17285074.0,17270086.0,17270086.0,1590689792,17273978.0
2025-09-18 09:30:00+00:00,17254072.0,17275078.0,17246662.0,17275078.0,12367953920,17254072.0
2025-09-18 09:45:00+00:00,17276938.0,17282784.0,17255950.0,17255950.0,151102947328,17276938.0
2025-09-18 10:00:00+00:00,17274686.0,17280736.0,17274686.0,17279128.0,144826171392,17274686.0
2025-09-18 10:15:00+00:00,17266512.0,17289908.0,17266512.0,17279886.0,76857475072,17266512.0
2025-09-18 10:30:00+00:00,17252824.0,17262350.0,17249202.0,17262350.0,60482912256,17252824.0
2025-09-18 10:45:00+00:00,17262442.0,17262442.0,17245432.0,17251776.0,127444975616,17262442.0
2025-09-18 11:00:00+00:00,17276274.0,17278960.0,17265668.0,17265668.0,163879845888,17276274.0
2025-09-18 11:15:00+00:00,17276144.0,17282396.0,17266264.0,17266264.0,13567524864,17276144.0
2025-09-18 11:30:00+00:00,17266050.0,17280406.0,17264154.0,17273188.0,149047738368,17266050.0
2025-09-18 11:45:00+00:00,17256040.0,17270500.0,17251458.0,17267100.0,5334106112,17256040.0
2025-09-18 12:00:00+00:00,17273602.0,17273602.0,17252830.0,17257368.0,124059123712,17273602.0
2025-09-18 12:15:00+00:00,17287418.0,17292484.0,17277854.0,17285614.0,46726643712,17287418.0
2025-09-18 12:30:00+00:00,17312000.0,17312000.0,17282212.0,17291338.0,125336289280,17312000.0
2025-09-18 12:45:00+00:00,17315258.0,17315258.0,17301902.0,17308960.0,0,17315258.0
2025-09-18 13:00:00+00:00,17361498.0,17361498.0,17315934.0,17315934.0,129231749120,17361498.0
2025-09-18 13:15:00+00:00,17380990.0,17381116.0,17363342.0,17363342.0,0,17380990.0
2025-09-18 13:30:00+00:00,17400784.0,17427130.0,17380944.0,17385108.0,674771238912,17400784.0
2025-09-18 13:45:00+00:00,17385280.0,17387844.0,17353986.0,17381622.0,454019776512,17385280.0
2025-09-18 14:00:00+00:00,17417702.0,17417702.0,17397592.0,17397592.0,14540603392,17417702.0
2025-09-18 14:15:00+00:00,17448484.0,17456714.0,17414456.0,17417722.0,111012741120,17448484.0
2025-09-18 14:30:00+00:00,17438166.0,17438166.0,17415098.0,17431602.0,6495928320,17438166.0
2025-09-18 14:45:00+00:00,17419484.0,17440598.0,17417094.0,17440598.0,120354504704,17419484.0
2025-09-18 15:00:00+00:00,17388968.0,17419306.0,17388968.0,17419306.0,164761698304,17388968.0
2025-09-18 15:15:00+00:00,17373292.0,17395490.0,17371256.0,17373962.0,262965035008,17373292.0
2025-09-18 15:30:00+00:00,17390584.0,17390584.0,17367354.0,17367354.0,15912140800,17390584.0
2025-09-18 15:45:00+00:00,17414564.0,17426176.0,17390532.0,17390532.0,228236197888,17414564.0
2025-09-18 16:00:00+00:00,17420426.0,17420426.0,17403054.0,17415126.0,495409168384,17420426.0
2025-09-18 16:15:00+00:00,17423994.0,17437928.0,17421374.0,17422606.0,21391998976,17423994.0
2025-09-18 16:30:00+00:00,17428234.0,17428842.0,17407500.0,17420740.0,495460548608,17428234.0
2025-09-18 16:45:00+00:00,17390468.0,17429082.0,17390468.0,17429082.0,0,17390468.0
2025-09-18 17:00:00+00:00,17406272.0,17407548.0,17383544.0,17391668.0,0,17406272.0
2025-09-18 17:15:00+00:00,17383056.0,17410946.0,17379126.0,17405242.0,198618120192,17383056.0
2025-09-18 17:30:00+00:00,17376446.0,17396360.0,17364792.0,17384330.0,41562406912,17376446.0
2025-09-18 17:45:00+00:00,17385774.0,17391298.0,17373148.0,17375058.0,123560001536,17385774.0
2025-09-18 18:00:00+00:00,17421742.0,17421742.0,17385880.0,17385880.0,15715008512,17421742.0
2025-09-18 18:15:00+00:00,17422332.0,17430810.0,17420080.0,17426204.0,0,17422332.0
2025-09-18 18:30:00+00:00,17421134.0,17427020.0,17411028.0,17422920.0,61634772992,17421134.0
2025-09-18 18:45:00+00:00,17428292.0,17433442.0,17426432.0,17426432.0,100991500288,17428292.0
2025-09-18 19:00:00+00:00,17418172.0,17424118.0,17414874.0,17424118.0,0,17418172.0
2025-09-18 19:15:00+00:00,17382206.0,17413624.0,17382206.0,17413624.0,0,17382206.0
2025-09-18 19:30:00+00:00,17356594.0,17377922.0,17343198.0,17376494.0,25843204096,17356594.0
2025-09-18 19:45:00+00:00,17381966.0,17381966.0,17341654.0,17354430.0,0,17381966.0
2025-09-18 20:00:00+00:00,17386120.0,17393166.0,17372338.0,17384792.0,0,17386120.0
2025-09-18 20:15:00+00:00,17390830.0,17390830.0,17372724.0,17382944.0,244439318528,17390830.0
2025-09-18 20:30:00+00:00,17416836.0,17416836.0,17394156.0,17394156.0,78389444608,17416836.0
2025-09-18 20:45:00+00:00,17402206.0,17420120.0,17401140.0,17418336.0,140199854080,17402206.0
2025-09-18 21:00:00+00:00,17371116.0,17396508.0,17370532.0,17396508.0,0,17371116.0
2025-09-18 21:15:00+00:00,17371206.0,17372696.0,17365160.0,17365874.0,143003746304,17371206.0
2025-09-18 21:30:00+00:00,17373386.0,17381242.0,17373386.0,17377470.0,0,17373386.0
2025-09-18 21:45:00+00:00,17361366.0,17377184.0,17361366.0,17371350.0,131488284672,17361366.0
2025-09-18 22:00:00+00:00,17351810.0,17362652.0,17351810.0,17362652.0,0,17351810.0
2025-09-18 22:15:00+00:00,17354684.0,17359522.0,17347364.0,17347946.0,113195352064,17354684.0
2025-09-18 22:30:00+00:00,17360926.0,17360988.0,17349630.0,17352654.0,0,17360926.0
2025-09-18 22:45:00+00:00,17325386.0,17361092.0,17325286.0,17361092.0,919076864,17325386.0
2025-09-18 23:00:00+00:00,17285854.0,17294084.0,17268850.0,17293320.0,4016046080,17285854.0
2025-09-18 23:15:00+00:00,17283622.0,17285386.0,17265518.0,17285386.0,0,17283622.0
2025-09-18 23:30:00+00:00,17313698.0,17313698.0,17286808.0,17286808.0,138995564544,17313698.0
2025-09-18 23:45:00+00:00,17330446.0,17337582.0,17314674.0,17314674.0,13023838208,17330446.0
2025-09-19 00:00:00+00:00,17341336.0,17343142.0,17328762.0,17332412.0,116165443584,17341336.0
2025-09-19 00:15:00+00:00,17368356.0,17370058.0,17344234.0,17344234.0,10036969472,17368356.0
2025-09-19 00:30:00+00:00,17384438.0,17384438.0,17365294.0,17367786.0,136738504704,17384438.0
2025-09-19 00:45:00+00:00,17376800.0,17391790.0,17371814.0,17384032.0,139525095424,17376800.0
2025-09-19 01:00:00+00:00,17372404.0,17393436.0,17372404.0,17382820.0,137488236544,17372404.0
2025-09-19 01:15:00+00:00,17375648.0,17382090.0,17366012.0,17370176.0,4049076224,17375648.0
2025-09-19 01:30:00+00:00,17343698.0,17375652.0,17341404.0,17373406.0,112737648640,17343698.0
2025-09-19 01:45:00+00:00,17363628.0,17363628.0,17341660.0,17341660.0,9529982976,17363628.0
2025-09-19 02:00:00+00:00,17340176.0,17372702.0,17340176.0,17362010.0,132025679872,17340176.0
2025-09-19 02:15:00+00:00,17339666.0,17344568.0,17337446.0,17341298.0,142682357760,17339666.0
2025-09-19 02:30:00+00:00,17345618.0,17353050.0,17335770.0,17341494.0,141039763456,17345618.0
2025-09-19 02:45:00+00:00,17341818.0,17352954.0,17337898.0,17337898.0,146627624960,17341818.0
2025-09-19 03:00:00+00:00,17349850.0,17351894.0,17339702.0,17340260.0,0,17349850.0
2025-09-19 03:15:00+00:00,17329928.0,17347902.0,17329928.0,17347902.0,92804743168,17329928.0
2025-09-19 03:30:00+00:00,17284796.0,17319606.0,17275292.0,17319606.0,0,17284796.0
2025-09-19 03:45:00+00:00,17272298.0,17286130.0,17253198.0,17286130.0,0,17272298.0
2025-09-19 04:00:00+00:00,17202130.0,17275076.0,17197410.0,17275076.0,67097329664,17202130.0
2025-09-19 04:15:00+00:00,17245258.0,17248990.0,17197854.0,17197854.0,145616273408,17245258.0
2025-09-19 04:30:00+00:00,17260990.0,17264424.0,17240588.0,17240588.0,0,17260990.0
2025-09-19 04:45:00+00:00,17265390.0,17267348.0,17248676.0,17259870.0,0,17265390.0
2025-09-19 05:00:00+00:00,17259322.0,17262598.0,17246718.0,17262598.0,101252071424,17259322.0
2025-09-19 05:15:00+00:00,17240982.0,17259648.0,17239852.0,17256108.0,4454350848,17240982.0
2025-09-19 05:30:00+00:00,17247614.0,17250652.0,17233126.0,17233126.0,8727822336,17247614.0
2025-09-19 05:45:00+00:00,17254746.0,17257436.0,17245726.0,17246662.0,138059186176,17254746.0
2025-09-19 06:00:00+00:00,17240142.0,17258974.0,17237806.0,17258974.0,0,17240142.0
2025-09-19 06:15:00+00:00,17257288.0,17263500.0,17246140.0,17246140.0,138733944832,17257288.0
2025-09-19 06:30:00+00:00,17245436.0,17268948.0,17231488.0,17258080.0,6962020352,17245436.0
2025-09-19 06:45:00+00:00,17270694.0,17274516.0,17245474.0,17248742.0,0,17270694.0
2025-09-19 07:00:00+00:00,17277556.0,17282176.0,17258966.0,17258966.0,151803396096,17277556.0
2025-09-19 07:15:00+00:00,17283764.0,17291642.0,17273650.0,17285398.0,1236271104,17283764.0
2025-09-19 07:30:00+00:00,17297396.0,17297894.0,17271636.0,17278926.0,13248233472,17297396.0
2025-09-19 07:45:00+00:00,17305102.0,17305688.0,17293712.0,17300022.0,8168407040,17305102.0
2025-09-19 08:00:00+00:00,17315806.0,17319048.0,17297146.0,17303192.0,132589289472,17315806.0
2025-09-19 08:15:00+00:00,17329926.0,17333722.0,17315380.0,17315380.0,150097887232,17329926.0
2025-09-19 08:30:00+00:00,17312994.0,17329996.0,17305308.0,17329996.0,203194105856,17312994.0
2025-09-19 08:45:00+00:00,17296404.0,17313972.0,17296404.0,17313972.0,2886205440,17296404.0
2025-09-19 09:00:00+00:00,17297742.0,17299326.0,17286184.0,17295192.0,136892645376,17297742.0
2025-09-19 09:15:00+00:00,17278918.0,17295348.0,17275214.0,17295348.0,0,17278918.0
2025-09-19 09:30:00+00:00,17264626.0,17288696.0,17264626.0,17284004.0,132704632832,17264626.0
2025-09-19 09:45:00+00:00,17247990.0,17266618.0,17239856.0,17262572.0,25160581120,17247990.0
2025-09-19 10:00:00+00:00,17237484.0,17243188.0,17229804.0,17242244.0,17352359936,17237484.0
2025-09-19 10:15:00+00:00,17238766.0,17239942.0,17231592.0,17238714.0,144441868288,17238766.0
2025-09-19 10:30:00+00:00,17249122.0,17249122.0,17234222.0,17234222.0,14069268480,17249122.0
2025-09-19 10:45:00+00:00,17248996.0,17249358.0,17244076.0,17249040.0,269656522752,17248996.0
2025-09-19 11:00:00+00:00,17251088.0,17255542.0,17245080.0,17248874.0,5755633664,17251088.0
2025-09-19 11:15:00+00:00,17236004.0,17253774.0,17230422.0,17244966.0,135868186624,17236004.0
2025-09-19 11:30:00+00:00,17231304.0,17236028.0,17225726.0,17230866.0,1224736768,17231304.0
2025-09-19 11:45:00+00:00,17257178.0,17257178.0,17230474.0,17232756.0,16851140608,17257178.0
2025-09-19 12:00:00+00:00,17248894.0,17255020.0,17241170.0,17255020.0,117449424896,17248894.0
2025-09-19 12:15:00+00:00,17220192.0,17255744.0,17220192.0,17247014.0,19355664384,17220192.0
2025-09-19 12:30:00+00:00,17228898.0,17230690.0,17220434.0,17220434.0,347719860224,17228898.0
2025-09-19 12:45:00+00:00,17218834.0,17230058.0,17218834.0,17226904.0,31499223040,17218834.0
2025-09-19 13:00:00+00:00,17201204.0,17218010.0,17201204.0,17217502.0,0,17201204.0
2025-09-19 13:15:00+00:00,17218538.0,17220652.0,17181090.0,17198434.0,189215014912,17218538.0
2025-09-19 13:30:00+00:00,17198438.0,17210802.0,17185386.0,17210278.0,38224789504,17198438.0
2025-09-19 13:45:00+00:00,17200864.0,17217490.0,17194456.0,17199716.0,0,17200864.0
2025-09-19 14:00:00+00:00,17206598.0,17212438.0,17194648.0,17198346.0,132519559168,17206598.0
2025-09-19 14:15:00+00:00,17200014.0,17219918.0,17195348.0,17206746.0,0,17200014.0
2025-09-19 14:30:00+00:00,17180238.0,17206358.0,17180238.0,17201366.0,9443999744,17180238.0
2025-09-19 14:45:00+00:00,17145168.0,17177322.0,17133248.0,17173932.0,306252873728,17145168.0
2025-09-19 15:00:00+00:00,17094362.0,17145640.0,17094362.0,17145640.0,55710842880,17094362.0
2025-09-19 15:15:00+00:00,17132610.0,17132610.0,17092354.0,17096412.0,30472142848,17132610.0
2025-09-19 15:30:00+00:00,17151506.0,17151506.0,17114960.0,17132128.0,81313923072,17151506.0
2025-09-19 15:45:00+00:00,17139714.0,17155180.0,17134934.0,17150910.0,0,17139714.0
2025-09-19 16:00:00+00:00,17154010.0,17158442.0,17124502.0,17139828.0,150928359424,17154010.0
2025-09-19 16:15:00+00:00,17160670.0,17163350.0,17156250.0,17157344.0,1857552384,17160670.0
2025-09-19 16:30:00+00:00,17156936.0,17158438.0,17145078.0,17158438.0,0,17156936.0
2025-09-19 16:45:00+00:00,17172330.0,17182910.0,17156882.0,17156882.0,134592069632,17172330.0
2025-09-19 17:00:00+00:00,17142942.0,17171896.0,17139410.0,17171896.0,0,17142942.0
2025-09-19 17:15:00+00:00,17124878.0,17144728.0,17124878.0,17143902.0,0,17124878.0
2025-09-19 17:30:00+00:00,17121664.0,17129774.0,17110968.0,17129774.0,124161359872,17121664.0
2025-09-19 17:45:00+00:00,17105666.0,17118902.0,17101736.0,17118152.0,1322778624,17105666.0
2025-09-19 18:00:00+00:00,17092982.0,17104632.0,17083302.0,17103230.0,13799260160,17092982.0
2025-09-19 18:15:00+00:00,17081008.0,17092610.0,17079386.0,17092610.0,0,17081008.0
2025-09-19 18:30:00+00:00,17107940.0,17107940.0,17080908.0,17080908.0,120208752640,17107940.0
2025-09-19 18:45:00+00:00,17081558.0,17110962.0,17079074.0,17107038.0,123068219392,17081558.0
2025-09-19 19:00:00+00:00,17063922.0,17092752.0,17063922.0,17083580.0,13684441088,17063922.0
2025-09-19 19:15:00+00:00,17077334.0,17077334.0,17063098.0,17066014.0,127290310656,17077334.0
2025-09-19 19:30:00+00:00,17055592.0,17076020.0,17055592.0,17072842.0,126519607296,17055592.0
2025-09-19 19:45:00+00:00,17040094.0,17054942.0,17037960.0,17054942.0,135377453056,17040094.0
2025-09-19 20:00:00+00:00,17073694.0,17073694.0,17039326.0,17039326.0,4583325696,17073694.0
2025-09-19 20:15:00+00:00,17079248.0,17084048.0,17071628.0,17072738.0,14548992000,17079248.0
2025-09-19 20:30:00+00:00,17083860.0,17084030.0,17072882.0,17080218.0,132219666432,17083860.0
2025-09-19 20:45:00+00:00,17067362.0,17084758.0,17067362.0,17084758.0,14682161152,17067362.0
2025-09-19 21:00:00+00:00,17072570.0,17080136.0,17066884.0,17070676.0,132977262592,17072570.0
2025-09-19 21:15:00+00:00,17083622.0,17084000.0,17073168.0,17073168.0,7181172736,17083622.0
2025-09-19 21:30:00+00:00,17090800.0,17092618.0,17084136.0,17084320.0,4685037568,17090800.0
2025-09-19 21:45:00+00:00,17090566.0,17097702.0,17088832.0,17091422.0,10929307648,17090566.0
2025-09-19 22:00:00+00:00,17105720.0,17105720.0,17089732.0,17089984.0,119260839936,17105720.0
2025-09-19 22:15:00+00:00,17111904.0,17112662.0,17103454.0,17109276.0,3798990848,17111904.0
2025-09-19 22:30:00+00:00,17110356.0,17114034.0,17107248.0,17111716.0,1271922688,17110356.0
2025-09-19 22:45:00+00:00,17111906.0,17115440.0,17108306.0,17110712.0,8231845888,17111906.0
2025-09-19 23:00:00+00:00,17105728.0,17112636.0,17104978.0,17111112.0,0,17105728.0
2025-09-19 23:15:00+00:00,17092546.0,17101468.0,17090442.0,17099850.0,0,17092546.0
2025-09-19 23:30:00+00:00,17098402.0,17101848.0,17092714.0,17092714.0,111189426176,17098402.0
2025-09-19 23:45:00+00:00,17113632.0,17113632.0,17100432.0,17100432.0,0,17113632.0
2025-09-20 00:00:00+00:00,17115066.0,17117448.0,17111436.0,17115056.0,0,17115066.0
2025-09-20 00:15:00+00:00,17109344.0,17114828.0,17106696.0,17114376.0,122259243008,17109344.0
2025-09-20 00:30:00+00:00,17125626.0,17125626.0,17106692.0,17108780.0,1287127040,17125626.0
2025-09-20 00:45:00+00:00,17126876.0,17127294.0,17121508.0,17125666.0,118163505152,17126876.0
2025-09-20 01:00:00+00:00,17111486.0,17125780.0,17111486.0,17125780.0,113252499456,17111486.0
2025-09-20 01:15:00+00:00,17127698.0,17127698.0,17111990.0,17113712.0,0,17127698.0
2025-09-20 01:30:00+00:00,17120782.0,17124418.0,17114698.0,17123758.0,0,17120782.0
2025-09-20 01:45:00+00:00,17121942.0,17127972.0,17120894.0,17121860.0,0,17121942.0
2025-09-20 02:00:00+00:00,17097736.0,17115748.0,17095742.0,17115748.0,4047503360,17097736.0
2025-09-20 02:15:00+00:00,17100268.0,17101184.0,17090480.0,17095706.0,124478029824,17100268.0
2025-09-20 02:30:00+00:00,17103930.0,17106218.0,17095922.0,17099020.0,0,17103930.0
2025-09-20 02:45:00+00:00,17109894.0,17114076.0,17105890.0,17105890.0,111883059200,17109894.0
2025-09-20 03:00:00+00:00,17093890.0,17112754.0,17091316.0,17110212.0,5581570048,17093890.0
2025-09-20 03:15:00+00:00,17099728.0,17103460.0,17095248.0,17095838.0,3191341056,17099728.0
2025-09-20 03:30:00+00:00,17098262.0,17101518.0,17093696.0,17097712.0,0,17098262.0
2025-09-20 03:45:00+00:00,17094254.0,17099110.0,17085558.0,17096716.0,99359916032,17094254.0
2025-09-20 04:00:00+00:00,17091214.0,17094410.0,17085914.0,17090294.0,0,17091214.0
2025-09-20 04:15:00+00:00,17091390.0,17096598.0,17091390.0,17093906.0,118342811648,17091390.0
2025-09-20 04:30:00+00:00,17107122.0,17107122.0,17087806.0,17092572.0,0,17107122.0
2025-09-20 04:45:00+00:00,17102662.0,17107440.0,17100898.0,17102992.0,0,17102662.0
2025-09-20 05:00:00+00:00,17103704.0,17104590.0,17098362.0,17104590.0,108256559104,17103704.0
2025-09-20 05:15:00+00:00,17112312.0,17113468.0,17105062.0,17105062.0,0,17112312.0
2025-09-20 05:30:00+00:00,17114734.0,17119576.0,17110268.0,17111666.0,123945353216,17114734.0
2025-09-20 05:45:00+00:00,17127544.0,17127804.0,17115392.0,17115392.0,8412200960,17127544.0
2025-09-20 06:00:00+00:00,17118938.0,17127544.0,17118938.0,17127544.0,127275106304,17118938.0
2025-09-20 06:15:00+00:00,17120756.0,17122242.0,17117304.0,17117924.0,0,17120756.0
2025-09-20 06:30:00+00:00,17119842.0,17123684.0,17119842.0,17121214.0,0,17119842.0
2025-09-20 06:45:00+00:00,17126044.0,17127602.0,17121444.0,17121444.0,128792395776,17126044.0
2025-09-20 07:00:00+00:00,17126760.0,17126994.0,17124474.0,17125132.0,0,17126760.0
2025-09-20 07:15:00+00:00,17129904.0,17130294.0,17125262.0,17125262.0,0,17129904.0
2025-09-20 07:30:00+00:00,17153098.0,17157616.0,17127892.0,17127952.0,0,17153098.0
2025-09-20 07:45:00+00:00,17161648.0,17167240.0,17151146.0,17152622.0,9343336448,17161648.0
2025-09-20 08:00:00+00:00,17145934.0,17164688.0,17142998.0,17163798.0,137330950144,17145934.0
2025-09-20 08:15:00+00:00,17142514.0,17147794.0,17142024.0,17147794.0,2988441600,17142514.0
2025-09-20 08:30:00+00:00,17147226.0,17147226.0,17142514.0,17142514.0,0,17147226.0
2025-09-20 08:45:00+00:00,17135256.0,17153242.0,17134028.0,17150648.0,7071596544,17135256.0
2025-09-20 09:00:00+00:00,17137288.0,17139170.0,17124294.0,17128666.0,0,17137288.0
2025-09-20 09:15:00+00:00,17132824.0,17137770.0,17132042.0,17137770.0,17019437056,17132824.0
2025-09-20 09:30:00+00:00,17121788.0,17132856.0,17121580.0,17131414.0,254389780480,17121788.0
2025-09-20 09:45:00+00:00,17119184.0,17124406.0,17118978.0,17121102.0,102486769664,17119184.0
2025-09-20 10:00:00+00:00,17130754.0,17131688.0,17122886.0,17125316.0,104090566656,17130754.0
2025-09-20 10:15:00+00:00,17127252.0,17138588.0,17124772.0,17129866.0,115657932800,17127252.0
2025-09-20 10:30:00+00:00,17133226.0,17137960.0,17124980.0,17128140.0,1941962752,17133226.0
2025-09-20 10:45:00+00:00,17128762.0,17140198.0,17128066.0,17136356.0,0,17128762.0
2025-09-20 11:00:00+00:00,17141814.0,17143880.0,17131548.0,17131548.0,0,17141814.0
2025-09-20 11:15:00+00:00,17139920.0,17145956.0,17139302.0,17145346.0,6940000256,17139920.0
2025-09-20 11:30:00+00:00,17142588.0,17144164.0,17137454.0,17138944.0,0,17142588.0
2025-09-20 11:45:00+00:00,17153574.0,17157994.0,17140302.0,17140302.0,131207266304,17153574.0
2025-09-20 12:00:00+00:00,17154850.0,17160476.0,17153680.0,17157182.0,0,17154850.0
2025-09-20 12:15:00+00:00,17140724.0,17158552.0,17140724.0,17155860.0,122751025152,17140724.0
2025-09-20 12:30:00+00:00,17142366.0,17144958.0,17140936.0,17142066.0,124309209088,17142366.0
2025-09-20 12:45:00+00:00,17151510.0,17151510.0,17143554.0,17144108.0,0,17151510.0
2025-09-20 13:00:00+00:00,17150710.0,17151496.0,17146558.0,17151496.0,0,17150710.0
2025-09-20 13:15:00+00:00,17157854.0,17159098.0,17150774.0,17151272.0,0,17157854.0
2025-09-20 13:30:00+00:00,17155564.0,17160536.0,17151670.0,17157562.0,0,17155564.0
2025-09-20 13:45:00+00:00,17155660.0,17162362.0,17154908.0,17156224.0,118729211904,17155660.0
2025-09-20 14:00:00+00:00,17150890.0,17162160.0,17150890.0,17155692.0,100044636160,17150890.0
2025-09-20 14:15:00+00:00,17153950.0,17156636.0,17151596.0,17151838.0,0,17153950.0
2025-09-20 14:30:00+00:00,17160734.0,17160960.0,17153008.0,17153950.0,0,17160734.0
2025-09-20 14:45:00+00:00,17167108.0,17174044.0,17161322.0,17162126.0,112098541568,17167108.0
2025-09-20 15:00:00+00:00,17173510.0,17181174.0,17165116.0,17165116.0,0,17173510.0
2025-09-20 15:15:00+00:00,17183442.0,17183442.0,17171464.0,17173502.0,0,17183442.0
2025-09-20 15:30:00+00:00,17171838.0,17186004.0,17170968.0,17186004.0,115954417664,17171838.0
2025-09-20 15:45:00+00:00,17164780.0,17170758.0,17162498.0,17170758.0,0,17164780.0
2025-09-20 16:00:00+00:00,17166258.0,17174962.0,17166258.0,17169346.0,117071413248,17166258.0
2025-09-20 16:15:00+00:00,17151668.0,17164534.0,17149850.0,17164534.0,0,17151668.0
2025-09-20 16:30:00+00:00,17177688.0,17180048.0,17161804.0,17161804.0,131818323968,17177688.0
2025-09-20 16:45:00+00:00,17174244.0,17176494.0,17172250.0,17174040.0,126276075520,17174244.0
2025-09-20 17:00:00+00:00,17160964.0,17178652.0,17160964.0,17174244.0,115348602880,17160964.0
2025-09-20 17:15:00+00:00,17141880.0,17159610.0,17140856.0,17159610.0,6726090752,17141880.0
2025-09-20 17:30:00+00:00,17149364.0,17155122.0,17141880.0,17141880.0,131216965632,17149364.0
2025-09-20 17:45:00+00:00,17144206.0,17153502.0,17142022.0,17153502.0,0,17144206.0
2025-09-20 18:00:00+00:00,17134378.0,17142088.0,17131740.0,17142088.0,109632552960,17134378.0
2025-09-20 18:15:00+00:00,17138924.0,17140542.0,17128262.0,17135646.0,123856486400,17138924.0
2025-09-20 18:30:00+00:00,17132128.0,17138406.0,17126624.0,17137808.0,0,17132128.0
2025-09-20 18:45:00+00:00,17127284.0,17131546.0,17126198.0,17129394.0,0,17127284.0
2025-09-20 19:00:00+00:00,17130744.0,17130744.0,17126176.0,17127270.0,0,17130744.0
2025-09-20 19:15:00+00:00,17139556.0,17140778.0,17128002.0,17133122.0,5144576000,17139556.0
2025-09-20 19:30:00+00:00,17125934.0,17139124.0,17125144.0,17138150.0,123921760256,17125934.0
2025-09-20 19:45:00+00:00,17128304.0,17129694.0,17125520.0,17126544.0,0,17128304.0
2025-09-20 20:00:00+00:00,17126824.0,17130892.0,17123202.0,17126052.0,0,17126824.0
2025-09-20 20:15:00+00:00,17133240.0,17133240.0,17125066.0,17128142.0,66322432,17133240.0
2025-09-20 20:30:00+00:00,17135358.0,17136604.0,17132844.0,17133122.0,133565513728,17135358.0
2025-09-20 20:45:00+00:00,17135652.0,17140060.0,17134210.0,17134876.0,126186946560,17135652.0
2025-09-20 21:00:00+00:00,17133326.0,17135780.0,17130698.0,17130698.0,0,17133326.0
2025-09-20 21:15:00+00:00,17148480.0,17148480.0,17139250.0,17139706.0,3023568896,17148480.0
2025-09-20 21:30:00+00:00,17156626.0,17160354.0,17148554.0,17150038.0,143602483200,17156626.0
2025-09-20 21:45:00+00:00,17136654.0,17156436.0,17136654.0,17156436.0,142359396352,17136654.0
2025-09-20 22:00:00+00:00,17137220.0,17139114.0,17135452.0,17139114.0,8271691776,17137220.0
2025-09-20 22:15:00+00:00,17134736.0,17139412.0,17133036.0,17139412.0,132155179008,17134736.0
2025-09-20 22:30:00+00:00,17131092.0,17135952.0,17130808.0,17134472.0,11492130816,17131092.0
2025-09-20 22:45:00+00:00,17136738.0,17139608.0,17131964.0,17131964.0,427556864,17136738.0
2025-09-20 23:00:00+00:00,17131246.0,17136378.0,17131216.0,17136378.0,2105016320,17131246.0
2025-09-20 23:15:00+00:00,17127896.0,17132258.0,17126346.0,17130130.0,0,17127896.0
2025-09-20 23:30:00+00:00,17116594.0,17127896.0,17112616.0,17127896.0,2720006144,17116594.0
2025-09-20 23:45:00+00:00,17119394.0,17122450.0,17114884.0,17114884.0,130722037760,17119394.0
2025-09-21 00:00:00+00:00,17125300.0,17126862.0,17119776.0,17119776.0,693895168,17125300.0
2025-09-21 00:15:00+00:00,17111776.0,17128604.0,17111776.0,17125416.0,5702418432,17111776.0
2025-09-21 00:30:00+00:00,17109124.0,17110340.0,17103514.0,17110340.0,138721099776,17109124.0
2025-09-21 00:45:00+00:00,17116634.0,17120924.0,17109352.0,17110454.0,5104467968,17116634.0
2025-09-21 01:00:00+00:00,17105354.0,17118266.0,17105354.0,17118266.0,1471414272,17105354.0
2025-09-21 01:15:00+00:00,17105926.0,17109954.0,17105350.0,17107170.0,3848536064,17105926.0
2025-09-21 01:30:00+00:00,17104500.0,17107362.0,17103976.0,17104892.0,5311299584,17104500.0
2025-09-21 01:45:00+00:00,17097454.0,17104874.0,17096206.0,17104874.0,9152495616,17097454.0
2025-09-21 02:00:00+00:00,17106616.0,17107920.0,17097070.0,17098240.0,129989083136,17106616.0
2025-09-21 02:15:00+00:00,17097466.0,17107308.0,17090738.0,17107308.0,34402205696,17097466.0
2025-09-21 02:30:00+00:00,17112258.0,17114062.0,17096198.0,17096198.0,133516754944,17112258.0
2025-09-21 02:45:00+00:00,17120972.0,17121702.0,17110648.0,17110648.0,16407068672,17120972.0
2025-09-21 03:00:00+00:00,17122248.0,17122248.0,17118306.0,17120538.0,133843648512,17122248.0
2025-09-21 03:15:00+00:00,17116172.0,17125058.0,17112864.0,17125058.0,27746107392,17116172.0
2025-09-21 03:30:00+00:00,17113462.0,17117792.0,17112252.0,17115108.0,2476212224,17113462.0
2025-09-21 03:45:00+00:00,17116480.0,17117850.0,17114628.0,17117618.0,137579724800,17116480.0
2025-09-21 04:00:00+00:00,17108046.0,17121718.0,17107294.0,17121718.0,141083541504,17108046.0
2025-09-21 04:15:00+00:00,17105286.0,17106766.0,17104626.0,17106766.0,8062500864,17105286.0
2025-09-21 04:30:00+00:00,17101896.0,17108510.0,17101896.0,17105286.0,130739601408,17101896.0
2025-09-21 04:45:00+00:00,17096598.0,17101734.0,17094244.0,17101588.0,3183738880,17096598.0
2025-09-21 05:00:00+00:00,17098388.0,17101076.0,17093176.0,17093176.0,141643218944,17098388.0
2025-09-21 05:15:00+00:00,17098860.0,17102526.0,17097804.0,17100386.0,7977304064,17098860.0
2025-09-21 05:30:00+00:00,17098518.0,17100706.0,17097100.0,17098942.0,18126995456,17098518.0
2025-09-21 05:45:00+00:00,17114060.0,17116312.0,17097904.0,17097904.0,881328128,17114060.0
2025-09-21 06:00:00+00:00,17137686.0,17137884.0,17117588.0,17117588.0,12646088704,17137686.0
2025-09-21 06:15:00+00:00,17137944.0,17138618.0,17136310.0,17137588.0,1304166400,17137944.0
2025-09-21 06:30:00+00:00,17133872.0,17138236.0,17129986.0,17138236.0,144782917632,17133872.0
2025-09-21 06:45:00+00:00,17124930.0,17133884.0,17123562.0,17133144.0,17203462144,17124930.0
2025-09-21 07:00:00+00:00,17117392.0,17127128.0,17117392.0,17123494.0,1994653696,17117392.0
2025-09-21 07:15:00+00:00,17115564.0,17117550.0,17113572.0,17117004.0,0,17115564.0
2025-09-21 07:30:00+00:00,17126124.0,17126124.0,17114084.0,17115564.0,134647644160,17126124.0
2025-09-21 07:45:00+00:00,17141434.0,17141434.0,17127404.0,17127404.0,14880079872,17141434.0
2025-09-21 08:00:00+00:00,17120904.0,17144248.0,17120904.0,17141102.0,562298880,17120904.0
2025-09-21 08:15:00+00:00,17116002.0,17122074.0,17116002.0,17122074.0,140694519808,17116002.0
2025-09-21 08:30:00+00:00,17110288.0,17112710.0,17105438.0,17112654.0,0,17110288.0
2025-09-21 08:45:00+00:00,17113196.0,17113694.0,17108584.0,17113694.0,121071468544,17113196.0
2025-09-21 09:00:00+00:00,17111868.0,17114996.0,17111868.0,17114672.0,0,17111868.0
2025-09-21 09:15:00+00:00,17090234.0,17108480.0,17090234.0,17108480.0,14133755904,17090234.0
2025-09-21 09:30:00+00:00,17091108.0,17091502.0,17075494.0,17091502.0,35240542208,17091108.0
2025-09-21 09:45:00+00:00,17126852.0,17126852.0,17091108.0,17091108.0,155340767232,17126852.0
2025-09-21 10:00:00+00:00,17120740.0,17127158.0,17120610.0,17122978.0,2644770816,17120740.0
2025-09-21 10:15:00+00:00,17111656.0,17118804.0,17109868.0,17118804.0,12376080384,17111656.0
2025-09-21 10:30:00+00:00,17110210.0,17112130.0,17106246.0,17111656.0,128960430080,17110210.0
2025-09-21 10:45:00+00:00,17097388.0,17107420.0,17095242.0,17107162.0,7670333440,17097388.0
2025-09-21 11:00:00+00:00,17118370.0,17121162.0,17097000.0,17097000.0,132503306240,17118370.0
2025-09-21 11:15:00+00:00,17118392.0,17119386.0,17112594.0,17118322.0,0,17118392.0
2025-09-21 11:30:00+00:00,17126648.0,17126648.0,17116240.0,17119148.0,1072955392,17126648.0
2025-09-21 11:45:00+00:00,17110430.0,17120266.0,17076420.0,17084756.0,0,17110430.0
2025-09-21 12:00:00+00:00,17127286.0,17127286.0,17083188.0,17110270.0,1468006400,17127286.0
2025-09-21 12:15:00+00:00,17125950.0,17132510.0,17092148.0,17122188.0,4060086272,17125950.0
2025-09-21 12:30:00+00:00,17127870.0,17132456.0,17087368.0,17087368.0,811073536,17127870.0
2025-09-21 12:45:00+00:00,17124308.0,17129038.0,17088782.0,17129038.0,26926383104,17124308.0
2025-09-21 13:00:00+00:00,17123726.0,17130898.0,17087940.0,17125298.0,11075321856,17123726.0
2025-09-21 13:15:00+00:00,17124100.0,17126418.0,17076534.0,17124126.0,3803971584,17124100.0
2025-09-21 13:30:00+00:00,17119652.0,17133482.0,17118920.0,17126564.0,5028970496,17119652.0
2025-09-21 13:45:00+00:00,17117344.0,17119476.0,17113744.0,17118802.0,0,17117344.0
2025-09-21 14:00:00+00:00,17122054.0,17123698.0,17116050.0,17117180.0,2065956864,17122054.0
2025-09-21 14:15:00+00:00,17105200.0,17119802.0,17104788.0,17119802.0,126584619008,17105200.0
2025-09-21 14:30:00+00:00,17112078.0,17112078.0,17098798.0,17106090.0,8969781248,17112078.0
2025-09-21 14:45:00+00:00,17097206.0,17121204.0,17097206.0,17116648.0,8383365120,17097206.0
2025-09-21 15:00:00+00:00,17100850.0,17103516.0,17093880.0,17097206.0,116164395008,17100850.0
2025-09-21 15:15:00+00:00,17094692.0,17103112.0,17094692.0,17102798.0,0,17094692.0
2025-09-21 15:30:00+00:00,17106784.0,17106784.0,17091694.0,17093058.0,0,17106784.0
2025-09-21 15:45:00+00:00,17101564.0,17109882.0,17100000.0,17107260.0,1436811264,17101564.0
2025-09-21 16:00:00+00:00,17092390.0,17100814.0,17092390.0,17100112.0,0,17092390.0
2025-09-21 16:15:00+00:00,17080752.0,17093030.0,17070394.0,17093030.0,0,17080752.0
2025-09-21 16:30:00+00:00,17068668.0,17079974.0,17068668.0,17079974.0,245859614720,17068668.0
2025-09-21 16:45:00+00:00,17060150.0,17071536.0,17055796.0,17071536.0,134267797504,17060150.0
2025-09-21 17:00:00+00:00,17070390.0,17071524.0,17063744.0,17071524.0,10088349696,17070390.0
2025-09-21 17:15:00+00:00,17077392.0,17087096.0,17066382.0,17070390.0,7137132544,17077392.0
2025-09-21 17:30:00+00:00,17077268.0,17080814.0,17075602.0,17079218.0,19151978496,17077268.0
2025-09-21 17:45:00+00:00,17114158.0,17114158.0,17080658.0,17081090.0,5568987136,17114158.0
2025-09-21 18:00:00+00:00,17111906.0,17115788.0,17105550.0,17114158.0,8152940544,17111906.0
2025-09-21 18:15:00+00:00,17101094.0,17113932.0,17098994.0,17112862.0,0,17101094.0
2025-09-21 18:30:00+00:00,17099752.0,17106554.0,17098630.0,17099780.0,120150556672,17099752.0
2025-09-21 18:45:00+00:00,17098972.0,17103196.0,17098840.0,17098840.0,3253993472,17098972.0
2025-09-21 19:00:00+00:00,17080806.0,17099086.0,17076284.0,17098162.0,116891058176,17080806.0
2025-09-21 19:15:00+00:00,17099974.0,17099974.0,17078318.0,17080226.0,144175792128,17099974.0
2025-09-21 19:30:00+00:00,17093682.0,17103986.0,17089388.0,17101712.0,117116239872,17093682.0
2025-09-21 19:45:00+00:00,17095980.0,17095980.0,17089142.0,17089142.0,268959744,17095980.0
2025-09-21 20:00:00+00:00,17082536.0,17097562.0,17078992.0,17095980.0,122226737152,17082536.0
2025-09-21 20:15:00+00:00,17088748.0,17090172.0,17081632.0,17082542.0,3668443136,17088748.0
2025-09-21 20:30:00+00:00,17081244.0,17092824.0,17080008.0,17092824.0,130267217920,17081244.0
2025-09-21 20:45:00+00:00,17077168.0,17084108.0,17073558.0,17079758.0,129963130880,17077168.0
2025-09-21 21:00:00+00:00,17065250.0,17076332.0,17061694.0,17076332.0,131149856768,17065250.0
2025-09-21 21:15:00+00:00,17058902.0,17067848.0,17058902.0,17066812.0,2040791040,17058902.0
2025-09-21 21:30:00+00:00,17078292.0,17078292.0,17057256.0,17058902.0,115144392704,17078292.0
2025-09-21 21:45:00+00:00,17078870.0,17080844.0,17070918.0,17077924.0,116237533184,17078870.0
2025-09-21 22:00:00+00:00,17056872.0,17085592.0,17054760.0,17074300.0,1513357312,17056872.0
2025-09-21 22:15:00+00:00,17070926.0,17073260.0,17053020.0,17055454.0,14199029760,17070926.0
2025-09-21 22:30:00+00:00,17082366.0,17082366.0,17066478.0,17071970.0,1090256896,17082366.0
2025-09-21 22:45:00+00:00,17106966.0,17108698.0,17097928.0,17099476.0,5415108608,17106966.0
2025-09-21 23:00:00+00:00,17073586.0,17106758.0,17069176.0,17106670.0,93040672768,17073586.0
2025-09-21 23:15:00+00:00,17080524.0,17080524.0,17060296.0,17073356.0,113807196160,17080524.0
2025-09-21 23:30:00+00:00,17078612.0,17080238.0,17065242.0,17078886.0,5300551680,17078612.0
2025-09-21 23:45:00+00:00,17076430.0,17081002.0,17073240.0,17073240.0,18883543040,17076430.0
2025-09-22 00:00:00+00:00,17092294.0,17104194.0,17074908.0,17074908.0,17903648768,17092294.0
2025-09-22 00:15:00+00:00,17070958.0,17092054.0,17070958.0,17084724.0,17612144640,17070958.0
2025-09-22 00:30:00+00:00,17026606.0,17075144.0,17010048.0,17075144.0,96253771776,17026606.0
2025-09-22 00:45:00+00:00,16985788.0,17027028.0,16965054.0,17027028.0,214100344832,16985788.0
2025-09-22 01:00:00+00:00,16978868.0,16979708.0,16948008.0,16948974.0,100070588416,16978868.0
2025-09-22 01:15:00+00:00,16991606.0,16995074.0,16968484.0,16990748.0,144016932864,16991606.0
2025-09-22 01:30:00+00:00,16990184.0,17012244.0,16984786.0,16984786.0,208742907904,16990184.0
2025-09-22 01:45:00+00:00,16942158.0,16998082.0,16940722.0,16998082.0,25387859968,16942158.0
2025-09-22 02:00:00+00:00,16974784.0,16986274.0,16956608.0,16963646.0,201375612928,16974784.0
2025-09-22 02:15:00+00:00,16994274.0,17003434.0,16970630.0,16970630.0,33947648000,16994274.0
2025-09-22 02:30:00+00:00,16960638.0,16983046.0,16951762.0,16983046.0,303170322432,16960638.0
2025-09-22 02:45:00+00:00,16954240.0,16966536.0,16954240.0,16966340.0,24198512640,16954240.0
2025-09-22 03:00:00+00:00,16962912.0,16973482.0,16956458.0,16960918.0,392892252160,16962912.0
2025-09-22 03:15:00+00:00,16988062.0,16988062.0,16970184.0,16973816.0,13913554944,16988062.0
2025-09-22 03:30:00+00:00,16989756.0,16989756.0,16975896.0,16984160.0,322389934080,16989756.0
2025-09-22 03:45:00+00:00,17011082.0,17012138.0,16994630.0,16994630.0,19050004480,17011082.0
2025-09-22 04:00:00+00:00,16985038.0,17014060.0,16985038.0,17013762.0,122529251328,16985038.0
2025-09-22 04:15:00+00:00,16996136.0,16998824.0,16983580.0,16983580.0,39539179520,16996136.0
2025-09-22 04:30:00+00:00,16991840.0,17007544.0,16988370.0,16996674.0,18080071680,16991840.0
2025-09-22 04:45:00+00:00,16979624.0,16989248.0,16979424.0,16989248.0,10551296000,16979624.0
2025-09-22 05:00:00+00:00,16977078.0,16977756.0,16964244.0,16977756.0,165617860608,16977078.0
2025-09-22 05:15:00+00:00,16989992.0,16990666.0,16967780.0,16976714.0,145922457600,16989992.0
2025-09-22 05:30:00+00:00,16963008.0,16988416.0,16963008.0,16988416.0,36533436416,16963008.0
2025-09-22 05:45:00+00:00,16950000.0,16967638.0,16949796.0,16958796.0,23930077184,16950000.0
2025-09-22 06:00:00+00:00,16763466.0,16952448.0,16632902.0,16952448.0,582212386816,16763466.0
2025-09-22 06:15:00+00:00,16707180.0,16772539.0,16706299.0,16745010.0,394534584320,16707180.0
2025-09-22 06:30:00+00:00,16725750.0,16733520.0,16704497.0,16707827.0,409950224384,16725750.0
2025-09-22 06:45:00+00:00,16719623.0,16740546.0,16713611.0,16728504.0,188047949824,16719623.0
2025-09-22 07:00:00+00:00,16702852.0,16721037.0,16699690.0,16699690.0,196228939776,16702852.0
2025-09-22 07:15:00+00:00,16699658.0,16707956.0,16673285.0,16705206.0,203211931648,16699658.0
2025-09-22 07:30:00+00:00,16732808.0,16732808.0,16693329.0,16693329.0,176480583680,16732808.0
2025-09-22 07:45:00+00:00,16677633.0,16741523.0,16675048.0,16739547.0,234753097728,16677633.0
2025-09-22 08:00:00+00:00,16674654.0,16687405.0,16664000.0,16677140.0,225816084480,16674654.0
2025-09-22 08:15:00+00:00,16660007.0,16687979.0,16660007.0,16674344.0,73345269760,16660007.0
2025-09-22 08:30:00+00:00,16676884.0,16683125.0,16659684.0,16669235.0,219873280000,16676884.0
2025-09-22 08:45:00+00:00,16672291.0,16685564.0,16667389.0,16673476.0,178858754048,16672291.0
2025-09-22 09:00:00+00:00,16643042.0,16667718.0,16643042.0,16666936.0,15487467520,16643042.0
2025-09-22 09:15:00+00:00,16638009.0,16646567.0,16632623.0,16645261.0,42615701504,16638009.0
2025-09-22 09:30:00+00:00,16623263.0,16642843.0,16620165.0,16637794.0,202827628544,16623263.0
2025-09-22 09:45:00+00:00,16620553.0,16631500.0,16601195.0,16621176.0,79394504704,16620553.0
2025-09-22 10:00:00+00:00,16647954.0,16647954.0,16617966.0,16621446.0,138624892928,16647954.0
2025-09-22 10:15:00+00:00,16660752.0,16669574.0,16648637.0,16649381.0,198071812096,16660752.0
2025-09-22 10:30:00+00:00,16642163.0,16659240.0,16635090.0,16659240.0,36628332544,16642163.0
2025-09-22 10:45:00+00:00,16686617.0,16694338.0,16647276.0,16647276.0,177358766080,16686617.0
2025-09-22 11:00:00+00:00,16707126.0,16707752.0,16689726.0,16692708.0,45165838336,16707126.0
2025-09-22 11:15:00+00:00,16694208.0,16714195.0,16694208.0,16708997.0,59440627712,16694208.0
2025-09-22 11:30:00+00:00,16673724.0,16691165.0,16673724.0,16688673.0,160549568512,16673724.0
2025-09-22 11:45:00+00:00,16700636.0,16704341.0,16682504.0,16682504.0,48079831040,16700636.0
2025-09-22 12:00:00+00:00,16671454.0,16699860.0,16659250.0,16699860.0,69376409600,16671454.0
2025-09-22 12:15:00+00:00,16671294.0,16677352.0,16663844.0,16665658.0,33957085184,16671294.0
2025-09-22 12:30:00+00:00,16656084.0,16671831.0,16650226.0,16664364.0,37091803136,16656084.0
2025-09-22 12:45:00+00:00,16678796.0,16684914.0,16654545.0,16655481.0,50776244224,16678796.0
2025-09-22 13:00:00+00:00,16697872.0,16697872.0,16672373.0,16682340.0,3792699392,16697872.0
2025-09-22 13:15:00+00:00,16701781.0,16706921.0,16688506.0,16705097.0,119790370816,16701781.0
2025-09-22 13:30:00+00:00,16661155.0,16705024.0,16646173.0,16705024.0,182139748352,16661155.0
2025-09-22 13:45:00+00:00,16737686.0,16737686.0,16644492.0,16662416.0,183709466624,16737686.0
2025-09-22 14:00:00+00:00,16749128.0,16756817.0,16734514.0,16740232.0,176308092928,16749128.0
2025-09-22 14:15:00+00:00,16789038.0,16789038.0,16749619.0,16749619.0,47751626752,16789038.0
2025-09-22 14:30:00+00:00,16728624.0,16783810.0,16716530.0,16783810.0,466678185984,16728624.0
2025-09-22 14:45:00+00:00,16711685.0,16722116.0,16695774.0,16719189.0,41064857600,16711685.0
2025-09-22 15:00:00+00:00,16708881.0,16719698.0,16688569.0,16713271.0,192148930560,16708881.0
2025-09-22 15:15:00+00:00,16664756.0,16707743.0,16664756.0,16707743.0,92082798592,16664756.0
2025-09-22 15:30:00+00:00,16662325.0,16670841.0,16655227.0,16663383.0,166696321024,16662325.0
2025-09-22 15:45:00+00:00,16695169.0,16695762.0,16663402.0,16664767.0,73867984896,16695169.0
2025-09-22 16:00:00+00:00,16690804.0,16702811.0,16680424.0,16692346.0,167922106368,16690804.0
2025-09-22 16:15:00+00:00,16676940.0,16689363.0,16659857.0,16689363.0,165209440256,16676940.0
2025-09-22 16:30:00+00:00,16686140.0,16686140.0,16666627.0,16670532.0,28875685888,16686140.0
2025-09-22 16:45:00+00:00,16650382.0,16684746.0,16650382.0,16684746.0,138371137536,16650382.0
2025-09-22 17:00:00+00:00,16608580.0,16651942.0,16602027.0,16651942.0,27445428224,16608580.0
2025-09-22 17:15:00+00:00,16625027.0,16625225.0,16605548.0,16607174.0,170915790848,16625027.0
2025-09-22 17:30:00+00:00,16622267.0,16625043.0,16608977.0,16625043.0,16368271360,16622267.0
2025-09-22 17:45:00+00:00,16606941.0,16633921.0,16602447.0,16625924.0,341921759232,16606941.0
2025-09-22 18:00:00+00:00,16642827.0,16642827.0,16605634.0,16607116.0,114986844160,16642827.0
2025-09-22 18:15:00+00:00,16660170.0,16663750.0,16638053.0,16641794.0,97836335104,16660170.0
2025-09-22 18:30:00+00:00,16672019.0,16675717.0,16659099.0,16659099.0,34173091840,16672019.0
2025-09-22 18:45:00+00:00,16622705.0,16673384.0,16622705.0,16673384.0,17086545920,16622705.0
2025-09-22 19:00:00+00:00,16637036.0,16637379.0,16622887.0,16623751.0,70271369216,16637036.0
2025-09-22 19:15:00+00:00,16629494.0,16644071.0,16624757.0,16638007.0,62895685632,16629494.0
2025-09-22 19:30:00+00:00,16591274.0,16626256.0,16588932.0,16624010.0,129909129216,16591274.0
2025-09-22 19:45:00+00:00,16577947.0,16599960.0,16554747.0,16562680.0,452400775168,16577947.0
2025-09-22 20:00:00+00:00,16578631.0,16580639.0,16561712.0,16573714.0,364067684352,16578631.0
2025-09-22 20:15:00+00:00,16600303.0,16600303.0,16574693.0,16578288.0,152877137920,16600303.0
2025-09-22 20:30:00+00:00,16634005.0,16652047.0,16601265.0,16601265.0,30486298624,16634005.0
2025-09-22 20:45:00+00:00,16671308.0,16689742.0,16642655.0,16648031.0,51095011328,16671308.0
2025-09-22 21:00:00+00:00,16664428.0,16681666.0,16654423.0,16667019.0,173776306176,16664428.0
2025-09-22 21:15:00+00:00,16659538.0,16684320.0,16659538.0,16668326.0,167137771520,16659538.0
2025-09-22 21:30:00+00:00,16686480.0,16689835.0,16660979.0,16660979.0,33436991488,16686480.0
2025-09-22 21:45:00+00:00,16699363.0,16699363.0,16690720.0,16690818.0,10538188800,16699363.0
2025-09-22 22:00:00+00:00,16669215.0,16703057.0,16658669.0,16703057.0,127919980544,16669215.0
2025-09-22 22:15:00+00:00,16659299.0,16677263.0,16659299.0,16668934.0,21022900224,16659299.0
2025-09-22 22:30:00+00:00,16659419.0,16659419.0,16650998.0,16657372.0,13009682432,16659419.0
2025-09-22 22:45:00+00:00,16653460.0,16658035.0,16648337.0,16657884.0,128537591808,16653460.0
2025-09-22 23:00:00+00:00,16661758.0,16664586.0,16653346.0,16657060.0,4288675840,16661758.0
2025-09-22 23:15:00+00:00,16648370.0,16663810.0,16645128.0,16661233.0,120562122752,16648370.0
2025-09-22 23:30:00+00:00,16651990.0,16660926.0,16646286.0,16652205.0,7725907968,16651990.0
2025-09-22 23:45:00+00:00,16654733.0,16668863.0,16650177.0,16655800.0,7063207936,16654733.0
2025-09-23 00:00:00+00:00,16640593.0,16654015.0,16637320.0,16642648.0,10108272640,16640593.0
2025-09-23 00:15:00+00:00,16672762.0,16676465.0,16648311.0,16650395.0,20688404480,16672762.0
2025-09-23 00:30:00+00:00,16647603.0,16665399.0,16647505.0,16665399.0,0,16647603.0
2025-09-23 00:45:00+00:00,16615949.0,16640606.0,16612203.0,16640606.0,0,16615949.0
2025-09-23 01:00:00+00:00,16604433.0,16614927.0,16600269.0,16613226.0,73400320000,16604433.0
2025-09-23 01:15:00+00:00,16627095.0,16627380.0,16604408.0,16604637.0,101115232256,16627095.0
2025-09-23 01:30:00+00:00,16585109.0,16626392.0,16585018.0,16626392.0,0,16585109.0
2025-09-23 01:45:00+00:00,16570140.0,16592091.0,16570140.0,16583237.0,27302821888,16570140.0
2025-09-23 02:00:00+00:00,16626346.0,16626434.0,16570864.0,16570864.0,68897734656,16626346.0
2025-09-23 02:15:00+00:00,16563518.0,16621472.0,16563518.0,16621472.0,157147987968,16563518.0
2025-09-23 02:30:00+00:00,16561125.0,16576466.0,16561125.0,16568379.0,8643411968,16561125.0
2025-09-23 02:45:00+00:00,16551155.0,16566431.0,16539526.0,16566431.0,54515466240,16551155.0
2025-09-23 03:00:00+00:00,16529031.0,16534979.0,16500434.0,16534979.0,34786508800,16529031.0
2025-09-23 03:15:00+00:00,16621791.0,16621791.0,16542616.0,16542616.0,254872125440,16621791.0
2025-09-23 03:30:00+00:00,16608980.0,16622251.0,16600776.0,16619041.0,42785046528,16608980.0
2025-09-23 03:45:00+00:00,16604436.0,16622440.0,16602917.0,16605155.0,164169252864,16604436.0
2025-09-23 04:00:00+00:00,16590845.0,16628204.0,16590845.0,16604174.0,13114540032,16590845.0
2025-09-23 04:15:00+00:00,16572226.0,16590631.0,16572226.0,16579503.0,135381647360,16572226.0
2025-09-23 04:30:00+00:00,16601022.0,16608477.0,16545798.0,16575687.0,135205486592,16601022.0
2025-09-23 04:45:00+00:00,16630517.0,16630517.0,16595365.0,16595365.0,143177809920,16630517.0
2025-09-23 05:00:00+00:00,16658615.0,16659810.0,16630181.0,16635284.0,127833997312,16658615.0
2025-09-23 05:15:00+00:00,16673474.0,16673474.0,16653841.0,16657933.0,40458256384,16673474.0
2025-09-23 05:30:00+00:00,16683939.0,16688366.0,16674113.0,16674113.0,20948451328,16683939.0
2025-09-23 05:45:00+00:00,16666474.0,16681571.0,16657139.0,16681571.0,62205722624,16666474.0
2025-09-23 06:00:00+00:00,16678520.0,16683623.0,16658384.0,16662434.0,0,16678520.0
2025-09-23 06:15:00+00:00,16690572.0,16693757.0,16673727.0,16673727.0,0,16690572.0
2025-09-23 06:30:00+00:00,16697027.0,16711477.0,16690642.0,16690642.0,3651141632,16697027.0
2025-09-23 06:45:00+00:00,16699360.0,16704502.0,16686999.0,16688973.0,2367684608,16699360.0
2025-09-23 07:00:00+00:00,16701668.0,16709576.0,16690519.0,16700480.0,133974982656,16701668.0
2025-09-23 07:15:00+00:00,16703797.0,16715930.0,16694970.0,16705310.0,0,16703797.0
2025-09-23 07:30:00+00:00,16706974.0,16716220.0,16696714.0,16698173.0,0,16706974.0
2025-09-23 07:45:00+00:00,16715258.0,16715258.0,16701624.0,16701624.0,67865411584,16715258.0
2025-09-23 08:00:00+00:00,16715592.0,16723395.0,16699211.0,16715520.0,0,16715592.0
2025-09-23 08:15:00+00:00,16722671.0,16727488.0,16719306.0,16719722.0,25427968000,16722671.0
2025-09-23 08:30:00+00:00,16699489.0,16718322.0,16699489.0,16718322.0,0,16699489.0
2025-09-23 08:45:00+00:00,16703136.0,16704622.0,16692519.0,16701645.0,0,16703136.0
2025-09-23 09:00:00+00:00,16717053.0,16718554.0,16696903.0,16701221.0,15492186112,16717053.0
2025-09-23 09:15:00+00:00,16685055.0,16718737.0,16684536.0,16718737.0,116410810368,16685055.0
2025-09-23 09:30:00+00:00,16695322.0,16698237.0,16683282.0,16686682.0,0,16695322.0
2025-09-23 09:45:00+00:00,16683722.0,16689288.0,16674255.0,16689288.0,0,16683722.0
2025-09-23 10:00:00+00:00,16679546.0,16686829.0,16671134.0,16682890.0,201850880,16679546.0
2025-09-23 10:15:00+00:00,16685607.0,16692918.0,16672379.0,16678032.0,122368294912,16685607.0
2025-09-23 10:30:00+00:00,16687287.0,16695529.0,16684840.0,16687289.0,6942097408,16687287.0
2025-09-23 10:45:00+00:00,16696319.0,16700250.0,16682293.0,16684864.0,114598346752,16696319.0
2025-09-23 11:00:00+00:00,16664026.0,16700100.0,16658905.0,16696129.0,136414494720,16664026.0
2025-09-23 11:15:00+00:00,16684542.0,16687739.0,16664936.0,16664936.0,109369622528,16684542.0
2025-09-23 11:30:00+00:00,16713736.0,16713736.0,16685592.0,16688625.0,8838971392,16713736.0
2025-09-23 11:45:00+00:00,16700572.0,16714018.0,16699102.0,16712314.0,11495538688,16700572.0
2025-09-23 12:00:00+00:00,16706270.0,16711737.0,16694437.0,16703134.0,90387251200,16706270.0
2025-09-23 12:15:00+00:00,16692792.0,16712547.0,16690466.0,16708522.0,99350478848,16692792.0
2025-09-23 12:30:00+00:00,16714368.0,16714368.0,16687270.0,16691978.0,21541421056,16714368.0
2025-09-23 12:45:00+00:00,16697463.0,16721517.0,16695193.0,16715633.0,102302744576,16697463.0
2025-09-23 13:00:00+00:00,16689392.0,16696745.0,16682660.0,16696745.0,0,16689392.0
2025-09-23 13:15:00+00:00,16687815.0,16693751.0,16686771.0,16688241.0,0,16687815.0
2025-09-23 13:30:00+00:00,16672778.0,16703673.0,16672778.0,16689156.0,0,16672778.0
2025-09-23 13:45:00+00:00,16687613.0,16706119.0,16669135.0,16674642.0,9629073408,16687613.0
2025-09-23 14:00:00+00:00,16705175.0,16731138.0,16685445.0,16687111.0,0,16705175.0
2025-09-23 14:15:00+00:00,16678000.0,16704470.0,16678000.0,16699399.0,122222542848,16678000.0
2025-09-23 14:30:00+00:00,16675199.0,16682319.0,16654482.0,16676809.0,103783333888,16675199.0
2025-09-23 14:45:00+00:00,16656290.0,16675448.0,16649577.0,16671509.0,25626148864,16656290.0
2025-09-23 15:00:00+00:00,16708193.0,16708193.0,16631895.0,16635416.0,99134472192,16708193.0
2025-09-23 15:15:00+00:00,16720138.0,16722575.0,16692785.0,16704309.0,91231879168,16720138.0
2025-09-23 15:30:00+00:00,16697286.0,16722132.0,16697286.0,16717675.0,0,16697286.0
2025-09-23 15:45:00+00:00,16696814.0,16715657.0,16692553.0,16697630.0,1864892416,16696814.0
2025-09-23 16:00:00+00:00,16645039.0,16696343.0,16638494.0,16696343.0,93442277376,16645039.0
2025-09-23 16:15:00+00:00,16675528.0,16680426.0,16647319.0,16647319.0,233534652416,16675528.0
2025-09-23 16:30:00+00:00,16648954.0,16673426.0,16639409.0,16673426.0,123099152384,16648954.0
2025-09-23 16:45:00+00:00,16680733.0,16698765.0,16646257.0,16646257.0,52371652608,16680733.0
2025-09-23 17:00:00+00:00,16635558.0,16672020.0,16634528.0,16672020.0,169924886528,16635558.0
2025-09-23 17:15:00+00:00,16605021.0,16645914.0,16605021.0,16632371.0,91561132032,16605021.0
2025-09-23 17:30:00+00:00,16540594.0,16604072.0,16540594.0,16603585.0,68377116672,16540594.0
2025-09-23 17:45:00+00:00,16525951.0,16563862.0,16514722.0,16531853.0,73003958272,16525951.0
2025-09-23 18:00:00+00:00,16547479.0,16561621.0,16523706.0,16523706.0,153518866432,16547479.0
2025-09-23 18:15:00+00:00,16527981.0,16547568.0,16508747.0,16547568.0,36548116480,16527981.0
2025-09-23 18:30:00+00:00,16484237.0,16521945.0,16484237.0,16507900.0,169145794560,16484237.0
2025-09-23 18:45:00+00:00,16506906.0,16506906.0,16482598.0,16482598.0,115579813888,16506906.0
2025-09-23 19:00:00+00:00,16512371.0,16529590.0,16500123.0,16500123.0,0,16512371.0
2025-09-23 19:15:00+00:00,16494604.0,16530215.0,16494604.0,16509534.0,235751866368,16494604.0
2025-09-23 19:30:00+00:00,16480026.0,16502891.0,16480026.0,16498680.0,0,16480026.0
2025-09-23 19:45:00+00:00,16484176.0,16484176.0,16469804.0,16476603.0,0,16484176.0
2025-09-23 20:00:00+00:00,16518293.0,16527603.0,16487570.0,16487570.0,129647509504,16518293.0
2025-09-23 20:15:00+00:00,16487324.0,16518481.0,16487324.0,16518481.0,117402763264,16487324.0
2025-09-23 20:30:00+00:00,16522172.0,16522172.0,16474602.0,16488281.0,60595634176,16522172.0
2025-09-23 20:45:00+00:00,16543627.0,16543627.0,16500029.0,16524574.0,19918225408,16543627.0
2025-09-23 21:00:00+00:00,16538582.0,16538582.0,16525366.0,16531169.0,102287015936,16538582.0
2025-09-23 21:15:00+00:00,16546544.0,16546544.0,16529455.0,16537761.0,2371878912,16546544.0
2025-09-23 21:30:00+00:00,16562547.0,16562547.0,16542325.0,16542325.0,139201609728,16562547.0
2025-09-23 21:45:00+00:00,16557497.0,16562682.0,16549819.0,16562245.0,110499987456,16557497.0
2025-09-23 22:00:00+00:00,16558560.0,16562091.0,16540695.0,16556600.0,114029494272,16558560.0
2025-09-23 22:15:00+00:00,16540952.0,16557334.0,16540952.0,16557334.0,13887340544,16540952.0
2025-09-23 22:30:00+00:00,16567736.0,16567736.0,16538659.0,16539311.0,110737489920,16567736.0
2025-09-23 22:45:00+00:00,16560964.0,16564425.0,16554428.0,16562844.0,7909408768,16560964.0
2025-09-23 23:00:00+00:00,16560712.0,16571973.0,16555100.0,16559556.0,8485601280,16560712.0
2025-09-23 23:15:00+00:00,16517115.0,16564056.0,16517115.0,16562219.0,39673397248,16517115.0
2025-09-23 23:30:00+00:00,16545760.0,16553622.0,16517707.0,16517707.0,127922601984,16545760.0
2025-09-23 23:45:00+00:00,16534399.0,16553980.0,16534399.0,16547049.0,8059879424,16534399.0
2025-09-24 00:00:00+00:00,16531037.0,16533649.0,16505769.0,16533649.0,142927200256,16531037.0
2025-09-24 00:15:00+00:00,16591210.0,16591822.0,16536956.0,16536956.0,43211816960,16591210.0
2025-09-24 00:30:00+00:00,16584482.0,16593579.0,16581179.0,16590297.0,3881304064,16584482.0
2025-09-24 00:45:00+00:00,16590315.0,16603702.0,16584818.0,16584818.0,20279984128,16590315.0
2025-09-24 01:00:00+00:00,16597236.0,16603938.0,16581052.0,16586968.0,109559414784,16597236.0
2025-09-24 01:15:00+00:00,16609493.0,16615050.0,16598639.0,16598639.0,5133828096,16609493.0
2025-09-24 01:30:00+00:00,16606475.0,16622138.0,16605260.0,16608144.0,205167525888,16606475.0
2025-09-24 01:45:00+00:00,16616246.0,16622818.0,16602301.0,16602301.0,92555182080,16616246.0
2025-09-24 02:00:00+00:00,16577598.0,16622619.0,16577598.0,16618028.0,115270483968,16577598.0
2025-09-24 02:15:00+00:00,16578525.0,16581638.0,16559907.0,16577439.0,11345592320,16578525.0
2025-09-24 02:30:00+00:00,16587907.0,16596825.0,16576574.0,16583058.0,27699183616,16587907.0
2025-09-24 02:45:00+00:00,16570484.0,16588717.0,16551393.0,16586094.0,142919335936,16570484.0
2025-09-24 03:00:00+00:00,16579144.0,16585503.0,16571715.0,16571715.0,263080902656,16579144.0
2025-09-24 03:15:00+00:00,16541771.0,16585763.0,16541039.0,16579479.0,31770279936,16541771.0
2025-09-24 03:30:00+00:00,16538643.0,16558951.0,16527897.0,16531510.0,76948701184,16538643.0
2025-09-24 03:45:00+00:00,16526349.0,16541809.0,16524441.0,16538875.0,44599607296,16526349.0
2025-09-24 04:00:00+00:00,16478184.0,16524155.0,16473681.0,16523517.0,134218252288,16478184.0
2025-09-24 04:15:00+00:00,16554945.0,16554945.0,16488397.0,16488436.0,245074231296,16554945.0
2025-09-24 04:30:00+00:00,16609675.0,16621250.0,16576275.0,16576275.0,24351080448,16609675.0
2025-09-24 04:45:00+00:00,16589951.0,16610208.0,16584191.0,16606878.0,60598779904,16589951.0
2025-09-24 05:00:00+00:00,16606445.0,16609838.0,16591811.0,16594434.0,96973881344,16606445.0
2025-09-24 05:15:00+00:00,16622433.0,16622433.0,16601076.0,16605158.0,0,16622433.0
2025-09-24 05:30:00+00:00,16637195.0,16639151.0,16611090.0,16619101.0,2706374656,16637195.0
2025-09-24 05:45:00+00:00,16664157.0,16666146.0,16640174.0,16640343.0,5821693952,16664157.0
2025-09-24 06:00:00+00:00,16690893.0,16692881.0,16660099.0,16660099.0,34133245952,16690893.0
2025-09-24 06:15:00+00:00,16676231.0,16692523.0,16661721.0,16689879.0,112584032256,16676231.0
2025-09-24 06:30:00+00:00,16669783.0,16688486.0,16668746.0,16672470.0,22241869824,16669783.0
2025-09-24 06:45:00+00:00,16676732.0,16682275.0,16669609.0,16669609.0,0,16676732.0
2025-09-24 07:00:00+00:00,16686583.0,16687716.0,16675079.0,16675331.0,212269006848,16686583.0
2025-09-24 07:15:00+00:00,16660935.0,16699367.0,16658060.0,16688974.0,101651578880,16660935.0
2025-09-24 07:30:00+00:00,16673866.0,16674842.0,16657795.0,16660162.0,113944035328,16673866.0
2025-09-24 07:45:00+00:00,16664403.0,16683073.0,16664152.0,16672485.0,0,16664403.0
2025-09-24 08:00:00+00:00,16661940.0,16669944.0,16657239.0,16668362.0,0,16661940.0
2025-09-24 08:15:00+00:00,16660382.0,16667231.0,16650785.0,16665523.0,128166920192,16660382.0
2025-09-24 08:30:00+00:00,16685837.0,16689847.0,16663458.0,16663458.0,7790395392,16685837.0
2025-09-24 08:45:00+00:00,16698988.0,16700081.0,16685510.0,16695499.0,150041788416,16698988.0
2025-09-24 09:00:00+00:00,16690322.0,16700625.0,16682416.0,16700235.0,124543565824,16690322.0
2025-09-24 09:15:00+00:00,16705474.0,16705474.0,16689801.0,16689801.0,0,16705474.0
2025-09-24 09:30:00+00:00,16728990.0,16731675.0,16704715.0,16706180.0,19644547072,16728990.0
2025-09-24 09:45:00+00:00,16720261.0,16727405.0,16709337.0,16725477.0,8363442176,16720261.0
2025-09-24 10:00:00+00:00,16741972.0,16745042.0,16718617.0,16718617.0,112052404224,16741972.0
2025-09-24 10:15:00+00:00,16723282.0,16747401.0,16723282.0,16740989.0,5392302080,16723282.0
2025-09-24 10:30:00+00:00,16740469.0,16742746.0,16720437.0,16720437.0,656772956160,16740469.0
2025-09-24 10:45:00+00:00,16760276.0,16760276.0,16740108.0,16742497.0,4782030848,16760276.0
2025-09-24 11:00:00+00:00,16792120.0,16800372.0,16761448.0,16761448.0,129632305152,16792120.0
2025-09-24 11:15:00+00:00,16790424.0,16794108.0,16784978.0,16789332.0,35068051456,16790424.0
2025-09-24 11:30:00+00:00,16786198.0,16794266.0,16762265.0,16794266.0,127916310528,16786198.0
2025-09-24 11:45:00+00:00,16785382.0,16788030.0,16769364.0,16783268.0,117039431680,16785382.0
2025-09-24 12:00:00+00:00,16787450.0,16787450.0,16772276.0,16785426.0,15960899584,16787450.0
2025-09-24 12:15:00+00:00,16789496.0,16791666.0,16778966.0,16788768.0,232783872,16789496.0
2025-09-24 12:30:00+00:00,16803562.0,16805006.0,16788578.0,16788578.0,0,16803562.0
2025-09-24 12:45:00+00:00,16811684.0,16818528.0,16806874.0,16809086.0,111535456256,16811684.0
2025-09-24 13:00:00+00:00,16806900.0,16815304.0,16806900.0,16812834.0,118998695936,16806900.0
2025-09-24 13:15:00+00:00,16819814.0,16830012.0,16809994.0,16809994.0,18151899136,16819814.0
2025-09-24 13:30:00+00:00,16833860.0,16844242.0,16802986.0,16809060.0,38263062528,16833860.0
2025-09-24 13:45:00+00:00,16780500.0,16828584.0,16780500.0,16828584.0,8351907840,16780500.0
2025-09-24 14:00:00+00:00,16825610.0,16830304.0,16782664.0,16782664.0,99968614400,16825610.0
2025-09-24 14:15:00+00:00,16822900.0,16833084.0,16822900.0,16831694.0,1287651328,16822900.0
2025-09-24 14:30:00+00:00,16857438.0,16857438.0,16824006.0,16824006.0,8233943040,16857438.0
2025-09-24 14:45:00+00:00,16920894.0,16935584.0,16850222.0,16854778.0,135362248704,16920894.0
2025-09-24 15:00:00+00:00,16891406.0,16939502.0,16891406.0,16916732.0,179964477440,16891406.0
2025-09-24 15:15:00+00:00,16913326.0,16916718.0,16891704.0,16901144.0,7926710272,16913326.0
2025-09-24 15:30:00+00:00,16917052.0,16917052.0,16899174.0,16913648.0,130125660160,16917052.0
2025-09-24 15:45:00+00:00,16868980.0,16920340.0,16856810.0,16920340.0,259835035648,16868980.0
2025-09-24 16:00:00+00:00,16845274.0,16869526.0,16838812.0,16859326.0,8527544320,16845274.0
2025-09-24 16:15:00+00:00,16904422.0,16904422.0,16856504.0,16856504.0,133686099968,16904422.0
2025-09-24 16:30:00+00:00,16911140.0,16918522.0,16901238.0,16904514.0,6977224704,16911140.0
2025-09-24 16:45:00+00:00,16924708.0,16924772.0,16907920.0,16913932.0,967311360,16924708.0
2025-09-24 17:00:00+00:00,16943160.0,16943160.0,16909950.0,16925510.0,97180975104,16943160.0
2025-09-24 17:15:00+00:00,16929304.0,16941006.0,16920720.0,16941006.0,111192047616,16929304.0
2025-09-24 17:30:00+00:00,16947924.0,16954936.0,16930074.0,16930074.0,110248329216,16947924.0
2025-09-24 17:45:00+00:00,16934186.0,16944524.0,16918184.0,16944524.0,0,16934186.0
2025-09-24 18:00:00+00:00,16905166.0,16935694.0,16905166.0,16935694.0,4996464640,16905166.0
2025-09-24 18:15:00+00:00,16916582.0,16918954.0,16901464.0,16909216.0,38273024,16916582.0
2025-09-24 18:30:00+00:00,16919166.0,16923398.0,16906452.0,16921288.0,105254486016,16919166.0
2025-09-24 18:45:00+00:00,16922830.0,16922830.0,16906182.0,16921076.0,102538674176,16922830.0
2025-09-24 19:00:00+00:00,16917884.0,16929306.0,16910354.0,16917108.0,0,16917884.0
2025-09-24 19:15:00+00:00,16907672.0,16919522.0,16907672.0,16918354.0,13812891648,16907672.0
2025-09-24 19:30:00+00:00,16877742.0,16906434.0,16877742.0,16906434.0,6397886464,16877742.0
2025-09-24 19:45:00+00:00,16891692.0,16899186.0,16871164.0,16871164.0,0,16891692.0
2025-09-24 20:00:00+00:00,16907064.0,16907856.0,16892828.0,16894944.0,112120037376,16907064.0
2025-09-24 20:15:00+00:00,16915668.0,16916528.0,16906780.0,16906780.0,200179449856,16915668.0
2025-09-24 20:30:00+00:00,16909530.0,16912860.0,16897510.0,16912860.0,7753695232,16909530.0
2025-09-24 20:45:00+00:00,16913978.0,16924464.0,16911694.0,16911970.0,13323206656,16913978.0
2025-09-24 21:00:00+00:00,16911918.0,16912186.0,16903226.0,16903862.0,30363615232,16911918.0
2025-09-24 21:15:00+00:00,16906854.0,16917790.0,16901332.0,16917790.0,8420589568,16906854.0
2025-09-24 21:30:00+00:00,16889046.0,16908016.0,16889046.0,16906634.0,93225222144,16889046.0
2025-09-24 21:45:00+00:00,16889572.0,16901072.0,16868092.0,16886930.0,21547188224,16889572.0
2025-09-24 22:00:00+00:00,16920084.0,16920084.0,16888748.0,16907878.0,27713339392,16920084.0
2025-09-24 22:15:00+00:00,16899610.0,16922226.0,16897582.0,16922226.0,16055271424,16899610.0
2025-09-24 22:30:00+00:00,16883840.0,16894908.0,16879368.0,16894750.0,3028811776,16883840.0
2025-09-24 22:45:00+00:00,16870538.0,16878394.0,16860380.0,16878394.0,7145521152,16870538.0
2025-09-24 23:00:00+00:00,16874282.0,16881938.0,16872830.0,16875238.0,111088238592,16874282.0
2025-09-24 23:15:00+00:00,16872420.0,16880420.0,16851616.0,16874502.0,112215457792,16872420.0
2025-09-24 23:30:00+00:00,16852488.0,16872588.0,16851714.0,16872588.0,36914593792,16852488.0
2025-09-24 23:45:00+00:00,16857844.0,16866086.0,16853776.0,16853776.0,27331133440,16857844.0
2025-09-25 00:00:00+00:00,16881490.0,16883790.0,16857594.0,16857594.0,8944353280,16881490.0
2025-09-25 00:15:00+00:00,16831134.0,16879678.0,16831134.0,16879678.0,113260888064,16831134.0
2025-09-25 00:30:00+00:00,16838590.0,16844046.0,16818548.0,16832112.0,10272374784,16838590.0
2025-09-25 00:45:00+00:00,16805676.0,16830378.0,16802284.0,16830378.0,26233798656,16805676.0
2025-09-25 01:00:00+00:00,16846422.0,16846488.0,16792788.0,16797712.0,152055578624,16846422.0
2025-09-25 01:15:00+00:00,16825152.0,16845560.0,16817692.0,16831552.0,97184645120,16825152.0
2025-09-25 01:30:00+00:00,16776024.0,16810760.0,16771739.0,16810760.0,85435875328,16776024.0
2025-09-25 01:45:00+00:00,16762697.0,16793086.0,16741743.0,16778968.0,127418761216,16762697.0
2025-09-25 02:00:00+00:00,16750241.0,16787388.0,16750241.0,16780482.0,173836075008,16750241.0
2025-09-25 02:15:00+00:00,16779730.0,16779730.0,16733501.0,16747588.0,170792058880,16779730.0
2025-09-25 02:30:00+00:00,16790742.0,16828752.0,16779840.0,16779840.0,102179012608,16790742.0
2025-09-25 02:45:00+00:00,16794790.0,16804052.0,16787500.0,16791130.0,239407726592,16794790.0
2025-09-25 03:00:00+00:00,16770233.0,16794700.0,16770233.0,16794700.0,82478891008,16770233.0
2025-09-25 03:15:00+00:00,16723638.0,16770792.0,16723638.0,16770470.0,159208964096,16723638.0
2025-09-25 03:30:00+00:00,16718335.0,16732430.0,16718335.0,16723574.0,68025319424,16718335.0
2025-09-25 03:45:00+00:00,16736358.0,16736358.0,16713176.0,16722714.0,78300315648,16736358.0
2025-09-25 04:00:00+00:00,16697706.0,16740914.0,16697706.0,16736020.0,83994083328,16697706.0
2025-09-25 04:15:00+00:00,16643076.0,16694984.0,16618089.0,16694984.0,79011250176,16643076.0
2025-09-25 04:30:00+00:00,16632602.0,16634661.0,16608481.0,16631114.0,101267275776,16632602.0
2025-09-25 04:45:00+00:00,16611039.0,16631548.0,16593173.0,16627116.0,82606817280,16611039.0
2025-09-25 05:00:00+00:00,16630861.0,16635705.0,16595966.0,16601013.0,117063548928,16630861.0
2025-09-25 05:15:00+00:00,16658691.0,16660649.0,16630880.0,16630880.0,0,16658691.0
2025-09-25 05:30:00+00:00,16629342.0,16656533.0,16629342.0,16656533.0,271786180608,16629342.0
2025-09-25 05:45:00+00:00,16629394.0,16632286.0,16616061.0,16630086.0,7842299904,16629394.0
2025-09-25 06:00:00+00:00,16618323.0,16637785.0,16618323.0,16629235.0,2560098304,16618323.0
2025-09-25 06:15:00+00:00,16629265.0,16641894.0,16612467.0,16616940.0,23127392256,16629265.0
2025-09-25 06:30:00+00:00,16623005.0,16641514.0,16623005.0,16633928.0,95268372480,16623005.0
2025-09-25 06:45:00+00:00,16593570.0,16616253.0,16593570.0,16612253.0,16991649792,16593570.0
2025-09-25 07:00:00+00:00,16611239.0,16619769.0,16591942.0,16597215.0,170119397376,16611239.0
2025-09-25 07:15:00+00:00,16636512.0,16637518.0,16601155.0,16601155.0,26180321280,16636512.0
2025-09-25 07:30:00+00:00,16636523.0,16639403.0,16626421.0,16639403.0,3234332672,16636523.0
2025-09-25 07:45:00+00:00,16633049.0,16645816.0,16632651.0,16636372.0,27933540352,16633049.0
2025-09-25 08:00:00+00:00,16649704.0,16650958.0,16638823.0,16641883.0,120757157888,16649704.0
2025-09-25 08:15:00+00:00,16657024.0,16659528.0,16640849.0,16657389.0,75504287744,16657024.0
2025-09-25 08:30:00+00:00,16637077.0,16664428.0,16637077.0,16664428.0,192743473152,16637077.0
2025-09-25 08:45:00+00:00,16620992.0,16636608.0,16620992.0,16633104.0,54104424448,16620992.0
2025-09-25 09:00:00+00:00,16641346.0,16641346.0,16624402.0,16624402.0,137266987008,16641346.0
2025-09-25 09:15:00+00:00,16685291.0,16695662.0,16644138.0,16644138.0,123023130624,16685291.0
2025-09-25 09:30:00+00:00,16647833.0,16681560.0,16645188.0,16678546.0,197910331392,16647833.0
2025-09-25 09:45:00+00:00,16609947.0,16647865.0,16609947.0,16647865.0,119630987264,16609947.0
2025-09-25 10:00:00+00:00,16614608.0,16615144.0,16600673.0,16606827.0,19865796608,16614608.0
2025-09-25 10:15:00+00:00,16627911.0,16641080.0,16616187.0,16616187.0,141619101696,16627911.0
2025-09-25 10:30:00+00:00,16620879.0,16632361.0,16620879.0,16631588.0,0,16620879.0
2025-09-25 10:45:00+00:00,16617908.0,16617908.0,16604089.0,16609713.0,98567192576,16617908.0
2025-09-25 11:00:00+00:00,16604323.0,16633453.0,16604217.0,16617785.0,25167921152,16604323.0
2025-09-25 11:15:00+00:00,16607969.0,16613292.0,16598892.0,16611944.0,12054429696,16607969.0
2025-09-25 11:30:00+00:00,16587302.0,16609798.0,16586547.0,16609686.0,123855699968,16587302.0
2025-09-25 11:45:00+00:00,16581223.0,16590797.0,16578149.0,16588851.0,120115953664,16581223.0
2025-09-25 12:00:00+00:00,16619301.0,16619301.0,16572777.0,16578065.0,49531584512,16619301.0
2025-09-25 12:15:00+00:00,16602055.0,16614259.0,16592306.0,16612385.0,158558322688,16602055.0
2025-09-25 12:30:00+00:00,16630961.0,16656394.0,16584348.0,16599702.0,247684661248,16630961.0
2025-09-25 12:45:00+00:00,16600719.0,16633086.0,16592682.0,16625628.0,129776484352,16600719.0
2025-09-25 13:00:00+00:00,16574297.0,16594396.0,16551250.0,16591749.0,287557812224,16574297.0
2025-09-25 13:15:00+00:00,16659407.0,16660167.0,16575263.0,16575263.0,190917378048,16659407.0
2025-09-25 13:30:00+00:00,16525216.0,16662417.0,16525216.0,16653982.0,208527687680,16525216.0
2025-09-25 13:45:00+00:00,16576759.0,16586697.0,16534583.0,16534583.0,110344798208,16576759.0
2025-09-25 14:00:00+00:00,16629570.0,16630208.0,16589057.0,16589057.0,51340378112,16629570.0
2025-09-25 14:15:00+00:00,16684561.0,16697337.0,16637632.0,16637632.0,168905670656,16684561.0
2025-09-25 14:30:00+00:00,16666237.0,16709269.0,16662732.0,16679813.0,295720452096,16666237.0
2025-09-25 14:45:00+00:00,16700034.0,16700034.0,16669917.0,16669948.0,46146781184,16700034.0
2025-09-25 15:00:00+00:00,16654435.0,16704041.0,16651394.0,16700034.0,0,16654435.0
2025-09-25 15:15:00+00:00,16615937.0,16667380.0,16610919.0,16659483.0,125081485312,16615937.0
2025-09-25 15:30:00+00:00,16693335.0,16693335.0,16617174.0,16617174.0,194237169664,16693335.0
2025-09-25 15:45:00+00:00,16687796.0,16703135.0,16677122.0,16694951.0,37456183296,16687796.0
2025-09-25 16:00:00+00:00,16712975.0,16725306.0,16706507.0,16706507.0,19360907264,16712975.0
2025-09-25 16:15:00+00:00,16654135.0,16703176.0,16653584.0,16703176.0,18259902464,16654135.0
2025-09-25 16:30:00+00:00,16643081.0,16668785.0,16628968.0,16653711.0,149761818624,16643081.0
2025-09-25 16:45:00+00:00,16628161.0,16647010.0,16619619.0,16647010.0,70382518272,16628161.0
2025-09-25 17:00:00+00:00,16566879.0,16627381.0,16566879.0,16627381.0,39935016960,16566879.0
2025-09-25 17:15:00+00:00,16490331.0,16564510.0,16474610.0,16564510.0,332417466368,16490331.0
2025-09-25 17:30:00+00:00,16401769.0,16494055.0,16401027.0,16494055.0,260851105792,16401769.0
2025-09-25 17:45:00+00:00,16307731.0,16399682.0,16307731.0,16393893.0,248319574016,16307731.0
2025-09-25 18:00:00+00:00,16332765.0,16338069.0,16282785.0,16304792.0,284642246656,16332765.0
2025-09-25 18:15:00+00:00,16407696.0,16438885.0,16365598.0,16374452.0,290134687744,16407696.0
2025-09-25 18:30:00+00:00,16423109.0,16432181.0,16386859.0,16407956.0,57614008320,16423109.0
2025-09-25 18:45:00+00:00,16453313.0,16453313.0,16394955.0,16414163.0,199828176896,16453313.0
2025-09-25 19:00:00+00:00,16431238.0,16474925.0,16431238.0,16461283.0,255422627840,16431238.0
2025-09-25 19:15:00+00:00,16447609.0,16471409.0,16433764.0,16435690.0,78611742720,16447609.0
2025-09-25 19:30:00+00:00,16417156.0,16464490.0,16415067.0,16464490.0,228373561344,16417156.0
2025-09-25 19:45:00+00:00,16393024.0,16413148.0,16382706.0,16413148.0,48380248064,16393024.0
2025-09-25 20:00:00+00:00,16366164.0,16398873.0,16366164.0,16386948.0,136817147904,16366164.0
2025-09-25 20:15:00+00:00,16382529.0,16388779.0,16365729.0,16365729.0,69663195136,16382529.0
2025-09-25 20:30:00+00:00,16362041.0,16386683.0,16347711.0,16384501.0,162448539648,16362041.0
2025-09-25 20:45:00+00:00,16353576.0,16371950.0,16340767.0,16361938.0,169356558336,16353576.0
2025-09-25 21:00:00+00:00,16406202.0,16433254.0,16349368.0,16349368.0,94521786368,16406202.0
2025-09-25 21:15:00+00:00,16392891.0,16418383.0,16392292.0,16406599.0,124686172160,16392891.0
2025-09-25 21:30:00+00:00,16350199.0,16393321.0,16349406.0,16393165.0,31255953408,16350199.0
2025-09-25 21:45:00+00:00,16397960.0,16401474.0,16357735.0,16357735.0,124841361408,16397960.0
2025-09-25 22:00:00+00:00,16410694.0,16410694.0,16382306.0,16396993.0,0,16410694.0
2025-09-25 22:15:00+00:00,16408827.0,16413451.0,16403041.0,16410384.0,47638904832,16408827.0
2025-09-25 22:30:00+00:00,16391879.0,16403079.0,16389969.0,16401291.0,119476846592,16391879.0
2025-09-25 22:45:00+00:00,16389612.0,16397081.0,16371474.0,16396597.0,1741436223488,16389612.0
2025-09-25 23:00:00+00:00,16429140.0,16429140.0,16391230.0,16391230.0,36960206848,16429140.0
2025-09-25 23:15:00+00:00,16406754.0,16421147.0,16388706.0,16412920.0,110345846784,16406754.0
2025-09-25 23:30:00+00:00,16355343.0,16415754.0,16327303.0,16415754.0,112474456064,16355343.0
2025-09-25 23:45:00+00:00,16342166.0,16355136.0,16331810.0,16355136.0,92383739904,16342166.0
2025-09-26 00:00:00+00:00,16386457.0,16396321.0,16333873.0,16342691.0,90417659904,16386457.0
2025-09-26 00:15:00+00:00,16392074.0,16396812.0,16380021.0,16385884.0,42695917568,16392074.0
2025-09-26 00:30:00+00:00,16318255.0,16385507.0,16318255.0,16385507.0,42188406784,16318255.0
2025-09-26 00:45:00+00:00,16392058.0,16403118.0,16313789.0,16313789.0,117671198720,16392058.0
2025-09-26 01:00:00+00:00,16421060.0,16421060.0,16376109.0,16393656.0,17149460480,16421060.0
2025-09-26 01:15:00+00:00,16421743.0,16433298.0,16421743.0,16428266.0,90146078720,16421743.0
2025-09-26 01:30:00+00:00,16423873.0,16436485.0,16420029.0,16428771.0,0,16423873.0
2025-09-26 01:45:00+00:00,16438613.0,16449925.0,16429473.0,16429473.0,78923169792,16438613.0
2025-09-26 02:00:00+00:00,16427020.0,16452941.0,16425406.0,16439914.0,79137079296,16427020.0
2025-09-26 02:15:00+00:00,16410367.0,16449630.0,16410367.0,16436545.0,123188805632,16410367.0
2025-09-26 02:30:00+00:00,16418144.0,16422848.0,16405125.0,16405125.0,62914560,16418144.0
2025-09-26 02:45:00+00:00,16416753.0,16436624.0,16416365.0,16417967.0,10748952576,16416753.0
2025-09-26 03:00:00+00:00,16403422.0,16421083.0,16388601.0,16418384.0,16473128960,16403422.0
2025-09-26 03:15:00+00:00,16380966.0,16408756.0,16380966.0,16404718.0,129751842816,16380966.0
2025-09-26 03:30:00+00:00,16381086.0,16381086.0,16371535.0,16376688.0,0,16381086.0
2025-09-26 03:45:00+00:00,16412274.0,16415272.0,16379480.0,16382941.0,0,16412274.0
2025-09-26 04:00:00+00:00,16399991.0,16412948.0,16393224.0,16412884.0,84552974336,16399991.0
2025-09-26 04:15:00+00:00,16396290.0,16416554.0,16391680.0,16399181.0,0,16396290.0
2025-09-26 04:30:00+00:00,16360676.0,16393833.0,16360676.0,16393833.0,57339281408,16360676.0
2025-09-26 04:45:00+00:00,16365825.0,16378119.0,16361850.0,16362340.0,0,16365825.0
2025-09-26 05:00:00+00:00,16376913.0,16384837.0,16368951.0,16368951.0,99934535680,16376913.0
2025-09-26 05:15:00+00:00,16401052.0,16407485.0,16385455.0,16385455.0,12365856768,16401052.0
2025-09-26 05:30:00+00:00,16374571.0,16401437.0,16369472.0,16400291.0,85065728000,16374571.0
2025-09-26 05:45:00+00:00,16366892.0,16378239.0,16340401.0,16378239.0,25771900928,16366892.0
2025-09-26 06:00:00+00:00,16344188.0,16369305.0,16340210.0,16367400.0,135543128064,16344188.0
2025-09-26 06:15:00+00:00,16420858.0,16420858.0,16346250.0,16346250.0,154543325184,16420858.0
2025-09-26 06:30:00+00:00,16421506.0,16426678.0,16396662.0,16403628.0,12119441408,16421506.0
2025-09-26 06:45:00+00:00,16379427.0,16419494.0,16379427.0,16419494.0,114932318208,16379427.0
2025-09-26 07:00:00+00:00,16417197.0,16417197.0,16383194.0,16383194.0,306714771456,16417197.0
2025-09-26 07:15:00+00:00,16400406.0,16432752.0,16400406.0,16425940.0,47221571584,16400406.0
2025-09-26 07:30:00+00:00,16349068.0,16399658.0,16342907.0,16399658.0,144150888448,16349068.0
2025-09-26 07:45:00+00:00,16384182.0,16384182.0,16337722.0,16337722.0,372137525248,16384182.0
2025-09-26 08:00:00+00:00,16405514.0,16413297.0,16395934.0,16404370.0,98568241152,16405514.0
2025-09-26 08:15:00+00:00,16407674.0,16411698.0,16396896.0,16404325.0,46964670464,16407674.0
2025-09-26 08:30:00+00:00,16413954.0,16413954.0,16399867.0,16410926.0,24881659904,16413954.0
2025-09-26 08:45:00+00:00,16414646.0,16422519.0,16414646.0,16419280.0,126792761344,16414646.0
2025-09-26 09:00:00+00:00,16425892.0,16425892.0,16406585.0,16415544.0,35212230656,16425892.0
2025-09-26 09:15:00+00:00,16432362.0,16437114.0,16427237.0,16433189.0,2082471936,16432362.0
2025-09-26 09:30:00+00:00,16396994.0,16433558.0,16396994.0,16433558.0,0,16396994.0
2025-09-26 09:45:00+00:00,16418878.0,16421421.0,16394366.0,16394366.0,102155419648,16418878.0
2025-09-26 10:00:00+00:00,16371062.0,16422291.0,16368071.0,16419029.0,0,16371062.0
2025-09-26 10:15:00+00:00,16361193.0,16369344.0,16351106.0,16364816.0,46696235008,16361193.0
2025-09-26 10:30:00+00:00,16323798.0,16360885.0,16323032.0,16360100.0,126724603904,16323798.0
2025-09-26 10:45:00+00:00,16333017.0,16343770.0,16319577.0,16324566.0,141949927424,16333017.0
2025-09-26 11:00:00+00:00,16312451.0,16338073.0,16308633.0,16333585.0,212686864384,16312451.0
2025-09-26 11:15:00+00:00,16302084.0,16308610.0,16292428.0,16308610.0,222633656320,16302084.0
2025-09-26 11:30:00+00:00,16342031.0,16352411.0,16298048.0,16298048.0,14046724096,16342031.0
2025-09-26 11:45:00+00:00,16355634.0,16364036.0,16338811.0,16343180.0,3306160128,16355634.0
2025-09-26 12:00:00+00:00,16318748.0,16353666.0,16318748.0,16353666.0,85928706048,16318748.0
2025-09-26 12:15:00+00:00,16334294.0,16334294.0,16304106.0,16315523.0,239652044800,16334294.0
2025-09-26 12:30:00+00:00,16377755.0,16398844.0,16327388.0,16337831.0,22128099328,16377755.0
2025-09-26 12:45:00+00:00,16379713.0,16393792.0,16353189.0,16393792.0,115978797056,16379713.0
2025-09-26 13:00:00+00:00,16345159.0,16377881.0,16342330.0,16372418.0,182959734784,16345159.0
2025-09-26 13:15:00+00:00,16356808.0,16365242.0,16331264.0,16342521.0,52092207104,16356808.0
2025-09-26 13:30:00+00:00,16415994.0,16415994.0,16337041.0,16354446.0,74542219264,16415994.0
2025-09-26 13:45:00+00:00,16434211.0,16441817.0,16410370.0,16417899.0,100797513728,16434211.0
2025-09-26 14:00:00+00:00,16386927.0,16433087.0,16377292.0,16433087.0,106207117312,16386927.0
2025-09-26 14:15:00+00:00,16312162.0,16379991.0,16304730.0,16367391.0,11962155008,16312162.0
2025-09-26 14:30:00+00:00,16289724.0,16317962.0,16284489.0,16317962.0,57086574592,16289724.0
2025-09-26 14:45:00+00:00,16282389.0,16319903.0,16280810.0,16288609.0,296578187264,16282389.0
2025-09-26 15:00:00+00:00,16297926.0,16319155.0,16278810.0,16278810.0,153051201536,16297926.0
2025-09-26 15:15:00+00:00,16343468.0,16343468.0,16298511.0,16300396.0,40905998336,16343468.0
2025-09-26 15:30:00+00:00,16350603.0,16350856.0,16333029.0,16344231.0,135046103040,16350603.0
2025-09-26 15:45:00+00:00,16314641.0,16352260.0,16314012.0,16352260.0,296304508928,16314641.0
2025-09-26 16:00:00+00:00,16352514.0,16355027.0,16308762.0,16308762.0,94313119744,16352514.0
2025-09-26 16:15:00+00:00,16381309.0,16402759.0,16353553.0,16353553.0,11659116544,16381309.0
2025-09-26 16:30:00+00:00,16354118.0,16385893.0,16352178.0,16383572.0,101781078016,16354118.0
2025-09-26 16:45:00+00:00,16367257.0,16367257.0,16353151.0,16357667.0,118839312384,16367257.0
2025-09-26 17:00:00+00:00,16393171.0,16397833.0,16373118.0,16375865.0,63384322048,16393171.0
2025-09-26 17:15:00+00:00,16441580.0,16443867.0,16386497.0,16393187.0,0,16441580.0
2025-09-26 17:30:00+00:00,16446008.0,16446740.0,16415226.0,16446577.0,0,16446008.0
2025-09-26 17:45:00+00:00,16433268.0,16453037.0,16425842.0,16446806.0,0,16433268.0
2025-09-26 18:00:00+00:00,16450764.0,16460869.0,16432962.0,16442594.0,41362128896,16450764.0
2025-09-26 18:15:00+00:00,16492008.0,16500334.0,16449414.0,16449414.0,0,16492008.0
2025-09-26 18:30:00+00:00,16439597.0,16489111.0,16439597.0,16488799.0,203791794176,16439597.0
2025-09-26 18:45:00+00:00,16412085.0,16439744.0,16412085.0,16438753.0,185778307072,16412085.0
2025-09-26 19:00:00+00:00,16375954.0,16408161.0,16374304.0,16408161.0,81650515968,16375954.0
2025-09-26 19:15:00+00:00,16362790.0,16402858.0,16362594.0,16382015.0,122414956544,16362790.0
2025-09-26 19:30:00+00:00,16315864.0,16359947.0,16311092.0,16359947.0,7212105728,16315864.0
2025-09-26 19:45:00+00:00,16330658.0,16334819.0,16316137.0,16318011.0,121687244800,16330658.0
2025-09-26 20:00:00+00:00,16339221.0,16343101.0,16325022.0,16325578.0,123141619712,16339221.0
2025-09-26 20:15:00+00:00,16330361.0,16349343.0,16318801.0,16349343.0,846200832,16330361.0
2025-09-26 20:30:00+00:00,16337492.0,16343994.0,16331305.0,16331305.0,105982722048,16337492.0
2025-09-26 20:45:00+00:00,16349793.0,16350171.0,16335130.0,16336061.0,0,16349793.0
2025-09-26 21:00:00+00:00,16346507.0,16354544.0,16337739.0,16345214.0,118936829952,16346507.0
2025-09-26 21:15:00+00:00,16376959.0,16377305.0,16350305.0,16350305.0,0,16376959.0
2025-09-26 21:30:00+00:00,16374935.0,16377297.0,16373514.0,16376959.0,0,16374935.0
2025-09-26 21:45:00+00:00,16380022.0,16388914.0,16362635.0,16368349.0,123089190912,16380022.0
2025-09-26 22:00:00+00:00,16384594.0,16384594.0,16368366.0,16381319.0,112046637056,16384594.0
2025-09-26 22:15:00+00:00,16387170.0,16395412.0,16381375.0,16386648.0,138936320000,16387170.0
2025-09-26 22:30:00+00:00,16396147.0,16396147.0,16385127.0,16391945.0,131355115520,16396147.0
2025-09-26 22:45:00+00:00,16393150.0,16403619.0,16388477.0,16388477.0,0,16393150.0
2025-09-26 23:00:00+00:00,16386615.0,16395382.0,16383452.0,16393487.0,0,16386615.0
2025-09-26 23:15:00+00:00,16385752.0,16393919.0,16371699.0,16386615.0,97796489216,16385752.0
2025-09-26 23:30:00+00:00,16408383.0,16410960.0,16393429.0,16393429.0,0,16408383.0
2025-09-26 23:45:00+00:00,16410905.0,16411495.0,16407969.0,16408383.0,0,16410905.0
2025-09-27 00:00:00+00:00,16404749.0,16408729.0,16396942.0,16408729.0,180604108800,16404749.0
2025-09-27 00:15:00+00:00,16399937.0,16408941.0,16389639.0,16403101.0,9701949440,16399937.0
2025-09-27 00:30:00+00:00,16388097.0,16401026.0,16377826.0,16399937.0,137046261760,16388097.0
2025-09-27 00:45:00+00:00,16400071.0,16400897.0,16380197.0,16386824.0,0,16400071.0
2025-09-27 01:00:00+00:00,16393544.0,16408876.0,16392167.0,16407106.0,0,16393544.0
2025-09-27 01:15:00+00:00,16378587.0,16392671.0,16376164.0,16388817.0,0,16378587.0
2025-09-27 01:30:00+00:00,16369912.0,16386568.0,16369082.0,16381159.0,6409420800,16369912.0
2025-09-27 01:45:00+00:00,16374799.0,16375320.0,16365285.0,16366299.0,17838899200,16374799.0
2025-09-27 02:00:00+00:00,16378080.0,16382816.0,16374799.0,16374799.0,103071875072,16378080.0
2025-09-27 02:15:00+00:00,16363500.0,16380602.0,16363500.0,16377086.0,10525605888,16363500.0
2025-09-27 02:30:00+00:00,16378481.0,16380357.0,16363636.0,16365271.0,12642156544,16378481.0
2025-09-27 02:45:00+00:00,16373771.0,16379570.0,16368363.0,16379503.0,25064112128,16373771.0
2025-09-27 03:00:00+00:00,16377671.0,16385743.0,16375402.0,16375402.0,10521411584,16377671.0
2025-09-27 03:15:00+00:00,16398226.0,16398226.0,16379016.0,16379016.0,6952583168,16398226.0
2025-09-27 03:30:00+00:00,16413542.0,16419182.0,16396252.0,16396861.0,37357617152,16413542.0
2025-09-27 03:45:00+00:00,16392780.0,16408498.0,16392780.0,16408498.0,144925786112,16392780.0
2025-09-27 04:00:00+00:00,16394660.0,16403263.0,16392717.0,16392780.0,240639279104,16394660.0
2025-09-27 04:15:00+00:00,16402529.0,16404151.0,16393702.0,16394660.0,135790592000,16402529.0
2025-09-27 04:30:00+00:00,16406568.0,16417165.0,16402529.0,16402529.0,155867152384,16406568.0
2025-09-27 04:45:00+00:00,16409551.0,16413069.0,16404344.0,16404988.0,120762400768,16409551.0
2025-09-27 05:00:00+00:00,16406053.0,16409788.0,16402656.0,16409551.0,0,16406053.0
2025-09-27 05:15:00+00:00,16405013.0,16409275.0,16402331.0,16405363.0,0,16405013.0
2025-09-27 05:30:00+00:00,16411659.0,16412783.0,16403276.0,16406025.0,0,16411659.0
2025-09-27 05:45:00+00:00,16406913.0,16413025.0,16404874.0,16410987.0,0,16406913.0
2025-09-27 06:00:00+00:00,16400895.0,16406913.0,16398766.0,16406913.0,0,16400895.0
2025-09-27 06:15:00+00:00,16393060.0,16401890.0,16389788.0,16401167.0,0,16393060.0
2025-09-27 06:30:00+00:00,16391125.0,16394327.0,16388279.0,16393694.0,130272985088,16391125.0
2025-09-27 06:45:00+00:00,16392134.0,16392882.0,16386054.0,16389583.0,0,16392134.0
2025-09-27 07:00:00+00:00,16394918.0,16396514.0,16391568.0,16392709.0,0,16394918.0
2025-09-27 07:15:00+00:00,16387790.0,16397174.0,16387790.0,16394692.0,0,16387790.0
2025-09-27 07:30:00+00:00,16374405.0,16387439.0,16373789.0,16387439.0,0,16374405.0
2025-09-27 07:45:00+00:00,16371329.0,16373913.0,16362541.0,16373913.0,0,16371329.0
2025-09-27 08:00:00+00:00,16351677.0,16371510.0,16351677.0,16371510.0,3042443264,16351677.0
2025-09-27 08:15:00+00:00,16361900.0,16361900.0,16354396.0,16355945.0,207042379776,16361900.0
2025-09-27 08:30:00+00:00,16358879.0,16362064.0,16358879.0,16362053.0,135103250432,16358879.0
2025-09-27 08:45:00+00:00,16350942.0,16360820.0,16350942.0,16357620.0,17442013184,16350942.0
2025-09-27 09:00:00+00:00,16338040.0,16354658.0,16337620.0,16352836.0,41792569344,16338040.0
2025-09-27 09:15:00+00:00,16331497.0,16340029.0,16331497.0,16340029.0,1458044928,16331497.0
2025-09-27 09:30:00+00:00,16353075.0,16354264.0,16327658.0,16327658.0,148509818880,16353075.0
2025-09-27 09:45:00+00:00,16357230.0,16362295.0,16351164.0,16353131.0,29523181568,16357230.0
2025-09-27 10:00:00+00:00,16354719.0,16358022.0,16351954.0,16356871.0,100175708160,16354719.0
2025-09-27 10:15:00+00:00,16355317.0,16356100.0,16352874.0,16354580.0,0,16355317.0
2025-09-27 10:30:00+00:00,16364712.0,16376668.0,16354163.0,16354505.0,0,16364712.0
2025-09-27 10:45:00+00:00,16377335.0,16379061.0,16365149.0,16365149.0,12998148096,16377335.0
2025-09-27 11:00:00+00:00,16364869.0,16376374.0,16364635.0,16375092.0,99379838976,16364869.0
2025-09-27 11:15:00+00:00,16359752.0,16364357.0,16356681.0,16364315.0,0,16359752.0
2025-09-27 11:30:00+00:00,16355191.0,16361584.0,16355191.0,16359864.0,0,16355191.0
2025-09-27 11:45:00+00:00,16356231.0,16357758.0,16351212.0,16357758.0,14993063936,16356231.0
2025-09-27 12:00:00+00:00,16351912.0,16356244.0,16351912.0,16356244.0,21512060928,16351912.0
2025-09-27 12:15:00+00:00,16348752.0,16354506.0,16348752.0,16354506.0,0,16348752.0
2025-09-27 12:30:00+00:00,16386047.0,16386047.0,16349574.0,16349574.0,0,16386047.0
2025-09-27 12:45:00+00:00,16375677.0,16388341.0,16366094.0,16384699.0,107682988032,16375677.0
2025-09-27 13:00:00+00:00,16361909.0,16375677.0,16359132.0,16375677.0,124109979648,16361909.0
2025-09-27 13:15:00+00:00,16361273.0,16368938.0,16358925.0,16358925.0,1372585984,16361273.0
2025-09-27 13:30:00+00:00,16362029.0,16365157.0,16358677.0,16363794.0,0,16362029.0
2025-09-27 13:45:00+00:00,16359126.0,16363419.0,16359066.0,16363419.0,0,16359126.0
2025-09-27 14:00:00+00:00,16362253.0,16364018.0,16357106.0,16357825.0,14557904896,16362253.0
2025-09-27 14:15:00+00:00,16357451.0,16362217.0,16355995.0,16362217.0,0,16357451.0
2025-09-27 14:30:00+00:00,16370587.0,16374124.0,16356985.0,16356985.0,0,16370587.0
2025-09-27 14:45:00+00:00,16365330.0,16372060.0,16352037.0,16372060.0,85656600576,16365330.0
2025-09-27 15:00:00+00:00,16342609.0,16367215.0,16342609.0,16367215.0,104452325376,16342609.0
2025-09-27 15:15:00+00:00,16347033.0,16368311.0,16347033.0,16357167.0,114614599680,16347033.0
2025-09-27 15:30:00+00:00,16373192.0,16377438.0,16359697.0,16361545.0,0,16373192.0
2025-09-27 15:45:00+00:00,16380654.0,16384920.0,16373529.0,16373529.0,12500598784,16380654.0
2025-09-27 16:00:00+00:00,16375533.0,16379129.0,16366087.0,16366087.0,89404735488,16375533.0
2025-09-27 16:15:00+00:00,16378689.0,16382300.0,16371296.0,16374340.0,5142740992,16378689.0
2025-09-27 16:30:00+00:00,16367766.0,16385607.0,16367766.0,16378369.0,127705022464,16367766.0
2025-09-27 16:45:00+00:00,16364579.0,16367663.0,16360512.0,16367372.0,1794113536,16364579.0
2025-09-27 17:00:00+00:00,16359264.0,16366038.0,16358772.0,16366038.0,167658389504,16359264.0
2025-09-27 17:15:00+00:00,16353487.0,16359277.0,16347980.0,16359277.0,2085617664,16353487.0
2025-09-27 17:30:00+00:00,16360244.0,16362194.0,16354004.0,16354004.0,80223404032,16360244.0
2025-09-27 17:45:00+00:00,16365520.0,16365520.0,16353057.0,16360244.0,145279156224,16365520.0
2025-09-27 18:00:00+00:00,16369092.0,16372262.0,16362597.0,16364286.0,3278897152,16369092.0
2025-09-27 18:15:00+00:00,16368082.0,16372218.0,16366266.0,16367727.0,0,16368082.0
2025-09-27 18:30:00+00:00,16367631.0,16369321.0,16365599.0,16368652.0,0,16367631.0
2025-09-27 18:45:00+00:00,16373417.0,16373417.0,16366775.0,16366775.0,0,16373417.0
2025-09-27 19:00:00+00:00,16372995.0,16372995.0,16369847.0,16372985.0,0,16372995.0
2025-09-27 19:15:00+00:00,16369409.0,16373428.0,16368619.0,16372995.0,0,16369409.0
2025-09-27 19:30:00+00:00,16367852.0,16372128.0,16365160.0,16370387.0,0,16367852.0
2025-09-27 19:45:00+00:00,16370663.0,16373078.0,16366922.0,16367169.0,0,16370663.0
2025-09-27 20:00:00+00:00,16367578.0,16372909.0,16366632.0,16371653.0,0,16367578.0
2025-09-27 20:15:00+00:00,16363877.0,16367534.0,16363122.0,16367534.0,0,16363877.0
2025-09-27 20:30:00+00:00,16370122.0,16372932.0,16362082.0,16364126.0,11125915648,16370122.0
2025-09-27 20:45:00+00:00,16368863.0,16369073.0,16366381.0,16369073.0,0,16368863.0
2025-09-27 21:00:00+00:00,16369339.0,16369590.0,16366076.0,16367583.0,4929355776,16369339.0
2025-09-27 21:15:00+00:00,16371329.0,16371329.0,16365601.0,16368449.0,0,16371329.0
2025-09-27 21:30:00+00:00,16379007.0,16379689.0,16370948.0,16371329.0,0,16379007.0
2025-09-27 21:45:00+00:00,16374699.0,16379074.0,16374699.0,16376149.0,91750400,16374699.0
2025-09-27 22:00:00+00:00,16393591.0,16396863.0,16375792.0,16375792.0,2552496128,16393591.0
2025-09-27 22:15:00+00:00,16413802.0,16413802.0,16393284.0,16393284.0,5264637952,16413802.0
2025-09-27 22:30:00+00:00,16404558.0,16414645.0,16396952.0,16414645.0,146553176064,16404558.0
2025-09-27 22:45:00+00:00,16399635.0,16401617.0,16391296.0,16401617.0,140353994752,16399635.0
2025-09-27 23:00:00+00:00,16398628.0,16404451.0,16395465.0,16399243.0,0,16398628.0
2025-09-27 23:15:00+00:00,16390812.0,16399645.0,16367996.0,16399645.0,130054619136,16390812.0
2025-09-27 23:30:00+00:00,16398596.0,16399140.0,16390812.0,16390812.0,14490009600,16398596.0
2025-09-27 23:45:00+00:00,16401312.0,16410511.0,16398596.0,16398596.0,10105651200,16401312.0
2025-09-28 00:00:00+00:00,16396329.0,16409583.0,16396329.0,16404983.0,0,16396329.0
2025-09-28 00:15:00+00:00,16418312.0,16419164.0,16393649.0,16393649.0,87110451200,16418312.0
2025-09-28 00:30:00+00:00,16407727.0,16423517.0,16397840.0,16423517.0,135605256192,16407727.0
2025-09-28 00:45:00+00:00,16403669.0,16414619.0,16395889.0,16414619.0,29467082752,16403669.0
2025-09-28 01:00:00+00:00,16387422.0,16405121.0,16385105.0,16398962.0,17820024832,16387422.0
2025-09-28 01:15:00+00:00,16384154.0,16389527.0,16380453.0,16383721.0,31905284096,16384154.0
2025-09-28 01:30:00+00:00,16375771.0,16388106.0,16374604.0,16384154.0,129318780928,16375771.0
2025-09-28 01:45:00+00:00,16363523.0,16371587.0,16363282.0,16371587.0,6860570624,16363523.0
2025-09-28 02:00:00+00:00,16365082.0,16374107.0,16362902.0,16363687.0,140131958784,16365082.0
2025-09-28 02:15:00+00:00,16374144.0,16380432.0,16364133.0,16365082.0,24042799104,16374144.0
2025-09-28 02:30:00+00:00,16381412.0,16386475.0,16380121.0,16380121.0,150155558912,16381412.0
2025-09-28 02:45:00+00:00,16376031.0,16378439.0,16371152.0,16378439.0,3894935552,16376031.0
2025-09-28 03:00:00+00:00,16382296.0,16385127.0,16375402.0,16375820.0,15489564672,16382296.0
2025-09-28 03:15:00+00:00,16380176.0,16382739.0,16377343.0,16382568.0,135551254528,16380176.0
2025-09-28 03:30:00+00:00,16373257.0,16380760.0,16372515.0,16380176.0,134513950720,16373257.0
2025-09-28 03:45:00+00:00,16375057.0,16375984.0,16372219.0,16373236.0,0,16375057.0
2025-09-28 04:00:00+00:00,16376759.0,16377315.0,16372368.0,16374548.0,0,16376759.0
2025-09-28 04:15:00+00:00,16369168.0,16378092.0,16369168.0,16377489.0,4926472192,16369168.0
2025-09-28 04:30:00+00:00,16366693.0,16368373.0,16363162.0,16364816.0,6163267584,16366693.0
2025-09-28 04:45:00+00:00,16365202.0,16367413.0,16365071.0,16366422.0,9742319616,16365202.0
2025-09-28 05:00:00+00:00,16362353.0,16368257.0,16362353.0,16366135.0,947126272,16362353.0
2025-09-28 05:15:00+00:00,16370427.0,16370427.0,16362881.0,16362881.0,19496435712,16370427.0
2025-09-28 05:30:00+00:00,16363664.0,16369167.0,16363446.0,16366922.0,4474535936,16363664.0
2025-09-28 05:45:00+00:00,16361916.0,16363861.0,16359851.0,16363861.0,426770432,16361916.0
2025-09-28 06:00:00+00:00,16363943.0,16366397.0,16360046.0,16362158.0,316145664,16363943.0
2025-09-28 06:15:00+00:00,16357361.0,16366583.0,16357361.0,16364719.0,11816927232,16357361.0
2025-09-28 06:30:00+00:00,16368485.0,16369222.0,16350895.0,16357361.0,129979908096,16368485.0
2025-09-28 06:45:00+00:00,16369334.0,16370980.0,16365263.0,16368942.0,16353329152,16369334.0
2025-09-28 07:00:00+00:00,16365808.0,16371386.0,16362632.0,16367948.0,9123135488,16365808.0
2025-09-28 07:15:00+00:00,16376971.0,16376971.0,16364610.0,16364834.0,24815861760,16376971.0
2025-09-28 07:30:00+00:00,16374590.0,16383332.0,16374590.0,16377547.0,5614600192,16374590.0
2025-09-28 07:45:00+00:00,16382820.0,16388218.0,16375061.0,16375061.0,16611278848,16382820.0
2025-09-28 08:00:00+00:00,16385288.0,16391819.0,16381351.0,16381351.0,118477291520,16385288.0
2025-09-28 08:15:00+00:00,16383475.0,16383891.0,16376887.0,16383356.0,119301472256,16383475.0
2025-09-28 08:30:00+00:00,16388929.0,16388929.0,16382854.0,16387081.0,134907691008,16388929.0
2025-09-28 08:45:00+00:00,16385887.0,16390637.0,16385572.0,16386993.0,3643015168,16385887.0
2025-09-28 09:00:00+00:00,16370308.0,16388234.0,16370308.0,16386393.0,0,16370308.0
2025-09-28 09:15:00+00:00,16367444.0,16372900.0,16361639.0,16369601.0,141063094272,16367444.0
2025-09-28 09:30:00+00:00,16386381.0,16386643.0,16376941.0,16376941.0,111853174784,16386381.0
2025-09-28 09:45:00+00:00,16384317.0,16391846.0,16382231.0,16386808.0,125684154368,16384317.0
2025-09-28 10:00:00+00:00,16372793.0,16384738.0,16369818.0,16384289.0,12035817472,16372793.0
2025-09-28 10:15:00+00:00,16373510.0,16380441.0,16371514.0,16375051.0,123562360832,16373510.0
2025-09-28 10:30:00+00:00,16366145.0,16375758.0,16366145.0,16373510.0,143671689216,16366145.0
2025-09-28 10:45:00+00:00,16363730.0,16366691.0,16361555.0,16365942.0,3268673536,16363730.0
2025-09-28 11:00:00+00:00,16358224.0,16365886.0,16355283.0,16362014.0,18933088256,16358224.0
2025-09-28 11:15:00+00:00,16347471.0,16358682.0,16346721.0,16357020.0,21771059200,16347471.0
2025-09-28 11:30:00+00:00,16352159.0,16359320.0,16347471.0,16347471.0,137377349632,16352159.0
2025-09-28 11:45:00+00:00,16367180.0,16367180.0,16347113.0,16351207.0,22896705536,16367180.0
2025-09-28 12:00:00+00:00,16369013.0,16372059.0,16364111.0,16364764.0,10889723904,16369013.0
2025-09-28 12:15:00+00:00,16372709.0,16372709.0,16364753.0,16369305.0,153503399936,16372709.0
2025-09-28 12:30:00+00:00,16342536.0,16371247.0,16342536.0,16370055.0,19924516864,16342536.0
2025-09-28 12:45:00+00:00,16356850.0,16356850.0,16338091.0,16342536.0,136259043328,16356850.0
2025-09-28 13:00:00+00:00,16367761.0,16367761.0,16353180.0,16356850.0,113938792448,16367761.0
2025-09-28 13:15:00+00:00,16373866.0,16379448.0,16367520.0,16367520.0,4850450432,16373866.0
2025-09-28 13:30:00+00:00,16394481.0,16394511.0,16377739.0,16377739.0,150983147520,16394481.0
2025-09-28 13:45:00+00:00,16402507.0,16404930.0,16393520.0,16394684.0,23919329280,16402507.0
2025-09-28 14:00:00+00:00,16387975.0,16401499.0,16386715.0,16400785.0,219959001088,16387975.0
2025-09-28 14:15:00+00:00,16409490.0,16409490.0,16386882.0,16386882.0,13786677248,16409490.0
2025-09-28 14:30:00+00:00,16405848.0,16413009.0,16402307.0,16407862.0,133074255872,16405848.0
2025-09-28 14:45:00+00:00,16431022.0,16431022.0,16405745.0,16405745.0,46500675584,16431022.0
2025-09-28 15:00:00+00:00,16415546.0,16439154.0,16415546.0,16433175.0,142753136640,16415546.0
2025-09-28 15:15:00+00:00,16433724.0,16433724.0,16416749.0,16418003.0,15372386304,16433724.0
2025-09-28 15:30:00+00:00,16434360.0,16438806.0,16428311.0,16433437.0,136052473856,16434360.0
2025-09-28 15:45:00+00:00,16461126.0,16461126.0,16436538.0,16436538.0,19948371968,16461126.0
2025-09-28 16:00:00+00:00,16486245.0,16510381.0,16461380.0,16461380.0,33448525824,16486245.0
2025-09-28 16:15:00+00:00,16480512.0,16486685.0,16464328.0,16478048.0,46533705728,16480512.0
2025-09-28 16:30:00+00:00,16480224.0,16480512.0,16456953.0,16480512.0,173505511424,16480224.0
2025-09-28 16:45:00+00:00,16486255.0,16486255.0,16477946.0,16479077.0,14124056576,16486255.0
2025-09-28 17:00:00+00:00,16503001.0,16503001.0,16485094.0,16485094.0,32685424640,16503001.0
2025-09-28 17:15:00+00:00,16483068.0,16503517.0,16479950.0,16503517.0,161680457728,16483068.0
2025-09-28 17:30:00+00:00,16507962.0,16507962.0,16483468.0,16484302.0,150791782400,16507962.0
2025-09-28 17:45:00+00:00,16489414.0,16508404.0,16486528.0,16507237.0,139926175744,16489414.0
2025-09-28 18:00:00+00:00,16468338.0,16489414.0,16468338.0,16489414.0,0,16468338.0
2025-09-28 18:15:00+00:00,16475437.0,16480297.0,16470971.0,16470971.0,14229176320,16475437.0
2025-09-28 18:30:00+00:00,16483149.0,16483707.0,16476143.0,16476769.0,155904114688,16483149.0
2025-09-28 18:45:00+00:00,16493141.0,16493141.0,16483149.0,16483149.0,0,16493141.0
2025-09-28 19:00:00+00:00,16479614.0,16504772.0,16479614.0,16495655.0,11864375296,16479614.0
2025-09-28 19:15:00+00:00,16494696.0,16494696.0,16469807.0,16469807.0,10051911680,16494696.0
2025-09-28 19:30:00+00:00,16506024.0,16509238.0,16495038.0,16500773.0,85449768960,16506024.0
2025-09-28 19:45:00+00:00,16507581.0,16516481.0,16507581.0,16510719.0,118357753856,16507581.0
2025-09-28 20:00:00+00:00,16504753.0,16512522.0,16495574.0,16510272.0,29165355008,16504753.0
2025-09-28 20:15:00+00:00,16545102.0,16545102.0,16507226.0,16507473.0,58159529984,16545102.0
2025-09-28 20:30:00+00:00,16589941.0,16592660.0,16542900.0,16542900.0,84742242304,16589941.0
2025-09-28 20:45:00+00:00,16569938.0,16593313.0,16567053.0,16593313.0,61730979840,16569938.0
2025-09-28 21:00:00+00:00,16578878.0,16592989.0,16571339.0,16590338.0,156253290496,16578878.0
2025-09-28 21:15:00+00:00,16560745.0,16580253.0,16558869.0,16580253.0,183886151680,16560745.0
2025-09-28 21:30:00+00:00,16549020.0,16560745.0,16539698.0,16560745.0,22734438400,16549020.0
2025-09-28 21:45:00+00:00,16561002.0,16561105.0,16547985.0,16547985.0,130394357760,16561002.0
2025-09-28 22:00:00+00:00,16655898.0,16670116.0,16579492.0,16579492.0,0,16655898.0
2025-09-28 22:15:00+00:00,16702038.0,16703990.0,16654455.0,16654455.0,528744185856,16702038.0
2025-09-28 22:30:00+00:00,16727306.0,16736009.0,16706921.0,16707299.0,364078170112,16727306.0
2025-09-28 22:45:00+00:00,16732404.0,16743263.0,16726679.0,16727868.0,12683837440,16732404.0
2025-09-28 23:00:00+00:00,16753445.0,16794294.0,16733763.0,16733763.0,333927677952,16753445.0
2025-09-28 23:15:00+00:00,16747226.0,16767246.0,16736537.0,16753109.0,92726624256,16747226.0
2025-09-28 23:30:00+00:00,16768300.0,16768656.0,16743035.0,16751255.0,155321892864,16768300.0
2025-09-28 23:45:00+00:00,16750922.0,16771721.0,16749789.0,16771721.0,173012418560,16750922.0
2025-09-29 00:00:00+00:00,16739901.0,16760075.0,16736572.0,16752705.0,171735252992,16739901.0
2025-09-29 00:15:00+00:00,16752478.0,16765247.0,16724083.0,16739803.0,158448222208,16752478.0
2025-09-29 00:30:00+00:00,16721366.0,16759394.0,16721366.0,16751929.0,186214514688,16721366.0
2025-09-29 00:45:00+00:00,16747088.0,16753009.0,16723615.0,16723615.0,15560343552,16747088.0
2025-09-29 01:00:00+00:00,16769215.0,16769215.0,16742990.0,16749160.0,19833290752,16769215.0
2025-09-29 01:15:00+00:00,16730414.0,16762072.0,16729945.0,16762072.0,143373369344,16730414.0
2025-09-29 01:30:00+00:00,16708474.0,16711107.0,16703206.0,16711107.0,157686431744,16708474.0
2025-09-29 01:45:00+00:00,16668820.0,16708807.0,16665781.0,16708807.0,79059484672,16668820.0
2025-09-29 02:00:00+00:00,16671689.0,16680404.0,16666285.0,16674322.0,74677485568,16671689.0
2025-09-29 02:15:00+00:00,16675688.0,16684603.0,16655780.0,16666674.0,170390978560,16675688.0
2025-09-29 02:30:00+00:00,16639532.0,16674908.0,16636587.0,16674908.0,134002245632,16639532.0
2025-09-29 02:45:00+00:00,16645688.0,16645688.0,16632812.0,16633134.0,64950894592,16645688.0
2025-09-29 03:00:00+00:00,16624382.0,16648330.0,16624080.0,16648330.0,139582242816,16624382.0
2025-09-29 03:15:00+00:00,16642128.0,16642128.0,16622706.0,16626280.0,175581954048,16642128.0
2025-09-29 03:30:00+00:00,16643709.0,16644649.0,16639889.0,16641890.0,114975834112,16643709.0
2025-09-29 03:45:00+00:00,16661892.0,16661892.0,16639116.0,16640241.0,54208757760,16661892.0
2025-09-29 04:00:00+00:00,16654672.0,16668199.0,16654672.0,16659476.0,290646917120,16654672.0
2025-09-29 04:15:00+00:00,16657472.0,16659050.0,16647232.0,16653593.0,29255794688,16657472.0
2025-09-29 04:30:00+00:00,16662551.0,16666602.0,16653866.0,16658724.0,22390767616,16662551.0
2025-09-29 04:45:00+00:00,16662272.0,16669636.0,16657255.0,16663734.0,140694257664,16662272.0
2025-09-29 05:00:00+00:00,16640503.0,16661433.0,16631133.0,16661433.0,80626057216,16640503.0
2025-09-29 05:15:00+00:00,16634110.0,16638328.0,16620969.0,16635881.0,49882333184,16634110.0
2025-09-29 05:30:00+00:00,16631247.0,16636618.0,16614438.0,16636618.0,162671886336,16631247.0
2025-09-29 05:45:00+00:00,16629583.0,16637846.0,16628983.0,16632027.0,7704936448,16629583.0
2025-09-29 06:00:00+00:00,16622557.0,16636349.0,16622386.0,16630942.0,183621910528,16622557.0
2025-09-29 06:15:00+00:00,16640968.0,16641565.0,16621080.0,16623147.0,49593450496,16640968.0
2025-09-29 06:30:00+00:00,16639179.0,16645637.0,16636638.0,16642735.0,137031581696,16639179.0
2025-09-29 06:45:00+00:00,16622306.0,16640459.0,16621263.0,16638544.0,4508876800,16622306.0
2025-09-29 07:00:00+00:00,16616638.0,16621441.0,16610539.0,16619303.0,79911976960,16616638.0
2025-09-29 07:15:00+00:00,16598266.0,16614188.0,16594210.0,16614188.0,73218916352,16598266.0
2025-09-29 07:30:00+00:00,16615370.0,16621595.0,16594794.0,16594926.0,208022274048,16615370.0
2025-09-29 07:45:00+00:00,16619171.0,16619906.0,16606334.0,16613843.0,30756306944,16619171.0
2025-09-29 08:00:00+00:00,16634819.0,16659693.0,16620835.0,16620835.0,222097833984,16634819.0
2025-09-29 08:15:00+00:00,16678709.0,16678709.0,16633128.0,16634077.0,67105193984,16678709.0
2025-09-29 08:30:00+00:00,16678555.0,16678555.0,16664866.0,16675621.0,64813531136,16678555.0
2025-09-29 08:45:00+00:00,16656840.0,16694071.0,16656840.0,16681168.0,256219021312,16656840.0
2025-09-29 09:00:00+00:00,16650885.0,16664663.0,16650885.0,16653918.0,219671953408,16650885.0
2025-09-29 09:15:00+00:00,16664072.0,16664072.0,16640884.0,16651128.0,177909268480,16664072.0
2025-09-29 09:30:00+00:00,16662524.0,16673024.0,16662524.0,16664306.0,175222292480,16662524.0
2025-09-29 09:45:00+00:00,16662359.0,16668089.0,16657008.0,16657008.0,17918590976,16662359.0
2025-09-29 10:00:00+00:00,16669061.0,16671196.0,16658412.0,16663001.0,1807745024,16669061.0
2025-09-29 10:15:00+00:00,16680369.0,16680369.0,16668079.0,16668276.0,44822953984,16680369.0
2025-09-29 10:30:00+00:00,16663030.0,16686325.0,16659945.0,16682860.0,52324466688,16663030.0
2025-09-29 10:45:00+00:00,16676065.0,16678341.0,16663997.0,16663997.0,188141273088,16676065.0
2025-09-29 11:00:00+00:00,16655985.0,16676753.0,16654224.0,16676753.0,17564172288,16655985.0
2025-09-29 11:15:00+00:00,16667683.0,16671085.0,16650143.0,16657300.0,54382821376,16667683.0
2025-09-29 11:30:00+00:00,16665441.0,16674173.0,16662798.0,16662798.0,25992626176,16665441.0
2025-09-29 11:45:00+00:00,16669271.0,16673150.0,16666950.0,16668981.0,14494990336,16669271.0
2025-09-29 12:00:00+00:00,16683031.0,16684668.0,16664836.0,16664836.0,143718350848,16683031.0
2025-09-29 12:15:00+00:00,16721461.0,16721461.0,16675739.0,16687243.0,55115251712,16721461.0
2025-09-29 12:30:00+00:00,16678828.0,16726659.0,16672283.0,16718716.0,101316558848,16678828.0
2025-09-29 12:45:00+00:00,16648853.0,16690586.0,16645602.0,16676637.0,212300464128,16648853.0
2025-09-29 13:00:00+00:00,16668969.0,16669137.0,16648418.0,16651367.0,289786560512,16668969.0
2025-09-29 13:15:00+00:00,16687070.0,16703006.0,16679148.0,16679148.0,36929273856,16687070.0
2025-09-29 13:30:00+00:00,16756823.0,16756823.0,16670406.0,16684966.0,265087877120,16756823.0
2025-09-29 13:45:00+00:00,16835838.0,16856140.0,16792452.0,16792452.0,314310131712,16835838.0
2025-09-29 14:00:00+00:00,16907974.0,16907974.0,16828198.0,16845676.0,206450458624,16907974.0
2025-09-29 14:15:00+00:00,16911982.0,16936714.0,16893006.0,16903212.0,220234514432,16911982.0
2025-09-29 14:30:00+00:00,16959060.0,16959060.0,16902380.0,16905280.0,123348189184,16959060.0
2025-09-29 14:45:00+00:00,16957770.0,16979246.0,16957734.0,16960062.0,241141022720,16957770.0
2025-09-29 15:00:00+00:00,16944878.0,16964956.0,16944878.0,16959926.0,142587461632,16944878.0
2025-09-29 15:15:00+00:00,16914096.0,16948142.0,16914096.0,16943974.0,47493152768,16914096.0
2025-09-29 15:30:00+00:00,16931434.0,16941358.0,16911682.0,16911682.0,172141051904,16931434.0
2025-09-29 15:45:00+00:00,16917092.0,16935260.0,16900460.0,16935260.0,45741506560,16917092.0
2025-09-29 16:00:00+00:00,16949374.0,16949374.0,16918192.0,16918192.0,145452695552,16949374.0
2025-09-29 16:15:00+00:00,16927768.0,16945870.0,16921662.0,16945870.0,12110004224,16927768.0
2025-09-29 16:30:00+00:00,16932682.0,16949844.0,16927304.0,16927304.0,197588942848,16932682.0
2025-09-29 16:45:00+00:00,16891646.0,16932284.0,16891646.0,16932284.0,45196771328,16891646.0
2025-09-29 17:00:00+00:00,16927178.0,16927178.0,16873322.0,16891782.0,86795354112,16927178.0
2025-09-29 17:15:00+00:00,16926266.0,16933110.0,16901306.0,16932286.0,216785747968,16926266.0
2025-09-29 17:30:00+00:00,16937194.0,16939460.0,16920542.0,16931922.0,10185342976,16937194.0
2025-09-29 17:45:00+00:00,16958642.0,16964732.0,16936364.0,16937724.0,43331878912,16958642.0
2025-09-29 18:00:00+00:00,16957466.0,16965396.0,16937430.0,16959500.0,175296741376,16957466.0
2025-09-29 18:15:00+00:00,16933736.0,16954402.0,16927940.0,16954402.0,54325673984,16933736.0
2025-09-29 18:30:00+00:00,16941716.0,16950048.0,16939012.0,16941810.0,35156656128,16941716.0
2025-09-29 18:45:00+00:00,16958668.0,16958668.0,16951982.0,16952744.0,17138974720,16958668.0
2025-09-29 19:00:00+00:00,16948430.0,16964698.0,16948430.0,16960414.0,172128993280,16948430.0
2025-09-29 19:15:00+00:00,16949150.0,16952680.0,16932116.0,16932116.0,17206083584,16949150.0
2025-09-29 19:30:00+00:00,16964260.0,16964580.0,16934802.0,16949122.0,176500506624,16964260.0
2025-09-29 19:45:00+00:00,16998218.0,17000738.0,16968306.0,16968306.0,0,16998218.0
2025-09-29 20:00:00+00:00,17008644.0,17010916.0,16974414.0,16998948.0,333572997120,17008644.0
2025-09-29 20:15:00+00:00,16998652.0,17013190.0,16989982.0,17010524.0,68683825152,16998652.0
2025-09-29 20:30:00+00:00,17007130.0,17009714.0,16996810.0,16999412.0,116983332864,17007130.0
2025-09-29 20:45:00+00:00,16987232.0,17014056.0,16987232.0,17014056.0,17890803712,16987232.0
2025-09-29 21:00:00+00:00,16990076.0,17007110.0,16987684.0,16987684.0,152611848192,16990076.0
2025-09-29 21:15:00+00:00,16980606.0,16987110.0,16979476.0,16983370.0,0,16980606.0
2025-09-29 21:30:00+00:00,16971496.0,16979122.0,16961798.0,16979122.0,132053467136,16971496.0
2025-09-29 21:45:00+00:00,16982374.0,16986808.0,16972284.0,16972284.0,14785970176,16982374.0
2025-09-29 22:00:00+00:00,16967190.0,16982984.0,16967190.0,16982984.0,0,16967190.0
2025-09-29 22:15:00+00:00,16955644.0,16966354.0,16955644.0,16966354.0,0,16955644.0
2025-09-29 22:30:00+00:00,16957272.0,16969028.0,16957272.0,16964892.0,121614893056,16957272.0
2025-09-29 22:45:00+00:00,16976602.0,16976698.0,16957064.0,16957064.0,3143630848,16976602.0
2025-09-29 23:00:00+00:00,16981390.0,16999810.0,16972102.0,16973548.0,193902673920,16981390.0
2025-09-29 23:15:00+00:00,16988176.0,16991822.0,16974824.0,16978952.0,115092750336,16988176.0
2025-09-29 23:30:00+00:00,16978720.0,16988890.0,16978720.0,16987578.0,0,16978720.0
2025-09-29 23:45:00+00:00,16993036.0,16993036.0,16977186.0,16981208.0,0,16993036.0
2025-09-30 00:00:00+00:00,17012880.0,17015834.0,16982240.0,17002240.0,32195477504,17012880.0
2025-09-30 00:15:00+00:00,16967872.0,17010972.0,16958338.0,17010972.0,9862905856,16967872.0
2025-09-30 00:30:00+00:00,17013832.0,17013832.0,16972724.0,16972724.0,138536288256,17013832.0
2025-09-30 00:45:00+00:00,17055400.0,17078670.0,17010736.0,17013856.0,220544368640,17055400.0
2025-09-30 01:00:00+00:00,17051350.0,17053108.0,17023164.0,17053108.0,155088584704,17051350.0
2025-09-30 01:15:00+00:00,17060432.0,17068172.0,17034248.0,17054658.0,57064554496,17060432.0
2025-09-30 01:30:00+00:00,17020708.0,17053810.0,17020708.0,17053810.0,130647326720,17020708.0
2025-09-30 01:45:00+00:00,17021346.0,17027048.0,17012896.0,17022708.0,0,17021346.0
2025-09-30 02:00:00+00:00,17021746.0,17057572.0,17021746.0,17043648.0,146970509312,17021746.0
2025-09-30 02:15:00+00:00,17030676.0,17037368.0,17015868.0,17019234.0,3080716288,17030676.0
2025-09-30 02:30:00+00:00,17035332.0,17039020.0,17022646.0,17025564.0,0,17035332.0
2025-09-30 02:45:00+00:00,17025658.0,17044792.0,17024282.0,17035456.0,23092789248,17025658.0
2025-09-30 03:00:00+00:00,17014908.0,17037724.0,17014908.0,17029050.0,2214592512,17014908.0
2025-09-30 03:15:00+00:00,17004014.0,17017790.0,17003026.0,17014878.0,124800466944,17004014.0
2025-09-30 03:30:00+00:00,17002178.0,17007516.0,17000220.0,17002412.0,11390156800,17002178.0
2025-09-30 03:45:00+00:00,16995074.0,17010830.0,16993040.0,17010830.0,432649797632,16995074.0
2025-09-30 04:00:00+00:00,16987470.0,16995604.0,16987470.0,16995604.0,0,16987470.0
2025-09-30 04:15:00+00:00,16969288.0,16993164.0,16965708.0,16987442.0,154441613312,16969288.0
2025-09-30 04:30:00+00:00,16970884.0,16978604.0,16969776.0,16971972.0,174009090048,16970884.0
2025-09-30 04:45:00+00:00,16944380.0,16971150.0,16942910.0,16971150.0,10356785152,16944380.0
2025-09-30 05:00:00+00:00,16940796.0,16958508.0,16932392.0,16942402.0,165733728256,16940796.0
2025-09-30 05:15:00+00:00,16905210.0,16942018.0,16904568.0,16942018.0,70254592,16905210.0
2025-09-30 05:30:00+00:00,16906870.0,16910396.0,16902842.0,16904670.0,44954550272,16906870.0
2025-09-30 05:45:00+00:00,16896708.0,16903986.0,16890864.0,16903986.0,70681362432,16896708.0
2025-09-30 06:00:00+00:00,16905376.0,16905850.0,16890528.0,16896928.0,278871932928,16905376.0
2025-09-30 06:15:00+00:00,16894282.0,16911034.0,16882402.0,16904296.0,162573320192,16894282.0
2025-09-30 06:30:00+00:00,16895520.0,16905104.0,16883796.0,16892598.0,140434735104,16895520.0
2025-09-30 06:45:00+00:00,16872368.0,16894782.0,16872368.0,16894782.0,133630525440,16872368.0
2025-09-30 07:00:00+00:00,16873910.0,16874120.0,16867940.0,16872676.0,12880707584,16873910.0
2025-09-30 07:15:00+00:00,16879948.0,16879948.0,16865738.0,16876766.0,0,16879948.0
2025-09-30 07:30:00+00:00,16826480.0,16879316.0,16826480.0,16879316.0,168456880128,16826480.0
2025-09-30 07:45:00+00:00,16843414.0,16857748.0,16818990.0,16828300.0,87544561664,16843414.0
2025-09-30 08:00:00+00:00,16815670.0,16845528.0,16815670.0,16845528.0,168599486464,16815670.0
2025-09-30 08:15:00+00:00,16809530.0,16823822.0,16804322.0,16820834.0,5212471296,16809530.0
2025-09-30 08:30:00+00:00,16788430.0,16814010.0,16783118.0,16809146.0,20272119808,16788430.0
2025-09-30 08:45:00+00:00,16787002.0,16796098.0,16781544.0,16789030.0,0,16787002.0
2025-09-30 09:00:00+00:00,16758091.0,16786094.0,16756079.0,16781272.0,18068013056,16758091.0
2025-09-30 09:15:00+00:00,16754480.0,16762714.0,16751532.0,16751969.0,155530035200,16754480.0
2025-09-30 09:30:00+00:00,16723706.0,16767379.0,16721078.0,16755940.0,154467827712,16723706.0
2025-09-30 09:45:00+00:00,16703286.0,16719555.0,16702780.0,16717540.0,64958234624,16703286.0
2025-09-30 10:00:00+00:00,16715794.0,16723184.0,16675163.0,16701784.0,249970032640,16715794.0
2025-09-30 10:15:00+00:00,16703127.0,16715103.0,16693986.0,16715103.0,43254808576,16703127.0
2025-09-30 10:30:00+00:00,16713617.0,16713617.0,16694494.0,16701318.0,161309786112,16713617.0
2025-09-30 10:45:00+00:00,16731544.0,16739996.0,16712780.0,16713143.0,47751102464,16731544.0
2025-09-30 11:00:00+00:00,16720686.0,16731291.0,16720686.0,16724375.0,217768263680,16720686.0
2025-09-30 11:15:00+00:00,16711561.0,16730020.0,16710469.0,16719666.0,23656923136,16711561.0
2025-09-30 11:30:00+00:00,16734077.0,16737289.0,16717615.0,16719469.0,6664749056,16734077.0
2025-09-30 11:45:00+00:00,16740263.0,16747814.0,16726844.0,16732870.0,40558919680,16740263.0
2025-09-30 12:00:00+00:00,16741398.0,16745648.0,16724016.0,16733047.0,128555417600,16741398.0
2025-09-30 12:15:00+00:00,16738072.0,16740087.0,16733640.0,16736565.0,1059061760,16738072.0
2025-09-30 12:30:00+00:00,16758904.0,16761926.0,16738160.0,16738160.0,5337251840,16758904.0
2025-09-30 12:45:00+00:00,16731053.0,16760887.0,16731053.0,16760887.0,115638009856,16731053.0
2025-09-30 13:00:00+00:00,16736079.0,16743520.0,16712824.0,16729321.0,34157363200,16736079.0
2025-09-30 13:15:00+00:00,16771964.0,16778284.0,16734112.0,16734112.0,136905228288,16771964.0
2025-09-30 13:30:00+00:00,16790464.0,16790464.0,16756458.0,16771237.0,43594547200,16790464.0
2025-09-30 13:45:00+00:00,16772578.0,16811368.0,16736434.0,16793354.0,43128979456,16772578.0
2025-09-30 14:00:00+00:00,16730564.0,16778020.0,16699659.0,16778020.0,153701318656,16730564.0
2025-09-30 14:15:00+00:00,16711213.0,16754680.0,16711213.0,16720857.0,161544667136,16711213.0
2025-09-30 14:30:00+00:00,16745589.0,16747436.0,16715824.0,16715824.0,86743449600,16745589.0
2025-09-30 14:45:00+00:00,16782350.0,16783510.0,16737279.0,16746596.0,0,16782350.0
2025-09-30 15:00:00+00:00,16743264.0,16784560.0,16730887.0,16784560.0,134958022656,16743264.0
2025-09-30 15:15:00+00:00,16723425.0,16760635.0,16720640.0,16747465.0,162251931648,16723425.0
2025-09-30 15:30:00+00:00,16736898.0,16761341.0,16724273.0,16724273.0,27594326016,16736898.0
2025-09-30 15:45:00+00:00,16740388.0,16749923.0,16727631.0,16735823.0,1319108608,16740388.0
2025-09-30 16:00:00+00:00,16727563.0,16742448.0,16727563.0,16742015.0,223629803520,16727563.0
2025-09-30 16:15:00+00:00,16720430.0,16748474.0,16720430.0,16726756.0,133898960896,16720430.0
2025-09-30 16:30:00+00:00,16676282.0,16721419.0,16676282.0,16721366.0,22380806144,16676282.0
2025-09-30 16:45:00+00:00,16670101.0,16692718.0,16669291.0,16677591.0,105727393792,16670101.0
2025-09-30 17:00:00+00:00,16707164.0,16721604.0,16668050.0,16668050.0,153035472896,16707164.0
2025-09-30 17:15:00+00:00,16724286.0,16733253.0,16706612.0,16706612.0,6623330304,16724286.0
2025-09-30 17:30:00+00:00,16769977.0,16770923.0,16727291.0,16731694.0,164214341632,16769977.0
2025-09-30 17:45:00+00:00,16750048.0,16763942.0,16744708.0,16746340.0,55160340480,16750048.0
2025-09-30 18:00:00+00:00,16776148.0,16776148.0,16736365.0,16745672.0,108166381568,16776148.0
2025-09-30 18:15:00+00:00,16779096.0,16781828.0,16764652.0,16777286.0,43109056512,16779096.0
2025-09-30 18:30:00+00:00,16773854.0,16779288.0,16766534.0,16776830.0,0,16773854.0
2025-09-30 18:45:00+00:00,16813730.0,16813730.0,16777376.0,16777376.0,30232018944,16813730.0
2025-09-30 19:00:00+00:00,16831740.0,16841174.0,16816360.0,16816360.0,146636013568,16831740.0
2025-09-30 19:15:00+00:00,16848914.0,16855672.0,16830822.0,16831484.0,41012428800,16848914.0
2025-09-30 19:30:00+00:00,16895448.0,16895448.0,16848706.0,16848706.0,89968869376,16895448.0
2025-09-30 19:45:00+00:00,16924114.0,16936534.0,16893866.0,16893960.0,32446611456,16924114.0
2025-09-30 20:00:00+00:00,16904946.0,16931590.0,16890046.0,16919590.0,158965694464,16904946.0
2025-09-30 20:15:00+00:00,16927220.0,16934624.0,16893534.0,16897740.0,45612007424,16927220.0
2025-09-30 20:30:00+00:00,16918586.0,16923542.0,16915624.0,16923542.0,0,16918586.0
2025-09-30 20:45:00+00:00,16959834.0,16966432.0,16915792.0,16915792.0,133601689600,16959834.0
2025-09-30 21:00:00+00:00,16919086.0,16967106.0,16919086.0,16956366.0,126843092992,16919086.0
2025-09-30 21:15:00+00:00,16915040.0,16933040.0,16915040.0,16921032.0,158982471680,16915040.0
2025-09-30 21:30:00+00:00,16911282.0,16933224.0,16894040.0,16906618.0,79884713984,16911282.0
2025-09-30 21:45:00+00:00,16895862.0,16916300.0,16895862.0,16916300.0,23098032128,16895862.0
2025-09-30 22:00:00+00:00,16883122.0,16908578.0,16882046.0,16889354.0,8286371840,16883122.0
2025-09-30 22:15:00+00:00,16861850.0,16886982.0,16861850.0,16886776.0,40484995072,16861850.0
2025-09-30 22:30:00+00:00,16851136.0,16869434.0,16848280.0,16859588.0,4578607104,16851136.0
2025-09-30 22:45:00+00:00,16856622.0,16866098.0,16853422.0,16853806.0,0,16856622.0
2025-09-30 23:00:00+00:00,16831422.0,16857490.0,16823044.0,16855638.0,128446889984,16831422.0
2025-09-30 23:15:00+00:00,16861746.0,16861746.0,16826110.0,16831526.0,85247655936,16861746.0
2025-09-30 23:30:00+00:00,16861574.0,16863182.0,16843006.0,16863182.0,21977628672,16861574.0
2025-09-30 23:45:00+00:00,16874428.0,16874428.0,16858788.0,16862604.0,21664104448,16874428.0
2025-10-01 00:00:00+00:00,16905434.0,16929346.0,16890910.0,16890948.0,67950870528,16905434.0
2025-10-01 00:15:00+00:00,16880046.0,16908136.0,16880046.0,16903612.0,88572166144,16880046.0
2025-10-01 00:30:00+00:00,16894750.0,16919522.0,16885182.0,16885182.0,23904911360,16894750.0
2025-10-01 00:45:00+00:00,16919926.0,16920842.0,16890448.0,16892478.0,75256299520,16919926.0
2025-10-01 01:00:00+00:00,16931042.0,16936060.0,16912554.0,16918480.0,1521483776,16931042.0
2025-10-01 01:15:00+00:00,16928138.0,16936012.0,16916180.0,16933032.0,0,16928138.0
2025-10-01 01:30:00+00:00,16939812.0,16939812.0,16908980.0,16929264.0,104744353792,16939812.0
2025-10-01 01:45:00+00:00,16944864.0,16946956.0,16928062.0,16928062.0,1452802048,16944864.0
2025-10-01 02:00:00+00:00,16940772.0,16948164.0,16935882.0,16948164.0,130319122432,16940772.0
2025-10-01 02:15:00+00:00,16933444.0,16942260.0,16928672.0,16942260.0,0,16933444.0
2025-10-01 02:30:00+00:00,16926812.0,16937648.0,16918928.0,16934382.0,10001842176,16926812.0
2025-10-01 02:45:00+00:00,16905770.0,16928578.0,16905770.0,16923936.0,128681771008,16905770.0
2025-10-01 03:00:00+00:00,16917770.0,16917770.0,16897576.0,16904248.0,149880307712,16917770.0
2025-10-01 03:15:00+00:00,16938340.0,16942714.0,16918718.0,16918718.0,172710428672,16938340.0
2025-10-01 03:30:00+00:00,16923778.0,16949296.0,16923778.0,16934722.0,52199161856,16923778.0
2025-10-01 03:45:00+00:00,16893362.0,16922850.0,16889704.0,16922850.0,19145424896,16893362.0
2025-10-01 04:00:00+00:00,16919084.0,16925582.0,16894982.0,16894982.0,113536663552,16919084.0
2025-10-01 04:15:00+00:00,16933328.0,16937472.0,16916928.0,16919010.0,22179479552,16933328.0
2025-10-01 04:30:00+00:00,16930204.0,16946820.0,16929136.0,16936390.0,156939321344,16930204.0
2025-10-01 04:45:00+00:00,16868922.0,16929288.0,16868922.0,16927584.0,136730116096,16868922.0
2025-10-01 05:00:00+00:00,16932236.0,16932236.0,16857458.0,16857458.0,20067647488,16932236.0
2025-10-01 05:15:00+00:00,16900940.0,16927226.0,16900940.0,16927226.0,19596836864,16900940.0
2025-10-01 05:30:00+00:00,16907132.0,16909726.0,16900478.0,16900714.0,115504316416,16907132.0
2025-10-01 05:45:00+00:00,16903008.0,16917640.0,16903008.0,16906774.0,0,16903008.0
2025-10-01 06:00:00+00:00,16881718.0,16903290.0,16880818.0,16903290.0,0,16881718.0
2025-10-01 06:15:00+00:00,16854890.0,16891310.0,16854890.0,16887296.0,116877950976,16854890.0
2025-10-01 06:30:00+00:00,16851774.0,16864988.0,16851774.0,16858600.0,124969287680,16851774.0
2025-10-01 06:45:00+00:00,16826272.0,16855156.0,16823120.0,16855156.0,3786407936,16826272.0
2025-10-01 07:00:00+00:00,16828350.0,16835496.0,16820178.0,16827032.0,40608202752,16828350.0
2025-10-01 07:15:00+00:00,16861172.0,16861172.0,16821580.0,16822848.0,146207670272,16861172.0
2025-10-01 07:30:00+00:00,16867234.0,16879514.0,16846968.0,16872434.0,133383585792,16867234.0
2025-10-01 07:45:00+00:00,16861584.0,16865784.0,16852448.0,16865784.0,0,16861584.0
2025-10-01 08:00:00+00:00,16850014.0,16860020.0,16842812.0,16860020.0,105326313472,16850014.0
2025-10-01 08:15:00+00:00,16910924.0,16910924.0,16848766.0,16851250.0,29112664064,16910924.0
2025-10-01 08:30:00+00:00,16998056.0,17000076.0,16925228.0,16925608.0,222702338048,16998056.0
2025-10-01 08:45:00+00:00,17102612.0,17129406.0,17008488.0,17008488.0,468689879040,17102612.0
2025-10-01 09:00:00+00:00,17112314.0,17112314.0,17068324.0,17085046.0,512215744512,17112314.0
2025-10-01 09:15:00+00:00,17109678.0,17117990.0,17099684.0,17112078.0,104460189696,17109678.0
2025-10-01 09:30:00+00:00,17134634.0,17142094.0,17103314.0,17108494.0,284664266752,17134634.0
2025-10-01 09:45:00+00:00,17141744.0,17144840.0,17119350.0,17123998.0,0,17141744.0
2025-10-01 10:00:00+00:00,17124466.0,17161712.0,17124466.0,17140592.0,110693974016,17124466.0
2025-10-01 10:15:00+00:00,17123472.0,17136210.0,17115860.0,17115860.0,30503075840,17123472.0
2025-10-01 10:30:00+00:00,17099360.0,17127910.0,17099360.0,17127910.0,113308073984,17099360.0
2025-10-01 10:45:00+00:00,17102824.0,17115124.0,17102824.0,17108924.0,109155713024,17102824.0
2025-10-01 11:00:00+00:00,17124584.0,17128132.0,17105054.0,17106932.0,118129426432,17124584.0
2025-10-01 11:15:00+00:00,17117466.0,17125324.0,17117466.0,17120640.0,123297857536,17117466.0
2025-10-01 11:30:00+00:00,17137080.0,17137080.0,17117880.0,17119050.0,4766826496,17137080.0
2025-10-01 11:45:00+00:00,17167226.0,17168174.0,17136618.0,17142060.0,159806128128,17167226.0
2025-10-01 12:00:00+00:00,17169350.0,17184320.0,17161748.0,17171130.0,190011408384,17169350.0
2025-10-01 12:15:00+00:00,17151010.0,17170666.0,17120888.0,17170666.0,153217925120,17151010.0
2025-10-01 12:30:00+00:00,17106510.0,17136976.0,17106510.0,17136976.0,144675176448,17106510.0
2025-10-01 12:45:00+00:00,17101596.0,17110506.0,17099306.0,17099668.0,49931091968,17101596.0
2025-10-01 13:00:00+00:00,17109466.0,17115390.0,17090838.0,17090838.0,216559255552,17109466.0
2025-10-01 13:15:00+00:00,17113226.0,17125286.0,17113226.0,17119440.0,17300455424,17113226.0
2025-10-01 13:30:00+00:00,17097836.0,17120668.0,17085654.0,17113284.0,34190917632,17097836.0
2025-10-01 13:45:00+00:00,17139184.0,17139184.0,17085362.0,17092428.0,49631199232,17139184.0
2025-10-01 14:00:00+00:00,17222950.0,17224040.0,17141052.0,17141052.0,228718542848,17222950.0
2025-10-01 14:15:00+00:00,17225342.0,17247288.0,17217092.0,17217092.0,90280296448,17225342.0
2025-10-01 14:30:00+00:00,17230146.0,17241856.0,17204556.0,17224718.0,155546812416,17230146.0
2025-10-01 14:45:00+00:00,17233280.0,17236442.0,17205974.0,17228566.0,355886694400,17233280.0
2025-10-01 15:00:00+00:00,17243006.0,17248906.0,17226286.0,17235544.0,109439877120,17243006.0
2025-10-01 15:15:00+00:00,17287462.0,17287462.0,17245508.0,17245508.0,123113308160,17287462.0
2025-10-01 15:30:00+00:00,17292432.0,17303846.0,17279024.0,17300026.0,39950745600,17292432.0
2025-10-01 15:45:00+00:00,17276150.0,17298878.0,17272074.0,17295676.0,142496235520,17276150.0
2025-10-01 16:00:00+00:00,17334324.0,17336232.0,17283116.0,17293708.0,203071422464,17334324.0
2025-10-01 16:15:00+00:00,17354856.0,17354856.0,17334996.0,17338294.0,102450069504,17354856.0
2025-10-01 16:30:00+00:00,17375322.0,17393870.0,17354112.0,17355410.0,343587946496,17375322.0
2025-10-01 16:45:00+00:00,17323762.0,17369294.0,17313876.0,17368132.0,112326606848,17323762.0
2025-10-01 17:00:00+00:00,17292146.0,17324402.0,17288336.0,17315828.0,147817758720,17292146.0
2025-10-01 17:15:00+00:00,17296902.0,17306918.0,17266884.0,17285988.0,38894829568,17296902.0
2025-10-01 17:30:00+00:00,17254288.0,17296468.0,17253190.0,17285330.0,133594873856,17254288.0
2025-10-01 17:45:00+00:00,17194614.0,17259486.0,17194614.0,17259486.0,102119768064,17194614.0
2025-10-01 18:00:00+00:00,17235424.0,17235424.0,17201830.0,17205002.0,173468024832,17235424.0
2025-10-01 18:15:00+00:00,17216410.0,17229502.0,17198510.0,17229502.0,260656070656,17216410.0
2025-10-01 18:30:00+00:00,17236648.0,17237086.0,17216954.0,17218226.0,11922309120,17236648.0
2025-10-01 18:45:00+00:00,17249974.0,17260746.0,17232032.0,17232032.0,37764464640,17249974.0
2025-10-01 19:00:00+00:00,17274846.0,17277258.0,17247618.0,17250916.0,110856503296,17274846.0
2025-10-01 19:15:00+00:00,17290762.0,17292270.0,17275780.0,17275780.0,2394947584,17290762.0
2025-10-01 19:30:00+00:00,17304330.0,17308504.0,17275118.0,17292316.0,130690318336,17304330.0
2025-10-01 19:45:00+00:00,17279012.0,17305158.0,17272872.0,17300660.0,128968556544,17279012.0
2025-10-01 20:00:00+00:00,17264310.0,17282588.0,17258428.0,17277420.0,3998220288,17264310.0
2025-10-01 20:15:00+00:00,17279754.0,17279754.0,17251778.0,17251778.0,1836056576,17279754.0
2025-10-01 20:30:00+00:00,17273532.0,17287172.0,17268344.0,17283582.0,0,17273532.0
2025-10-01 20:45:00+00:00,17289338.0,17294524.0,17266526.0,17271986.0,144640573440,17289338.0
2025-10-01 21:00:00+00:00,17291290.0,17297042.0,17285982.0,17294222.0,112012034048,17291290.0
2025-10-01 21:15:00+00:00,17288612.0,17297762.0,17281164.0,17289230.0,0,17288612.0
2025-10-01 21:30:00+00:00,17269404.0,17289004.0,17266574.0,17288576.0,125623599104,17269404.0
2025-10-01 21:45:00+00:00,17286562.0,17286562.0,17267950.0,17270462.0,150957195264,17286562.0
2025-10-01 22:00:00+00:00,17342324.0,17359294.0,17289168.0,17289168.0,103069777920,17342324.0
2025-10-01 22:15:00+00:00,17334080.0,17346286.0,17329244.0,17340214.0,38084280320,17334080.0
2025-10-01 22:30:00+00:00,17308504.0,17332306.0,17308504.0,17331930.0,143840509952,17308504.0
2025-10-01 22:45:00+00:00,17328070.0,17336070.0,17307850.0,17307850.0,38609616896,17328070.0
2025-10-01 23:00:00+00:00,17339960.0,17339960.0,17314460.0,17320594.0,0,17339960.0
2025-10-01 23:15:00+00:00,17401670.0,17421986.0,17348862.0,17348862.0,181042937856,17401670.0
2025-10-01 23:30:00+00:00,17413536.0,17416184.0,17381862.0,17414604.0,203655479296,17413536.0
2025-10-01 23:45:00+00:00,17434960.0,17434960.0,17409260.0,17411698.0,61159243776,17434960.0
2025-10-02 00:00:00+00:00,17560980.0,17588096.0,17455062.0,17455062.0,252105981952,17560980.0
2025-10-02 00:15:00+00:00,17535964.0,17567092.0,17521280.0,17567092.0,227523166208,17535964.0
2025-10-02 00:30:00+00:00,17475304.0,17525676.0,17475304.0,17525676.0,83943751680,17475304.0
2025-10-02 00:45:00+00:00,17450928.0,17480322.0,17450928.0,17475434.0,67410853888,17450928.0
2025-10-02 01:00:00+00:00,17470350.0,17470706.0,17441740.0,17442212.0,137926541312,17470350.0
2025-10-02 01:15:00+00:00,17439850.0,17469722.0,17436350.0,17469722.0,115165102080,17439850.0
2025-10-02 01:30:00+00:00,17465648.0,17465648.0,17436844.0,17441952.0,135124746240,17465648.0
2025-10-02 01:45:00+00:00,17452934.0,17485412.0,17452934.0,17466082.0,150097362944,17452934.0
2025-10-02 02:00:00+00:00,17453092.0,17453830.0,17434808.0,17453830.0,14495514624,17453092.0
2025-10-02 02:15:00+00:00,17450072.0,17465622.0,17449306.0,17449306.0,77724647424,17450072.0
2025-10-02 02:30:00+00:00,17465250.0,17473464.0,17435362.0,17446226.0,49382686720,17465250.0
2025-10-02 02:45:00+00:00,17480646.0,17482464.0,17469316.0,17473464.0,141332316160,17480646.0
2025-10-02 03:00:00+00:00,17501370.0,17517962.0,17478664.0,17479886.0,149651718144,17501370.0
2025-10-02 03:15:00+00:00,17509154.0,17520302.0,17491148.0,17503660.0,12944670720,17509154.0
2025-10-02 03:30:00+00:00,17498688.0,17514078.0,17488028.0,17508622.0,56719572992,17498688.0
2025-10-02 03:45:00+00:00,17471756.0,17514922.0,17467512.0,17514922.0,0,17471756.0
2025-10-02 04:00:00+00:00,17504200.0,17504200.0,17468202.0,17474104.0,117087141888,17504200.0
2025-10-02 04:15:00+00:00,17463914.0,17505502.0,17463014.0,17505502.0,5938085888,17463914.0
2025-10-02 04:30:00+00:00,17447118.0,17462216.0,17444750.0,17459148.0,0,17447118.0
2025-10-02 04:45:00+00:00,17459560.0,17470370.0,17453000.0,17459040.0,9416212480,17459560.0
2025-10-02 05:00:00+00:00,17462112.0,17477850.0,17461608.0,17464166.0,231082033152,17462112.0
2025-10-02 05:15:00+00:00,17464258.0,17464258.0,17445024.0,17460890.0,0,17464258.0
2025-10-02 05:30:00+00:00,17455842.0,17469024.0,17445486.0,17462246.0,191833833472,17455842.0
2025-10-02 05:45:00+00:00,17425658.0,17445620.0,17424884.0,17445620.0,133870649344,17425658.0
2025-10-02 06:00:00+00:00,17429610.0,17436996.0,17421738.0,17427734.0,6084886528,17429610.0
2025-10-02 06:15:00+00:00,17433742.0,17437510.0,17429952.0,17430808.0,136347385856,17433742.0
2025-10-02 06:30:00+00:00,17481866.0,17481866.0,17434682.0,17435478.0,353500135424,17481866.0
2025-10-02 06:45:00+00:00,17467982.0,17490356.0,17462802.0,17487988.0,5308940288,17467982.0
2025-10-02 07:00:00+00:00,17465138.0,17470436.0,17451788.0,17467692.0,114418515968,17465138.0
2025-10-02 07:15:00+00:00,17454320.0,17463060.0,17448414.0,17462438.0,127451267072,17454320.0
2025-10-02 07:30:00+00:00,17440544.0,17455744.0,17436366.0,17455744.0,17581473792,17440544.0
2025-10-02 07:45:00+00:00,17435710.0,17442158.0,17428790.0,17439670.0,17567842304,17435710.0
2025-10-02 08:00:00+00:00,17405104.0,17445126.0,17405104.0,17445126.0,82700140544,17405104.0
2025-10-02 08:15:00+00:00,17442062.0,17442062.0,17402620.0,17407608.0,81793122304,17442062.0
2025-10-02 08:30:00+00:00,17436132.0,17444518.0,17435010.0,17438534.0,0,17436132.0
2025-10-02 08:45:00+00:00,17418382.0,17436478.0,17416744.0,17436278.0,0,17418382.0
2025-10-02 09:00:00+00:00,17409608.0,17425926.0,17408208.0,17425926.0,0,17409608.0
2025-10-02 09:15:00+00:00,17411146.0,17415510.0,17407848.0,17409880.0,0,17411146.0
2025-10-02 09:30:00+00:00,17410808.0,17412818.0,17402002.0,17409896.0,0,17410808.0
2025-10-02 09:45:00+00:00,17426436.0,17426588.0,17408990.0,17409248.0,4280287232,17426436.0
2025-10-02 10:00:00+00:00,17423574.0,17440186.0,17414392.0,17426778.0,110344798208,17423574.0
2025-10-02 10:15:00+00:00,17410826.0,17430126.0,17410826.0,17426278.0,0,17410826.0
2025-10-02 10:30:00+00:00,17430196.0,17435336.0,17404588.0,17404588.0,155417837568,17430196.0
2025-10-02 10:45:00+00:00,17403762.0,17430434.0,17401422.0,17430434.0,0,17403762.0
2025-10-02 11:00:00+00:00,17402496.0,17410232.0,17397348.0,17401288.0,3936354304,17402496.0
2025-10-02 11:15:00+00:00,17417856.0,17417856.0,17399440.0,17402866.0,129688928256,17417856.0
2025-10-02 11:30:00+00:00,17434948.0,17434948.0,17417260.0,17417260.0,0,17434948.0
2025-10-02 11:45:00+00:00,17443090.0,17460246.0,17435838.0,17435838.0,120298930176,17443090.0
2025-10-02 12:00:00+00:00,17463412.0,17463412.0,17439506.0,17442838.0,18366857216,17463412.0
2025-10-02 12:15:00+00:00,17512148.0,17512148.0,17460672.0,17460672.0,0,17512148.0
2025-10-02 12:30:00+00:00,17549802.0,17549802.0,17503510.0,17508756.0,197688033280,17549802.0
2025-10-02 12:45:00+00:00,17573942.0,17578106.0,17540976.0,17542320.0,55924752384,17573942.0
2025-10-02 13:00:00+00:00,17534590.0,17579526.0,17534590.0,17579526.0,133020254208,17534590.0
2025-10-02 13:15:00+00:00,17541652.0,17550350.0,17508552.0,17530632.0,81192288256,17541652.0
2025-10-02 13:30:00+00:00,17582286.0,17582286.0,17534416.0,17541384.0,22631415808,17582286.0
2025-10-02 13:45:00+00:00,17627444.0,17640682.0,17583216.0,17583216.0,180642381824,17627444.0
2025-10-02 14:00:00+00:00,17590766.0,17625734.0,17589972.0,17616848.0,240293773312,17590766.0
2025-10-02 14:15:00+00:00,17624592.0,17624656.0,17582464.0,17582464.0,93086285824,17624592.0
2025-10-02 14:30:00+00:00,17556980.0,17628686.0,17556980.0,17620064.0,178491752448,17556980.0
2025-10-02 14:45:00+00:00,17512402.0,17544106.0,17502786.0,17543736.0,63059263488,17512402.0
2025-10-02 15:00:00+00:00,17566190.0,17566190.0,17485250.0,17520194.0,203511824384,17566190.0
2025-10-02 15:15:00+00:00,17612992.0,17622076.0,17562476.0,17574992.0,34186723328,17612992.0
2025-10-02 15:30:00+00:00,17631476.0,17631476.0,17592468.0,17617296.0,11124342784,17631476.0
2025-10-02 15:45:00+00:00,17677212.0,17678360.0,17634858.0,17634858.0,340083605504,17677212.0
2025-10-02 16:00:00+00:00,17705840.0,17718484.0,17658370.0,17678842.0,37273731072,17705840.0
2025-10-02 16:15:00+00:00,17680372.0,17701028.0,17675034.0,17694496.0,213801500672,17680372.0
2025-10-02 16:30:00+00:00,17646308.0,17686968.0,17643000.0,17673482.0,131953852416,17646308.0
2025-10-02 16:45:00+00:00,17624212.0,17659158.0,17616822.0,17646230.0,288342671360,17624212.0
2025-10-02 17:00:00+00:00,17625240.0,17629074.0,17609336.0,17629074.0,145382965248,17625240.0
2025-10-02 17:15:00+00:00,17599592.0,17639980.0,17584504.0,17630224.0,30111956992,17599592.0
2025-10-02 17:30:00+00:00,17612034.0,17617266.0,17591124.0,17592570.0,13947109376,17612034.0
2025-10-02 17:45:00+00:00,17654588.0,17654588.0,17611484.0,17611484.0,109976748032,17654588.0
2025-10-02 18:00:00+00:00,17699684.0,17699684.0,17661126.0,17661126.0,13197377536,17699684.0
2025-10-02 18:15:00+00:00,17690696.0,17705330.0,17670568.0,17697152.0,143351873536,17690696.0
2025-10-02 18:30:00+00:00,17681514.0,17696320.0,17676478.0,17696320.0,191408111616,17681514.0
2025-10-02 18:45:00+00:00,17755458.0,17766072.0,17682924.0,17682924.0,52210696192,17755458.0
2025-10-02 19:00:00+00:00,17811892.0,17811892.0,17746228.0,17746228.0,233554575360,17811892.0
2025-10-02 19:15:00+00:00,17775006.0,17813548.0,17775006.0,17813170.0,155035107328,17775006.0
2025-10-02 19:30:00+00:00,17796054.0,17810584.0,17779206.0,17779206.0,192125337600,17796054.0
2025-10-02 19:45:00+00:00,17790388.0,17790388.0,17759668.0,17780612.0,20993540096,17790388.0
2025-10-02 20:00:00+00:00,17789104.0,17805508.0,17786810.0,17800904.0,38539362304,17789104.0
2025-10-02 20:15:00+00:00,17759630.0,17787768.0,17756338.0,17787768.0,38962987008,17759630.0
2025-10-02 20:30:00+00:00,17760254.0,17760254.0,17725890.0,17758022.0,306367692800,17760254.0
2025-10-02 20:45:00+00:00,17766140.0,17766140.0,17748914.0,17754770.0,46522171392,17766140.0
2025-10-02 21:00:00+00:00,17782698.0,17782698.0,17763366.0,17770552.0,205873217536,17782698.0
2025-10-02 21:15:00+00:00,17752482.0,17784934.0,17752482.0,17784288.0,18606981120,17752482.0
2025-10-02 21:30:00+00:00,17714224.0,17748370.0,17710394.0,17748370.0,39080427520,17714224.0
2025-10-02 21:45:00+00:00,17705780.0,17726508.0,17703726.0,17716070.0,167418789888,17705780.0
2025-10-02 22:00:00+00:00,17709840.0,17726452.0,17696410.0,17699470.0,112166174720,17709840.0
2025-10-02 22:15:00+00:00,17712290.0,17734306.0,17711728.0,17716320.0,139360993280,17712290.0
2025-10-02 22:30:00+00:00,17703244.0,17726406.0,17703244.0,17717838.0,10354688000,17703244.0
2025-10-02 22:45:00+00:00,17703670.0,17703670.0,17686072.0,17696620.0,154722631680,17703670.0
2025-10-02 23:00:00+00:00,17733956.0,17736262.0,17706988.0,17706988.0,24192745472,17733956.0
2025-10-02 23:15:00+00:00,17740048.0,17754250.0,17726454.0,17736510.0,0,17740048.0
2025-10-02 23:30:00+00:00,17723296.0,17754458.0,17723296.0,17743180.0,2789212160,17723296.0
2025-10-02 23:45:00+00:00,17752420.0,17752484.0,17708658.0,17715694.0,20242759680,17752420.0
2025-10-03 00:00:00+00:00,17725220.0,17755520.0,17725220.0,17755520.0,73552363520,17725220.0
2025-10-03 00:15:00+00:00,17735742.0,17736070.0,17708734.0,17729750.0,0,17735742.0
2025-10-03 00:30:00+00:00,17723966.0,17733702.0,17720666.0,17733702.0,0,17723966.0
2025-10-03 00:45:00+00:00,17711544.0,17720676.0,17706674.0,17719014.0,0,17711544.0
2025-10-03 01:00:00+00:00,17747648.0,17747648.0,17710352.0,17714200.0,969932800,17747648.0
2025-10-03 01:15:00+00:00,17743426.0,17757756.0,17726338.0,17743672.0,6392119296,17743426.0
2025-10-03 01:30:00+00:00,17742506.0,17752686.0,17740570.0,17741162.0,148620967936,17742506.0
2025-10-03 01:45:00+00:00,17696784.0,17742302.0,17696784.0,17742178.0,2390753280,17696784.0
2025-10-03 02:00:00+00:00,17740306.0,17740306.0,17694622.0,17694622.0,148785594368,17740306.0
2025-10-03 02:15:00+00:00,17730266.0,17745560.0,17726640.0,17738046.0,6728712192,17730266.0
2025-10-03 02:30:00+00:00,17735952.0,17739018.0,17721446.0,17723224.0,117277982720,17735952.0
2025-10-03 02:45:00+00:00,17761840.0,17762900.0,17733192.0,17735068.0,0,17761840.0
2025-10-03 03:00:00+00:00,17794434.0,17798836.0,17757064.0,17759798.0,138251599872,17794434.0
2025-10-03 03:15:00+00:00,17773600.0,17796210.0,17773600.0,17792294.0,113556586496,17773600.0
2025-10-03 03:30:00+00:00,17786438.0,17791734.0,17765390.0,17770682.0,16795041792,17786438.0
2025-10-03 03:45:00+00:00,17763430.0,17789162.0,17763430.0,17789162.0,13671333888,17763430.0
2025-10-03 04:00:00+00:00,17768584.0,17771360.0,17754180.0,17762744.0,92429877248,17768584.0
2025-10-03 04:15:00+00:00,17763660.0,17773096.0,17763058.0,17765292.0,129222311936,17763660.0
2025-10-03 04:30:00+00:00,17744668.0,17762980.0,17744364.0,17762980.0,6170869760,17744668.0
2025-10-03 04:45:00+00:00,17745120.0,17759822.0,17745120.0,17745774.0,0,17745120.0
2025-10-03 05:00:00+00:00,17728936.0,17750678.0,17726518.0,17746318.0,119123476480,17728936.0
2025-10-03 05:15:00+00:00,17735076.0,17735580.0,17720894.0,17727132.0,141960413184,17735076.0
2025-10-03 05:30:00+00:00,17710868.0,17735090.0,17708200.0,17731810.0,135034568704,17710868.0
2025-10-03 05:45:00+00:00,17732670.0,17732670.0,17697958.0,17711412.0,14600372224,17732670.0
2025-10-03 06:00:00+00:00,17730072.0,17735042.0,17714402.0,17735042.0,174147502080,17730072.0
2025-10-03 06:15:00+00:00,17720550.0,17729424.0,17717238.0,17729424.0,145049518080,17720550.0
2025-10-03 06:30:00+00:00,17710368.0,17721076.0,17708580.0,17720196.0,0,17710368.0
2025-10-03 06:45:00+00:00,17707142.0,17712654.0,17696826.0,17708098.0,0,17707142.0
2025-10-03 07:00:00+00:00,17704574.0,17720242.0,17702340.0,17712652.0,259831889920,17704574.0
2025-10-03 07:15:00+00:00,17691082.0,17711874.0,17688384.0,17708480.0,137615114240,17691082.0
2025-10-03 07:30:00+00:00,17653440.0,17688476.0,17653440.0,17688476.0,172235948032,17653440.0
2025-10-03 07:45:00+00:00,17653528.0,17669824.0,17652824.0,17660018.0,132227530752,17653528.0
2025-10-03 08:00:00+00:00,17633558.0,17655974.0,17633538.0,17652904.0,149902327808,17633558.0
2025-10-03 08:15:00+00:00,17643010.0,17643010.0,17589050.0,17620016.0,231938719744,17643010.0
2025-10-03 08:30:00+00:00,17679044.0,17683290.0,17644620.0,17644620.0,64969768960,17679044.0
2025-10-03 08:45:00+00:00,17690624.0,17690624.0,17673664.0,17676962.0,141833535488,17690624.0
2025-10-03 09:00:00+00:00,17714298.0,17726148.0,17696454.0,17696454.0,191386091520,17714298.0
2025-10-03 09:15:00+00:00,17747734.0,17747734.0,17699554.0,17708356.0,216369463296,17747734.0
2025-10-03 09:30:00+00:00,17720578.0,17748464.0,17718694.0,17748464.0,83744522240,17720578.0
2025-10-03 09:45:00+00:00,17743492.0,17745914.0,17721990.0,17721990.0,19000197120,17743492.0
2025-10-03 10:00:00+00:00,17744782.0,17744782.0,17735498.0,17739724.0,117206679552,17744782.0
2025-10-03 10:15:00+00:00,17762692.0,17762692.0,17744752.0,17744752.0,279354277888,17762692.0
2025-10-03 10:30:00+00:00,17767258.0,17767258.0,17749588.0,17767080.0,144078536704,17767258.0
2025-10-03 10:45:00+00:00,17759618.0,17764960.0,17753700.0,17764960.0,64076382208,17759618.0
2025-10-03 11:00:00+00:00,17741880.0,17762358.0,17741880.0,17755676.0,119537664000,17741880.0
2025-10-03 11:15:00+00:00,17738692.0,17745992.0,17720826.0,17741438.0,49932140544,17738692.0
2025-10-03 11:30:00+00:00,17727258.0,17738010.0,17716230.0,17738010.0,2920284160,17727258.0
2025-10-03 11:45:00+00:00,17738294.0,17746090.0,17726906.0,17730096.0,319705579520,17738294.0
2025-10-03 12:00:00+00:00,17743738.0,17747132.0,17734310.0,17734310.0,334972846080,17743738.0
2025-10-03 12:15:00+00:00,17736138.0,17746758.0,17726892.0,17744900.0,8436842496,17736138.0
2025-10-03 12:30:00+00:00,17729266.0,17730886.0,17710338.0,17730886.0,95533662208,17729266.0
2025-10-03 12:45:00+00:00,17737988.0,17739546.0,17726374.0,17732024.0,0,17737988.0
2025-10-03 13:00:00+00:00,17727026.0,17739242.0,17720990.0,17738842.0,0,17727026.0
2025-10-03 13:15:00+00:00,17759306.0,17759306.0,17722966.0,17731018.0,146965266432,17759306.0
2025-10-03 13:30:00+00:00,17709714.0,17758088.0,17709714.0,17758088.0,18985517056,17709714.0
2025-10-03 13:45:00+00:00,17769948.0,17769948.0,17710654.0,17710654.0,0,17769948.0
2025-10-03 14:00:00+00:00,17749322.0,17759662.0,17710612.0,17759662.0,11625562112,17749322.0
2025-10-03 14:15:00+00:00,17759854.0,17759854.0,17691462.0,17728374.0,153213730816,17759854.0
2025-10-03 14:30:00+00:00,17804434.0,17810500.0,17758064.0,17766298.0,28891414528,17804434.0
2025-10-03 14:45:00+00:00,17835718.0,17846656.0,17802560.0,17802560.0,23147315200,17835718.0
2025-10-03 15:00:00+00:00,17815282.0,17835718.0,17805746.0,17835718.0,191980634112,17815282.0
2025-10-03 15:15:00+00:00,17889800.0,17915378.0,17819098.0,17819098.0,144562978816,17889800.0
2025-10-03 15:30:00+00:00,17944684.0,17955762.0,17891650.0,17891650.0,164478582784,17944684.0
2025-10-03 15:45:00+00:00,18008930.0,18008930.0,17941664.0,17946062.0,40706768896,18008930.0
2025-10-03 16:00:00+00:00,18179374.0,18179374.0,18031410.0,18031410.0,1461852307456,18179374.0
2025-10-03 16:15:00+00:00,18253018.0,18253018.0,18157422.0,18162932.0,293176606720,18253018.0
2025-10-03 16:30:00+00:00,18261882.0,18275766.0,18247768.0,18263120.0,239453863936,18261882.0
2025-10-03 16:45:00+00:00,18129392.0,18267794.0,18129392.0,18267794.0,453793284096,18129392.0
2025-10-03 17:00:00+00:00,18144754.0,18148836.0,17978966.0,18112606.0,405203320832,18144754.0
2025-10-03 17:15:00+00:00,18083868.0,18148016.0,18049954.0,18148016.0,203227660288,18083868.0
2025-10-03 17:30:00+00:00,18088836.0,18136452.0,18060050.0,18082066.0,141700366336,18088836.0
2025-10-03 17:45:00+00:00,18017492.0,18066332.0,17962450.0,18064964.0,268054822912,18017492.0
2025-10-03 18:00:00+00:00,18008204.0,18019044.0,17934838.0,18017176.0,175115337728,18008204.0
2025-10-03 18:15:00+00:00,18090284.0,18090284.0,18005646.0,18005646.0,193753776128,18090284.0
2025-10-03 18:30:00+00:00,18093302.0,18106754.0,18045254.0,18085474.0,30837571584,18093302.0
2025-10-03 18:45:00+00:00,18064610.0,18100332.0,18058440.0,18091404.0,195110633472,18064610.0
2025-10-03 19:00:00+00:00,18080536.0,18085432.0,18064156.0,18066112.0,293412536320,18080536.0
2025-10-03 19:15:00+00:00,18103302.0,18106194.0,18066678.0,18070310.0,68928143360,18103302.0
2025-10-03 19:30:00+00:00,18118606.0,18138526.0,18102324.0,18110616.0,163881943040,18118606.0
2025-10-03 19:45:00+00:00,18097570.0,18113892.0,18092666.0,18112944.0,4647288832,18097570.0
2025-10-03 20:00:00+00:00,18010440.0,18098832.0,18007530.0,18098832.0,33197916160,18010440.0
2025-10-03 20:15:00+00:00,18013304.0,18033288.0,18006558.0,18006558.0,4221566976,18013304.0
2025-10-03 20:30:00+00:00,18085954.0,18085954.0,18016462.0,18016462.0,127518375936,18085954.0
2025-10-03 20:45:00+00:00,18081858.0,18105178.0,18081074.0,18090534.0,135938441216,18081858.0
2025-10-03 21:00:00+00:00,18042254.0,18077688.0,18040710.0,18077688.0,1718616064,18042254.0
2025-10-03 21:15:00+00:00,18032210.0,18048778.0,18027890.0,18048778.0,0,18032210.0
2025-10-03 21:30:00+00:00,18000330.0,18030802.0,17996942.0,18029626.0,0,18000330.0
2025-10-03 21:45:00+00:00,18039000.0,18039000.0,17986672.0,18004244.0,159554469888,18039000.0
2025-10-03 22:00:00+00:00,18045470.0,18048356.0,18030000.0,18030000.0,0,18045470.0
2025-10-03 22:15:00+00:00,18058134.0,18058512.0,18048630.0,18049156.0,9440329728,18058134.0
2025-10-03 22:30:00+00:00,18074620.0,18079208.0,18054200.0,18055932.0,113009229824,18074620.0
2025-10-03 22:45:00+00:00,18051098.0,18072782.0,18050644.0,18072394.0,12457082880,18051098.0
2025-10-03 23:00:00+00:00,18027922.0,18052702.0,18027922.0,18051536.0,5459935232,18027922.0
2025-10-03 23:15:00+00:00,18029556.0,18036232.0,18026162.0,18027310.0,0,18029556.0
2025-10-03 23:30:00+00:00,18032040.0,18032576.0,18011634.0,18026378.0,111386034176,18032040.0
2025-10-03 23:45:00+00:00,18010600.0,18026924.0,18010600.0,18026924.0,1405091840,18010600.0
2025-10-04 00:00:00+00:00,18013844.0,18016684.0,18001390.0,18013054.0,111140667392,18013844.0
2025-10-04 00:15:00+00:00,18014884.0,18022396.0,18009930.0,18014390.0,117284274176,18014884.0
2025-10-04 00:30:00+00:00,17994338.0,18013794.0,17986302.0,18010518.0,1547698176,17994338.0
2025-10-04 00:45:00+00:00,17994076.0,17997492.0,17983510.0,17989298.0,12922650624,17994076.0
2025-10-04 01:00:00+00:00,17991218.0,17998380.0,17990026.0,17996964.0,123889254400,17991218.0
2025-10-04 01:15:00+00:00,17981598.0,17996082.0,17981598.0,17989534.0,0,17981598.0
2025-10-04 01:30:00+00:00,17969360.0,17984268.0,17968014.0,17982168.0,9710862336,17969360.0
2025-10-04 01:45:00+00:00,17945892.0,17972804.0,17942426.0,17964742.0,16381902848,17945892.0
2025-10-04 02:00:00+00:00,17995270.0,17995270.0,17949758.0,17949758.0,102462652416,17995270.0
2025-10-04 02:15:00+00:00,17952210.0,17970042.0,17941604.0,17970042.0,144542007296,17952210.0
2025-10-04 02:30:00+00:00,17950154.0,17954264.0,17942806.0,17953034.0,0,17950154.0
2025-10-04 02:45:00+00:00,17967814.0,17971580.0,17947220.0,17948338.0,4895801344,17967814.0
2025-10-04 03:00:00+00:00,17964358.0,17979568.0,17959746.0,17964392.0,111979528192,17964358.0
2025-10-04 03:15:00+00:00,17989728.0,17989728.0,17964944.0,17964944.0,110609039360,17989728.0
2025-10-04 03:30:00+00:00,17998304.0,17998304.0,17989408.0,17990402.0,0,17998304.0
2025-10-04 03:45:00+00:00,18020810.0,18020810.0,17993018.0,17998054.0,134404374528,18020810.0
2025-10-04 04:00:00+00:00,18025608.0,18030384.0,18021502.0,18021770.0,148986920960,18025608.0
2025-10-04 04:15:00+00:00,18035718.0,18039070.0,18015692.0,18025808.0,147118358528,18035718.0
2025-10-04 04:30:00+00:00,18047644.0,18049866.0,18027846.0,18030876.0,11467227136,18047644.0
2025-10-04 04:45:00+00:00,18058290.0,18059782.0,18050776.0,18050776.0,10248781824,18058290.0
2025-10-04 05:00:00+00:00,18070310.0,18070310.0,18048988.0,18057658.0,127221628928,18070310.0
2025-10-04 05:15:00+00:00,18092630.0,18095926.0,18076662.0,18078246.0,16085155840,18092630.0
2025-10-04 05:30:00+00:00,18064082.0,18092630.0,18064082.0,18092630.0,151855824896,18064082.0
2025-10-04 05:45:00+00:00,18060198.0,18072016.0,18050672.0,18056604.0,2425356288,18060198.0
2025-10-04 06:00:00+00:00,18044198.0,18153492.0,18044198.0,18059244.0,0,18044198.0
2025-10-04 06:15:00+00:00,18058666.0,18164132.0,18043482.0,18043482.0,135628062720,18058666.0
2025-10-04 06:30:00+00:00,18059088.0,18163796.0,18059088.0,18060358.0,104857600000,18059088.0
2025-10-04 06:45:00+00:00,18053016.0,18145568.0,18048090.0,18058616.0,117961654272,18053016.0
2025-10-04 07:00:00+00:00,18042846.0,18143254.0,18036556.0,18050870.0,0,18042846.0
2025-10-04 07:15:00+00:00,18031110.0,18145906.0,18028372.0,18039992.0,0,18031110.0
2025-10-04 07:30:00+00:00,18024304.0,18036828.0,18024304.0,18030734.0,95642714112,18024304.0
2025-10-04 07:45:00+00:00,18019078.0,18126160.0,18019078.0,18028408.0,8177844224,18019078.0
2025-10-04 08:00:00+00:00,18059828.0,18140692.0,18024912.0,18025788.0,58896416768,18059828.0
2025-10-04 08:15:00+00:00,18064900.0,18141640.0,18037654.0,18053206.0,130745892864,18064900.0
2025-10-04 08:30:00+00:00,18030198.0,18141194.0,18028572.0,18061716.0,0,18030198.0
2025-10-04 08:45:00+00:00,18037928.0,18125246.0,18026390.0,18030198.0,0,18037928.0
2025-10-04 09:00:00+00:00,18052916.0,18127940.0,18035000.0,18038634.0,122071023616,18052916.0
2025-10-04 09:15:00+00:00,18053984.0,18143060.0,18050478.0,18055208.0,0,18053984.0
2025-10-04 09:30:00+00:00,18047414.0,18137528.0,18043868.0,18054922.0,182277111808,18047414.0
2025-10-04 09:45:00+00:00,18116014.0,18132094.0,18025716.0,18045952.0,58968768512,18116014.0
2025-10-04 10:00:00+00:00,18029646.0,18114196.0,18026618.0,18027038.0,81103159296,18029646.0
2025-10-04 10:15:00+00:00,18040896.0,18122428.0,18027086.0,18027086.0,99106160640,18040896.0
2025-10-04 10:30:00+00:00,18028154.0,18130794.0,18027766.0,18041760.0,0,18028154.0
2025-10-04 10:45:00+00:00,18014482.0,18118020.0,18013496.0,18031978.0,118502719488,18014482.0
2025-10-04 11:00:00+00:00,18006646.0,18105012.0,18006646.0,18014296.0,17386438656,18006646.0
2025-10-04 11:15:00+00:00,18002698.0,18091554.0,17994416.0,18091554.0,10077863936,18002698.0
2025-10-04 11:30:00+00:00,18007308.0,18014588.0,18003682.0,18010356.0,338860965888,18007308.0
2025-10-04 11:45:00+00:00,17996802.0,18038676.0,17996802.0,18006482.0,0,17996802.0
2025-10-04 12:00:00+00:00,18008550.0,18040630.0,17992974.0,17994362.0,118143057920,18008550.0
2025-10-04 12:15:00+00:00,18004938.0,18037616.0,18002886.0,18010308.0,6963593216,18004938.0
2025-10-04 12:30:00+00:00,18004084.0,18024866.0,17998824.0,18004764.0,94542757888,18004084.0
2025-10-04 12:45:00+00:00,17997344.0,18017324.0,17991464.0,18001576.0,126436245504,17997344.0
2025-10-04 13:00:00+00:00,18060496.0,18060696.0,17997344.0,17997344.0,26558332928,18060496.0
2025-10-04 13:15:00+00:00,18048480.0,18077764.0,18044454.0,18054556.0,3239051264,18048480.0
2025-10-04 13:30:00+00:00,18060736.0,18068318.0,18045364.0,18047524.0,0,18060736.0
2025-10-04 13:45:00+00:00,18054404.0,18065832.0,18050964.0,18058960.0,90364182528,18054404.0
2025-10-04 14:00:00+00:00,18050204.0,18057256.0,18043776.0,18057256.0,88959090688,18050204.0
2025-10-04 14:15:00+00:00,18043214.0,18061780.0,18043120.0,18049686.0,0,18043214.0
2025-10-04 14:30:00+00:00,18039956.0,18047754.0,18035288.0,18044206.0,0,18039956.0
2025-10-04 14:45:00+00:00,17999650.0,18034964.0,17999650.0,18032874.0,0,17999650.0
2025-10-04 15:00:00+00:00,17992780.0,18007488.0,17984304.0,17998222.0,0,17992780.0
2025-10-04 15:15:00+00:00,17962856.0,17986692.0,17962856.0,17985042.0,0,17962856.0
2025-10-04 15:30:00+00:00,17980890.0,17980890.0,17954258.0,17960004.0,0,17980890.0
2025-10-04 15:45:00+00:00,17967296.0,17990368.0,17967296.0,17979840.0,93882155008,17967296.0
2025-10-04 16:00:00+00:00,17973068.0,17986404.0,17960756.0,17960756.0,0,17973068.0
2025-10-04 16:15:00+00:00,17944434.0,17951012.0,17939934.0,17944952.0,0,17944434.0
2025-10-04 16:30:00+00:00,17968400.0,17971704.0,17943318.0,17943318.0,53589049344,17968400.0
2025-10-04 16:45:00+00:00,17942810.0,17971730.0,17942810.0,17969062.0,50126127104,17942810.0
2025-10-04 17:00:00+00:00,17967020.0,17972058.0,17946734.0,17949520.0,0,17967020.0
2025-10-04 17:15:00+00:00,17973100.0,17973100.0,17960548.0,17968134.0,0,17973100.0
2025-10-04 17:30:00+00:00,17955094.0,17977692.0,17951266.0,17973162.0,101581848576,17955094.0
2025-10-04 17:45:00+00:00,17952280.0,17955472.0,17948334.0,17953852.0,0,17952280.0
2025-10-04 18:00:00+00:00,17958130.0,17969314.0,17952280.0,17952280.0,0,17958130.0
2025-10-04 18:15:00+00:00,17956790.0,17962568.0,17952894.0,17955322.0,0,17956790.0
2025-10-04 18:30:00+00:00,17940140.0,17957678.0,17938686.0,17957552.0,0,17940140.0
2025-10-04 18:45:00+00:00,17933272.0,17944682.0,17926548.0,17944682.0,0,17933272.0
2025-10-04 19:00:00+00:00,17957782.0,17957782.0,17933272.0,17933272.0,104570814464,17957782.0
2025-10-04 19:15:00+00:00,17973504.0,17973504.0,17957212.0,17960440.0,0,17973504.0
2025-10-04 19:30:00+00:00,17981100.0,17981670.0,17971170.0,17974030.0,70569689088,17981100.0
2025-10-04 19:45:00+00:00,17981264.0,17981268.0,17977060.0,17978920.0,0,17981264.0
2025-10-04 20:00:00+00:00,17985346.0,17992352.0,17983450.0,17985620.0,82085675008,17985346.0
2025-10-04 20:15:00+00:00,17998910.0,17999758.0,17985258.0,17985346.0,98671001600,17998910.0
2025-10-04 20:30:00+00:00,18001296.0,18001712.0,17996756.0,18001712.0,0,18001296.0
2025-10-04 20:45:00+00:00,17987758.0,18002370.0,17982990.0,18000602.0,0,17987758.0
2025-10-04 21:00:00+00:00,17988810.0,17990008.0,17978560.0,17981308.0,0,17988810.0
2025-10-04 21:15:00+00:00,18032930.0,18032930.0,17988858.0,17988858.0,17869307904,18032930.0
2025-10-04 21:30:00+00:00,18037714.0,18040342.0,18032654.0,18036198.0,110669332480,18037714.0
2025-10-04 21:45:00+00:00,18023386.0,18035484.0,18020500.0,18033434.0,108094029824,18023386.0
2025-10-04 22:00:00+00:00,18020578.0,18035352.0,18018660.0,18023178.0,89910673408,18020578.0
2025-10-04 22:15:00+00:00,18027830.0,18034302.0,18020270.0,18020270.0,105590554624,18027830.0
2025-10-04 22:30:00+00:00,18034968.0,18041570.0,18028322.0,18038848.0,4528275456,18034968.0
2025-10-04 22:45:00+00:00,18034386.0,18044488.0,18028888.0,18035264.0,0,18034386.0
2025-10-04 23:00:00+00:00,18036888.0,18041834.0,18031044.0,18034386.0,0,18036888.0
2025-10-04 23:15:00+00:00,18026906.0,18030886.0,18026296.0,18030886.0,109106954240,18026906.0
2025-10-04 23:30:00+00:00,18039838.0,18041288.0,18024594.0,18025258.0,0,18039838.0
2025-10-04 23:45:00+00:00,18047808.0,18049950.0,18041244.0,18041244.0,3226992640,18047808.0
2025-10-05 00:00:00+00:00,18034814.0,18053714.0,18034464.0,18050168.0,0,18034814.0
2025-10-05 00:15:00+00:00,18053766.0,18054034.0,18031514.0,18032800.0,322961408,18053766.0
2025-10-05 00:30:00+00:00,18034246.0,18055410.0,18034246.0,18055410.0,0,18034246.0
2025-10-05 00:45:00+00:00,18021458.0,18060110.0,18018686.0,18035416.0,0,18021458.0
2025-10-05 01:00:00+00:00,18032800.0,18049740.0,18019602.0,18046184.0,121326534656,18032800.0
2025-10-05 01:15:00+00:00,18042052.0,18050258.0,18020826.0,18035970.0,5031067648,18042052.0
2025-10-05 01:30:00+00:00,18050954.0,18051160.0,18030528.0,18030788.0,0,18050954.0
2025-10-05 01:45:00+00:00,18045628.0,18058032.0,18044824.0,18050954.0,95366414336,18045628.0
2025-10-05 02:00:00+00:00,18058448.0,18058448.0,18046800.0,18047688.0,98819899392,18058448.0
2025-10-05 02:15:00+00:00,18082530.0,18082530.0,18050720.0,18051474.0,22064136192,18082530.0
2025-10-05 02:30:00+00:00,18226978.0,18324276.0,18101934.0,18101934.0,528690446336,18226978.0
2025-10-05 02:45:00+00:00,18272312.0,18277218.0,18228292.0,18237046.0,205918306304,18272312.0
2025-10-05 03:00:00+00:00,18272976.0,18299972.0,18272976.0,18284492.0,147621675008,18272976.0
2025-10-05 03:15:00+00:00,18250398.0,18260818.0,18192494.0,18260818.0,210257313792,18250398.0
2025-10-05 03:30:00+00:00,18282216.0,18297680.0,18253584.0,18253584.0,63360729088,18282216.0
2025-10-05 03:45:00+00:00,18257776.0,18297848.0,18257776.0,18282860.0,170542497792,18257776.0
2025-10-05 04:00:00+00:00,18272010.0,18293526.0,18252132.0,18252132.0,35060711424,18272010.0
2025-10-05 04:15:00+00:00,18296532.0,18296532.0,18269768.0,18269768.0,9837215744,18296532.0
2025-10-05 04:30:00+00:00,18342284.0,18342284.0,18292954.0,18294264.0,108431147008,18342284.0
2025-10-05 04:45:00+00:00,18478184.0,18513078.0,18329876.0,18331002.0,775237926912,18478184.0
2025-10-05 05:00:00+00:00,18463552.0,18483566.0,18416640.0,18463642.0,304780673024,18463552.0
2025-10-05 05:15:00+00:00,18478540.0,18478540.0,18424212.0,18457186.0,265493676032,18478540.0
2025-10-05 05:30:00+00:00,18452410.0,18484724.0,18452410.0,18484724.0,284611313664,18452410.0
2025-10-05 05:45:00+00:00,18425342.0,18453366.0,18425342.0,18453366.0,65316323328,18425342.0
2025-10-05 06:00:00+00:00,18430342.0,18458394.0,18429570.0,18429570.0,44770525184,18430342.0
2025-10-05 06:15:00+00:00,18424394.0,18441202.0,18402412.0,18441202.0,160377602048,18424394.0
2025-10-05 06:30:00+00:00,18422754.0,18428806.0,18410454.0,18424394.0,181133639680,18422754.0
2025-10-05 06:45:00+00:00,18435580.0,18450276.0,18422754.0,18422754.0,28087681024,18435580.0
2025-10-05 07:00:00+00:00,18432934.0,18434654.0,18418350.0,18434304.0,167258882048,18432934.0
2025-10-05 07:15:00+00:00,18413508.0,18445688.0,18413508.0,18432934.0,181900673024,18413508.0
2025-10-05 07:30:00+00:00,18388096.0,18412210.0,18383726.0,18412210.0,237217775616,18388096.0
2025-10-05 07:45:00+00:00,18412814.0,18415576.0,18385432.0,18386094.0,163086598144,18412814.0
2025-10-05 08:00:00+00:00,18387614.0,18412672.0,18369802.0,18412672.0,119738990592,18387614.0
2025-10-05 08:15:00+00:00,18388870.0,18400088.0,18378616.0,18384260.0,115181879296,18388870.0
2025-10-05 08:30:00+00:00,18383868.0,18392334.0,18375786.0,18392334.0,12333875200,18383868.0
2025-10-05 08:45:00+00:00,18370728.0,18386224.0,18370728.0,18384434.0,3996647424,18370728.0
2025-10-05 09:00:00+00:00,18361130.0,18374242.0,18361130.0,18371534.0,94144823296,18361130.0
2025-10-05 09:15:00+00:00,18336258.0,18357062.0,18325160.0,18357062.0,167766392832,18336258.0
2025-10-05 09:30:00+00:00,18154844.0,18284070.0,18154844.0,18284070.0,275626065920,18154844.0
2025-10-05 09:45:00+00:00,18155188.0,18167618.0,18119612.0,18159702.0,284022538240,18155188.0
2025-10-05 10:00:00+00:00,18107088.0,18142834.0,18081214.0,18142834.0,163535912960,18107088.0
2025-10-05 10:15:00+00:00,18138782.0,18150546.0,18116140.0,18118176.0,231551795200,18138782.0
2025-10-05 10:30:00+00:00,18113798.0,18138836.0,18097344.0,18138782.0,38362152960,18113798.0
2025-10-05 10:45:00+00:00,18149898.0,18150994.0,18122062.0,18122062.0,167367409664,18149898.0
2025-10-05 11:00:00+00:00,18133212.0,18164984.0,18133212.0,18148568.0,61681434624,18133212.0
2025-10-05 11:15:00+00:00,18193688.0,18195120.0,18124948.0,18133212.0,54866739200,18193688.0
2025-10-05 11:30:00+00:00,18184990.0,18193688.0,18169502.0,18193688.0,149820538880,18184990.0
2025-10-05 11:45:00+00:00,18211894.0,18212130.0,18155846.0,18186152.0,44106252288,18211894.0
2025-10-05 12:00:00+00:00,18151836.0,18188456.0,18137816.0,18171398.0,174088781824,18151836.0
2025-10-05 12:15:00+00:00,18161968.0,18172678.0,18136116.0,18158924.0,207758557184,18161968.0
2025-10-05 12:30:00+00:00,18146194.0,18161594.0,18124958.0,18157638.0,10550771712,18146194.0
2025-10-05 12:45:00+00:00,18162310.0,18170908.0,18109686.0,18109686.0,1211688288256,18162310.0
2025-10-05 13:00:00+00:00,18179494.0,18180414.0,18130942.0,18162310.0,0,18179494.0
2025-10-05 13:15:00+00:00,18180888.0,18180888.0,18151294.0,18174990.0,16149118976,18180888.0
2025-10-05 13:30:00+00:00,18135370.0,18189722.0,18132876.0,18132876.0,149483945984,18135370.0
2025-10-05 13:45:00+00:00,18163440.0,18182490.0,18111884.0,18182490.0,75977719808,18163440.0
2025-10-05 14:00:00+00:00,18187702.0,18187702.0,18125404.0,18174332.0,29643243520,18187702.0
2025-10-05 14:15:00+00:00,18169668.0,18183100.0,18117898.0,18183100.0,57765003264,18169668.0
2025-10-05 14:30:00+00:00,18114520.0,18172744.0,18101500.0,18170246.0,146163105792,18114520.0
2025-10-05 14:45:00+00:00,18144658.0,18144658.0,18080586.0,18121276.0,221429891072,18144658.0
2025-10-05 15:00:00+00:00,18131096.0,18143308.0,18118788.0,18143308.0,106313023488,18131096.0
2025-10-05 15:15:00+00:00,18129738.0,18139244.0,18124154.0,18131096.0,0,18129738.0
2025-10-05 15:30:00+00:00,18105278.0,18125960.0,18097478.0,18124898.0,0,18105278.0
2025-10-05 15:45:00+00:00,18113574.0,18118066.0,18096746.0,18104932.0,10075766784,18113574.0
2025-10-05 16:00:00+00:00,18152386.0,18154112.0,18112196.0,18112392.0,0,18152386.0
2025-10-05 16:15:00+00:00,18141222.0,18150092.0,18139770.0,18150092.0,102796099584,18141222.0
2025-10-05 16:30:00+00:00,18147980.0,18148700.0,18130476.0,18130476.0,114286395392,18147980.0
2025-10-05 16:45:00+00:00,18175584.0,18175584.0,18034702.0,18147980.0,203955372032,18175584.0
2025-10-05 17:00:00+00:00,18176526.0,18204216.0,18174986.0,18182490.0,93196386304,18176526.0
2025-10-05 17:15:00+00:00,18137870.0,18187354.0,18137870.0,18175920.0,131070951424,18137870.0
2025-10-05 17:30:00+00:00,18142332.0,18168932.0,18136300.0,18168932.0,22914531328,18142332.0
2025-10-05 17:45:00+00:00,18147030.0,18158788.0,18124184.0,18143560.0,42590011392,18147030.0
2025-10-05 18:00:00+00:00,18362408.0,18383514.0,18146194.0,18146194.0,277818114048,18362408.0
2025-10-05 18:15:00+00:00,18368060.0,18379836.0,18358148.0,18366610.0,19752026112,18368060.0
2025-10-05 18:30:00+00:00,18379822.0,18402106.0,18373372.0,18373372.0,296218525696,18379822.0
2025-10-05 18:45:00+00:00,18386678.0,18393010.0,18376262.0,18380728.0,128703266816,18386678.0
2025-10-05 19:00:00+00:00,18334794.0,18388022.0,18334794.0,18377428.0,5844762624,18334794.0
2025-10-05 19:15:00+00:00,18368582.0,18374042.0,18331482.0,18331482.0,195361243136,18368582.0
2025-10-05 19:30:00+00:00,18353776.0,18371954.0,18348830.0,18366572.0,88578457600,18353776.0
2025-10-05 19:45:00+00:00,18315882.0,18356254.0,18315882.0,18354864.0,168866873344,18315882.0
2025-10-05 20:00:00+00:00,18351566.0,18351566.0,18312042.0,18317660.0,128324730880,18351566.0
2025-10-05 20:15:00+00:00,18349812.0,18354496.0,18338686.0,18350346.0,55944675328,18349812.0
2025-10-05 20:30:00+00:00,18392184.0,18406706.0,18351212.0,18351212.0,73268199424,18392184.0
2025-10-05 20:45:00+00:00,18368248.0,18393938.0,18368248.0,18390500.0,142589558784,18368248.0
2025-10-05 21:00:00+00:00,18316708.0,18363606.0,18309390.0,18363606.0,60521709568,18316708.0
2025-10-05 21:15:00+00:00,18324978.0,18339222.0,18311262.0,18317176.0,115921125376,18324978.0
2025-10-05 21:30:00+00:00,18313478.0,18324826.0,18303100.0,18324826.0,0,18313478.0
2025-10-05 21:45:00+00:00,18308722.0,18319174.0,18306502.0,18312264.0,16410214400,18308722.0
2025-10-05 22:00:00+00:00,18350102.0,18379730.0,18305708.0,18305708.0,190722342912,18350102.0
2025-10-05 22:15:00+00:00,18387934.0,18403496.0,18351938.0,18352848.0,32359055360,18387934.0
2025-10-05 22:30:00+00:00,18385196.0,18388636.0,18376810.0,18386902.0,210086395904,18385196.0
2025-10-05 22:45:00+00:00,18406126.0,18406126.0,18382784.0,18382784.0,120349261824,18406126.0
2025-10-05 23:00:00+00:00,18432174.0,18435208.0,18400552.0,18405112.0,62454235136,18432174.0
2025-10-05 23:15:00+00:00,18446730.0,18446730.0,18430364.0,18430364.0,49300897792,18446730.0
2025-10-05 23:30:00+00:00,18474430.0,18477540.0,18450490.0,18450490.0,216304451584,18474430.0
2025-10-05 23:45:00+00:00,18477894.0,18488098.0,18476692.0,18476692.0,9512681472,18477894.0
2025-10-06 00:00:00+00:00,18477914.0,18481570.0,18438978.0,18473978.0,133534056448,18477914.0
2025-10-06 00:15:00+00:00,18518666.0,18610594.0,18483654.0,18483654.0,390484459520,18518666.0
2025-10-06 00:30:00+00:00,18538760.0,18549258.0,18511802.0,18511802.0,201151479808,18538760.0
2025-10-06 00:45:00+00:00,18470620.0,18539218.0,18444506.0,18539218.0,111115501568,18470620.0
2025-10-06 01:00:00+00:00,18495522.0,18500414.0,18462702.0,18471524.0,86428876800,18495522.0
2025-10-06 01:15:00+00:00,18565850.0,18574670.0,18472356.0,18497240.0,155897036800,18565850.0
2025-10-06 01:30:00+00:00,18578504.0,18599814.0,18554824.0,18565048.0,89784320000,18578504.0
2025-10-06 01:45:00+00:00,18579126.0,18583768.0,18554376.0,18554376.0,68656562176,18579126.0
2025-10-06 02:00:00+00:00,18568714.0,18595090.0,18562412.0,18584738.0,40833646592,18568714.0
2025-10-06 02:15:00+00:00,18577810.0,18583928.0,18559724.0,18568676.0,154410156032,18577810.0
2025-10-06 02:30:00+00:00,18566458.0,18573114.0,18523570.0,18573114.0,186913914880,18566458.0
2025-10-06 02:45:00+00:00,18591548.0,18612252.0,18569176.0,18569176.0,71465697280,18591548.0
2025-10-06 03:00:00+00:00,18598114.0,18605852.0,18589490.0,18590664.0,0,18598114.0
2025-10-06 03:15:00+00:00,18594624.0,18599712.0,18583216.0,18599712.0,121960923136,18594624.0
2025-10-06 03:30:00+00:00,18588062.0,18592824.0,18581440.0,18591866.0,104367915008,18588062.0
2025-10-06 03:45:00+00:00,18595820.0,18603428.0,18572924.0,18587734.0,0,18595820.0
2025-10-06 04:00:00+00:00,18590516.0,18591994.0,18566876.0,18591994.0,0,18590516.0
2025-10-06 04:15:00+00:00,18617006.0,18618050.0,18590192.0,18593384.0,0,18617006.0
2025-10-06 04:30:00+00:00,18588866.0,18619894.0,18584678.0,18614746.0,126533763072,18588866.0
2025-10-06 04:45:00+00:00,18589048.0,18604204.0,18583668.0,18594514.0,0,18589048.0
2025-10-06 05:00:00+00:00,18553584.0,18588606.0,18553584.0,18588606.0,0,18553584.0
2025-10-06 05:15:00+00:00,18584414.0,18584414.0,18546098.0,18553920.0,0,18584414.0
2025-10-06 05:30:00+00:00,18570650.0,18591318.0,18570446.0,18584414.0,99842260992,18570650.0
2025-10-06 05:45:00+00:00,18571970.0,18592130.0,18559588.0,18567072.0,33200013312,18571970.0
2025-10-06 06:00:00+00:00,18608408.0,18612656.0,18572050.0,18572706.0,88814387200,18608408.0
2025-10-06 06:15:00+00:00,18589972.0,18614956.0,18581134.0,18607596.0,0,18589972.0
2025-10-06 06:30:00+00:00,18625016.0,18627666.0,18597454.0,18597454.0,24715984896,18625016.0
2025-10-06 06:45:00+00:00,18595762.0,18626524.0,18589118.0,18626524.0,120198266880,18595762.0
2025-10-06 07:00:00+00:00,18594872.0,18599680.0,18580676.0,18596026.0,0,18594872.0
2025-10-06 07:15:00+00:00,18581084.0,18611662.0,18581084.0,18598074.0,112534749184,18581084.0
2025-10-06 07:30:00+00:00,18525286.0,18588842.0,18525286.0,18581518.0,2754084864,18525286.0
2025-10-06 07:45:00+00:00,18516642.0,18539046.0,18513956.0,18533198.0,65123909632,18516642.0
2025-10-06 08:00:00+00:00,18569266.0,18573714.0,18518310.0,18518310.0,106088103936,18569266.0
2025-10-06 08:15:00+00:00,18595698.0,18597196.0,18571232.0,18571232.0,115047137280,18595698.0
2025-10-06 08:30:00+00:00,18602232.0,18615958.0,18593550.0,18593550.0,62710087680,18602232.0
2025-10-06 08:45:00+00:00,18627896.0,18627896.0,18598316.0,18600232.0,3356491776,18627896.0
2025-10-06 09:00:00+00:00,18643976.0,18655638.0,18624996.0,18624996.0,119427563520,18643976.0
2025-10-06 09:15:00+00:00,18633110.0,18642520.0,18627802.0,18642520.0,114747768832,18633110.0
2025-10-06 09:30:00+00:00,18637910.0,18638984.0,18627550.0,18636242.0,0,18637910.0
2025-10-06 09:45:00+00:00,18645828.0,18654704.0,18629766.0,18638396.0,0,18645828.0
2025-10-06 10:00:00+00:00,18644470.0,18660536.0,18641778.0,18646708.0,0,18644470.0
2025-10-06 10:15:00+00:00,18663178.0,18663178.0,18639882.0,18644190.0,120942755840,18663178.0
2025-10-06 10:30:00+00:00,18660452.0,18666102.0,18658036.0,18665510.0,100597760000,18660452.0
2025-10-06 10:45:00+00:00,18643444.0,18663378.0,18643444.0,18657318.0,13613662208,18643444.0
2025-10-06 11:00:00+00:00,18624838.0,18640210.0,18623880.0,18640210.0,145214668800,18624838.0
2025-10-06 11:15:00+00:00,18656612.0,18656612.0,18622586.0,18622586.0,229372854272,18656612.0
2025-10-06 11:30:00+00:00,18680908.0,18712972.0,18652564.0,18652564.0,122673430528,18680908.0
2025-10-06 11:45:00+00:00,18687700.0,18697510.0,18677180.0,18681700.0,206489255936,18687700.0
2025-10-06 12:00:00+00:00,18681950.0,18686770.0,18643850.0,18686770.0,55432445952,18681950.0
2025-10-06 12:15:00+00:00,18674498.0,18694154.0,18664844.0,18664844.0,164516855808,18674498.0
2025-10-06 12:30:00+00:00,18635234.0,18674362.0,18635234.0,18674362.0,164031365120,18635234.0
2025-10-06 12:45:00+00:00,18657300.0,18669724.0,18633202.0,18633202.0,22158508032,18657300.0
2025-10-06 13:00:00+00:00,18678796.0,18695938.0,18659720.0,18661190.0,164605984768,18678796.0
2025-10-06 13:15:00+00:00,18729154.0,18729154.0,18675324.0,18687954.0,13861126144,18729154.0
2025-10-06 13:30:00+00:00,18683850.0,18729950.0,18683850.0,18729950.0,281468731392,18683850.0
2025-10-06 13:45:00+00:00,18738664.0,18738664.0,18658966.0,18681050.0,111229796352,18738664.0
2025-10-06 14:00:00+00:00,18767024.0,18776734.0,18733348.0,18741134.0,211267616768,18767024.0
2025-10-06 14:15:00+00:00,18739842.0,18767340.0,18699586.0,18767216.0,328731197440,18739842.0
2025-10-06 14:30:00+00:00,18714762.0,18767304.0,18710402.0,18744268.0,47388295168,18714762.0
2025-10-06 14:45:00+00:00,18673312.0,18731140.0,18673312.0,18722520.0,1783627776,18673312.0
2025-10-06 15:00:00+00:00,18709610.0,18710392.0,18672584.0,18679066.0,388613799936,18709610.0
2025-10-06 15:15:00+00:00,18787842.0,18813644.0,18707120.0,18707720.0,100622401536,18787842.0
2025-10-06 15:30:00+00:00,18780136.0,18797776.0,18767102.0,18787676.0,201277308928,18780136.0
2025-10-06 15:45:00+00:00,18782078.0,18796900.0,18767040.0,18772596.0,31033655296,18782078.0
2025-10-06 16:00:00+00:00,18735742.0,18769368.0,18733042.0,18769368.0,65051557888,18735742.0
2025-10-06 16:15:00+00:00,18765254.0,18766852.0,18744738.0,18746856.0,160941735936,18765254.0
2025-10-06 16:30:00+00:00,18805898.0,18806930.0,18752038.0,18752038.0,176276111360,18805898.0
2025-10-06 16:45:00+00:00,18826764.0,18826764.0,18793150.0,18806746.0,133996478464,18826764.0
2025-10-06 17:00:00+00:00,18819004.0,18857582.0,18819004.0,18825726.0,54474571776,18819004.0
2025-10-06 17:15:00+00:00,18870440.0,18887332.0,18831588.0,18831588.0,110949826560,18870440.0
2025-10-06 17:30:00+00:00,18814976.0,18879914.0,18803744.0,18872930.0,226259632128,18814976.0
2025-10-06 17:45:00+00:00,18837198.0,18851652.0,18802752.0,18802752.0,203363975168,18837198.0
2025-10-06 18:00:00+00:00,18819552.0,18837794.0,18797344.0,18837794.0,52222230528,18819552.0
2025-10-06 18:15:00+00:00,18810600.0,18834718.0,18804716.0,18824116.0,67752689664,18810600.0
2025-10-06 18:30:00+00:00,18840650.0,18842450.0,18812236.0,18812236.0,127202754560,18840650.0
2025-10-06 18:45:00+00:00,18962758.0,18962758.0,18842098.0,18842098.0,73073164288,18962758.0
2025-10-06 19:00:00+00:00,18892850.0,18965212.0,18892850.0,18965212.0,358416908288,18892850.0
2025-10-06 19:15:00+00:00,18901182.0,18910088.0,18858262.0,18889506.0,70361546752,18901182.0
2025-10-06 19:30:00+00:00,18835654.0,18903870.0,18834138.0,18894036.0,40986738688,18835654.0
2025-10-06 19:45:00+00:00,18855238.0,18856720.0,18837750.0,18843342.0,227341762560,18855238.0
2025-10-06 20:00:00+00:00,18857966.0,18869060.0,18845492.0,18854662.0,172883968000,18857966.0
2025-10-06 20:15:00+00:00,18805830.0,18854466.0,18805830.0,18854466.0,218619707392,18805830.0
2025-10-06 20:30:00+00:00,18833746.0,18840906.0,18805220.0,18805220.0,14013169664,18833746.0
2025-10-06 20:45:00+00:00,18832522.0,18841486.0,18831866.0,18836170.0,18394120192,18832522.0
2025-10-06 21:00:00+00:00,18816174.0,18833160.0,18815470.0,18828644.0,147364773888,18816174.0
2025-10-06 21:15:00+00:00,18772318.0,18811394.0,18738622.0,18811394.0,120891375616,18772318.0
2025-10-06 21:30:00+00:00,18780702.0,18780702.0,18743748.0,18776182.0,68936531968,18780702.0
2025-10-06 21:45:00+00:00,18766570.0,18783656.0,18766570.0,18783376.0,358388596736,18766570.0
2025-10-06 22:15:00+00:00,18823018.0,18823018.0,18818770.0,18818770.0,0,18823018.0
2025-10-06 22:30:00+00:00,18778122.0,18819078.0,18774514.0,18818884.0,150488481792,18778122.0
2025-10-06 22:45:00+00:00,18799528.0,18810054.0,18779728.0,18779728.0,166073466880,18799528.0
2025-10-06 23:00:00+00:00,18787228.0,18806646.0,18781646.0,18793510.0,130573926400,18787228.0
2025-10-06 23:15:00+00:00,18776330.0,18788766.0,18759424.0,18788766.0,4362076160,18776330.0
2025-10-06 23:30:00+00:00,18768292.0,18779078.0,18764322.0,18778466.0,5003804672,18768292.0
2025-10-06 23:45:00+00:00,18759684.0,18763836.0,18745128.0,18763836.0,9784262656,18759684.0
2025-10-07 00:00:00+00:00,18789852.0,18789852.0,18757906.0,18758190.0,13550747648,18789852.0
2025-10-07 00:15:00+00:00,18770360.0,18795562.0,18770178.0,18793656.0,79218868224,18770360.0
2025-10-07 00:30:00+00:00,18784472.0,18787566.0,18773892.0,18774044.0,0,18784472.0
2025-10-07 00:45:00+00:00,18800164.0,18801570.0,18783546.0,18783546.0,0,18800164.0
2025-10-07 01:00:00+00:00,18812268.0,18829210.0,18800128.0,18800536.0,0,18812268.0
2025-10-07 01:15:00+00:00,18754608.0,18811350.0,18736706.0,18811350.0,271616835584,18754608.0
2025-10-07 01:30:00+00:00,18773344.0,18773344.0,18745144.0,18765574.0,119009181696,18773344.0
2025-10-07 01:45:00+00:00,18770066.0,18780076.0,18757820.0,18780076.0,195611852800,18770066.0
2025-10-07 02:00:00+00:00,18746942.0,18771932.0,18745050.0,18769300.0,140180979712,18746942.0
2025-10-07 02:15:00+00:00,18748548.0,18754996.0,18711774.0,18749740.0,183512334336,18748548.0
2025-10-07 02:30:00+00:00,18733840.0,18748600.0,18728444.0,18746368.0,11304697856,18733840.0
2025-10-07 02:45:00+00:00,18720302.0,18746332.0,18720302.0,18736870.0,0,18720302.0
2025-10-07 03:00:00+00:00,18737532.0,18737532.0,18715810.0,18721458.0,129471873024,18737532.0
2025-10-07 03:15:00+00:00,18685040.0,18736752.0,18679386.0,18736752.0,19020120064,18685040.0
2025-10-07 03:30:00+00:00,18693112.0,18701010.0,18681238.0,18686344.0,184381603840,18693112.0
2025-10-07 03:45:00+00:00,18701284.0,18703712.0,18692300.0,18692946.0,7038042112,18701284.0
2025-10-07 04:00:00+00:00,18669312.0,18699680.0,18669312.0,18699680.0,9338617856,18669312.0
2025-10-07 04:15:00+00:00,18706268.0,18707232.0,18664248.0,18666320.0,143294201856,18706268.0
2025-10-07 04:30:00+00:00,18735246.0,18748950.0,18704206.0,18704206.0,29120004096,18735246.0
2025-10-07 04:45:00+00:00,18738688.0,18746224.0,18737370.0,18737370.0,8611954688,18738688.0
2025-10-07 05:00:00+00:00,18739372.0,18739522.0,18710050.0,18739522.0,233948839936,18739372.0
2025-10-07 05:15:00+00:00,18750020.0,18750020.0,18727404.0,18737130.0,24291311616,18750020.0
2025-10-07 05:30:00+00:00,18753480.0,18753480.0,18733812.0,18737284.0,43849351168,18753480.0
2025-10-07 05:45:00+00:00,18718030.0,18752616.0,18717766.0,18752616.0,155574075392,18718030.0
2025-10-07 06:00:00+00:00,18742184.0,18748166.0,18722522.0,18722522.0,31531728896,18742184.0
2025-10-07 06:15:00+00:00,18691668.0,18734306.0,18691668.0,18732814.0,25640828928,18691668.0
2025-10-07 06:30:00+00:00,18665556.0,18696186.0,18664816.0,18696186.0,55682531328,18665556.0
2025-10-07 06:45:00+00:00,18672910.0,18681880.0,18664186.0,18664186.0,29560406016,18672910.0
2025-10-07 07:00:00+00:00,18669158.0,18687600.0,18669158.0,18674124.0,134800736256,18669158.0
2025-10-07 07:15:00+00:00,18639790.0,18660830.0,18636810.0,18660830.0,170946199552,18639790.0
2025-10-07 07:30:00+00:00,18635350.0,18653608.0,18622904.0,18648938.0,114265423872,18635350.0
2025-10-07 07:45:00+00:00,18633630.0,18639220.0,18632532.0,18639220.0,129494941696,18633630.0
2025-10-07 08:00:00+00:00,18613494.0,18634676.0,18610000.0,18634676.0,31908167680,18613494.0
2025-10-07 08:15:00+00:00,18639558.0,18645542.0,18597526.0,18617022.0,211509313536,18639558.0
2025-10-07 08:30:00+00:00,18665906.0,18666606.0,18613966.0,18640454.0,19962789888,18665906.0
2025-10-07 08:45:00+00:00,18692478.0,18704972.0,18665906.0,18665906.0,96130301952,18692478.0
2025-10-07 09:00:00+00:00,18722298.0,18722298.0,18686572.0,18686572.0,14547943424,18722298.0
2025-10-07 09:15:00+00:00,18720992.0,18730558.0,18712430.0,18721948.0,181383725056,18720992.0
2025-10-07 09:30:00+00:00,18718894.0,18739452.0,18718894.0,18719814.0,17701011456,18718894.0
2025-10-07 09:45:00+00:00,18731736.0,18731736.0,18715472.0,18719470.0,263163215872,18731736.0
2025-10-07 10:00:00+00:00,18740136.0,18740136.0,18710132.0,18728536.0,635437056,18740136.0
2025-10-07 10:15:00+00:00,18745274.0,18756414.0,18744448.0,18752140.0,103465091072,18745274.0
2025-10-07 10:30:00+00:00,18741294.0,18755110.0,18739088.0,18740646.0,248487346176,18741294.0
2025-10-07 10:45:00+00:00,18751724.0,18751724.0,18740654.0,18740654.0,386531328000,18751724.0
2025-10-07 11:00:00+00:00,18753668.0,18760390.0,18745816.0,18750150.0,346527105024,18753668.0
2025-10-07 11:15:00+00:00,18774536.0,18774536.0,18747680.0,18747680.0,12696158208,18774536.0
2025-10-07 11:30:00+00:00,18774382.0,18790356.0,18763446.0,18777284.0,0,18774382.0
2025-10-07 11:45:00+00:00,18788666.0,18800554.0,18773676.0,18773676.0,2609905664,18788666.0
2025-10-07 12:00:00+00:00,18795618.0,18799940.0,18788278.0,18790994.0,122897301504,18795618.0
2025-10-07 12:15:00+00:00,18787500.0,18800562.0,18784724.0,18797202.0,0,18787500.0
2025-10-07 12:30:00+00:00,18800588.0,18802990.0,18785960.0,18790330.0,4760535040,18800588.0
2025-10-07 12:45:00+00:00,18856670.0,18880356.0,18804366.0,18804366.0,43221254144,18856670.0
2025-10-07 13:00:00+00:00,18842830.0,18854482.0,18819270.0,18854482.0,29754392576,18842830.0
2025-10-07 13:15:00+00:00,18821660.0,18832726.0,18807688.0,18832726.0,135112163328,18821660.0
2025-10-07 13:30:00+00:00,18684846.0,18825756.0,18677442.0,18819378.0,119662444544,18684846.0
2025-10-07 13:45:00+00:00,18711764.0,18711764.0,18644102.0,18644102.0,201369583616,18711764.0
2025-10-07 14:00:00+00:00,18552334.0,18717256.0,18552334.0,18712960.0,78086406144,18552334.0
2025-10-07 14:15:00+00:00,18578638.0,18626370.0,18554378.0,18554378.0,93894737920,18578638.0
2025-10-07 14:30:00+00:00,18560338.0,18595340.0,18545322.0,18584674.0,75070701568,18560338.0
2025-10-07 14:45:00+00:00,18565374.0,18595532.0,18546664.0,18575662.0,172136333312,18565374.0
2025-10-07 15:00:00+00:00,18449440.0,18568896.0,18433212.0,18564112.0,351070584832,18449440.0
2025-10-07 15:15:00+00:00,18464596.0,18495520.0,18425168.0,18427168.0,148694368256,18464596.0
2025-10-07 15:30:00+00:00,18405446.0,18456140.0,18371544.0,18456140.0,318668537856,18405446.0
2025-10-07 15:45:00+00:00,18413192.0,18413192.0,18345516.0,18390394.0,206313619456,18413192.0
2025-10-07 16:00:00+00:00,18399842.0,18423454.0,18391726.0,18423418.0,266460987392,18399842.0
2025-10-07 16:15:00+00:00,18333200.0,18396558.0,18301686.0,18379928.0,198423085056,18333200.0
2025-10-07 16:30:00+00:00,18430094.0,18446848.0,18339490.0,18339490.0,310032465920,18430094.0
2025-10-07 16:45:00+00:00,18415910.0,18470106.0,18415910.0,18430364.0,244996636672,18415910.0
2025-10-07 17:00:00+00:00,18381716.0,18432706.0,18380250.0,18424836.0,164981899264,18381716.0
2025-10-07 17:15:00+00:00,18372170.0,18400946.0,18372170.0,18396544.0,1393557504,18372170.0
2025-10-07 17:30:00+00:00,18392086.0,18402612.0,18371068.0,18377662.0,110254620672,18392086.0
2025-10-07 17:45:00+00:00,18370586.0,18416062.0,18361546.0,18395228.0,168667643904,18370586.0
2025-10-07 18:00:00+00:00,18394260.0,18394260.0,18334846.0,18368226.0,214796599296,18394260.0
2025-10-07 18:15:00+00:00,18329790.0,18386926.0,18327692.0,18386926.0,18710790144,18329790.0
2025-10-07 18:30:00+00:00,18348528.0,18362338.0,18318832.0,18318832.0,383701221376,18348528.0
2025-10-07 18:45:00+00:00,18365232.0,18374408.0,18347254.0,18347254.0,96499400704,18365232.0
2025-10-07 19:00:00+00:00,18448674.0,18451068.0,18361518.0,18363490.0,38321258496,18448674.0
2025-10-07 19:15:00+00:00,18429744.0,18457130.0,18429744.0,18447276.0,154883063808,18429744.0
2025-10-07 19:30:00+00:00,18462900.0,18469190.0,18423466.0,18423466.0,47780462592,18462900.0
2025-10-07 19:45:00+00:00,18489422.0,18535974.0,18458530.0,18458530.0,0,18489422.0
2025-10-07 20:00:00+00:00,18577118.0,18577118.0,18493746.0,18493746.0,138936320000,18577118.0
2025-10-07 20:15:00+00:00,18567808.0,18569856.0,18555386.0,18558250.0,43699404800,18567808.0
2025-10-07 20:30:00+00:00,18561196.0,18577566.0,18557044.0,18575518.0,255113297920,18561196.0
2025-10-07 20:45:00+00:00,18554444.0,18568548.0,18554444.0,18562230.0,159502041088,18554444.0
2025-10-07 21:00:00+00:00,18548330.0,18570702.0,18522972.0,18530916.0,17472421888,18548330.0
2025-10-07 21:15:00+00:00,18572608.0,18572608.0,18547658.0,18547658.0,14580449280,18572608.0
2025-10-07 21:30:00+00:00,18525686.0,18578296.0,18523658.0,18578296.0,0,18525686.0
2025-10-07 21:45:00+00:00,18523770.0,18540072.0,18510856.0,18540072.0,252045164544,18523770.0
2025-10-07 22:00:00+00:00,18519824.0,18536096.0,18499190.0,18533278.0,152250089472,18519824.0
2025-10-07 22:15:00+00:00,18529164.0,18549748.0,18527980.0,18527980.0,171322638336,18529164.0
2025-10-07 22:30:00+00:00,18521782.0,18543804.0,18513640.0,18523928.0,14751367168,18521782.0
2025-10-07 22:45:00+00:00,18531366.0,18531446.0,18523910.0,18524276.0,152503844864,18531366.0
2025-10-07 23:00:00+00:00,18517588.0,18531052.0,18515822.0,18529128.0,149979922432,18517588.0
2025-10-07 23:15:00+00:00,18495398.0,18525516.0,18495398.0,18519682.0,21631074304,18495398.0
2025-10-07 23:30:00+00:00,18469558.0,18501454.0,18463514.0,18496160.0,31007440896,18469558.0
2025-10-07 23:45:00+00:00,18468476.0,18484370.0,18461680.0,18467766.0,51278512128,18468476.0
2025-10-08 00:00:00+00:00,18510614.0,18521982.0,18460342.0,18460342.0,466480005120,18510614.0
2025-10-08 00:15:00+00:00,18541892.0,18555808.0,18511890.0,18511890.0,71388102656,18541892.0
2025-10-08 00:30:00+00:00,18571028.0,18571028.0,18486728.0,18533548.0,323932389376,18571028.0
2025-10-08 00:45:00+00:00,18582276.0,18595112.0,18568332.0,18571862.0,234887315456,18582276.0
2025-10-08 01:00:00+00:00,18545190.0,18591868.0,18545190.0,18590580.0,273618567168,18545190.0
2025-10-08 01:15:00+00:00,18609730.0,18609730.0,18542214.0,18546144.0,174486192128,18609730.0
2025-10-08 01:30:00+00:00,18577426.0,18606088.0,18568436.0,18605788.0,0,18577426.0
2025-10-08 01:45:00+00:00,18613160.0,18614002.0,18575800.0,18575800.0,46756003840,18613160.0
2025-10-08 02:00:00+00:00,18615888.0,18624270.0,18600420.0,18620408.0,3955228672,18615888.0
2025-10-08 02:15:00+00:00,18648458.0,18648458.0,18611936.0,18611936.0,47775219712,18648458.0
2025-10-08 02:30:00+00:00,18592188.0,18644356.0,18592188.0,18644356.0,173397770240,18592188.0
2025-10-08 02:45:00+00:00,18620438.0,18622238.0,18586456.0,18592814.0,45625638912,18620438.0
2025-10-08 03:00:00+00:00,18578086.0,18619492.0,18578086.0,18619492.0,7465861120,18578086.0
2025-10-08 03:15:00+00:00,18538928.0,18586172.0,18532288.0,18584054.0,0,18538928.0
2025-10-08 03:30:00+00:00,18513964.0,18535768.0,18513106.0,18533874.0,107549294592,18513964.0
2025-10-08 03:45:00+00:00,18504932.0,18516288.0,18497974.0,18511130.0,71855767552,18504932.0
2025-10-08 04:00:00+00:00,18500990.0,18525364.0,18485028.0,18505796.0,230612271104,18500990.0
2025-10-08 04:15:00+00:00,18520824.0,18546692.0,18507570.0,18507570.0,54338256896,18520824.0
2025-10-08 04:30:00+00:00,18533088.0,18568894.0,18533088.0,18537924.0,172291522560,18533088.0
2025-10-08 04:45:00+00:00,18579878.0,18579878.0,18534736.0,18535364.0,134936002560,18579878.0
2025-10-08 05:00:00+00:00,18557966.0,18578692.0,18551144.0,18578692.0,9695133696,18557966.0
2025-10-08 05:15:00+00:00,18483528.0,18557680.0,18483528.0,18556354.0,184122605568,18483528.0
2025-10-08 05:30:00+00:00,18501636.0,18515130.0,18483578.0,18483578.0,200933376000,18501636.0
2025-10-08 05:45:00+00:00,18492272.0,18492272.0,18474134.0,18491810.0,39892025344,18492272.0
2025-10-08 06:00:00+00:00,18514136.0,18514136.0,18444258.0,18491016.0,175017820160,18514136.0
2025-10-08 06:15:00+00:00,18510482.0,18526608.0,18483112.0,18513620.0,160114409472,18510482.0
2025-10-08 06:30:00+00:00,18532956.0,18538618.0,18512216.0,18517752.0,0,18532956.0
2025-10-08 06:45:00+00:00,18559948.0,18566754.0,18536356.0,18536356.0,0,18559948.0
2025-10-08 07:00:00+00:00,18550834.0,18576236.0,18548318.0,18568016.0,70134005760,18550834.0
2025-10-08 07:15:00+00:00,18542600.0,18560352.0,18537792.0,18552038.0,166031523840,18542600.0
2025-10-08 07:30:00+00:00,18511104.0,18541048.0,18505836.0,18541048.0,16001269760,18511104.0
2025-10-08 07:45:00+00:00,18538064.0,18538064.0,18502548.0,18519848.0,168686518272,18538064.0
2025-10-08 08:00:00+00:00,18537556.0,18575420.0,18537556.0,18541794.0,0,18537556.0
2025-10-08 08:15:00+00:00,18583626.0,18594088.0,18536664.0,18536664.0,4715446272,18583626.0
2025-10-08 08:30:00+00:00,18732918.0,18732918.0,18579778.0,18582968.0,241884463104,18732918.0
2025-10-08 08:45:00+00:00,18701286.0,18741470.0,18700158.0,18741470.0,205537673216,18701286.0
2025-10-08 09:00:00+00:00,18725808.0,18740430.0,18704526.0,18704526.0,0,18725808.0
2025-10-08 09:15:00+00:00,18739330.0,18739798.0,18712016.0,18725592.0,156741140480,18739330.0
2025-10-08 09:30:00+00:00,18741210.0,18745876.0,18731840.0,18739724.0,21484273664,18741210.0
2025-10-08 09:45:00+00:00,18743632.0,18744246.0,18721206.0,18733932.0,157262282752,18743632.0
2025-10-08 10:00:00+00:00,18741966.0,18783252.0,18737126.0,18744102.0,23500685312,18741966.0
2025-10-08 10:15:00+00:00,18747098.0,18759100.0,18741666.0,18743282.0,143151595520,18747098.0
2025-10-08 10:30:00+00:00,18817372.0,18817372.0,18748704.0,18749950.0,44419776512,18817372.0
2025-10-08 10:45:00+00:00,18786920.0,18813750.0,18777704.0,18810774.0,81756422144,18786920.0
2025-10-08 11:00:00+00:00,18821264.0,18823606.0,18773912.0,18783128.0,100366548992,18821264.0
2025-10-08 11:15:00+00:00,18791438.0,18818354.0,18769984.0,18818354.0,165750505472,18791438.0
2025-10-08 11:30:00+00:00,18775654.0,18789632.0,18772764.0,18788568.0,62355668992,18775654.0
2025-10-08 11:45:00+00:00,18769344.0,18771734.0,18757300.0,18771734.0,143917056000,18769344.0
2025-10-08 12:00:00+00:00,18789866.0,18789866.0,18749380.0,18769102.0,11086594048,18789866.0
2025-10-08 12:15:00+00:00,18743880.0,18775336.0,18737232.0,18775336.0,385130430464,18743880.0
2025-10-08 12:30:00+00:00,18725152.0,18740278.0,18720534.0,18740278.0,0,18725152.0
2025-10-08 12:45:00+00:00,18702854.0,18730842.0,18694322.0,18723860.0,114454167552,18702854.0
2025-10-08 13:00:00+00:00,18687774.0,18722094.0,18675748.0,18702948.0,86346039296,18687774.0
2025-10-08 13:15:00+00:00,18694828.0,18709342.0,18694828.0,18706084.0,12306087936,18694828.0
2025-10-08 13:30:00+00:00,18624022.0,18712636.0,18624022.0,18681624.0,12841910272,18624022.0
2025-10-08 13:45:00+00:00,18691984.0,18691984.0,18588512.0,18588512.0,134601506816,18691984.0
2025-10-08 14:00:00+00:00,18746122.0,18806772.0,18714166.0,18714166.0,46609203200,18746122.0
2025-10-08 14:15:00+00:00,18711262.0,18785922.0,18705224.0,18741636.0,21081620480,18711262.0
2025-10-08 14:30:00+00:00,18675374.0,18736378.0,18660134.0,18715480.0,6971981824,18675374.0
2025-10-08 14:45:00+00:00,18640004.0,18698436.0,18638550.0,18667400.0,4866441216,18640004.0
2025-10-08 15:00:00+00:00,18713868.0,18713868.0,18649510.0,18649510.0,214906699776,18713868.0
2025-10-08 15:15:00+00:00,18701296.0,18705124.0,18666644.0,18698336.0,0,18701296.0
2025-10-08 15:30:00+00:00,18695396.0,18699134.0,18678332.0,18686654.0,0,18695396.0
2025-10-08 15:45:00+00:00,18665026.0,18691704.0,18636798.0,18691704.0,0,18665026.0
2025-10-08 16:00:00+00:00,18742418.0,18742418.0,18660630.0,18664464.0,57711525888,18742418.0
2025-10-08 16:15:00+00:00,18742086.0,18770420.0,18740274.0,18742330.0,14328791040,18742086.0
2025-10-08 16:30:00+00:00,18743162.0,18749874.0,18727616.0,18743280.0,0,18743162.0
2025-10-08 16:45:00+00:00,18808212.0,18808582.0,18747534.0,18747534.0,0,18808212.0
2025-10-08 17:00:00+00:00,18874066.0,18877454.0,18797336.0,18804264.0,43741347840,18874066.0
2025-10-08 17:15:00+00:00,18930410.0,18941108.0,18893012.0,18896374.0,57034145792,18930410.0
2025-10-08 17:30:00+00:00,18908272.0,18948368.0,18908272.0,18921840.0,59313750016,18908272.0
2025-10-08 17:45:00+00:00,18978062.0,18978610.0,18911306.0,18914450.0,13523484672,18978062.0
2025-10-08 18:00:00+00:00,18970276.0,18977982.0,18937542.0,18977982.0,57754517504,18970276.0
2025-10-08 18:15:00+00:00,18906910.0,18967008.0,18906910.0,18967008.0,160553762816,18906910.0
2025-10-08 18:30:00+00:00,18881360.0,18901836.0,18862362.0,18901836.0,148274937856,18881360.0
2025-10-08 18:45:00+00:00,18878988.0,18905958.0,18867848.0,18867848.0,227707715584,18878988.0
2025-10-08 19:00:00+00:00,18838270.0,18860996.0,18831568.0,18854954.0,0,18838270.0
2025-10-08 19:15:00+00:00,18883036.0,18883036.0,18823272.0,18837744.0,145003380736,18883036.0
2025-10-08 19:30:00+00:00,18857352.0,18898854.0,18856684.0,18881136.0,10594811904,18857352.0
2025-10-08 19:45:00+00:00,18859368.0,18873256.0,18853704.0,18870394.0,0,18859368.0
2025-10-08 20:00:00+00:00,18855478.0,18862708.0,18840552.0,18862708.0,137731506176,18855478.0
2025-10-08 20:15:00+00:00,18882592.0,18889592.0,18859572.0,18859572.0,0,18882592.0
2025-10-08 20:30:00+00:00,18839684.0,18877168.0,18837620.0,18877168.0,153976045568,18839684.0
2025-10-08 20:45:00+00:00,18800346.0,18838240.0,18800346.0,18838240.0,42818600960,18800346.0
2025-10-08 21:00:00+00:00,18793590.0,18809998.0,18766226.0,18789394.0,140195659776,18793590.0
2025-10-08 21:15:00+00:00,18827058.0,18831082.0,18802402.0,18802402.0,159484215296,18827058.0
2025-10-08 21:30:00+00:00,18825176.0,18828394.0,18817220.0,18825272.0,0,18825176.0
2025-10-08 21:45:00+00:00,18815456.0,18826896.0,18814836.0,18824542.0,134196756480,18815456.0
2025-10-08 22:00:00+00:00,18827960.0,18845532.0,18818706.0,18818706.0,0,18827960.0
2025-10-08 22:15:00+00:00,18822858.0,18832478.0,18822858.0,18826614.0,136316977152,18822858.0
2025-10-08 22:30:00+00:00,18826052.0,18830158.0,18821272.0,18822002.0,0,18826052.0
2025-10-08 22:45:00+00:00,18808960.0,18821986.0,18805522.0,18821986.0,141938393088,18808960.0
2025-10-08 23:00:00+00:00,18780668.0,18807576.0,18775718.0,18807576.0,13044285440,18780668.0
2025-10-08 23:15:00+00:00,18857882.0,18857882.0,18783012.0,18783012.0,168431714304,18857882.0
2025-10-08 23:30:00+00:00,18837638.0,18862170.0,18837638.0,18856074.0,250780581888,18837638.0
2025-10-08 23:45:00+00:00,18837686.0,18837848.0,18823994.0,18833466.0,229032067072,18837686.0
2025-10-09 00:00:00+00:00,18787656.0,18838528.0,18782538.0,18832110.0,0,18787656.0
2025-10-09 00:15:00+00:00,18790606.0,18805656.0,18787798.0,18787798.0,137151643648,18790606.0
2025-10-09 00:30:00+00:00,18770216.0,18789176.0,18749322.0,18789176.0,5966397440,18770216.0
2025-10-09 00:45:00+00:00,18778684.0,18784158.0,18770062.0,18770062.0,0,18778684.0
2025-10-09 01:00:00+00:00,18733874.0,18784824.0,18723554.0,18784824.0,91218771968,18733874.0
2025-10-09 01:15:00+00:00,18700666.0,18727660.0,18700666.0,18727660.0,0,18700666.0
2025-10-09 01:30:00+00:00,18672238.0,18688226.0,18665396.0,18688226.0,7159676928,18672238.0
2025-10-09 01:45:00+00:00,18696702.0,18697214.0,18660738.0,18660738.0,409394479104,18696702.0
2025-10-09 02:00:00+00:00,18654742.0,18697458.0,18634178.0,18697458.0,31851544576,18654742.0
2025-10-09 02:15:00+00:00,18623534.0,18663650.0,18623534.0,18656426.0,9704570880,18623534.0
2025-10-09 02:30:00+00:00,18565904.0,18627968.0,18565904.0,18618876.0,143888744448,18565904.0
2025-10-09 02:45:00+00:00,18542250.0,18571680.0,18534494.0,18562644.0,101542002688,18542250.0
2025-10-09 03:00:00+00:00,18590966.0,18598632.0,18547764.0,18547764.0,185824444416,18590966.0
2025-10-09 03:15:00+00:00,18608748.0,18628990.0,18598132.0,18598132.0,17097031680,18608748.0
2025-10-09 03:30:00+00:00,18605670.0,18619390.0,18605670.0,18611844.0,126922784768,18605670.0
2025-10-09 03:45:00+00:00,18616664.0,18617956.0,18597078.0,18597078.0,0,18616664.0
2025-10-09 04:00:00+00:00,18613848.0,18618510.0,18604268.0,18616430.0,133821366272,18613848.0
2025-10-09 04:15:00+00:00,18655330.0,18655336.0,18610740.0,18610740.0,0,18655330.0
2025-10-09 04:30:00+00:00,18624350.0,18656852.0,18624350.0,18656852.0,130043346944,18624350.0
2025-10-09 04:45:00+00:00,18623030.0,18629932.0,18618650.0,18624612.0,0,18623030.0
2025-10-09 05:00:00+00:00,18622644.0,18636994.0,18622644.0,18623190.0,0,18622644.0
2025-10-09 05:15:00+00:00,18604768.0,18604768.0,18595650.0,18600214.0,126706778112,18604768.0
2025-10-09 05:30:00+00:00,18609148.0,18631652.0,18605484.0,18611106.0,0,18609148.0
2025-10-09 05:45:00+00:00,18639958.0,18639958.0,18605300.0,18608118.0,152072880128,18639958.0
2025-10-09 06:00:00+00:00,18645842.0,18651950.0,18635144.0,18639958.0,0,18645842.0
2025-10-09 06:15:00+00:00,18685728.0,18685728.0,18648654.0,18648654.0,155428323328,18685728.0
2025-10-09 06:30:00+00:00,18698298.0,18698298.0,18680444.0,18683538.0,160538034176,18698298.0
2025-10-09 06:45:00+00:00,18662696.0,18706648.0,18662696.0,18700734.0,0,18662696.0
2025-10-09 07:00:00+00:00,18660754.0,18677434.0,18660148.0,18663294.0,0,18660754.0
2025-10-09 07:15:00+00:00,18654200.0,18673516.0,18654200.0,18654774.0,150312321024,18654200.0
2025-10-09 07:30:00+00:00,18658106.0,18665262.0,18646304.0,18654058.0,9940500480,18658106.0
2025-10-09 07:45:00+00:00,18666794.0,18681428.0,18645866.0,18656900.0,142080999424,18666794.0
2025-10-09 08:00:00+00:00,18652194.0,18673316.0,18641636.0,18664646.0,147441319936,18652194.0
2025-10-09 08:15:00+00:00,18567716.0,18632274.0,18567716.0,18625310.0,130384134144,18567716.0
2025-10-09 08:30:00+00:00,18563004.0,18619164.0,18553144.0,18563934.0,66060288,18563004.0
2025-10-09 08:45:00+00:00,18536166.0,18577780.0,18524486.0,18557274.0,17325621248,18536166.0
2025-10-09 09:00:00+00:00,18578940.0,18582336.0,18532006.0,18539946.0,155549958144,18578940.0
2025-10-09 09:15:00+00:00,18589700.0,18594574.0,18567010.0,18583522.0,477102080,18589700.0
2025-10-09 09:30:00+00:00,18578000.0,18597508.0,18578000.0,18588958.0,243697451008,18578000.0
2025-10-09 09:45:00+00:00,18586468.0,18588292.0,18568122.0,18568122.0,30731665408,18586468.0
2025-10-09 10:00:00+00:00,18595568.0,18603206.0,18577298.0,18587772.0,11473518592,18595568.0
2025-10-09 10:15:00+00:00,18578468.0,18602824.0,18574500.0,18596586.0,159180128256,18578468.0
2025-10-09 10:30:00+00:00,18665108.0,18678960.0,18587660.0,18587660.0,141557760,18665108.0
2025-10-09 10:45:00+00:00,18660500.0,18678740.0,18659716.0,18667088.0,15192817664,18660500.0
2025-10-09 11:00:00+00:00,18678048.0,18688262.0,18656786.0,18660500.0,161627504640,18678048.0
2025-10-09 11:15:00+00:00,18742206.0,18753332.0,18678846.0,18681818.0,166773915648,18742206.0
2025-10-09 11:30:00+00:00,18761522.0,18761522.0,18733330.0,18742976.0,128588972032,18761522.0
2025-10-09 11:45:00+00:00,18767076.0,18770970.0,18751348.0,18757252.0,57936969728,18767076.0
2025-10-09 12:00:00+00:00,18817238.0,18817238.0,18760552.0,18763200.0,189439934464,18817238.0
2025-10-09 12:15:00+00:00,18797884.0,18820064.0,18795814.0,18809356.0,1799356416,18797884.0
2025-10-09 12:30:00+00:00,18904448.0,18906184.0,18784074.0,18798290.0,150190686208,18904448.0
2025-10-09 12:45:00+00:00,18887510.0,18887724.0,18859680.0,18887724.0,171818614784,18887510.0
2025-10-09 13:00:00+00:00,18806350.0,18884666.0,18806350.0,18882318.0,53637808128,18806350.0
2025-10-09 13:15:00+00:00,18847758.0,18851814.0,18792924.0,18792924.0,230254706688,18847758.0
2025-10-09 13:30:00+00:00,18817766.0,18858886.0,18807164.0,18858886.0,174331002880,18817766.0
2025-10-09 13:45:00+00:00,18732332.0,18802330.0,18715056.0,18784508.0,131476750336,18732332.0
2025-10-09 14:00:00+00:00,18749386.0,18749386.0,18649356.0,18726948.0,97439973376,18749386.0
2025-10-09 14:15:00+00:00,18651518.0,18747774.0,18635426.0,18747774.0,173509967872,18651518.0
2025-10-09 14:30:00+00:00,18604960.0,18644910.0,18582744.0,18644910.0,119203168256,18604960.0
2025-10-09 14:45:00+00:00,18579744.0,18590462.0,18491226.0,18590462.0,223851053056,18579744.0
2025-10-09 15:00:00+00:00,18589282.0,18630666.0,18578422.0,18578422.0,226166308864,18589282.0
2025-10-09 15:15:00+00:00,18570148.0,18586678.0,18553284.0,18586678.0,88767201280,18570148.0
2025-10-09 15:30:00+00:00,18518222.0,18559902.0,18518222.0,18559902.0,372211974144,18518222.0
2025-10-09 15:45:00+00:00,18542518.0,18555884.0,18499870.0,18509204.0,63427313664,18542518.0
2025-10-09 16:00:00+00:00,18576716.0,18582358.0,18545376.0,18552236.0,158664228864,18576716.0
2025-10-09 16:15:00+00:00,18563872.0,18592024.0,18544826.0,18579436.0,154638745600,18563872.0
2025-10-09 16:30:00+00:00,18483980.0,18573852.0,18483980.0,18563176.0,206535917568,18483980.0
2025-10-09 16:45:00+00:00,18410924.0,18506826.0,18410924.0,18505946.0,266652876800,18410924.0
2025-10-09 17:00:00+00:00,18420492.0,18420492.0,18338368.0,18358640.0,439058694144,18420492.0
2025-10-09 17:15:00+00:00,18398388.0,18438432.0,18398108.0,18409032.0,53430190080,18398388.0
2025-10-09 17:30:00+00:00,18455990.0,18458470.0,18398312.0,18398976.0,200396505088,18455990.0
2025-10-09 17:45:00+00:00,18494116.0,18494116.0,18443806.0,18445726.0,54933848064,18494116.0
2025-10-09 18:00:00+00:00,18500712.0,18521284.0,18487092.0,18495566.0,211411795968,18500712.0
2025-10-09 18:15:00+00:00,18489728.0,18502868.0,18465726.0,18493412.0,64638418944,18489728.0
2025-10-09 18:30:00+00:00,18454682.0,18483736.0,18445656.0,18483736.0,85381349376,18454682.0
2025-10-09 18:45:00+00:00,18497400.0,18497400.0,18460620.0,18460620.0,79422291968,18497400.0
2025-10-09 19:00:00+00:00,18519002.0,18519002.0,18497400.0,18497400.0,86800072704,18519002.0
2025-10-09 19:15:00+00:00,18554484.0,18554484.0,18520654.0,18520654.0,7469006848,18554484.0
2025-10-09 19:30:00+00:00,18514110.0,18555520.0,18512784.0,18555142.0,154988969984,18514110.0
2025-10-09 19:45:00+00:00,18523632.0,18537758.0,18511684.0,18514864.0,41253076992,18523632.0
2025-10-09 20:00:00+00:00,18518736.0,18547426.0,18518736.0,18520982.0,91013251072,18518736.0
2025-10-09 20:15:00+00:00,18513810.0,18522440.0,18508840.0,18511922.0,75050778624,18513810.0
2025-10-09 20:30:00+00:00,18523072.0,18524530.0,18512436.0,18512436.0,144641622016,18523072.0
2025-10-09 20:45:00+00:00,18550834.0,18554292.0,18523904.0,18528480.0,5974786048,18550834.0
2025-10-09 21:00:00+00:00,18546906.0,18557032.0,18527548.0,18548706.0,151222484992,18546906.0
2025-10-09 21:15:00+00:00,18584778.0,18596822.0,18565378.0,18565378.0,86932193280,18584778.0
2025-10-09 21:30:00+00:00,18600814.0,18608616.0,18572778.0,18585570.0,148649279488,18600814.0
2025-10-09 21:45:00+00:00,18599056.0,18602250.0,18585146.0,18600226.0,26573012992,18599056.0
2025-10-09 22:00:00+00:00,18598198.0,18611240.0,18587562.0,18601662.0,152904400896,18598198.0
2025-10-09 22:15:00+00:00,18617166.0,18618594.0,18598502.0,18598502.0,35408314368,18617166.0
2025-10-09 22:30:00+00:00,18633118.0,18633118.0,18608952.0,18617794.0,141170835456,18633118.0
2025-10-09 22:45:00+00:00,18628544.0,18643188.0,18628544.0,18633316.0,58745421824,18628544.0
2025-10-09 23:00:00+00:00,18625822.0,18635302.0,18620742.0,18629796.0,212023115776,18625822.0
2025-10-09 23:15:00+00:00,18611004.0,18624672.0,18601136.0,18624672.0,46672117760,18611004.0
2025-10-09 23:30:00+00:00,18598716.0,18615666.0,18598716.0,18611526.0,134713704448,18598716.0
2025-10-09 23:45:00+00:00,18624470.0,18628192.0,18602652.0,18607742.0,30128734208,18624470.0
2025-10-10 00:00:00+00:00,18641442.0,18646504.0,18624760.0,18624760.0,17157849088,18641442.0
2025-10-10 00:15:00+00:00,18657414.0,18657414.0,18640564.0,18640564.0,0,18657414.0
2025-10-10 00:30:00+00:00,18650104.0,18664412.0,18650104.0,18664148.0,56252956672,18650104.0
2025-10-10 00:45:00+00:00,18638934.0,18647274.0,18633098.0,18642842.0,134996819968,18638934.0
2025-10-10 01:00:00+00:00,18632778.0,18648552.0,18632778.0,18634432.0,126814781440,18632778.0
2025-10-10 01:15:00+00:00,18631124.0,18631124.0,18618314.0,18629328.0,2954887168,18631124.0
2025-10-10 01:30:00+00:00,18605644.0,18645506.0,18603808.0,18630638.0,18209570816,18605644.0
2025-10-10 01:45:00+00:00,18627574.0,18630964.0,18602518.0,18603868.0,418076688384,18627574.0
2025-10-10 02:00:00+00:00,18561882.0,18622316.0,18561882.0,18622316.0,331150786560,18561882.0
2025-10-10 02:15:00+00:00,18560244.0,18573784.0,18553000.0,18559320.0,286722621440,18560244.0
2025-10-10 02:30:00+00:00,18553484.0,18564632.0,18535128.0,18564632.0,127169200128,18553484.0
2025-10-10 02:45:00+00:00,18516886.0,18556186.0,18514434.0,18555592.0,0,18516886.0
2025-10-10 03:00:00+00:00,18509738.0,18526466.0,18500224.0,18519648.0,177004871680,18509738.0
2025-10-10 03:15:00+00:00,18570422.0,18570422.0,18514102.0,18514102.0,129108017152,18570422.0
2025-10-10 03:30:00+00:00,18568300.0,18577732.0,18564176.0,18570340.0,36008099840,18568300.0
2025-10-10 03:45:00+00:00,18497116.0,18576582.0,18497116.0,18568586.0,179886358528,18497116.0
2025-10-10 04:00:00+00:00,18532960.0,18532960.0,18497586.0,18500910.0,7267680256,18532960.0
2025-10-10 04:15:00+00:00,18528160.0,18543692.0,18519866.0,18540542.0,40058748928,18528160.0
2025-10-10 04:30:00+00:00,18514940.0,18542534.0,18508920.0,18530602.0,123730919424,18514940.0
2025-10-10 04:45:00+00:00,18530256.0,18533060.0,18512238.0,18512794.0,191608389632,18530256.0
2025-10-10 05:00:00+00:00,18501290.0,18527080.0,18491490.0,18526748.0,25487736832,18501290.0
2025-10-10 05:15:00+00:00,18544906.0,18555994.0,18502966.0,18502966.0,687865856,18544906.0
2025-10-10 05:30:00+00:00,18564764.0,18564764.0,18529518.0,18550130.0,29045555200,18564764.0
2025-10-10 05:45:00+00:00,18589800.0,18589800.0,18560054.0,18560054.0,59104034816,18589800.0
2025-10-10 06:00:00+00:00,18589436.0,18615422.0,18586292.0,18586292.0,31327256576,18589436.0
2025-10-10 06:15:00+00:00,18593050.0,18612264.0,18591520.0,18593102.0,161152499712,18593050.0
2025-10-10 06:30:00+00:00,18592742.0,18595676.0,18541684.0,18588490.0,132520083456,18592742.0
2025-10-10 06:45:00+00:00,18531262.0,18598888.0,18513360.0,18587538.0,122273398784,18531262.0
2025-10-10 07:00:00+00:00,18529416.0,18529534.0,18505080.0,18520648.0,47614787584,18529416.0
2025-10-10 07:15:00+00:00,18555372.0,18558114.0,18515694.0,18526798.0,45748322304,18555372.0
2025-10-10 07:30:00+00:00,18519982.0,18557642.0,18517600.0,18557392.0,158672617472,18519982.0
2025-10-10 07:45:00+00:00,18496472.0,18520562.0,18496472.0,18518638.0,209313595392,18496472.0
2025-10-10 08:00:00+00:00,18512100.0,18529550.0,18490708.0,18501914.0,50006589440,18512100.0
2025-10-10 08:15:00+00:00,18523086.0,18523086.0,18508280.0,18508280.0,0,18523086.0
2025-10-10 08:30:00+00:00,18520210.0,18533846.0,18518624.0,18520106.0,114978455552,18520210.0
2025-10-10 08:45:00+00:00,18573468.0,18573468.0,18526100.0,18526100.0,0,18573468.0
2025-10-10 09:00:00+00:00,18562862.0,18579628.0,18559086.0,18572126.0,17400070144,18562862.0
2025-10-10 09:15:00+00:00,18602628.0,18608774.0,18558844.0,18567408.0,0,18602628.0
2025-10-10 09:30:00+00:00,18605924.0,18611580.0,18598410.0,18607406.0,14907604992,18605924.0
2025-10-10 09:45:00+00:00,18549992.0,18608014.0,18544504.0,18608014.0,168296448000,18549992.0
2025-10-10 10:00:00+00:00,18545756.0,18551122.0,18542576.0,18546640.0,0,18545756.0
2025-10-10 10:15:00+00:00,18534746.0,18552462.0,18532140.0,18539876.0,21315452928,18534746.0
2025-10-10 10:30:00+00:00,18530510.0,18537578.0,18524120.0,18534640.0,127265669120,18530510.0
2025-10-10 10:45:00+00:00,18561020.0,18563748.0,18532044.0,18532044.0,14070841344,18561020.0
2025-10-10 11:00:00+00:00,18570852.0,18588550.0,18562718.0,18562718.0,35270950912,18570852.0
2025-10-10 11:15:00+00:00,18551280.0,18572600.0,18546012.0,18569244.0,100693704704,18551280.0
2025-10-10 11:30:00+00:00,18545736.0,18570180.0,18545736.0,18551746.0,0,18545736.0
2025-10-10 11:45:00+00:00,18563650.0,18572182.0,18543840.0,18546924.0,2415919104,18563650.0
2025-10-10 12:00:00+00:00,18545688.0,18574792.0,18545688.0,18562324.0,0,18545688.0
2025-10-10 12:15:00+00:00,18551688.0,18551830.0,18539316.0,18544656.0,113798807552,18551688.0
2025-10-10 12:30:00+00:00,18534958.0,18559176.0,18534958.0,18552510.0,0,18534958.0
2025-10-10 12:45:00+00:00,18555190.0,18555190.0,18535708.0,18535708.0,0,18555190.0
2025-10-10 13:00:00+00:00,18591974.0,18612882.0,18556094.0,18556094.0,0,18591974.0
2025-10-10 13:15:00+00:00,18620920.0,18632778.0,18582670.0,18596628.0,32797360128,18620920.0
2025-10-10 13:30:00+00:00,18689650.0,18699508.0,18607558.0,18622584.0,230825132032,18689650.0
2025-10-10 13:45:00+00:00,18573046.0,18654724.0,18540076.0,18652870.0,226139045888,18573046.0
2025-10-10 14:00:00+00:00,18578090.0,18628640.0,18561350.0,18584856.0,0,18578090.0
2025-10-10 14:15:00+00:00,18514782.0,18568570.0,18501320.0,18568570.0,2031091712,18514782.0
2025-10-10 14:30:00+00:00,18524772.0,18537222.0,18505248.0,18512188.0,337915150336,18524772.0
2025-10-10 14:45:00+00:00,18490618.0,18527816.0,18490618.0,18527192.0,0,18490618.0
2025-10-10 15:00:00+00:00,18314688.0,18488872.0,18273888.0,18488872.0,282680360960,18314688.0
2025-10-10 15:15:00+00:00,18159032.0,18317394.0,18106400.0,18314688.0,304591405056,18159032.0
2025-10-10 15:30:00+00:00,18081264.0,18126836.0,17986048.0,18126836.0,510641831936,18081264.0
2025-10-10 15:45:00+00:00,18094378.0,18150148.0,18067858.0,18113572.0,177551179776,18094378.0
2025-10-10 16:00:00+00:00,18083472.0,18121396.0,18046850.0,18089216.0,257441136640,18083472.0
2025-10-10 16:15:00+00:00,18135412.0,18135412.0,18055530.0,18080140.0,165239848960,18135412.0
2025-10-10 16:30:00+00:00,18104798.0,18157896.0,18104798.0,18139560.0,390309347328,18104798.0
2025-10-10 16:45:00+00:00,17976774.0,18082450.0,17976774.0,18078144.0,1120927744,17976774.0
2025-10-10 17:00:00+00:00,17909068.0,17982760.0,17878362.0,17974918.0,438476734464,17909068.0
2025-10-10 17:15:00+00:00,17946672.0,17946776.0,17873330.0,17908086.0,64471695360,17946672.0
2025-10-10 17:30:00+00:00,17910014.0,17955176.0,17903446.0,17955176.0,196200103936,17910014.0
2025-10-10 17:45:00+00:00,17873738.0,17910802.0,17867142.0,17910014.0,165686542336,17873738.0
2025-10-10 18:00:00+00:00,17855020.0,17881540.0,17851288.0,17881540.0,136514109440,17855020.0
2025-10-10 18:15:00+00:00,17880712.0,17887304.0,17852702.0,17852702.0,220853174272,17880712.0
2025-10-10 18:30:00+00:00,17832632.0,17866358.0,17826500.0,17866358.0,47752151040,17832632.0
2025-10-10 18:45:00+00:00,17797940.0,17842808.0,17794612.0,17837018.0,256738590720,17797940.0
2025-10-10 19:00:00+00:00,17748056.0,17804514.0,17724912.0,17797954.0,266775560192,17748056.0
2025-10-10 19:15:00+00:00,17673320.0,17748140.0,17635562.0,17748140.0,290544680960,17673320.0
2025-10-10 19:30:00+00:00,17712642.0,17712642.0,17595066.0,17654292.0,293869715456,17712642.0
2025-10-10 19:45:00+00:00,17703944.0,17753672.0,17703944.0,17719376.0,407695785984,17703944.0
2025-10-10 20:00:00+00:00,17718156.0,17723640.0,17687298.0,17704896.0,53219426304,17718156.0
2025-10-10 20:15:00+00:00,17764088.0,17764088.0,17707914.0,17716250.0,38815137792,17764088.0
2025-10-10 20:30:00+00:00,17743052.0,17763932.0,17723242.0,17763932.0,178478120960,17743052.0
2025-10-10 20:45:00+00:00,17314278.0,17761740.0,17241566.0,17752262.0,155506966528,17314278.0
2025-10-10 21:00:00+00:00,16875718.0,17403470.0,16875718.0,17274120.0,1485856309248,16875718.0
2025-10-10 21:15:00+00:00,16491518.0,16943890.0,15868395.0,16875718.0,2052148166656,16491518.0
2025-10-10 21:30:00+00:00,16925230.0,16939884.0,16475602.0,16491518.0,1464711774208,16925230.0
2025-10-10 21:45:00+00:00,17226838.0,17226838.0,16870454.0,16925230.0,1153698889728,17226838.0
2025-10-10 22:00:00+00:00,17211472.0,17234636.0,17023356.0,17234636.0,793054806016,17211472.0
2025-10-10 22:15:00+00:00,17023492.0,17208298.0,17023492.0,17208298.0,773712773120,17023492.0
2025-10-10 22:30:00+00:00,17221114.0,17221114.0,17042728.0,17042728.0,688283189248,17221114.0
2025-10-10 22:45:00+00:00,17232168.0,17327288.0,17208668.0,17219896.0,590998405120,17232168.0
2025-10-10 23:00:00+00:00,17111102.0,17235746.0,17108468.0,17224670.0,550642909184,17111102.0
2025-10-10 23:15:00+00:00,17227862.0,17227862.0,17115998.0,17129610.0,299064360960,17227862.0
2025-10-10 23:30:00+00:00,17333622.0,17366912.0,17230786.0,17230786.0,504744640512,17333622.0
2025-10-10 23:45:00+00:00,17120784.0,17355456.0,17096368.0,17355456.0,712897462272,17120784.0
2025-10-11 00:00:00+00:00,17032918.0,17091686.0,17021088.0,17082100.0,375058857984,17032918.0
2025-10-11 00:15:00+00:00,16995590.0,17028338.0,16918048.0,17028338.0,358979993600,16995590.0
2025-10-11 00:30:00+00:00,17056776.0,17056776.0,16974872.0,16997612.0,242309136384,17056776.0
2025-10-11 00:45:00+00:00,17049154.0,17128666.0,17049154.0,17054884.0,379804712960,17049154.0
2025-10-11 01:00:00+00:00,16960516.0,17041368.0,16960516.0,17041368.0,426759946240,16960516.0
2025-10-11 01:15:00+00:00,16843056.0,16958032.0,16843056.0,16956002.0,341753987072,16843056.0
2025-10-11 01:30:00+00:00,16859186.0,16958910.0,16839456.0,16843056.0,561392910336,16859186.0
2025-10-11 01:45:00+00:00,16919924.0,16919924.0,16842958.0,16859186.0,426602659840,16919924.0
2025-10-11 02:00:00+00:00,16891260.0,16997812.0,16886264.0,16909290.0,223256510464,16891260.0
2025-10-11 02:15:00+00:00,17005274.0,17008110.0,16915038.0,16915038.0,448937328640,17005274.0
2025-10-11 02:30:00+00:00,17094160.0,17094160.0,16977556.0,16977556.0,447360270336,17094160.0
2025-10-11 02:45:00+00:00,17128744.0,17143344.0,17121136.0,17123758.0,298334552064,17128744.0
2025-10-11 03:00:00+00:00,16990758.0,17147322.0,16988290.0,17134150.0,409059983360,16990758.0
2025-10-11 03:15:00+00:00,16947636.0,17005580.0,16947636.0,17005580.0,97781809152,16947636.0
2025-10-11 03:30:00+00:00,16940912.0,16969246.0,16932374.0,16939374.0,299500568576,16940912.0
2025-10-11 03:45:00+00:00,16998172.0,16998172.0,16939174.0,16941882.0,88006983680,16998172.0
2025-10-11 04:00:00+00:00,17022996.0,17022996.0,16977476.0,16986526.0,264306163712,17022996.0
2025-10-11 04:15:00+00:00,17064984.0,17125690.0,17024388.0,17024388.0,223533334528,17064984.0
2025-10-11 04:30:00+00:00,16955040.0,17078722.0,16915974.0,17062968.0,460138217472,16955040.0
2025-10-11 04:45:00+00:00,17094046.0,17094240.0,16949822.0,16949822.0,182672424960,17094046.0
2025-10-11 05:00:00+00:00,17147974.0,17147974.0,17055014.0,17094242.0,504769806336,17147974.0
2025-10-11 05:15:00+00:00,16966984.0,17149236.0,16962798.0,17149236.0,515926654976,16966984.0
2025-10-11 05:30:00+00:00,16960362.0,16990450.0,16959372.0,16959372.0,301406879744,16960362.0
2025-10-11 05:45:00+00:00,17023676.0,17030618.0,16960050.0,16960050.0,232821620736,17023676.0
2025-10-11 06:00:00+00:00,16998644.0,17039836.0,16975826.0,17021522.0,192556302336,16998644.0
2025-10-11 06:15:00+00:00,17062172.0,17062172.0,17003388.0,17003388.0,29762781184,17062172.0
2025-10-11 06:30:00+00:00,16977256.0,17062172.0,16974396.0,17062172.0,147977142272,16977256.0
2025-10-11 06:45:00+00:00,16958810.0,16997948.0,16958810.0,16973392.0,26847739904,16958810.0
2025-10-11 07:00:00+00:00,16864268.0,16966034.0,16835212.0,16966034.0,183700029440,16864268.0
2025-10-11 07:15:00+00:00,16797414.0,16873046.0,16793370.0,16873046.0,695145070592,16797414.0
2025-10-11 07:30:00+00:00,16738325.0,16797790.0,16738325.0,16773978.0,274770952192,16738325.0
2025-10-11 07:45:00+00:00,16679937.0,16749167.0,16679937.0,16749167.0,202756849664,16679937.0
2025-10-11 08:00:00+00:00,16679845.0,16728721.0,16679845.0,16699641.0,166799081472,16679845.0
2025-10-11 08:15:00+00:00,16785216.0,16856400.0,16691470.0,16691470.0,301314605056,16785216.0
2025-10-11 08:30:00+00:00,16833326.0,16835396.0,16767147.0,16798460.0,169814786048,16833326.0
2025-10-11 08:45:00+00:00,16862826.0,16872008.0,16833670.0,16833670.0,226588884992,16862826.0
2025-10-11 09:00:00+00:00,16875918.0,16893902.0,16845278.0,16862826.0,268357861376,16875918.0
2025-10-11 09:15:00+00:00,16902894.0,16923086.0,16874036.0,16875918.0,166734069760,16902894.0
2025-10-11 09:30:00+00:00,16924728.0,16924728.0,16887738.0,16909822.0,201746022400,16924728.0
2025-10-11 09:45:00+00:00,16903582.0,16924728.0,16897084.0,16924728.0,376747065344,16903582.0
2025-10-11 10:00:00+00:00,16937712.0,16939574.0,16902216.0,16902216.0,71179436032,16937712.0
2025-10-11 10:15:00+00:00,16962124.0,16964414.0,16925736.0,16938380.0,261428871168,16962124.0
2025-10-11 10:30:00+00:00,16954904.0,16989504.0,16952824.0,16977858.0,249915506688,16954904.0
2025-10-11 10:45:00+00:00,16966912.0,16976800.0,16952516.0,16954904.0,388361093120,16966912.0
2025-10-11 11:00:00+00:00,16948644.0,16966044.0,16941086.0,16965716.0,216881168384,16948644.0
2025-10-11 11:15:00+00:00,16991326.0,16991326.0,16905498.0,16950570.0,300389761024,16991326.0
2025-10-11 11:30:00+00:00,16997118.0,17000510.0,16984950.0,16996278.0,78146174976,16997118.0
2025-10-11 11:45:00+00:00,16987014.0,17000056.0,16973470.0,16998384.0,330525835264,16987014.0
2025-10-11 12:00:00+00:00,16960630.0,16995022.0,16958746.0,16992668.0,378034716672,16960630.0
2025-10-11 12:15:00+00:00,17010714.0,17010714.0,16960362.0,16960362.0,31270633472,17010714.0
2025-10-11 12:30:00+00:00,16998118.0,17020206.0,16985502.0,17009554.0,435406503936,16998118.0
2025-10-11 12:45:00+00:00,17001932.0,17001932.0,16978760.0,16994786.0,336106356736,17001932.0
2025-10-11 13:00:00+00:00,17008662.0,17013104.0,16985050.0,17001932.0,96917782528,17008662.0
2025-10-11 13:15:00+00:00,16999210.0,17027224.0,16997210.0,17011966.0,64621641728,16999210.0
2025-10-11 13:30:00+00:00,16975324.0,17001618.0,16941250.0,16999210.0,17876123648,16975324.0
2025-10-11 13:45:00+00:00,16988120.0,16998322.0,16972620.0,16975324.0,139932467200,16988120.0
2025-10-11 14:00:00+00:00,16979612.0,17002722.0,16979612.0,16995750.0,0,16979612.0
2025-10-11 14:15:00+00:00,16954252.0,16984146.0,16947642.0,16980352.0,97534345216,16954252.0
2025-10-11 14:30:00+00:00,16968354.0,16974146.0,16947008.0,16955886.0,137959047168,16968354.0
2025-10-11 14:45:00+00:00,16942580.0,16968354.0,16940036.0,16968354.0,154058883072,16942580.0
2025-10-11 15:00:00+00:00,17004286.0,17004286.0,16942580.0,16942580.0,13589544960,17004286.0
2025-10-11 15:15:00+00:00,16983230.0,17005086.0,16983170.0,16991918.0,0,16983230.0
2025-10-11 15:30:00+00:00,16949534.0,16988090.0,16949438.0,16986820.0,0,16949534.0
2025-10-11 15:45:00+00:00,16930104.0,16957536.0,16930104.0,16943476.0,0,16930104.0
2025-10-11 16:00:00+00:00,16964236.0,16964236.0,16925068.0,16925068.0,22223519744,16964236.0
2025-10-11 16:15:00+00:00,16938510.0,16960040.0,16937612.0,16960040.0,0,16938510.0
2025-10-11 16:30:00+00:00,16882674.0,16937764.0,16878320.0,16937764.0,0,16882674.0
2025-10-11 16:45:00+00:00,16930800.0,16934314.0,16874496.0,16891184.0,156200075264,16930800.0
2025-10-11 17:00:00+00:00,16957954.0,16957954.0,16913368.0,16924988.0,0,16957954.0
2025-10-11 17:15:00+00:00,16968442.0,16976952.0,16957860.0,16958700.0,0,16968442.0
2025-10-11 17:30:00+00:00,16956452.0,16974824.0,16952080.0,16968386.0,111975333888,16956452.0
2025-10-11 17:45:00+00:00,16941914.0,16957262.0,16934312.0,16956452.0,282712866816,16941914.0
2025-10-11 18:00:00+00:00,16932008.0,16954698.0,16932008.0,16950772.0,171056300032,16932008.0
2025-10-11 18:15:00+00:00,16940214.0,16945522.0,16934158.0,16934158.0,80014737408,16940214.0
2025-10-11 18:30:00+00:00,16942930.0,16950864.0,16930890.0,16937744.0,12106858496,16942930.0
2025-10-11 18:45:00+00:00,16943906.0,16945894.0,16933776.0,16943084.0,121521569792,16943906.0
2025-10-11 19:00:00+00:00,16880302.0,16952258.0,16880302.0,16946306.0,0,16880302.0
2025-10-11 19:15:00+00:00,16853730.0,16887650.0,16812470.0,16886254.0,0,16853730.0
2025-10-11 19:30:00+00:00,16814494.0,16866614.0,16812504.0,16866614.0,0,16814494.0
2025-10-11 19:45:00+00:00,16822316.0,16830974.0,16791720.0,16815958.0,115163004928,16822316.0
2025-10-11 20:00:00+00:00,16782408.0,16847628.0,16775214.0,16816806.0,203786551296,16782408.0
2025-10-11 20:15:00+00:00,16740855.0,16782408.0,16740787.0,16782408.0,584136523776,16740855.0
2025-10-11 20:30:00+00:00,16706880.0,16740928.0,16706327.0,16723790.0,150271426560,16706880.0
2025-10-11 20:45:00+00:00,16693766.0,16768549.0,16624260.0,16715328.0,702545920,16693766.0
2025-10-11 21:00:00+00:00,16643890.0,16703834.0,16603898.0,16693766.0,119382474752,16643890.0
2025-10-11 21:15:00+00:00,16773459.0,16773459.0,16666935.0,16666935.0,0,16773459.0
2025-10-11 21:30:00+00:00,16767544.0,16787272.0,16747435.0,16774277.0,0,16767544.0
2025-10-11 21:45:00+00:00,16791112.0,16809796.0,16773773.0,16773773.0,182431252480,16791112.0
2025-10-11 22:00:00+00:00,16807094.0,16820706.0,16775380.0,16789504.0,0,16807094.0
2025-10-11 22:15:00+00:00,16783904.0,16807556.0,16759542.0,16807556.0,12618563584,16783904.0
2025-10-11 22:30:00+00:00,16818544.0,16838884.0,16795272.0,16797784.0,6601834496,16818544.0
2025-10-11 22:45:00+00:00,16818996.0,16842220.0,16813940.0,16818544.0,84009811968,16818996.0
2025-10-11 23:00:00+00:00,16788994.0,16810496.0,16765679.0,16807630.0,4531945472,16788994.0
2025-10-11 23:15:00+00:00,16792478.0,16799800.0,16760821.0,16788630.0,0,16792478.0
2025-10-11 23:30:00+00:00,16781942.0,16798928.0,16767523.0,16792478.0,0,16781942.0
2025-10-11 23:45:00+00:00,16755247.0,16781498.0,16746157.0,16763601.0,78145126400,16755247.0
2025-10-12 00:00:00+00:00,16707441.0,16754147.0,16699272.0,16754147.0,42476765184,16707441.0
2025-10-12 00:15:00+00:00,16643528.0,16710179.0,16643528.0,16707441.0,97891909632,16643528.0
2025-10-12 00:30:00+00:00,16612439.0,16702517.0,16612439.0,16631232.0,104504229888,16612439.0
2025-10-12 00:45:00+00:00,16595111.0,16629126.0,16595111.0,16619800.0,62140710912,16595111.0
2025-10-12 01:00:00+00:00,16633285.0,16644221.0,16592440.0,16592440.0,214853222400,16633285.0
2025-10-12 01:15:00+00:00,16623366.0,16663361.0,16617897.0,16644799.0,0,16623366.0
2025-10-12 01:30:00+00:00,16628078.0,16676481.0,16628078.0,16637421.0,171518722048,16628078.0
2025-10-12 01:45:00+00:00,16635131.0,16683277.0,16635131.0,16646475.0,88803901440,16635131.0
2025-10-12 02:00:00+00:00,16647419.0,16680544.0,16628943.0,16628943.0,94085578752,16647419.0
2025-10-12 02:15:00+00:00,16721562.0,16721562.0,16673636.0,16673636.0,0,16721562.0
2025-10-12 02:30:00+00:00,16644923.0,16733103.0,16644923.0,16719454.0,64993886208,16644923.0
2025-10-12 02:45:00+00:00,16629510.0,16681503.0,16590657.0,16644923.0,75576115200,16629510.0
2025-10-12 03:00:00+00:00,16764748.0,16834254.0,16651907.0,16651907.0,246676455424,16764748.0
2025-10-12 03:15:00+00:00,16804650.0,16805596.0,16735297.0,16750114.0,0,16804650.0
2025-10-12 03:30:00+00:00,16800446.0,16825328.0,16786334.0,16804650.0,142189002752,16800446.0
2025-10-12 03:45:00+00:00,16748598.0,16798012.0,16747962.0,16798012.0,120401690624,16748598.0
2025-10-12 04:00:00+00:00,16801496.0,16807118.0,16748610.0,16749549.0,120423710720,16801496.0
2025-10-12 04:15:00+00:00,16818724.0,16828252.0,16806122.0,16807722.0,18658361344,16818724.0
2025-10-12 04:30:00+00:00,16848074.0,16848074.0,16818724.0,16818724.0,83771785216,16848074.0
2025-10-12 04:45:00+00:00,16867844.0,16931898.0,16853118.0,16853118.0,233435037696,16867844.0
2025-10-12 05:00:00+00:00,16845334.0,16873714.0,16836122.0,16873714.0,65041072128,16845334.0
2025-10-12 05:15:00+00:00,16874506.0,16874506.0,16844628.0,16844628.0,128102432768,16874506.0
2025-10-12 05:30:00+00:00,16873842.0,16887514.0,16867754.0,16875072.0,4302307328,16873842.0
2025-10-12 05:45:00+00:00,16908334.0,16908628.0,16872404.0,16872404.0,0,16908334.0
2025-10-12 06:00:00+00:00,16921876.0,16921876.0,16897864.0,16906102.0,41986031616,16921876.0
2025-10-12 06:15:00+00:00,16934364.0,16955034.0,16910078.0,16922460.0,53872689152,16934364.0
2025-10-12 06:30:00+00:00,16907652.0,16934536.0,16901980.0,16934364.0,113483186176,16907652.0
2025-10-12 06:45:00+00:00,16914916.0,16930118.0,16909310.0,16909310.0,36583768064,16914916.0
2025-10-12 07:00:00+00:00,16896754.0,16909216.0,16894288.0,16909216.0,48825892864,16896754.0
2025-10-12 07:15:00+00:00,16896046.0,16935990.0,16886416.0,16886416.0,0,16896046.0
2025-10-12 07:30:00+00:00,16891420.0,16895136.0,16879498.0,16893702.0,71721549824,16891420.0
2025-10-12 07:45:00+00:00,16878272.0,16897352.0,16874728.0,16891420.0,0,16878272.0
2025-10-12 08:00:00+00:00,16874062.0,16899410.0,16874062.0,16878272.0,2728394752,16874062.0
2025-10-12 08:15:00+00:00,16914502.0,16914502.0,16875682.0,16875682.0,0,16914502.0
2025-10-12 08:30:00+00:00,16900680.0,16908238.0,16894282.0,16908238.0,84195409920,16900680.0
2025-10-12 08:45:00+00:00,16847156.0,16895666.0,16847156.0,16895666.0,195357048832,16847156.0
2025-10-12 09:00:00+00:00,16826104.0,16847156.0,16821160.0,16847156.0,0,16826104.0
2025-10-12 09:15:00+00:00,16839168.0,16855046.0,16826452.0,16826452.0,0,16839168.0
2025-10-12 09:30:00+00:00,16881906.0,16881906.0,16839446.0,16839446.0,119779885056,16881906.0
2025-10-12 09:45:00+00:00,16918440.0,16918440.0,16875248.0,16881906.0,248103567360,16918440.0
2025-10-12 10:00:00+00:00,16914024.0,16932748.0,16904138.0,16919728.0,282030243840,16914024.0
2025-10-12 10:15:00+00:00,16887624.0,16918542.0,16879906.0,16918542.0,0,16887624.0
2025-10-12 10:30:00+00:00,16879590.0,16886840.0,16864828.0,16886840.0,0,16879590.0
2025-10-12 10:45:00+00:00,16895388.0,16896502.0,16878354.0,16879590.0,160090292224,16895388.0
2025-10-12 11:00:00+00:00,16928816.0,16928816.0,16877664.0,16892448.0,55553556480,16928816.0
2025-10-12 11:15:00+00:00,16895014.0,16921834.0,16878096.0,16921834.0,92420440064,16895014.0
2025-10-12 11:30:00+00:00,16941234.0,16944294.0,16893056.0,16897892.0,173458587648,16941234.0
2025-10-12 11:45:00+00:00,16910138.0,16941234.0,16910138.0,16941234.0,19978518528,16910138.0
2025-10-12 12:00:00+00:00,16958396.0,16965856.0,16914254.0,16914254.0,0,16958396.0
2025-10-12 12:15:00+00:00,16940340.0,16973138.0,16936894.0,16943168.0,129098579968,16940340.0
2025-10-12 12:30:00+00:00,16907356.0,16942750.0,16904450.0,16940340.0,179522502656,16907356.0
2025-10-12 12:45:00+00:00,16903800.0,16939978.0,16888466.0,16907426.0,210501632000,16903800.0
2025-10-12 13:00:00+00:00,16930246.0,16930246.0,16888582.0,16908528.0,267991908352,16930246.0
2025-10-12 13:15:00+00:00,16882050.0,16929228.0,16880618.0,16927986.0,164280401920,16882050.0
2025-10-12 13:30:00+00:00,16903268.0,16934544.0,16867286.0,16887530.0,217370853376,16903268.0
2025-10-12 13:45:00+00:00,16853624.0,16910524.0,16843918.0,16910524.0,209318838272,16853624.0
2025-10-12 14:00:00+00:00,16849910.0,16884958.0,16829406.0,16884958.0,115648495616,16849910.0
2025-10-12 14:15:00+00:00,16858576.0,16869794.0,16837764.0,16851966.0,68584210432,16858576.0
2025-10-12 14:30:00+00:00,16832702.0,16860154.0,16821372.0,16856002.0,116841775104,16832702.0
2025-10-12 14:45:00+00:00,16980214.0,17076082.0,16832702.0,16832702.0,445651091456,16980214.0
2025-10-12 15:00:00+00:00,17113928.0,17132806.0,16992196.0,16992196.0,527929704448,17113928.0
2025-10-12 15:15:00+00:00,17113180.0,17194910.0,17093476.0,17093476.0,373043494912,17113180.0
2025-10-12 15:30:00+00:00,17037436.0,17115792.0,17003958.0,17115792.0,304935337984,17037436.0
2025-10-12 15:45:00+00:00,17136842.0,17136842.0,17048924.0,17048924.0,138456072192,17136842.0
2025-10-12 16:00:00+00:00,17217010.0,17279556.0,17107442.0,17126322.0,275691601920,17217010.0
2025-10-12 16:15:00+00:00,17177442.0,17244110.0,17149960.0,17244110.0,337144446976,17177442.0
2025-10-12 16:30:00+00:00,17272608.0,17272608.0,17169786.0,17188070.0,180960100352,17272608.0
2025-10-12 16:45:00+00:00,17265038.0,17345492.0,17256408.0,17272608.0,324011032576,17265038.0
2025-10-12 17:00:00+00:00,17314040.0,17314040.0,17246932.0,17257324.0,146092851200,17314040.0
2025-10-12 17:15:00+00:00,17308748.0,17318414.0,17305472.0,17314040.0,70236766208,17308748.0
2025-10-12 17:30:00+00:00,17305662.0,17311240.0,17267902.0,17308748.0,335036809216,17305662.0
2025-10-12 17:45:00+00:00,17218974.0,17316838.0,17194922.0,17316838.0,214833299456,17218974.0
2025-10-12 18:00:00+00:00,17321240.0,17354628.0,17220008.0,17220008.0,284378005504,17321240.0
2025-10-12 18:15:00+00:00,17327250.0,17358578.0,17319648.0,17323138.0,31384928256,17327250.0
2025-10-12 18:30:00+00:00,17310396.0,17341646.0,17285670.0,17311050.0,126012620800,17310396.0
2025-10-12 18:45:00+00:00,17309290.0,17310328.0,17268248.0,17291106.0,33639366656,17309290.0
2025-10-12 19:00:00+00:00,17381098.0,17381098.0,17307828.0,17307828.0,116142374912,17381098.0
2025-10-12 19:15:00+00:00,17357268.0,17379380.0,17354678.0,17379380.0,26348617728,17357268.0
2025-10-12 19:30:00+00:00,17342338.0,17383964.0,17342338.0,17383964.0,109280493568,17342338.0
2025-10-12 19:45:00+00:00,17370838.0,17373786.0,17324030.0,17342236.0,16857956352,17370838.0
2025-10-12 20:00:00+00:00,17391328.0,17426942.0,17374978.0,17375606.0,92723478528,17391328.0
2025-10-12 20:15:00+00:00,17487464.0,17487464.0,17404964.0,17405986.0,148275986432,17487464.0
2025-10-12 20:30:00+00:00,17468550.0,17532550.0,17468550.0,17496004.0,170472243200,17468550.0
2025-10-12 20:45:00+00:00,17470240.0,17505744.0,17468606.0,17468606.0,77384908800,17470240.0
2025-10-12 21:00:00+00:00,17552506.0,17552506.0,17443736.0,17483714.0,198181912576,17552506.0
2025-10-12 21:15:00+00:00,17455374.0,17537884.0,17443930.0,17537884.0,0,17455374.0
2025-10-12 21:30:00+00:00,17430600.0,17470630.0,17395010.0,17470630.0,186313080832,17430600.0
2025-10-12 21:45:00+00:00,17459726.0,17463384.0,17416372.0,17424214.0,94501863424,17459726.0
2025-10-12 22:00:00+00:00,17537296.0,17593910.0,17454026.0,17454026.0,367149449216,17537296.0
2025-10-12 22:15:00+00:00,17546570.0,17603852.0,17545162.0,17548910.0,99116646400,17546570.0
2025-10-12 22:30:00+00:00,17526904.0,17551146.0,17516966.0,17539208.0,195645407232,17526904.0
2025-10-12 22:45:00+00:00,17529500.0,17564084.0,17529500.0,17538744.0,87916806144,17529500.0
2025-10-12 23:00:00+00:00,17463252.0,17536598.0,17455098.0,17536598.0,264982495232,17463252.0
2025-10-12 23:15:00+00:00,17511000.0,17525404.0,17449010.0,17468790.0,149481848832,17511000.0
2025-10-12 23:30:00+00:00,17482570.0,17527230.0,17475592.0,17520284.0,184162451456,17482570.0
2025-10-12 23:45:00+00:00,17512658.0,17519528.0,17495690.0,17495946.0,30487347200,17512658.0
2025-10-13 00:00:00+00:00,17503916.0,17513170.0,17480392.0,17512780.0,173096828928,17503916.0
2025-10-13 00:15:00+00:00,17555096.0,17616160.0,17526906.0,17526906.0,30781997056,17555096.0
2025-10-13 00:30:00+00:00,17501050.0,17552930.0,17489048.0,17552930.0,233355345920,17501050.0
2025-10-13 00:45:00+00:00,17529978.0,17542888.0,17492154.0,17502678.0,258184577024,17529978.0
2025-10-13 01:00:00+00:00,17508660.0,17539590.0,17508660.0,17519176.0,111713189888,17508660.0
2025-10-13 01:15:00+00:00,17582000.0,17582000.0,17506278.0,17511992.0,7847542784,17582000.0
2025-10-13 01:30:00+00:00,17588846.0,17596006.0,17576496.0,17581156.0,142740553728,17588846.0
2025-10-13 01:45:00+00:00,17601384.0,17601384.0,17579800.0,17583632.0,0,17601384.0
2025-10-13 02:00:00+00:00,17532952.0,17601038.0,17532952.0,17601038.0,96886325248,17532952.0
2025-10-13 02:15:00+00:00,17519948.0,17533506.0,17496874.0,17532658.0,612126162944,17519948.0
2025-10-13 02:30:00+00:00,17545670.0,17554566.0,17522756.0,17525662.0,184549376,17545670.0
2025-10-13 02:45:00+00:00,17540050.0,17563418.0,17540050.0,17546380.0,123037810688,17540050.0
2025-10-13 03:00:00+00:00,17573912.0,17573912.0,17538838.0,17543320.0,0,17573912.0
2025-10-13 03:15:00+00:00,17524440.0,17572970.0,17515208.0,17572234.0,307384811520,17524440.0
2025-10-13 03:30:00+00:00,17471492.0,17521878.0,17461416.0,17520444.0,29114761216,17471492.0
2025-10-13 03:45:00+00:00,17458812.0,17474280.0,17443938.0,17474280.0,27418165248,17458812.0
2025-10-13 04:00:00+00:00,17439950.0,17484026.0,17439950.0,17477256.0,119648813056,17439950.0
2025-10-13 04:15:00+00:00,17427960.0,17452614.0,17427152.0,17449366.0,192752386048,17427960.0
2025-10-13 04:30:00+00:00,17438370.0,17472364.0,17432198.0,17432218.0,159505186816,17438370.0
2025-10-13 04:45:00+00:00,17432908.0,17432908.0,17408634.0,17424490.0,143881404416,17432908.0
2025-10-13 05:00:00+00:00,17430094.0,17439476.0,17411674.0,17439476.0,677380096,17430094.0
2025-10-13 05:15:00+00:00,17422360.0,17439482.0,17410382.0,17439482.0,4760535040,17422360.0
2025-10-13 05:30:00+00:00,17420376.0,17430060.0,17401302.0,17430060.0,236968738816,17420376.0
2025-10-13 05:45:00+00:00,17416658.0,17424402.0,17405326.0,17405326.0,132723507200,17416658.0
2025-10-13 06:00:00+00:00,17435712.0,17452128.0,17397246.0,17420472.0,152601362432,17435712.0
2025-10-13 06:15:00+00:00,17473568.0,17481168.0,17436836.0,17437626.0,10075766784,17473568.0
2025-10-13 06:30:00+00:00,17484628.0,17517510.0,17478172.0,17483874.0,0,17484628.0
2025-10-13 06:45:00+00:00,17520666.0,17524402.0,17464416.0,17464416.0,4163895296,17520666.0
2025-10-13 07:00:00+00:00,17581172.0,17581172.0,17507298.0,17519430.0,525050314752,17581172.0
2025-10-13 07:15:00+00:00,17606212.0,17606212.0,17571946.0,17579662.0,67714940928,17606212.0
2025-10-13 07:30:00+00:00,17590846.0,17603968.0,17587614.0,17603546.0,168572223488,17590846.0
2025-10-13 07:45:00+00:00,17581932.0,17589498.0,17543578.0,17589498.0,239057502208,17581932.0
2025-10-13 08:00:00+00:00,17564496.0,17583234.0,17562396.0,17583234.0,15715008512,17564496.0
2025-10-13 08:15:00+00:00,17565954.0,17583692.0,17559794.0,17569208.0,133922029568,17565954.0
2025-10-13 08:30:00+00:00,17559934.0,17593888.0,17559934.0,17583582.0,225774141440,17559934.0
2025-10-13 08:45:00+00:00,17560612.0,17593580.0,17558438.0,17563648.0,57329844224,17560612.0
2025-10-13 09:00:00+00:00,17524186.0,17558288.0,17524186.0,17555754.0,82203115520,17524186.0
2025-10-13 09:15:00+00:00,17506800.0,17518558.0,17492730.0,17492730.0,93746888704,17506800.0
2025-10-13 09:30:00+00:00,17531380.0,17532572.0,17507232.0,17509610.0,177410670592,17531380.0
2025-10-13 09:45:00+00:00,17538952.0,17544640.0,17532590.0,17532590.0,0,17538952.0
2025-10-13 10:00:00+00:00,17511874.0,17533248.0,17511466.0,17533248.0,96714358784,17511874.0
2025-10-13 10:15:00+00:00,17507430.0,17527200.0,17497280.0,17511574.0,34220277760,17507430.0
2025-10-13 10:30:00+00:00,17485450.0,17504174.0,17480200.0,17504174.0,70197968896,17485450.0
2025-10-13 10:45:00+00:00,17490502.0,17503224.0,17479806.0,17481408.0,15178137600,17490502.0
2025-10-13 11:00:00+00:00,17426734.0,17490804.0,17385158.0,17490804.0,106996695040,17426734.0
2025-10-13 11:15:00+00:00,17352812.0,17436768.0,17352812.0,17436768.0,40916484096,17352812.0
2025-10-13 11:30:00+00:00,17380786.0,17380786.0,17333078.0,17338200.0,61893246976,17380786.0
2025-10-13 11:45:00+00:00,17387356.0,17410792.0,17358272.0,17372510.0,134103433216,17387356.0
2025-10-13 12:00:00+00:00,17397930.0,17411950.0,17353132.0,17386906.0,119475798016,17397930.0
2025-10-13 12:15:00+00:00,17395390.0,17409304.0,17386056.0,17408138.0,268858032128,17395390.0
2025-10-13 12:30:00+00:00,17445590.0,17456668.0,17404696.0,17407986.0,116583825408,17445590.0
2025-10-13 12:45:00+00:00,17426138.0,17464682.0,17426138.0,17444240.0,276177092608,17426138.0
2025-10-13 13:00:00+00:00,17448394.0,17468100.0,17424750.0,17424750.0,45697990656,17448394.0
2025-10-13 13:15:00+00:00,17419338.0,17441410.0,17406726.0,17421942.0,187246313472,17419338.0
2025-10-13 13:30:00+00:00,17507846.0,17584538.0,17418198.0,17418198.0,240572694528,17507846.0
2025-10-13 13:45:00+00:00,17545628.0,17545628.0,17480472.0,17484422.0,144620650496,17545628.0
2025-10-13 14:00:00+00:00,17523526.0,17575082.0,17519324.0,17567988.0,365042860032,17523526.0
2025-10-13 14:15:00+00:00,17437504.0,17546350.0,17437504.0,17528330.0,125116088320,17437504.0
2025-10-13 14:30:00+00:00,17473068.0,17496146.0,17390750.0,17436340.0,143641280512,17473068.0
2025-10-13 14:45:00+00:00,17378534.0,17478960.0,17366292.0,17478960.0,0,17378534.0
2025-10-13 15:00:00+00:00,17452116.0,17456564.0,17387762.0,17392990.0,0,17452116.0
2025-10-13 15:15:00+00:00,17417800.0,17452068.0,17414546.0,17437244.0,11925454848,17417800.0
2025-10-13 15:30:00+00:00,17403614.0,17442142.0,17403552.0,17416906.0,71331479552,17403614.0
2025-10-13 15:45:00+00:00,17433556.0,17472532.0,17418588.0,17418588.0,110004011008,17433556.0
2025-10-13 16:00:00+00:00,17523668.0,17523668.0,17418974.0,17418974.0,0,17523668.0
2025-10-13 16:15:00+00:00,17458610.0,17509734.0,17440438.0,17509734.0,45874151424,17458610.0
2025-10-13 16:30:00+00:00,17442352.0,17454910.0,17431710.0,17451280.0,110235746304,17442352.0
2025-10-13 16:45:00+00:00,17484926.0,17490396.0,17433744.0,17435232.0,0,17484926.0
2025-10-13 17:00:00+00:00,17452634.0,17524254.0,17452634.0,17483050.0,98897494016,17452634.0
2025-10-13 17:15:00+00:00,17456392.0,17470294.0,17450488.0,17455088.0,0,17456392.0
2025-10-13 17:30:00+00:00,17454802.0,17468576.0,17440670.0,17456712.0,82627788800,17454802.0
2025-10-13 17:45:00+00:00,17467642.0,17467642.0,17410690.0,17447332.0,0,17467642.0
2025-10-13 18:00:00+00:00,17500306.0,17533338.0,17495106.0,17513876.0,11019485184,17500306.0
2025-10-13 18:15:00+00:00,17565134.0,17569292.0,17484484.0,17493090.0,106572021760,17565134.0
2025-10-13 18:30:00+00:00,17547880.0,17570634.0,17529376.0,17564932.0,149669543936,17547880.0
2025-10-13 18:45:00+00:00,17542308.0,17564546.0,17540958.0,17546516.0,189244899328,17542308.0
2025-10-13 19:00:00+00:00,17553984.0,17559168.0,17545742.0,17550744.0,159360483328,17553984.0
2025-10-13 19:15:00+00:00,17620192.0,17634568.0,17562118.0,17562118.0,59082014720,17620192.0
2025-10-13 19:30:00+00:00,17634248.0,17634248.0,17606380.0,17620956.0,38710280192,17634248.0
2025-10-13 19:45:00+00:00,17651294.0,17665140.0,17634612.0,17634612.0,25648168960,17651294.0
2025-10-13 20:00:00+00:00,17634906.0,17663292.0,17625410.0,17657074.0,251541848064,17634906.0
2025-10-13 20:15:00+00:00,17616276.0,17644206.0,17616276.0,17643234.0,0,17616276.0
2025-10-13 20:30:00+00:00,17604596.0,17614126.0,17602532.0,17611696.0,88282759168,17604596.0
2025-10-13 20:45:00+00:00,17622660.0,17624866.0,17604364.0,17604364.0,0,17622660.0
2025-10-13 21:00:00+00:00,17608588.0,17629566.0,17608588.0,17622660.0,193514700800,17608588.0
2025-10-13 21:15:00+00:00,17627486.0,17636312.0,17614468.0,17618712.0,124703997952,17627486.0
2025-10-13 21:30:00+00:00,17618694.0,17628916.0,17617420.0,17626696.0,0,17618694.0
2025-10-13 21:45:00+00:00,17625736.0,17628276.0,17614058.0,17621910.0,11537481728,17625736.0
2025-10-13 22:00:00+00:00,17634794.0,17650766.0,17628212.0,17628212.0,0,17634794.0
2025-10-13 22:15:00+00:00,17632854.0,17635646.0,17627428.0,17634538.0,0,17632854.0
2025-10-13 22:30:00+00:00,17610806.0,17629694.0,17601524.0,17629694.0,102712213504,17610806.0
2025-10-13 22:45:00+00:00,17609038.0,17618332.0,17607448.0,17615200.0,0,17609038.0
2025-10-13 23:00:00+00:00,17596444.0,17613198.0,17596444.0,17613198.0,102569607168,17596444.0
2025-10-13 23:15:00+00:00,17596066.0,17598724.0,17586600.0,17588272.0,322699264000,17596066.0
2025-10-13 23:30:00+00:00,17554790.0,17597966.0,17554790.0,17596354.0,103201898496,17554790.0
2025-10-13 23:45:00+00:00,17568526.0,17568526.0,17540168.0,17563652.0,354566537216,17568526.0
2025-10-14 00:00:00+00:00,17574128.0,17577616.0,17564746.0,17573110.0,97669611520,17574128.0
2025-10-14 00:15:00+00:00,17596568.0,17610472.0,17573822.0,17573822.0,109051904000,17596568.0
2025-10-14 00:30:00+00:00,17583590.0,17618782.0,17581798.0,17600490.0,31457280,17583590.0
2025-10-14 00:45:00+00:00,17541304.0,17578330.0,17540500.0,17578330.0,14767095808,17541304.0
2025-10-14 01:00:00+00:00,17493442.0,17543134.0,17479580.0,17542274.0,448424574976,17493442.0
2025-10-14 01:15:00+00:00,17485264.0,17509244.0,17485260.0,17496344.0,0,17485264.0
2025-10-14 01:30:00+00:00,17472534.0,17485800.0,17470980.0,17485800.0,131084582912,17472534.0
2025-10-14 01:45:00+00:00,17424172.0,17473990.0,17414066.0,17471032.0,10462691328,17424172.0
2025-10-14 02:00:00+00:00,17414874.0,17436524.0,17410138.0,17436524.0,25889341440,17414874.0
2025-10-14 02:15:00+00:00,17408346.0,17415304.0,17383956.0,17415200.0,86464528384,17408346.0
2025-10-14 02:30:00+00:00,17383054.0,17406188.0,17382284.0,17398390.0,39077281792,17383054.0
2025-10-14 02:45:00+00:00,17345876.0,17379470.0,17338852.0,17373030.0,31937527808,17345876.0
2025-10-14 03:00:00+00:00,17295546.0,17345364.0,17275678.0,17345364.0,617239019520,17295546.0
2025-10-14 03:15:00+00:00,17281346.0,17329186.0,17278334.0,17299906.0,78353793024,17281346.0
2025-10-14 03:30:00+00:00,17285630.0,17287938.0,17272372.0,17284366.0,155906473984,17285630.0
2025-10-14 03:45:00+00:00,17280720.0,17302918.0,17280404.0,17280876.0,137712631808,17280720.0
2025-10-14 04:00:00+00:00,17235424.0,17285748.0,17229418.0,17283570.0,40935358464,17235424.0
2025-10-14 04:15:00+00:00,17242514.0,17254236.0,17219994.0,17238782.0,0,17242514.0
2025-10-14 04:30:00+00:00,17206346.0,17248744.0,17198408.0,17245802.0,196263018496,17206346.0
2025-10-14 04:45:00+00:00,17175620.0,17209258.0,17149834.0,17202890.0,69150441472,17175620.0
2025-10-14 05:00:00+00:00,17271932.0,17271932.0,17174432.0,17180192.0,227317645312,17271932.0
2025-10-14 05:15:00+00:00,17183858.0,17265928.0,17183858.0,17265928.0,186889797632,17183858.0
2025-10-14 05:30:00+00:00,17078180.0,17185724.0,17070668.0,17184588.0,221399482368,17078180.0
2025-10-14 05:45:00+00:00,17073182.0,17117316.0,17073182.0,17089836.0,36190552064,17073182.0
2025-10-14 06:00:00+00:00,17110312.0,17117600.0,17071670.0,17075366.0,500271415296,17110312.0
2025-10-14 06:15:00+00:00,17059806.0,17113110.0,17057820.0,17113110.0,28955377664,17059806.0
2025-10-14 06:30:00+00:00,16995946.0,17075258.0,16995946.0,17056020.0,255038849024,16995946.0
2025-10-14 06:45:00+00:00,17029708.0,17040256.0,16972766.0,17024202.0,289863106560,17029708.0
2025-10-14 07:00:00+00:00,16995192.0,17023850.0,16964414.0,17013272.0,62218305536,16995192.0
2025-10-14 07:15:00+00:00,17049566.0,17052254.0,17000398.0,17017678.0,172299911168,17049566.0
2025-10-14 07:30:00+00:00,16968050.0,17050616.0,16968050.0,17050616.0,43205525504,16968050.0
2025-10-14 07:45:00+00:00,16962176.0,16983470.0,16961870.0,16979148.0,30616322048,16962176.0
2025-10-14 08:00:00+00:00,17030542.0,17030542.0,16969272.0,16989568.0,434017140736,17030542.0
2025-10-14 08:15:00+00:00,17032614.0,17032614.0,16995956.0,17028700.0,42832232448,17032614.0
2025-10-14 08:30:00+00:00,17055718.0,17060828.0,17031164.0,17031164.0,27068989440,17055718.0
2025-10-14 08:45:00+00:00,17008328.0,17053150.0,17002260.0,17053150.0,147440271360,17008328.0
2025-10-14 09:00:00+00:00,17027278.0,17042346.0,17010702.0,17010874.0,89591382016,17027278.0
2025-10-14 09:15:00+00:00,17021304.0,17021304.0,17005166.0,17016232.0,24026021888,17021304.0
2025-10-14 09:30:00+00:00,16979340.0,17020054.0,16974932.0,17017308.0,20083376128,16979340.0
2025-10-14 09:45:00+00:00,16940014.0,16966312.0,16912350.0,16966312.0,407733534720,16940014.0
2025-10-14 10:00:00+00:00,16871824.0,16941392.0,16871824.0,16941392.0,350791663616,16871824.0
2025-10-14 10:15:00+00:00,16812910.0,16873568.0,16812910.0,16872458.0,296600207360,16812910.0
2025-10-14 10:30:00+00:00,16779840.0,16811750.0,16747988.0,16811750.0,202841784320,16779840.0
2025-10-14 10:45:00+00:00,16823122.0,16829818.0,16764015.0,16778826.0,92015689728,16823122.0
2025-10-14 11:00:00+00:00,16925368.0,16931606.0,16824886.0,16824886.0,0,16925368.0
2025-10-14 11:15:00+00:00,16964950.0,16972890.0,16933572.0,16943998.0,107013472256,16964950.0
2025-10-14 11:30:00+00:00,16958784.0,16983274.0,16956536.0,16961316.0,131807051776,16958784.0
2025-10-14 11:45:00+00:00,16947804.0,16976322.0,16943782.0,16949516.0,139712266240,16947804.0
2025-10-14 12:00:00+00:00,16933782.0,16946574.0,16906642.0,16946388.0,10387193856,16933782.0
2025-10-14 12:15:00+00:00,16901396.0,16931576.0,16875264.0,16931576.0,31869370368,16901396.0
2025-10-14 12:30:00+00:00,16860880.0,16914842.0,16860880.0,16914842.0,110644690944,16860880.0
2025-10-14 12:45:00+00:00,16855648.0,16894958.0,16855648.0,16864354.0,120803295232,16855648.0
2025-10-14 13:00:00+00:00,16825110.0,16879950.0,16825110.0,16859848.0,0,16825110.0
2025-10-14 13:15:00+00:00,16845476.0,16847636.0,16789300.0,16833440.0,110626865152,16845476.0
2025-10-14 13:30:00+00:00,16751085.0,16860604.0,16714325.0,16847116.0,455210958848,16751085.0
2025-10-14 13:45:00+00:00,16876216.0,16906284.0,16753552.0,16753552.0,73744252928,16876216.0
2025-10-14 14:00:00+00:00,16934006.0,16934006.0,16862896.0,16862896.0,43610275840,16934006.0
2025-10-14 14:15:00+00:00,17015386.0,17041368.0,16936466.0,16936466.0,359003062272,17015386.0
2025-10-14 14:30:00+00:00,17006974.0,17021798.0,16955276.0,17021798.0,3771727872,17006974.0
2025-10-14 14:45:00+00:00,16937624.0,17045436.0,16937624.0,17014284.0,487109689344,16937624.0
2025-10-14 15:00:00+00:00,16896812.0,16981752.0,16896812.0,16936690.0,203790745600,16896812.0
2025-10-14 15:15:00+00:00,16936024.0,16936024.0,16885518.0,16890594.0,460400361472,16936024.0
2025-10-14 15:30:00+00:00,17028758.0,17028758.0,16935796.0,16935796.0,86913318912,17028758.0
2025-10-14 15:45:00+00:00,17113066.0,17124950.0,17042084.0,17049192.0,250460766208,17113066.0
2025-10-14 16:00:00+00:00,17118698.0,17140482.0,17059900.0,17111158.0,67976036352,17118698.0
2025-10-14 16:15:00+00:00,17102568.0,17180356.0,17097308.0,17097308.0,176871702528,17102568.0
2025-10-14 16:30:00+00:00,17113732.0,17128478.0,17057542.0,17127364.0,203793891328,17113732.0
2025-10-14 16:45:00+00:00,17046718.0,17135752.0,17046718.0,17114416.0,322602795008,17046718.0
2025-10-14 17:00:00+00:00,17133708.0,17135510.0,16985098.0,17022562.0,185310642176,17133708.0
2025-10-14 17:15:00+00:00,17137452.0,17143536.0,17121196.0,17134922.0,416650625024,17137452.0
2025-10-14 17:30:00+00:00,17103806.0,17144602.0,17077326.0,17135352.0,92458188800,17103806.0
2025-10-14 17:45:00+00:00,17123898.0,17141518.0,17102874.0,17102874.0,203694276608,17123898.0
2025-10-14 18:00:00+00:00,17186562.0,17187478.0,17123286.0,17123322.0,119403446272,17186562.0
2025-10-14 18:15:00+00:00,17189840.0,17227514.0,17184236.0,17208942.0,86432022528,17189840.0
2025-10-14 18:30:00+00:00,17138514.0,17208874.0,17135400.0,17191914.0,170425057280,17138514.0
2025-10-14 18:45:00+00:00,17123992.0,17169014.0,17110542.0,17137858.0,215456153600,17123992.0
2025-10-14 19:00:00+00:00,17172016.0,17179972.0,17143104.0,17147092.0,128144375808,17172016.0
2025-10-14 19:15:00+00:00,17216240.0,17225310.0,17178372.0,17178372.0,15205400576,17216240.0
2025-10-14 19:30:00+00:00,17065674.0,17218166.0,17050082.0,17208012.0,172395331584,17065674.0
2025-10-14 19:45:00+00:00,17090968.0,17111784.0,17007948.0,17007948.0,143344533504,17090968.0
2025-10-14 20:00:00+00:00,17075226.0,17114202.0,17049920.0,17090996.0,157780279296,17075226.0
2025-10-14 20:15:00+00:00,17132174.0,17132174.0,17074298.0,17074298.0,12397314048,17132174.0
2025-10-14 20:30:00+00:00,17122470.0,17131936.0,17122358.0,17131936.0,150796763136,17122470.0
2025-10-14 20:45:00+00:00,17153410.0,17153410.0,17127728.0,17127728.0,89332383744,17153410.0
2025-10-14 21:00:00+00:00,17128806.0,17155346.0,17128806.0,17153606.0,136842313728,17128806.0
2025-10-14 21:15:00+00:00,17154208.0,17154208.0,17117148.0,17117698.0,33640415232,17154208.0
2025-10-14 21:30:00+00:00,17169420.0,17170326.0,17140344.0,17154208.0,164659986432,17169420.0
2025-10-14 21:45:00+00:00,17171218.0,17172596.0,17155388.0,17172596.0,0,17171218.0
2025-10-14 22:00:00+00:00,17229404.0,17243858.0,17173142.0,17173142.0,62127079424,17229404.0
2025-10-14 22:15:00+00:00,17196112.0,17230532.0,17194808.0,17230532.0,30421286912,17196112.0
2025-10-14 22:30:00+00:00,17164870.0,17189376.0,17164870.0,17189052.0,170974511104,17164870.0
2025-10-14 22:45:00+00:00,17196324.0,17200018.0,17144554.0,17152018.0,134114967552,17196324.0
2025-10-14 23:00:00+00:00,17229880.0,17238814.0,17186294.0,17193780.0,50786729984,17229880.0
2025-10-14 23:15:00+00:00,17230914.0,17231496.0,17214968.0,17226372.0,59395538944,17230914.0
2025-10-14 23:30:00+00:00,17201070.0,17231460.0,17201070.0,17220372.0,169152086016,17201070.0
2025-10-14 23:45:00+00:00,17173106.0,17202870.0,17170662.0,17193416.0,25966936064,17173106.0
2025-10-15 00:00:00+00:00,17136356.0,17167626.0,17134146.0,17159842.0,0,17136356.0
2025-10-15 00:15:00+00:00,17106484.0,17143670.0,17106484.0,17137032.0,165586927616,17106484.0
2025-10-15 00:30:00+00:00,17117756.0,17143148.0,17091014.0,17105280.0,183654940672,17117756.0
2025-10-15 00:45:00+00:00,17130078.0,17147792.0,17118840.0,17121210.0,301239107584,17130078.0
2025-10-15 01:00:00+00:00,17096770.0,17134344.0,17036476.0,17130328.0,111999451136,17096770.0
2025-10-15 01:15:00+00:00,17064960.0,17085306.0,17064960.0,17073774.0,186608779264,17064960.0
2025-10-15 01:30:00+00:00,17034532.0,17064804.0,17018102.0,17064804.0,8002732032,17034532.0
2025-10-15 01:45:00+00:00,17066090.0,17068982.0,17032216.0,17044400.0,32639025152,17066090.0
2025-10-15 02:00:00+00:00,17082834.0,17082834.0,17054806.0,17065660.0,23873978368,17082834.0
2025-10-15 02:15:00+00:00,17154174.0,17157556.0,17068392.0,17082278.0,168189493248,17154174.0
2025-10-15 02:30:00+00:00,17097128.0,17165592.0,17083406.0,17165592.0,165306957824,17097128.0
2025-10-15 02:45:00+00:00,17055544.0,17087912.0,17055544.0,17087382.0,390274744320,17055544.0
2025-10-15 03:00:00+00:00,16984984.0,17055920.0,16984984.0,17055920.0,141996064768,16984984.0
2025-10-15 03:15:00+00:00,16971978.0,17000262.0,16937788.0,16997900.0,43142610944,16971978.0
2025-10-15 03:30:00+00:00,16935166.0,16969288.0,16930498.0,16969288.0,150960340992,16935166.0
2025-10-15 03:45:00+00:00,16939994.0,16955152.0,16911454.0,16923426.0,47694479360,16939994.0
2025-10-15 04:00:00+00:00,16927792.0,16938372.0,16909316.0,16938372.0,298808508416,16927792.0
2025-10-15 04:15:00+00:00,16973116.0,16983344.0,16925712.0,16925712.0,95394201600,16973116.0
2025-10-15 04:30:00+00:00,16969358.0,16976870.0,16961226.0,16973176.0,161667350528,16969358.0
2025-10-15 04:45:00+00:00,17002868.0,17014256.0,16971864.0,16971864.0,161549910016,17002868.0
2025-10-15 05:00:00+00:00,17016394.0,17021222.0,17001244.0,17001244.0,56460574720,17016394.0
2025-10-15 05:15:00+00:00,16991480.0,17019300.0,16991480.0,17010736.0,116370964480,16991480.0
2025-10-15 05:30:00+00:00,17027620.0,17034696.0,16970116.0,16978296.0,65028489216,17027620.0
2025-10-15 05:45:00+00:00,17011546.0,17027324.0,17007462.0,17027324.0,0,17011546.0
2025-10-15 06:00:00+00:00,16956606.0,17007924.0,16951866.0,17006716.0,0,16956606.0
2025-10-15 06:15:00+00:00,16917292.0,16939354.0,16911202.0,16939354.0,21007171584,16917292.0
2025-10-15 06:30:00+00:00,16986372.0,17009158.0,16915512.0,16917894.0,122146521088,16986372.0
2025-10-15 06:45:00+00:00,16982868.0,16991226.0,16976496.0,16976894.0,580189683712,16982868.0
2025-10-15 07:00:00+00:00,17018704.0,17018704.0,16968038.0,16981998.0,307308265472,17018704.0
2025-10-15 07:15:00+00:00,17017110.0,17028684.0,17009066.0,17016236.0,39695941632,17017110.0
2025-10-15 07:30:00+00:00,17008324.0,17017398.0,16997928.0,17017398.0,0,17008324.0
2025-10-15 07:45:00+00:00,17030446.0,17030446.0,16998728.0,16998728.0,0,17030446.0
2025-10-15 08:00:00+00:00,17074608.0,17081166.0,17032054.0,17032054.0,15978201088,17074608.0
2025-10-15 08:15:00+00:00,17099872.0,17132148.0,17086020.0,17086020.0,131273326592,17099872.0
2025-10-15 08:30:00+00:00,17126036.0,17168814.0,17126036.0,17143994.0,63918047232,17126036.0
2025-10-15 08:45:00+00:00,17099944.0,17124172.0,17090744.0,17122802.0,137458876416,17099944.0
2025-10-15 09:00:00+00:00,17113068.0,17121024.0,17084120.0,17084120.0,257197867008,17113068.0
2025-10-15 09:15:00+00:00,17058410.0,17107476.0,17049256.0,17107476.0,28039970816,17058410.0
2025-10-15 09:30:00+00:00,17056820.0,17061212.0,17032534.0,17056668.0,143207170048,17056820.0
2025-10-15 09:45:00+00:00,17033248.0,17070694.0,17033248.0,17054350.0,372485652480,17033248.0
2025-10-15 10:00:00+00:00,17061142.0,17070264.0,17017474.0,17042518.0,173319127040,17061142.0
2025-10-15 10:15:00+00:00,17036296.0,17061372.0,17031398.0,17061372.0,16648241152,17036296.0
2025-10-15 10:30:00+00:00,17023454.0,17043042.0,17000264.0,17032768.0,88890933248,17023454.0
2025-10-15 10:45:00+00:00,17000786.0,17022430.0,17000786.0,17021074.0,8499757056,17000786.0
2025-10-15 11:00:00+00:00,17025064.0,17058182.0,17004974.0,17004974.0,88937070592,17025064.0
2025-10-15 11:15:00+00:00,16984464.0,17011082.0,16951372.0,17011082.0,111645032448,16984464.0
2025-10-15 11:30:00+00:00,16976798.0,16980396.0,16960490.0,16977500.0,124470165504,16976798.0
2025-10-15 11:45:00+00:00,16968866.0,16986064.0,16965684.0,16984180.0,0,16968866.0
2025-10-15 12:00:00+00:00,16996542.0,17000900.0,16948202.0,16961278.0,108071485440,16996542.0
2025-10-15 12:15:00+00:00,16944520.0,16992778.0,16944520.0,16992778.0,0,16944520.0
2025-10-15 12:30:00+00:00,16931794.0,16938992.0,16906740.0,16906740.0,52055506944,16931794.0
2025-10-15 12:45:00+00:00,16949776.0,16958702.0,16926640.0,16929464.0,157321003008,16949776.0
2025-10-15 13:00:00+00:00,16923780.0,16947272.0,16921644.0,16947272.0,73360474112,16923780.0
2025-10-15 13:15:00+00:00,16919932.0,16933520.0,16919932.0,16922342.0,35211182080,16919932.0
2025-10-15 13:30:00+00:00,16887920.0,16980754.0,16886576.0,16912896.0,0,16887920.0
2025-10-15 13:45:00+00:00,16886264.0,16888556.0,16804416.0,16885266.0,115061293056,16886264.0
2025-10-15 14:00:00+00:00,16983740.0,17007196.0,16882484.0,16882484.0,213597028352,16983740.0
2025-10-15 14:15:00+00:00,16946898.0,16996928.0,16945942.0,16981964.0,75965136896,16946898.0
2025-10-15 14:30:00+00:00,16867216.0,16954778.0,16867216.0,16946926.0,0,16867216.0
2025-10-15 14:45:00+00:00,16824600.0,16865082.0,16791168.0,16865082.0,126149984256,16824600.0
2025-10-15 15:00:00+00:00,16791304.0,16853610.0,16791304.0,16831254.0,22725787648,16791304.0
2025-10-15 15:15:00+00:00,16843432.0,16861252.0,16761829.0,16778342.0,257087766528,16843432.0
2025-10-15 15:30:00+00:00,16732057.0,16833124.0,16732057.0,16822782.0,93307535360,16732057.0
2025-10-15 15:45:00+00:00,16761566.0,16761566.0,16704388.0,16736291.0,23500685312,16761566.0
2025-10-15 16:00:00+00:00,16775570.0,16804930.0,16761267.0,16762242.0,209922818048,16775570.0
2025-10-15 16:15:00+00:00,16803780.0,16803780.0,16763231.0,16792594.0,0,16803780.0
2025-10-15 16:30:00+00:00,16761233.0,16804854.0,16761233.0,16797834.0,49416241152,16761233.0
2025-10-15 16:45:00+00:00,16757643.0,16766240.0,16741353.0,16752330.0,0,16757643.0
2025-10-15 17:00:00+00:00,16673277.0,16746588.0,16671422.0,16746588.0,0,16673277.0
2025-10-15 17:15:00+00:00,16708191.0,16728877.0,16674441.0,16674441.0,0,16708191.0
2025-10-15 17:30:00+00:00,16745187.0,16758563.0,16693483.0,16705908.0,116877426688,16745187.0
2025-10-15 17:45:00+00:00,16828538.0,16828538.0,16766890.0,16767207.0,113505206272,16828538.0
2025-10-15 18:00:00+00:00,16804988.0,16827980.0,16778160.0,16827980.0,2536505344,16804988.0
2025-10-15 18:15:00+00:00,16828854.0,16854056.0,16805308.0,16814216.0,0,16828854.0
2025-10-15 18:30:00+00:00,16821050.0,16847430.0,16818048.0,16832854.0,190094245888,16821050.0
2025-10-15 18:45:00+00:00,16874040.0,16874040.0,16824998.0,16828434.0,0,16874040.0
2025-10-15 19:00:00+00:00,16827402.0,16879886.0,16821770.0,16879886.0,127980797952,16827402.0
2025-10-15 19:15:00+00:00,16874616.0,16880012.0,16831284.0,16831284.0,0,16874616.0
2025-10-15 19:30:00+00:00,16844650.0,16877218.0,16827850.0,16872726.0,40373321728,16844650.0
2025-10-15 19:45:00+00:00,16837720.0,16841696.0,16812650.0,16841696.0,0,16837720.0
2025-10-15 20:00:00+00:00,16856962.0,16865840.0,16848476.0,16852474.0,146478727168,16856962.0
2025-10-15 20:15:00+00:00,16839688.0,16876982.0,16839688.0,16860522.0,0,16839688.0
2025-10-15 20:30:00+00:00,16817972.0,16840830.0,16726724.0,16840830.0,115160907776,16817972.0
2025-10-15 20:45:00+00:00,16795602.0,16841900.0,16795602.0,16816698.0,55773757440,16795602.0
2025-10-15 21:00:00+00:00,16748810.0,16797538.0,16721312.0,16792824.0,144939417600,16748810.0
2025-10-15 21:15:00+00:00,16784438.0,16784438.0,16724550.0,16749306.0,185286524928,16784438.0
2025-10-15 21:30:00+00:00,16818456.0,16844614.0,16755921.0,16785882.0,93083140096,16818456.0
2025-10-15 21:45:00+00:00,16758465.0,16804002.0,16731028.0,16804002.0,166311493632,16758465.0
2025-10-15 22:00:00+00:00,16776522.0,16776522.0,16747718.0,16747718.0,146050908160,16776522.0
2025-10-15 22:15:00+00:00,16811318.0,16829348.0,16785804.0,16789002.0,22806528000,16811318.0
2025-10-15 22:30:00+00:00,16796158.0,16803844.0,16795756.0,16802192.0,4404019200,16796158.0
2025-10-15 22:45:00+00:00,16713157.0,16783374.0,16713157.0,16782912.0,114255986688,16713157.0
2025-10-15 23:00:00+00:00,16752617.0,16752617.0,16704840.0,16714652.0,135589265408,16752617.0
2025-10-15 23:15:00+00:00,16749774.0,16755763.0,16735550.0,16754818.0,20239613952,16749774.0
2025-10-15 23:30:00+00:00,16757757.0,16766882.0,16746416.0,16746813.0,342508961792,16757757.0
2025-10-15 23:45:00+00:00,16724398.0,16760310.0,16715762.0,16760310.0,413575151616,16724398.0
2025-10-16 00:00:00+00:00,16698035.0,16741640.0,16698035.0,16738925.0,126142644224,16698035.0
2025-10-16 00:15:00+00:00,16693622.0,16698210.0,16674848.0,16689203.0,199757922304,16693622.0
2025-10-16 00:30:00+00:00,16638154.0,16670325.0,16631568.0,16668075.0,39190528000,16638154.0
2025-10-16 00:45:00+00:00,16654266.0,16662728.0,16628887.0,16636834.0,55985569792,16654266.0
2025-10-16 01:00:00+00:00,16740798.0,16742948.0,16660529.0,16660529.0,148771962880,16740798.0
2025-10-16 01:15:00+00:00,16712049.0,16740833.0,16693676.0,16740833.0,210467028992,16712049.0
2025-10-16 01:30:00+00:00,16730302.0,16733893.0,16715271.0,16718864.0,640679936,16730302.0
2025-10-16 01:45:00+00:00,16765273.0,16768214.0,16710521.0,16729222.0,23606591488,16765273.0
2025-10-16 02:00:00+00:00,16784814.0,16786946.0,16731159.0,16762214.0,149065564160,16784814.0
2025-10-16 02:15:00+00:00,16799100.0,16799100.0,16782458.0,16785932.0,24471666688,16799100.0
2025-10-16 02:30:00+00:00,16787930.0,16802450.0,16785438.0,16802450.0,91031076864,16787930.0
2025-10-16 02:45:00+00:00,16820560.0,16820882.0,16787738.0,16790666.0,0,16820560.0
2025-10-16 03:00:00+00:00,16825962.0,16838690.0,16819536.0,16822314.0,0,16825962.0
2025-10-16 03:15:00+00:00,16866414.0,16873236.0,16813680.0,16824044.0,63452479488,16866414.0
2025-10-16 03:30:00+00:00,16846598.0,16863320.0,16829502.0,16863320.0,162281816064,16846598.0
2025-10-16 03:45:00+00:00,16824354.0,16843178.0,16820238.0,16843178.0,0,16824354.0
2025-10-16 04:00:00+00:00,16835168.0,16835252.0,16808476.0,16821998.0,130977628160,16835168.0
2025-10-16 04:15:00+00:00,16847506.0,16857680.0,16839782.0,16839782.0,0,16847506.0
2025-10-16 04:30:00+00:00,16775771.0,16849732.0,16775771.0,16848264.0,7725907968,16775771.0
2025-10-16 04:45:00+00:00,16773529.0,16788722.0,16753284.0,16777670.0,2428502016,16773529.0
2025-10-16 05:00:00+00:00,16798134.0,16798134.0,16771299.0,16771299.0,463470592,16798134.0
2025-10-16 05:15:00+00:00,16790924.0,16804126.0,16775203.0,16797884.0,15709765632,16790924.0
2025-10-16 05:30:00+00:00,16831482.0,16843518.0,16801312.0,16805238.0,171741020160,16831482.0
2025-10-16 05:45:00+00:00,16765173.0,16835616.0,16739092.0,16835616.0,477549821952,16765173.0
2025-10-16 06:00:00+00:00,16773875.0,16797488.0,16763094.0,16763156.0,4525654016,16773875.0
2025-10-16 06:15:00+00:00,16812306.0,16812306.0,16764748.0,16764748.0,144863920128,16812306.0
2025-10-16 06:30:00+00:00,16853776.0,16863142.0,16822680.0,16822680.0,44828721152,16853776.0
2025-10-16 06:45:00+00:00,16889610.0,16895678.0,16847500.0,16851530.0,241201840128,16889610.0
2025-10-16 07:00:00+00:00,16828660.0,16902872.0,16828660.0,16896008.0,298575724544,16828660.0
2025-10-16 07:15:00+00:00,16747918.0,16838212.0,16740752.0,16827328.0,50222596096,16747918.0
2025-10-16 07:30:00+00:00,16752365.0,16755929.0,16744506.0,16748209.0,16681795584,16752365.0
2025-10-16 07:45:00+00:00,16736552.0,16752421.0,16734967.0,16752421.0,87941971968,16736552.0
2025-10-16 08:00:00+00:00,16724241.0,16739153.0,16698017.0,16736341.0,288099401728,16724241.0
2025-10-16 08:15:00+00:00,16710379.0,16736266.0,16710379.0,16726035.0,0,16710379.0
2025-10-16 08:30:00+00:00,16743821.0,16752829.0,16713868.0,16713868.0,122219921408,16743821.0
2025-10-16 08:45:00+00:00,16763752.0,16770307.0,16742272.0,16744437.0,26921140224,16763752.0
2025-10-16 09:00:00+00:00,16780984.0,16790776.0,16760069.0,16767648.0,119157030912,16780984.0
2025-10-16 09:15:00+00:00,16771754.0,16790314.0,16771754.0,16779818.0,151134404608,16771754.0
2025-10-16 09:30:00+00:00,16674511.0,16771254.0,16605737.0,16771254.0,183674863616,16674511.0
2025-10-16 09:45:00+00:00,16831604.0,16884016.0,16819786.0,16828752.0,365665714176,16831604.0
2025-10-16 10:00:00+00:00,16831140.0,16831152.0,16801302.0,16819600.0,77166804992,16831140.0
2025-10-16 10:15:00+00:00,16844692.0,16890480.0,16844692.0,16865666.0,89677365248,16844692.0
2025-10-16 10:30:00+00:00,16864488.0,16864488.0,16833020.0,16843886.0,233840836608,16864488.0
2025-10-16 10:45:00+00:00,16861028.0,16875972.0,16856418.0,16856418.0,14846787584,16861028.0
2025-10-16 11:00:00+00:00,16857770.0,16871814.0,16835312.0,16855518.0,186345586688,16857770.0
2025-10-16 11:15:00+00:00,16831714.0,16860202.0,16831714.0,16859384.0,60401123328,16831714.0
2025-10-16 11:30:00+00:00,16823618.0,16844110.0,16810190.0,16830578.0,150536716288,16823618.0
2025-10-16 11:45:00+00:00,16855560.0,16855560.0,16813200.0,16833220.0,29174530048,16855560.0
2025-10-16 12:00:00+00:00,16882016.0,16934454.0,16857006.0,16857006.0,207252094976,16882016.0
2025-10-16 12:15:00+00:00,16850650.0,16884228.0,16839340.0,16867232.0,4119855104,16850650.0
2025-10-16 12:30:00+00:00,16873576.0,16882574.0,16832034.0,16842366.0,168770404352,16873576.0
2025-10-16 12:45:00+00:00,16864872.0,16873960.0,16849096.0,16873960.0,27215790080,16864872.0
2025-10-16 13:00:00+00:00,16814296.0,16871000.0,16805182.0,16871000.0,0,16814296.0
2025-10-16 13:15:00+00:00,16785576.0,16824000.0,16779990.0,16816820.0,200906113024,16785576.0
2025-10-16 13:30:00+00:00,16813120.0,16850936.0,16803958.0,16803958.0,192763920384,16813120.0
2025-10-16 13:45:00+00:00,16764112.0,16835896.0,16756945.0,16819302.0,0,16764112.0
2025-10-16 14:00:00+00:00,16642220.0,16762530.0,16642220.0,16759888.0,0,16642220.0
2025-10-16 14:15:00+00:00,16637099.0,16669471.0,16589847.0,16646788.0,103989379072,16637099.0
2025-10-16 14:30:00+00:00,16784410.0,16784410.0,16648621.0,16648621.0,61445505024,16784410.0
2025-10-16 14:45:00+00:00,16701156.0,16811140.0,16701156.0,16785364.0,188267626496,16701156.0
2025-10-16 15:00:00+00:00,16705405.0,16705405.0,16640308.0,16675857.0,20480786432,16705405.0
2025-10-16 15:15:00+00:00,16589957.0,16686744.0,16589957.0,16686387.0,0,16589957.0
2025-10-16 15:30:00+00:00,16489454.0,16616957.0,16489454.0,16580378.0,66784854016,16489454.0
2025-10-16 15:45:00+00:00,16366482.0,16488490.0,16366482.0,16488490.0,414283988992,16366482.0
2025-10-16 16:00:00+00:00,16384855.0,16402268.0,16323300.0,16358725.0,260966449152,16384855.0
2025-10-16 16:15:00+00:00,16291624.0,16374051.0,16261502.0,16374051.0,248594300928,16291624.0
2025-10-16 16:30:00+00:00,16286168.0,16292363.0,16195550.0,16292363.0,374105702400,16286168.0
2025-10-16 16:45:00+00:00,16409465.0,16409465.0,16234702.0,16265224.0,115709313024,16409465.0
2025-10-16 17:00:00+00:00,16312699.0,16411489.0,16311253.0,16411489.0,90650443776,16312699.0
2025-10-16 17:15:00+00:00,16375674.0,16427393.0,16316436.0,16316436.0,112282566656,16375674.0
2025-10-16 17:30:00+00:00,16322945.0,16384360.0,16322945.0,16378465.0,122171686912,16322945.0
2025-10-16 17:45:00+00:00,16296767.0,16324964.0,16280112.0,16324964.0,29672603648,16296767.0
2025-10-16 18:00:00+00:00,16213532.0,16291910.0,16208768.0,16291910.0,159325880320,16213532.0
2025-10-16 18:15:00+00:00,16209730.0,16243933.0,16201716.0,16219171.0,104699265024,16209730.0
2025-10-16 18:30:00+00:00,16324223.0,16324223.0,16236560.0,16243179.0,171531304960,16324223.0
2025-10-16 18:45:00+00:00,16322614.0,16340436.0,16293692.0,16317945.0,57407438848,16322614.0
2025-10-16 19:00:00+00:00,16252617.0,16347832.0,16252617.0,16329274.0,249656508416,16252617.0
2025-10-16 19:15:00+00:00,16223770.0,16264464.0,16211968.0,16260712.0,55337549824,16223770.0
2025-10-16 19:30:00+00:00,16238315.0,16244501.0,16204372.0,16236588.0,308255129600,16238315.0
2025-10-16 19:45:00+00:00,16286066.0,16321080.0,16233002.0,16243786.0,38825623552,16286066.0
2025-10-16 20:00:00+00:00,16255527.0,16296406.0,16255527.0,16277408.0,183072980992,16255527.0
2025-10-16 20:15:00+00:00,16222826.0,16280248.0,16222826.0,16256293.0,141218021376,16222826.0
2025-10-16 20:30:00+00:00,16202141.0,16243256.0,16175816.0,16243256.0,141509525504,16202141.0
2025-10-16 20:45:00+00:00,16201212.0,16240255.0,16201212.0,16203191.0,186550059008,16201212.0
2025-10-16 21:00:00+00:00,16237323.0,16241341.0,16198635.0,16212939.0,167329660928,16237323.0
2025-10-16 21:15:00+00:00,16259841.0,16272372.0,16237108.0,16237108.0,3224371200,16259841.0
2025-10-16 21:30:00+00:00,16287424.0,16295870.0,16263223.0,16263223.0,0,16287424.0
2025-10-16 21:45:00+00:00,16312367.0,16315356.0,16288804.0,16288804.0,0,16312367.0
2025-10-16 22:00:00+00:00,16257088.0,16312956.0,16257088.0,16312956.0,359713996800,16257088.0
2025-10-16 22:15:00+00:00,16251126.0,16262045.0,16246624.0,16258169.0,853540864,16251126.0
2025-10-16 22:30:00+00:00,16221058.0,16245976.0,16221058.0,16238673.0,177595219968,16221058.0
2025-10-16 22:45:00+00:00,16208860.0,16231473.0,16208860.0,16223424.0,138473897984,16208860.0
2025-10-16 23:00:00+00:00,16227655.0,16227655.0,16201794.0,16201924.0,134528106496,16227655.0
2025-10-16 23:15:00+00:00,16254385.0,16267301.0,16226233.0,16226233.0,0,16254385.0
2025-10-16 23:30:00+00:00,16212118.0,16264642.0,16210571.0,16262858.0,141966704640,16212118.0
2025-10-16 23:45:00+00:00,16236077.0,16237869.0,16212658.0,16213081.0,63610814464,16236077.0
2025-10-17 00:00:00+00:00,16242503.0,16253980.0,16217531.0,16242518.0,109280493568,16242503.0
2025-10-17 00:15:00+00:00,16285432.0,16285432.0,16246268.0,16252673.0,63934824448,16285432.0
2025-10-17 00:30:00+00:00,16322491.0,16336427.0,16273322.0,16285380.0,56129224704,16322491.0
2025-10-17 00:45:00+00:00,16341763.0,16341763.0,16297691.0,16326976.0,228010754048,16341763.0
2025-10-17 01:00:00+00:00,16375465.0,16395417.0,16340864.0,16342822.0,0,16375465.0
2025-10-17 01:15:00+00:00,16353287.0,16388311.0,16353287.0,16377730.0,116899446784,16353287.0
2025-10-17 01:30:00+00:00,16344118.0,16369467.0,16339159.0,16355033.0,43279974400,16344118.0
2025-10-17 01:45:00+00:00,16353115.0,16360521.0,16318498.0,16343857.0,172651184128,16353115.0
2025-10-17 02:00:00+00:00,16317401.0,16363577.0,16317401.0,16356221.0,75726061568,16317401.0
2025-10-17 02:15:00+00:00,16279824.0,16312114.0,16279824.0,16312114.0,22911385600,16279824.0
2025-10-17 02:30:00+00:00,16333780.0,16333780.0,16279662.0,16279662.0,167127285760,16333780.0
2025-10-17 02:45:00+00:00,16370814.0,16371995.0,16329446.0,16329446.0,224100614144,16370814.0
2025-10-17 03:00:00+00:00,16368888.0,16380421.0,16359695.0,16368927.0,163689005056,16368888.0
2025-10-17 03:15:00+00:00,16373316.0,16375646.0,16364254.0,16369543.0,0,16373316.0
2025-10-17 03:30:00+00:00,16343776.0,16381720.0,16342991.0,16372128.0,96110379008,16343776.0
2025-10-17 03:45:00+00:00,16380535.0,16380535.0,16339601.0,16339601.0,202782015488,16380535.0
2025-10-17 04:00:00+00:00,16373662.0,16387450.0,16372953.0,16376250.0,139489968128,16373662.0
2025-10-17 04:15:00+00:00,16357906.0,16389173.0,16355801.0,16378753.0,194553839616,16357906.0
2025-10-17 04:30:00+00:00,16358021.0,16372262.0,16350377.0,16359630.0,41215328256,16358021.0
2025-10-17 04:45:00+00:00,16326434.0,16352317.0,16324088.0,16350752.0,0,16326434.0
2025-10-17 05:00:00+00:00,16328814.0,16330039.0,16311323.0,16312594.0,152011014144,16328814.0
2025-10-17 05:15:00+00:00,16323343.0,16323596.0,16299301.0,16323596.0,132811587584,16323343.0
2025-10-17 05:30:00+00:00,16282023.0,16319513.0,16282023.0,16319513.0,12389974016,16282023.0
2025-10-17 05:45:00+00:00,16236730.0,16266598.0,16231440.0,16266598.0,42018537472,16236730.0
2025-10-17 06:00:00+00:00,16232809.0,16256633.0,16232809.0,16239540.0,147852361728,16232809.0
2025-10-17 06:15:00+00:00,16167968.0,16240147.0,16167968.0,16234061.0,83621838848,16167968.0
2025-10-17 06:30:00+00:00,16052542.0,16160538.0,16052542.0,16158011.0,133768937472,16052542.0
2025-10-17 06:45:00+00:00,15981895.0,16053647.0,15981895.0,16035748.0,375934418944,15981895.0
2025-10-17 07:00:00+00:00,15919673.0,15985092.0,15899743.0,15985092.0,196038623232,15919673.0
2025-10-17 07:15:00+00:00,15904933.0,15948635.0,15875089.0,15918956.0,174795522048,15904933.0
2025-10-17 07:30:00+00:00,15853577.0,15906601.0,15847075.0,15906601.0,382060199936,15853577.0
2025-10-17 07:45:00+00:00,15805260.0,15850325.0,15805260.0,15835507.0,165720096768,15805260.0
2025-10-17 08:00:00+00:00,15763474.0,15806799.0,15736957.0,15804268.0,188322152448,15763474.0
2025-10-17 08:15:00+00:00,15724286.0,15774999.0,15686178.0,15759470.0,506182238208,15724286.0
2025-10-17 08:30:00+00:00,15740465.0,15797385.0,15735896.0,15751221.0,285461184512,15740465.0
2025-10-17 08:45:00+00:00,15729864.0,15744810.0,15707397.0,15737907.0,205261897728,15729864.0
2025-10-17 09:00:00+00:00,15764284.0,15764284.0,15711259.0,15726205.0,249108103168,15764284.0
2025-10-17 09:15:00+00:00,15740182.0,15766310.0,15729788.0,15765270.0,84192264192,15740182.0
2025-10-17 09:30:00+00:00,15751513.0,15820703.0,15738016.0,15738016.0,35881222144,15751513.0
2025-10-17 09:45:00+00:00,15676142.0,15751324.0,15676142.0,15751324.0,138949951488,15676142.0
2025-10-17 10:00:00+00:00,15664207.0,15694511.0,15657579.0,15678386.0,105609428992,15664207.0
2025-10-17 10:15:00+00:00,15552493.0,15669659.0,15510865.0,15628458.0,283747811328,15552493.0
2025-10-17 10:30:00+00:00,15630666.0,15657128.0,15568657.0,15568657.0,246920773632,15630666.0
2025-10-17 10:45:00+00:00,15700954.0,15709460.0,15635315.0,15635315.0,390466633728,15700954.0
2025-10-17 11:00:00+00:00,15847335.0,15847335.0,15692112.0,15705787.0,143265890304,15847335.0
2025-10-17 11:15:00+00:00,15967275.0,15975971.0,15899518.0,15901462.0,446538186752,15967275.0
2025-10-17 11:30:00+00:00,15909807.0,15972069.0,15886327.0,15972069.0,280526585856,15909807.0
2025-10-17 11:45:00+00:00,15873177.0,15910029.0,15866164.0,15910029.0,169010528256,15873177.0
2025-10-17 12:00:00+00:00,15890288.0,15948345.0,15878396.0,15878595.0,234734223360,15890288.0
2025-10-17 12:15:00+00:00,15885532.0,15935116.0,15885532.0,15897773.0,176628432896,15885532.0
2025-10-17 12:30:00+00:00,15896583.0,15910393.0,15849659.0,15887068.0,208675012608,15896583.0
2025-10-17 12:45:00+00:00,15841714.0,15895882.0,15833887.0,15895882.0,12867076096,15841714.0
2025-10-17 13:00:00+00:00,15812802.0,15864109.0,15812802.0,15845273.0,41446014976,15812802.0
2025-10-17 13:15:00+00:00,15836257.0,15867155.0,15786417.0,15786417.0,225091518464,15836257.0
2025-10-17 13:30:00+00:00,15839012.0,15937267.0,15839012.0,15847429.0,493308870656,15839012.0
2025-10-17 13:45:00+00:00,15952147.0,15955032.0,15791411.0,15817012.0,258311454720,15952147.0
2025-10-17 14:00:00+00:00,15888689.0,15951321.0,15836176.0,15918249.0,147343802368,15888689.0
2025-10-17 14:15:00+00:00,15850414.0,15898007.0,15814413.0,15898007.0,26556235776,15850414.0
2025-10-17 14:30:00+00:00,15836623.0,15836623.0,15751076.0,15834570.0,149011038208,15836623.0
2025-10-17 14:45:00+00:00,15818280.0,15916522.0,15818280.0,15832389.0,168231436288,15818280.0
2025-10-17 15:00:00+00:00,15890758.0,15898515.0,15817794.0,15819321.0,89096454144,15890758.0
2025-10-17 15:15:00+00:00,15950023.0,15950023.0,15861853.0,15881780.0,59172192256,15950023.0
2025-10-17 15:30:00+00:00,15951979.0,15956360.0,15891255.0,15935916.0,208924573696,15951979.0
2025-10-17 15:45:00+00:00,16045297.0,16045297.0,15948828.0,15948828.0,0,16045297.0
2025-10-17 16:00:00+00:00,16094817.0,16157768.0,16058678.0,16058678.0,112326606848,16094817.0
2025-10-17 16:15:00+00:00,16066780.0,16118781.0,16052685.0,16090727.0,246009561088,16066780.0
2025-10-17 16:30:00+00:00,16036619.0,16063127.0,16017331.0,16058443.0,0,16036619.0
2025-10-17 16:45:00+00:00,16003915.0,16073266.0,15983389.0,16039215.0,69084381184,16003915.0
2025-10-17 17:00:00+00:00,16023026.0,16047742.0,15998433.0,16002730.0,36040605696,16023026.0
2025-10-17 17:15:00+00:00,15993369.0,16046006.0,15980103.0,16046006.0,0,15993369.0
2025-10-17 17:30:00+00:00,15997022.0,16020546.0,15979478.0,15981358.0,13410238464,15997022.0
2025-10-17 17:45:00+00:00,16012816.0,16026520.0,15958745.0,15990164.0,17086545920,16012816.0
2025-10-17 18:00:00+00:00,16079342.0,16082441.0,16011548.0,16011548.0,72687288320,16079342.0
2025-10-17 18:15:00+00:00,16091788.0,16091788.0,16042015.0,16050285.0,0,16091788.0
2025-10-17 18:30:00+00:00,16076247.0,16111257.0,16076247.0,16091452.0,169760260096,16076247.0
2025-10-17 18:45:00+00:00,16043472.0,16073096.0,16043472.0,16073096.0,127447072768,16043472.0
2025-10-17 19:00:00+00:00,16083130.0,16085498.0,16046286.0,16046286.0,130596995072,16083130.0
2025-10-17 19:15:00+00:00,16041945.0,16077010.0,16037618.0,16077010.0,0,16041945.0
2025-10-17 19:30:00+00:00,16026790.0,16044149.0,16002123.0,16044149.0,0,16026790.0
2025-10-17 19:45:00+00:00,16029417.0,16047580.0,16025480.0,16027552.0,149193490432,16029417.0
2025-10-17 20:00:00+00:00,16039650.0,16039650.0,16014728.0,16024905.0,125609967616,16039650.0
2025-10-17 20:15:00+00:00,16107572.0,16107572.0,16044657.0,16046740.0,1544552448,16107572.0
2025-10-17 20:30:00+00:00,16110105.0,16131066.0,16102286.0,16116827.0,0,16110105.0
2025-10-17 20:45:00+00:00,16131529.0,16140705.0,16111429.0,16111429.0,0,16131529.0
2025-10-17 21:00:00+00:00,16180910.0,16180910.0,16125054.0,16126995.0,344391155712,16180910.0
2025-10-17 21:15:00+00:00,16179828.0,16183298.0,16174359.0,16176845.0,130101018624,16179828.0
2025-10-17 21:30:00+00:00,16156932.0,16183515.0,16156932.0,16183515.0,173060128768,16156932.0
2025-10-17 21:45:00+00:00,16179382.0,16183768.0,16157404.0,16158923.0,32434552832,16179382.0
2025-10-17 22:00:00+00:00,16155037.0,16181626.0,16152083.0,16171918.0,0,16155037.0
2025-10-17 22:15:00+00:00,16142153.0,16154925.0,16129236.0,16149563.0,142048493568,16142153.0
2025-10-17 22:30:00+00:00,16115792.0,16142146.0,16104918.0,16142146.0,0,16115792.0
2025-10-17 22:45:00+00:00,16121373.0,16125635.0,16112245.0,16112245.0,26349666304,16121373.0
2025-10-17 23:00:00+00:00,16098725.0,16121398.0,16093366.0,16121398.0,114175246336,16098725.0
2025-10-17 23:15:00+00:00,16083978.0,16104310.0,16079574.0,16098353.0,23592960000,16083978.0
2025-10-17 23:30:00+00:00,16063142.0,16081118.0,16053830.0,16081118.0,132109041664,16063142.0
2025-10-17 23:45:00+00:00,16032663.0,16065091.0,16032663.0,16060709.0,0,16032663.0
2025-10-18 00:00:00+00:00,16028484.0,16037729.0,16027288.0,16036633.0,8341422080,16028484.0
2025-10-18 00:15:00+00:00,16070621.0,16095466.0,16023868.0,16028770.0,187014578176,16070621.0
2025-10-18 00:30:00+00:00,16086520.0,16087905.0,16063444.0,16075170.0,16127098880,16086520.0
2025-10-18 00:45:00+00:00,16095794.0,16095794.0,16087117.0,16087462.0,125149642752,16095794.0
2025-10-18 01:00:00+00:00,16109116.0,16119337.0,16091632.0,16091632.0,117289517056,16109116.0
2025-10-18 01:15:00+00:00,16152327.0,16152327.0,16114301.0,16114301.0,22072524800,16152327.0
2025-10-18 01:30:00+00:00,16140151.0,16164857.0,16140151.0,16158293.0,0,16140151.0
2025-10-18 01:45:00+00:00,16140665.0,16140665.0,16127606.0,16138219.0,8157921280,16140665.0
2025-10-18 02:00:00+00:00,16113951.0,16164153.0,16113852.0,16149921.0,494400438272,16113951.0
2025-10-18 02:15:00+00:00,16114323.0,16114323.0,16099243.0,16112172.0,0,16114323.0
2025-10-18 02:30:00+00:00,16078872.0,16128346.0,16076909.0,16126471.0,186256457728,16078872.0
2025-10-18 02:45:00+00:00,16056098.0,16075533.0,16047095.0,16073602.0,103043563520,16056098.0
2025-10-18 03:00:00+00:00,16089662.0,16089662.0,16060815.0,16060815.0,334223114240,16089662.0
2025-10-18 03:15:00+00:00,16116346.0,16116346.0,16089661.0,16089661.0,41459646464,16116346.0
2025-10-18 03:30:00+00:00,16117210.0,16138004.0,16116863.0,16116863.0,138123673600,16117210.0
2025-10-18 03:45:00+00:00,16133028.0,16136706.0,16114743.0,16117335.0,25448939520,16133028.0
2025-10-18 04:00:00+00:00,16059947.0,16135722.0,16052499.0,16131504.0,261082841088,16059947.0
2025-10-18 04:15:00+00:00,16078426.0,16078426.0,16061531.0,16061531.0,21999124480,16078426.0
2025-10-18 04:30:00+00:00,16047409.0,16077106.0,16047409.0,16077106.0,149197684736,16047409.0
2025-10-18 04:45:00+00:00,16046333.0,16047827.0,16038903.0,16040855.0,149640183808,16046333.0
2025-10-18 05:00:00+00:00,16066056.0,16067294.0,16044998.0,16044998.0,39061553152,16066056.0
2025-10-18 05:15:00+00:00,16065970.0,16067787.0,16062141.0,16062141.0,855638016,16065970.0
2025-10-18 05:30:00+00:00,16077901.0,16078528.0,16050544.0,16065097.0,273221156864,16077901.0
2025-10-18 05:45:00+00:00,16094614.0,16094614.0,16076164.0,16076164.0,0,16094614.0
2025-10-18 06:00:00+00:00,16110644.0,16111001.0,16084029.0,16099651.0,107147689984,16110644.0
2025-10-18 06:15:00+00:00,16101722.0,16110459.0,16097710.0,16110459.0,92538929152,16101722.0
2025-10-18 06:30:00+00:00,16088611.0,16102277.0,16085873.0,16100364.0,0,16088611.0
2025-10-18 06:45:00+00:00,16106949.0,16110200.0,16085145.0,16086880.0,47243591680,16106949.0
2025-10-18 07:00:00+00:00,16172761.0,16188161.0,16102626.0,16102626.0,0,16172761.0
2025-10-18 07:15:00+00:00,16135161.0,16169824.0,16127749.0,16169824.0,8586788864,16135161.0
2025-10-18 07:30:00+00:00,16150911.0,16157887.0,16130371.0,16137674.0,96413417472,16150911.0
2025-10-18 07:45:00+00:00,16072947.0,16166485.0,16072947.0,16152223.0,0,16072947.0
2025-10-18 08:00:00+00:00,16111185.0,16113527.0,16070038.0,16075009.0,42037411840,16111185.0
2025-10-18 08:15:00+00:00,16082082.0,16114347.0,16081986.0,16108907.0,0,16082082.0
2025-10-18 08:30:00+00:00,16085985.0,16090145.0,16073931.0,16084724.0,73629958144,16085985.0
2025-10-18 08:45:00+00:00,16089950.0,16095052.0,16079121.0,16085849.0,74024222720,16089950.0
2025-10-18 09:00:00+00:00,16077232.0,16086709.0,16073594.0,16081247.0,0,16077232.0
2025-10-18 09:15:00+00:00,16098069.0,16098485.0,16076227.0,16079230.0,93969186816,16098069.0
2025-10-18 09:30:00+00:00,16092916.0,16101592.0,16085827.0,16101592.0,0,16092916.0
2025-10-18 09:45:00+00:00,16109379.0,16113143.0,16088697.0,16094648.0,0,16109379.0
2025-10-18 10:00:00+00:00,16103461.0,16109335.0,16100683.0,16109335.0,0,16103461.0
2025-10-18 10:15:00+00:00,16115414.0,16115414.0,16096688.0,16100984.0,0,16115414.0
2025-10-18 10:30:00+00:00,16141828.0,16141828.0,16115414.0,16115414.0,53081014272,16141828.0
2025-10-18 10:45:00+00:00,16101880.0,16137648.0,16093715.0,16137648.0,161816248320,16101880.0
2025-10-18 11:00:00+00:00,16105909.0,16109802.0,16087971.0,16109802.0,0,16105909.0
2025-10-18 11:15:00+00:00,16108327.0,16113441.0,16104485.0,16104977.0,0,16108327.0
2025-10-18 11:30:00+00:00,16122223.0,16123062.0,16106823.0,16109102.0,0,16122223.0
2025-10-18 11:45:00+00:00,16138449.0,16138449.0,16116275.0,16126648.0,182071590912,16138449.0
2025-10-18 12:00:00+00:00,16154258.0,16154258.0,16139315.0,16153783.0,70722256896,16154258.0
2025-10-18 12:15:00+00:00,16136002.0,16167162.0,16136002.0,16151572.0,84140883968,16136002.0
2025-10-18 12:30:00+00:00,16123338.0,16140706.0,16120271.0,16137010.0,0,16123338.0
2025-10-18 12:45:00+00:00,16135510.0,16135510.0,16125009.0,16125009.0,397507821568,16135510.0
2025-10-18 13:00:00+00:00,16128429.0,16133595.0,16112907.0,16132917.0,67244130304,16128429.0
2025-10-18 13:15:00+00:00,16125426.0,16135452.0,16115419.0,16125188.0,0,16125426.0
2025-10-18 13:30:00+00:00,16060322.0,16127970.0,16056125.0,16127970.0,0,16060322.0
2025-10-18 13:45:00+00:00,16104713.0,16116794.0,16058681.0,16060322.0,45994737664,16104713.0
2025-10-18 14:00:00+00:00,16097865.0,16110707.0,16088403.0,16105522.0,0,16097865.0
2025-10-18 14:15:00+00:00,16099645.0,16114942.0,16095363.0,16095531.0,0,16099645.0
2025-10-18 14:30:00+00:00,16120949.0,16125039.0,16105227.0,16105227.0,0,16120949.0
2025-10-18 14:45:00+00:00,16122774.0,16127664.0,16109956.0,16118175.0,109581434880,16122774.0
2025-10-18 15:00:00+00:00,16133157.0,16141705.0,16121984.0,16121984.0,38045483008,16133157.0
2025-10-18 15:15:00+00:00,16121136.0,16135764.0,16121136.0,16128914.0,0,16121136.0
2025-10-18 15:30:00+00:00,16104064.0,16121306.0,16097006.0,16121306.0,0,16104064.0
2025-10-18 15:45:00+00:00,16112751.0,16115864.0,16104064.0,16104064.0,99087810560,16112751.0
2025-10-18 16:00:00+00:00,16111180.0,16125398.0,16109612.0,16112751.0,105526591488,16111180.0
2025-10-18 16:15:00+00:00,16095229.0,16111406.0,16083921.0,16103549.0,0,16095229.0
2025-10-18 16:30:00+00:00,16049916.0,16095899.0,16049916.0,16094816.0,9043968000,16049916.0
2025-10-18 16:45:00+00:00,16070885.0,16073399.0,16050827.0,16050827.0,1022225285120,16070885.0
2025-10-18 17:00:00+00:00,16066876.0,16071889.0,16063293.0,16071215.0,106864050176,16066876.0
2025-10-18 17:15:00+00:00,16114632.0,16114632.0,16072819.0,16072819.0,405978218496,16114632.0
2025-10-18 17:30:00+00:00,16093312.0,16108918.0,16089243.0,16104312.0,41201172480,16093312.0
2025-10-18 17:45:00+00:00,16100048.0,16102107.0,16089482.0,16089482.0,33985396736,16100048.0
2025-10-18 18:00:00+00:00,16083347.0,16104242.0,16083347.0,16096625.0,327519043584,16083347.0
2025-10-18 18:15:00+00:00,16083929.0,16086426.0,16073871.0,16081405.0,0,16083929.0
2025-10-18 18:30:00+00:00,16096070.0,16099354.0,16083917.0,16083917.0,0,16096070.0
2025-10-18 18:45:00+00:00,16093574.0,16098913.0,16090290.0,16095073.0,123057733632,16093574.0
2025-10-18 19:00:00+00:00,16098570.0,16098651.0,16090540.0,16095922.0,0,16098570.0
2025-10-18 19:15:00+00:00,16117690.0,16117690.0,16098683.0,16098683.0,0,16117690.0
2025-10-18 19:30:00+00:00,16121421.0,16121421.0,16110775.0,16113468.0,0,16121421.0
2025-10-18 19:45:00+00:00,16125239.0,16261800.0,16118210.0,16118210.0,108813877248,16125239.0
2025-10-18 20:00:00+00:00,16138013.0,16159305.0,16125905.0,16126349.0,184671535104,16138013.0
2025-10-18 20:15:00+00:00,16152640.0,16153654.0,16120181.0,16131006.0,0,16152640.0
2025-10-18 20:30:00+00:00,16143567.0,16162914.0,16139867.0,16153865.0,116345274368,16143567.0
2025-10-18 20:45:00+00:00,16130060.0,16151724.0,16130060.0,16145187.0,0,16130060.0
2025-10-18 21:00:00+00:00,16094769.0,16125719.0,16094769.0,16125719.0,116567572480,16094769.0
2025-10-18 21:15:00+00:00,16130316.0,16130316.0,16101926.0,16106577.0,4602724352,16130316.0
2025-10-18 21:30:00+00:00,16136286.0,16147523.0,16134972.0,16134972.0,15062269952,16136286.0
2025-10-18 21:45:00+00:00,16144426.0,16146968.0,16129818.0,16132966.0,11702632448,16144426.0
2025-10-18 22:00:00+00:00,16138871.0,16153853.0,16138871.0,16153853.0,114136449024,16138871.0
2025-10-18 22:15:00+00:00,16156475.0,16162075.0,16138691.0,16138871.0,145752064,16156475.0
2025-10-18 22:30:00+00:00,16145698.0,16156445.0,16145698.0,16156445.0,0,16145698.0
2025-10-18 22:45:00+00:00,16137871.0,16145698.0,16134336.0,16145698.0,0,16137871.0
2025-10-18 23:00:00+00:00,16132125.0,16147727.0,16132125.0,16138036.0,118235856896,16132125.0
2025-10-18 23:15:00+00:00,16128645.0,16136263.0,16124405.0,16134464.0,129385889792,16128645.0
2025-10-18 23:30:00+00:00,16133944.0,16140743.0,16128410.0,16128410.0,0,16133944.0
2025-10-18 23:45:00+00:00,16142132.0,16142132.0,16132948.0,16133944.0,0,16142132.0
2025-10-19 00:00:00+00:00,16141622.0,16153311.0,16133203.0,16145506.0,21063794688,16141622.0
2025-10-19 00:15:00+00:00,16135202.0,16148207.0,16129878.0,16131664.0,2261254144,16135202.0
2025-10-19 00:30:00+00:00,16093962.0,16147481.0,16093962.0,16147481.0,0,16093962.0
2025-10-19 00:45:00+00:00,16102629.0,16103178.0,16082965.0,16094012.0,31327256576,16102629.0
2025-10-19 01:00:00+00:00,16090547.0,16103796.0,16085503.0,16103796.0,107793612800,16090547.0
2025-10-19 01:15:00+00:00,16112564.0,16114749.0,16088821.0,16104901.0,130172846080,16112564.0
2025-10-19 01:30:00+00:00,16102554.0,16119689.0,16102554.0,16112564.0,0,16102554.0
2025-10-19 01:45:00+00:00,16118001.0,16118841.0,16103762.0,16103762.0,0,16118001.0
2025-10-19 02:00:00+00:00,16113064.0,16115881.0,16105183.0,16111462.0,0,16113064.0
2025-10-19 02:15:00+00:00,16105116.0,16123445.0,16105116.0,16106104.0,14855700480,16105116.0
2025-10-19 02:30:00+00:00,16098845.0,16107335.0,16097029.0,16104505.0,0,16098845.0
2025-10-19 02:45:00+00:00,16097188.0,16103702.0,16091363.0,16096920.0,0,16097188.0
2025-10-19 03:00:00+00:00,16094414.0,16099142.0,16090370.0,16096573.0,110320156672,16094414.0
2025-10-19 03:15:00+00:00,16134935.0,16138225.0,16094444.0,16094444.0,5158469632,16134935.0
2025-10-19 03:30:00+00:00,16156698.0,16156698.0,16133653.0,16133653.0,2686976000,16156698.0
2025-10-19 03:45:00+00:00,16156855.0,16166652.0,16150239.0,16150239.0,0,16156855.0
2025-10-19 04:00:00+00:00,16124218.0,16161793.0,16123885.0,16160501.0,295870922752,16124218.0
2025-10-19 04:15:00+00:00,16125394.0,16128345.0,16121615.0,16128345.0,136862236672,16125394.0
2025-10-19 04:30:00+00:00,16137444.0,16145723.0,16137444.0,16137564.0,119125573632,16137444.0
2025-10-19 04:45:00+00:00,16130000.0,16139117.0,16130000.0,16134776.0,4890034176,16130000.0
2025-10-19 05:00:00+00:00,16129709.0,16131813.0,16124971.0,16127052.0,0,16129709.0
2025-10-19 05:15:00+00:00,16109635.0,16144799.0,16109635.0,16128943.0,53843853312,16109635.0
2025-10-19 05:30:00+00:00,16117628.0,16124088.0,16109318.0,16109318.0,1353187328,16117628.0
2025-10-19 05:45:00+00:00,16098404.0,16116648.0,16091656.0,16116511.0,242569707520,16098404.0
2025-10-19 06:00:00+00:00,16090979.0,16107036.0,16090979.0,16102052.0,0,16090979.0
2025-10-19 06:15:00+00:00,16090475.0,16092586.0,16087698.0,16090979.0,0,16090475.0
2025-10-19 06:30:00+00:00,16079188.0,16088623.0,16058230.0,16087762.0,58239483904,16079188.0
2025-10-19 06:45:00+00:00,16081074.0,16081074.0,16071631.0,16079188.0,139763122176,16081074.0
2025-10-19 07:00:00+00:00,16092214.0,16097485.0,16082323.0,16083718.0,94562156544,16092214.0
2025-10-19 07:15:00+00:00,16100124.0,16107016.0,16093021.0,16094427.0,114797576192,16100124.0
2025-10-19 07:30:00+00:00,16078458.0,16101780.0,16078458.0,16101780.0,108742049792,16078458.0
2025-10-19 07:45:00+00:00,16086449.0,16086710.0,16075964.0,16080475.0,46727692288,16086449.0
2025-10-19 08:00:00+00:00,16090883.0,16094046.0,16084918.0,16084918.0,103658815488,16090883.0
2025-10-19 08:15:00+00:00,16068681.0,16145032.0,16049775.0,16090883.0,46397128704,16068681.0
2025-10-19 08:30:00+00:00,16045476.0,16071850.0,16042033.0,16069473.0,12643729408,16045476.0
2025-10-19 08:45:00+00:00,16038898.0,16040709.0,16013904.0,16040409.0,105166667776,16038898.0
2025-10-19 09:00:00+00:00,16001497.0,16038898.0,15995780.0,16038898.0,103729594368,16001497.0
2025-10-19 09:15:00+00:00,15998846.0,16025759.0,15998846.0,16000447.0,142930608128,15998846.0
2025-10-19 09:30:00+00:00,16115487.0,16116615.0,15988282.0,15990538.0,181855584256,16115487.0
2025-10-19 09:45:00+00:00,16191147.0,16235490.0,16101946.0,16116402.0,406998482944,16191147.0
2025-10-19 10:00:00+00:00,16176086.0,16206705.0,16169222.0,16206705.0,107997036544,16176086.0
2025-10-19 10:15:00+00:00,16246409.0,16246409.0,16171584.0,16179226.0,81193861120,16246409.0
2025-10-19 10:30:00+00:00,16224348.0,16240037.0,16217207.0,16240037.0,67127738368,16224348.0
2025-10-19 10:45:00+00:00,16243333.0,16243333.0,16205789.0,16224348.0,113941413888,16243333.0
2025-10-19 11:00:00+00:00,16291240.0,16300198.0,16247565.0,16247565.0,68651843584,16291240.0
2025-10-19 11:15:00+00:00,16246267.0,16293492.0,16246267.0,16293492.0,72782708736,16246267.0
2025-10-19 11:30:00+00:00,16251631.0,16263914.0,16245067.0,16245714.0,64174424064,16251631.0
2025-10-19 11:45:00+00:00,16235011.0,16247019.0,16220293.0,16239152.0,152178262016,16235011.0
2025-10-19 12:00:00+00:00,16216970.0,16241719.0,16216970.0,16238342.0,127541444608,16216970.0
2025-10-19 12:15:00+00:00,16200396.0,16211989.0,16198033.0,16209879.0,62057349120,16200396.0
2025-10-19 12:30:00+00:00,16216182.0,16220695.0,16190266.0,16190266.0,168486764544,16216182.0
2025-10-19 12:45:00+00:00,16208280.0,16208280.0,16193395.0,16198564.0,130753757184,16208280.0
2025-10-19 13:00:00+00:00,16181217.0,16210908.0,16181217.0,16208280.0,37554749440,16181217.0
2025-10-19 13:15:00+00:00,16188130.0,16191625.0,16173382.0,16173382.0,190122557440,16188130.0
2025-10-19 13:30:00+00:00,16240988.0,16240988.0,16188130.0,16188130.0,13274972160,16240988.0
2025-10-19 13:45:00+00:00,16274692.0,16291357.0,16221354.0,16243377.0,49945247744,16274692.0
2025-10-19 14:00:00+00:00,16286494.0,16286494.0,16252313.0,16284722.0,64225804288,16286494.0
2025-10-19 14:15:00+00:00,16330676.0,16343150.0,16268453.0,16278004.0,60352888832,16330676.0
2025-10-19 14:30:00+00:00,16302894.0,16336587.0,16297845.0,16332495.0,164873895936,16302894.0
2025-10-19 14:45:00+00:00,16339988.0,16341350.0,16301383.0,16301383.0,246502391808,16339988.0
2025-10-19 15:00:00+00:00,16349872.0,16351634.0,16326563.0,16339988.0,157734666240,16349872.0
2025-10-19 15:15:00+00:00,16349873.0,16356291.0,16334552.0,16349872.0,25404375040,16349873.0
2025-10-19 15:30:00+00:00,16325852.0,16345983.0,16321820.0,16344628.0,146783338496,16325852.0
2025-10-19 15:45:00+00:00,16336213.0,16341617.0,16325852.0,16325852.0,129585119232,16336213.0
2025-10-19 16:00:00+00:00,16327637.0,16346992.0,16322759.0,16339937.0,7967604736,16327637.0
2025-10-19 16:15:00+00:00,16323657.0,16325368.0,16311797.0,16324150.0,116431257600,16323657.0
2025-10-19 16:30:00+00:00,16390008.0,16390008.0,16316019.0,16323938.0,0,16390008.0
2025-10-19 16:45:00+00:00,16367278.0,16404094.0,16360672.0,16385954.0,279004577792,16367278.0
2025-10-19 17:00:00+00:00,16436838.0,16436838.0,16368705.0,16368705.0,27967094784,16436838.0
2025-10-19 17:15:00+00:00,16433626.0,16478427.0,16431555.0,16470752.0,143106506752,16433626.0
2025-10-19 17:30:00+00:00,16444906.0,16459406.0,16412042.0,16440536.0,28169994240,16444906.0
2025-10-19 17:45:00+00:00,16442019.0,16447140.0,16418248.0,16447140.0,75054972928,16442019.0
2025-10-19 18:00:00+00:00,16437465.0,16450650.0,16416639.0,16444058.0,157021110272,16437465.0
2025-10-19 18:15:00+00:00,16439357.0,16450559.0,16428763.0,16434216.0,48157949952,16439357.0
2025-10-19 18:30:00+00:00,16445957.0,16458133.0,16434352.0,16454356.0,134085607424,16445957.0
2025-10-19 18:45:00+00:00,16451567.0,16471241.0,16448524.0,16448675.0,173177569280,16451567.0
2025-10-19 19:00:00+00:00,16418561.0,16445629.0,16397516.0,16445629.0,5919211520,16418561.0
2025-10-19 19:15:00+00:00,16424712.0,16426615.0,16415380.0,16418561.0,62827003904,16424712.0
2025-10-19 19:30:00+00:00,16391959.0,16418677.0,16385482.0,16418677.0,123972616192,16391959.0
2025-10-19 19:45:00+00:00,16390015.0,16396170.0,16376251.0,16389663.0,153444417536,16390015.0
2025-10-19 20:00:00+00:00,16389580.0,16397584.0,16377641.0,16389803.0,37174116352,16389580.0
2025-10-19 20:15:00+00:00,16388511.0,16395889.0,16379639.0,16383498.0,70098354176,16388511.0
2025-10-19 20:30:00+00:00,16387869.0,16390894.0,16369849.0,16384069.0,21129330688,16387869.0
2025-10-19 20:45:00+00:00,16389348.0,16399727.0,16388757.0,16398862.0,32529973248,16389348.0
2025-10-19 21:00:00+00:00,16368183.0,16387537.0,16368183.0,16387516.0,1281884160,16368183.0
2025-10-19 21:15:00+00:00,16351760.0,16368183.0,16350428.0,16368183.0,18776326144,16351760.0
2025-10-19 21:30:00+00:00,16370051.0,16370951.0,16349430.0,16351533.0,39273889792,16370051.0
2025-10-19 21:45:00+00:00,16366636.0,16374323.0,16352955.0,16372997.0,149687894016,16366636.0
2025-10-19 22:00:00+00:00,16458793.0,16458793.0,16383999.0,16383999.0,67387260928,16458793.0
2025-10-19 22:15:00+00:00,16479016.0,16479016.0,16456440.0,16464747.0,67223158784,16479016.0
2025-10-19 22:30:00+00:00,16482815.0,16498967.0,16479399.0,16498967.0,117033140224,16482815.0
2025-10-19 22:45:00+00:00,16454518.0,16491218.0,16454518.0,16480181.0,164840865792,16454518.0
2025-10-19 23:00:00+00:00,16438248.0,16454965.0,16433989.0,16454965.0,107513643008,16438248.0
2025-10-19 23:15:00+00:00,16408515.0,16440488.0,16404822.0,16440488.0,21801467904,16408515.0
2025-10-19 23:30:00+00:00,16380316.0,16420845.0,16380316.0,16420845.0,50870616064,16380316.0
2025-10-19 23:45:00+00:00,16399982.0,16400074.0,16372038.0,16380353.0,35334914048,16399982.0
2025-10-20 00:00:00+00:00,16310781.0,16395677.0,16310781.0,16395677.0,35639525376,16310781.0
2025-10-20 00:15:00+00:00,16215212.0,16318376.0,16215212.0,16311628.0,141469155328,16215212.0
2025-10-20 00:30:00+00:00,16274391.0,16299343.0,16217635.0,16225338.0,123320926208,16274391.0
2025-10-20 00:45:00+00:00,16329816.0,16329816.0,16269769.0,16274138.0,157183115264,16329816.0
2025-10-20 01:00:00+00:00,16339592.0,16353516.0,16295538.0,16327299.0,56819187712,16339592.0
2025-10-20 01:15:00+00:00,16352251.0,16352251.0,16321294.0,16332193.0,68562190336,16352251.0
2025-10-20 01:30:00+00:00,16328262.0,16351682.0,16323081.0,16347313.0,34495004672,16328262.0
2025-10-20 01:45:00+00:00,16315181.0,16334750.0,16315181.0,16328119.0,92728197120,16315181.0
2025-10-20 02:00:00+00:00,16303489.0,16315622.0,16293987.0,16311434.0,165506187264,16303489.0
2025-10-20 02:15:00+00:00,16354737.0,16371646.0,16307003.0,16307003.0,231591116800,16354737.0
2025-10-20 02:30:00+00:00,16410378.0,16411642.0,16348764.0,16352728.0,18832949248,16410378.0
2025-10-20 02:45:00+00:00,16415600.0,16437978.0,16406408.0,16420166.0,224764362752,16415600.0
2025-10-20 03:00:00+00:00,16404324.0,16410430.0,16388610.0,16410430.0,258014183424,16404324.0
2025-10-20 03:15:00+00:00,16415358.0,16432714.0,16399294.0,16407051.0,138384769024,16415358.0
2025-10-20 03:30:00+00:00,16461275.0,16461275.0,16395841.0,16415105.0,118187622400,16461275.0
2025-10-20 03:45:00+00:00,16614297.0,16655606.0,16461896.0,16463750.0,289711587328,16614297.0
2025-10-20 04:00:00+00:00,16636702.0,16645232.0,16604315.0,16623306.0,106645946368,16636702.0
2025-10-20 04:15:00+00:00,16601033.0,16635322.0,16576096.0,16635322.0,295988363264,16601033.0
2025-10-20 04:30:00+00:00,16602771.0,16614802.0,16590811.0,16610262.0,26209681408,16602771.0
2025-10-20 04:45:00+00:00,16637671.0,16640404.0,16600237.0,16603687.0,197889359872,16637671.0
2025-10-20 05:00:00+00:00,16651646.0,16652350.0,16617325.0,16623574.0,151879942144,16651646.0
2025-10-20 05:15:00+00:00,16657418.0,16676491.0,16642876.0,16650863.0,47585427456,16657418.0
2025-10-20 05:30:00+00:00,16688964.0,16688964.0,16650755.0,16650755.0,290793193472,16688964.0
2025-10-20 05:45:00+00:00,16729451.0,16744393.0,16684830.0,16691282.0,19400228864,16729451.0
2025-10-20 06:00:00+00:00,16754960.0,16759121.0,16729305.0,16729305.0,165047435264,16754960.0
2025-10-20 06:15:00+00:00,16739939.0,16771443.0,16739266.0,16755645.0,110304952320,16739939.0
2025-10-20 06:30:00+00:00,16759940.0,16762984.0,16742129.0,16742129.0,184176082944,16759940.0
2025-10-20 06:45:00+00:00,16782752.0,16786502.0,16746821.0,16763793.0,91749351424,16782752.0
2025-10-20 07:00:00+00:00,16782686.0,16783706.0,16762030.0,16778384.0,37918605312,16782686.0
2025-10-20 07:15:00+00:00,16798584.0,16798584.0,16778444.0,16790624.0,80010543104,16798584.0
2025-10-20 07:30:00+00:00,16776179.0,16797290.0,16773841.0,16797290.0,94185193472,16776179.0
2025-10-20 07:45:00+00:00,16769814.0,16783008.0,16753007.0,16778582.0,177348804608,16769814.0
2025-10-20 08:00:00+00:00,16758664.0,16775647.0,16753934.0,16769482.0,57040437248,16758664.0
2025-10-20 08:15:00+00:00,16782596.0,16782596.0,16738754.0,16766711.0,41173385216,16782596.0
2025-10-20 08:30:00+00:00,16771190.0,16823588.0,16769515.0,16785260.0,70697091072,16771190.0
2025-10-20 08:45:00+00:00,16740079.0,16791202.0,16740079.0,16782594.0,116935098368,16740079.0
2025-10-20 09:00:00+00:00,16718766.0,16737250.0,16697811.0,16737250.0,112116891648,16718766.0
2025-10-20 09:15:00+00:00,16681504.0,16720770.0,16672736.0,16720770.0,47484764160,16681504.0
2025-10-20 09:30:00+00:00,16694417.0,16694417.0,16667332.0,16683839.0,89662685184,16694417.0
2025-10-20 09:45:00+00:00,16734206.0,16734206.0,16693965.0,16698882.0,0,16734206.0
2025-10-20 10:00:00+00:00,16743070.0,16751581.0,16728247.0,16730631.0,83812679680,16743070.0
2025-10-20 10:15:00+00:00,16740366.0,16748305.0,16725827.0,16742704.0,0,16740366.0
2025-10-20 10:30:00+00:00,16730169.0,16750936.0,16730169.0,16742861.0,112730308608,16730169.0
2025-10-20 10:45:00+00:00,16697261.0,16727583.0,16684719.0,16727583.0,34108080128,16697261.0
2025-10-20 11:00:00+00:00,16694015.0,16699194.0,16683741.0,16695287.0,23909629952,16694015.0
2025-10-20 11:15:00+00:00,16711145.0,16714821.0,16693143.0,16693143.0,10733223936,16711145.0
2025-10-20 11:30:00+00:00,16710065.0,16716042.0,16699214.0,16711322.0,138465509376,16710065.0
2025-10-20 11:45:00+00:00,16730019.0,16744668.0,16713507.0,16713529.0,25228214272,16730019.0
2025-10-20 12:00:00+00:00,16733431.0,16734237.0,16719786.0,16732476.0,89240633344,16733431.0
2025-10-20 12:15:00+00:00,16730798.0,16742207.0,16720181.0,16725834.0,88131239936,16730798.0
2025-10-20 12:30:00+00:00,16718904.0,16752139.0,16718896.0,16731160.0,177643978752,16718904.0
2025-10-20 12:45:00+00:00,16701005.0,16725482.0,16693864.0,16714178.0,6014631936,16701005.0
2025-10-20 13:00:00+00:00,16667999.0,16705102.0,16667999.0,16699464.0,84767932416,16667999.0
2025-10-20 13:15:00+00:00,16685284.0,16685284.0,16665326.0,16665326.0,123979956224,16685284.0
2025-10-20 13:30:00+00:00,16718107.0,16721890.0,16689479.0,16689479.0,213234221056,16718107.0
2025-10-20 13:45:00+00:00,16765124.0,16765124.0,16720288.0,16720288.0,36924555264,16765124.0
2025-10-20 14:00:00+00:00,16741433.0,16766408.0,16730716.0,16764548.0,571222261760,16741433.0
2025-10-20 14:15:00+00:00,16739733.0,16740273.0,16685884.0,16731109.0,0,16739733.0
2025-10-20 14:30:00+00:00,16719889.0,16749313.0,16711125.0,16746659.0,112642752512,16719889.0
2025-10-20 14:45:00+00:00,16763282.0,16766620.0,16723476.0,16723476.0,59063664640,16763282.0
2025-10-20 15:00:00+00:00,16795108.0,16808140.0,16749410.0,16762112.0,151351984128,16795108.0
2025-10-20 15:15:00+00:00,16752952.0,16774522.0,16731453.0,16774522.0,72519516160,16752952.0
2025-10-20 15:30:00+00:00,16766508.0,16773591.0,16749156.0,16757189.0,152036179968,16766508.0
2025-10-20 15:45:00+00:00,16760723.0,16817992.0,16760723.0,16777438.0,0,16760723.0
2025-10-20 16:00:00+00:00,16756845.0,16761685.0,16694247.0,16760638.0,260391305216,16756845.0
2025-10-20 16:15:00+00:00,16755735.0,16764587.0,16728989.0,16732807.0,219565522944,16755735.0
2025-10-20 16:30:00+00:00,16668226.0,16726527.0,16668226.0,16725954.0,238462959616,16668226.0
2025-10-20 16:45:00+00:00,16686359.0,16686359.0,16615265.0,16655478.0,11285299200,16686359.0
2025-10-20 17:00:00+00:00,16672208.0,16739113.0,16670716.0,16688458.0,796431220736,16672208.0
2025-10-20 17:15:00+00:00,16648456.0,16683230.0,16645239.0,16669639.0,529483694080,16648456.0
2025-10-20 17:30:00+00:00,16585867.0,16647416.0,16581182.0,16647416.0,39668678656,16585867.0
2025-10-20 17:45:00+00:00,16632805.0,16656648.0,16585797.0,16585797.0,389417009152,16632805.0
2025-10-20 18:00:00+00:00,16645630.0,16670316.0,16633288.0,16634974.0,99547611136,16645630.0
2025-10-20 18:15:00+00:00,16659038.0,16659038.0,16631485.0,16647517.0,192793280512,16659038.0
2025-10-20 18:30:00+00:00,16703433.0,16705454.0,16679906.0,16684115.0,19050528768,16703433.0
2025-10-20 18:45:00+00:00,16716897.0,16718176.0,16700963.0,16704454.0,50466914304,16716897.0
2025-10-20 19:00:00+00:00,16687625.0,16730375.0,16686387.0,16722481.0,136342142976,16687625.0
2025-10-20 19:15:00+00:00,16702237.0,16702237.0,16665008.0,16695426.0,6405750784,16702237.0
2025-10-20 19:30:00+00:00,16712046.0,16718387.0,16694997.0,16703052.0,224352272384,16712046.0
2025-10-20 19:45:00+00:00,16708930.0,16723770.0,16707839.0,16709404.0,30183260160,16708930.0
2025-10-20 20:00:00+00:00,16740919.0,16755750.0,16685253.0,16705728.0,255798018048,16740919.0
2025-10-20 20:15:00+00:00,16739040.0,16743732.0,16730891.0,16740812.0,123701559296,16739040.0
2025-10-20 20:30:00+00:00,16744006.0,16744472.0,16724001.0,16731065.0,175931129856,16744006.0
2025-10-20 20:45:00+00:00,16746166.0,16751047.0,16729370.0,16746690.0,162958147584,16746166.0
2025-10-20 21:00:00+00:00,16758683.0,16764688.0,16743345.0,16743345.0,227197059072,16758683.0
2025-10-20 21:15:00+00:00,16715076.0,16740334.0,16705891.0,16740334.0,173343244288,16715076.0
2025-10-20 21:30:00+00:00,16682219.0,16714579.0,16680921.0,16713756.0,16538140672,16682219.0
2025-10-20 21:45:00+00:00,16662372.0,16683691.0,16655680.0,16683148.0,52231667712,16662372.0
2025-10-20 22:00:00+00:00,16684179.0,16684179.0,16648024.0,16662540.0,207951495168,16684179.0
2025-10-20 22:15:00+00:00,16684804.0,16700856.0,16684235.0,16684235.0,4552916992,16684804.0
2025-10-20 22:30:00+00:00,16715134.0,16717011.0,16684872.0,16687537.0,8420065280,16715134.0
2025-10-20 22:45:00+00:00,16710067.0,16716475.0,16699859.0,16716323.0,123316731904,16710067.0
2025-10-20 23:00:00+00:00,16680864.0,16712351.0,16680864.0,16705846.0,128423297024,16680864.0
2025-10-20 23:15:00+00:00,16702283.0,16702283.0,16669332.0,16681972.0,134311051264,16702283.0
2025-10-20 23:30:00+00:00,16684752.0,16701767.0,16684645.0,16698601.0,15558770688,16684752.0
2025-10-20 23:45:00+00:00,16674765.0,16686681.0,16670215.0,16686355.0,27249344512,16674765.0
2025-10-21 00:00:00+00:00,16618587.0,16679232.0,16612489.0,16679232.0,0,16618587.0
2025-10-21 00:15:00+00:00,16630713.0,16635332.0,16598779.0,16598779.0,0,16630713.0
2025-10-21 00:30:00+00:00,16643231.0,16647869.0,16624837.0,16630033.0,90353696768,16643231.0
2025-10-21 00:45:00+00:00,16646440.0,16646440.0,16629525.0,16641010.0,111623012352,16646440.0
2025-10-21 01:00:00+00:00,16595319.0,16646801.0,16595319.0,16646801.0,187516846080,16595319.0
2025-10-21 01:15:00+00:00,16622660.0,16622660.0,16592885.0,16595950.0,0,16622660.0
2025-10-21 01:30:00+00:00,16616041.0,16626596.0,16611756.0,16626596.0,148552810496,16616041.0
2025-10-21 01:45:00+00:00,16581973.0,16629513.0,16560874.0,16629513.0,19879952384,16581973.0
2025-10-21 02:00:00+00:00,16563366.0,16594415.0,16548256.0,16592873.0,77073481728,16563366.0
2025-10-21 02:15:00+00:00,16526884.0,16559374.0,16525800.0,16559374.0,20653801472,16526884.0
2025-10-21 02:30:00+00:00,16572188.0,16582916.0,16531900.0,16533247.0,151287496704,16572188.0
2025-10-21 02:45:00+00:00,16553208.0,16573895.0,16546357.0,16571179.0,149040398336,16553208.0
2025-10-21 03:00:00+00:00,16542458.0,16570470.0,16540956.0,16552514.0,25849495552,16542458.0
2025-10-21 03:15:00+00:00,16542343.0,16561248.0,16533718.0,16541075.0,144457072640,16542343.0
2025-10-21 03:30:00+00:00,16551557.0,16558156.0,16542612.0,16544215.0,353942634496,16551557.0
2025-10-21 03:45:00+00:00,16492066.0,16550117.0,16492066.0,16547692.0,0,16492066.0
2025-10-21 04:00:00+00:00,16354410.0,16487639.0,16335011.0,16487639.0,185934544896,16354410.0
2025-10-21 04:15:00+00:00,16354683.0,16361159.0,16337763.0,16361159.0,106542661632,16354683.0
2025-10-21 04:30:00+00:00,16315523.0,16355765.0,16315523.0,16355765.0,78917926912,16315523.0
2025-10-21 04:45:00+00:00,16297855.0,16325649.0,16275823.0,16313042.0,104741208064,16297855.0
2025-10-21 05:00:00+00:00,16293734.0,16316984.0,16258909.0,16290463.0,217923452928,16293734.0
2025-10-21 05:15:00+00:00,16315597.0,16336799.0,16289483.0,16289483.0,46340767744,16315597.0
2025-10-21 05:30:00+00:00,16319985.0,16354008.0,16291703.0,16336399.0,232513339392,16319985.0
2025-10-21 05:45:00+00:00,16297137.0,16335811.0,16293458.0,16321466.0,59477327872,16297137.0
2025-10-21 06:00:00+00:00,16323864.0,16324712.0,16299703.0,16302694.0,423548157952,16323864.0
2025-10-21 06:15:00+00:00,16371563.0,16392643.0,16327520.0,16327520.0,0,16371563.0
2025-10-21 06:30:00+00:00,16335355.0,16373727.0,16335355.0,16373727.0,118656860160,16335355.0
2025-10-21 06:45:00+00:00,16330366.0,16361785.0,16327884.0,16331388.0,116573339648,16330366.0
2025-10-21 07:00:00+00:00,16289266.0,16314213.0,16288593.0,16314213.0,23370661888,16289266.0
2025-10-21 07:15:00+00:00,16323028.0,16323381.0,16282774.0,16283812.0,132045078528,16323028.0
2025-10-21 07:30:00+00:00,16333125.0,16348185.0,16326396.0,16326396.0,121273057280,16333125.0
2025-10-21 07:45:00+00:00,16344396.0,16349053.0,16334879.0,16334879.0,2453667840,16344396.0
2025-10-21 08:00:00+00:00,16318409.0,16341327.0,16304736.0,16340340.0,112357015552,16318409.0
2025-10-21 08:15:00+00:00,16329363.0,16329363.0,16300298.0,16300298.0,122000769024,16329363.0
2025-10-21 08:30:00+00:00,16308319.0,16332108.0,16305642.0,16332108.0,36022779904,16308319.0
2025-10-21 08:45:00+00:00,16332764.0,16346368.0,16295117.0,16306162.0,27767341056,16332764.0
2025-10-21 09:00:00+00:00,16364588.0,16364588.0,16321321.0,16334377.0,140789153792,16364588.0
2025-10-21 09:15:00+00:00,16353086.0,16357327.0,16342808.0,16357327.0,0,16353086.0
2025-10-21 09:30:00+00:00,16347278.0,16371120.0,16345933.0,16356820.0,130999648256,16347278.0
2025-10-21 09:45:00+00:00,16358870.0,16360793.0,16348302.0,16348302.0,0,16358870.0
2025-10-21 10:00:00+00:00,16372065.0,16384603.0,16357642.0,16362560.0,197348294656,16372065.0
2025-10-21 10:15:00+00:00,16357177.0,16372472.0,16350100.0,16371566.0,6402605056,16357177.0
2025-10-21 10:30:00+00:00,16417191.0,16423308.0,16364681.0,16364973.0,180363460608,16417191.0
2025-10-21 10:45:00+00:00,16494621.0,16528554.0,16428544.0,16428544.0,103230210048,16494621.0
2025-10-21 11:00:00+00:00,16457214.0,16484048.0,16438096.0,16484048.0,96745816064,16457214.0
2025-10-21 11:15:00+00:00,16462898.0,16485993.0,16453205.0,16453205.0,0,16462898.0
2025-10-21 11:30:00+00:00,16475133.0,16483276.0,16453543.0,16456282.0,117100773376,16475133.0
2025-10-21 11:45:00+00:00,16503735.0,16510551.0,16481645.0,16481645.0,4975493120,16503735.0
2025-10-21 12:00:00+00:00,16505341.0,16511521.0,16496018.0,16504252.0,140347703296,16505341.0
2025-10-21 12:15:00+00:00,16591405.0,16636266.0,16503592.0,16503592.0,48816455680,16591405.0
2025-10-21 12:30:00+00:00,16631347.0,16631727.0,16570598.0,16594205.0,96950288384,16631347.0
2025-10-21 12:45:00+00:00,16555399.0,16650780.0,16555399.0,16640799.0,354936684544,16555399.0
2025-10-21 13:00:00+00:00,16485460.0,16560426.0,16463896.0,16554205.0,129078657024,16485460.0
2025-10-21 13:15:00+00:00,16508983.0,16508983.0,16469757.0,16498856.0,25614614528,16508983.0
2025-10-21 13:30:00+00:00,16483603.0,16514684.0,16464120.0,16502087.0,272934895616,16483603.0
2025-10-21 13:45:00+00:00,16438910.0,16493266.0,16427982.0,16493266.0,80348184576,16438910.0
2025-10-21 14:00:00+00:00,16624780.0,16628365.0,16442545.0,16442545.0,148799225856,16624780.0
2025-10-21 14:15:00+00:00,16657922.0,16770710.0,16614730.0,16634459.0,821723922432,16657922.0
2025-10-21 14:30:00+00:00,16681035.0,16712056.0,16663727.0,16663836.0,117205630976,16681035.0
2025-10-21 14:45:00+00:00,17022726.0,17022726.0,16681937.0,16694441.0,253623271424,17022726.0
2025-10-21 15:00:00+00:00,17110546.0,17134694.0,16984910.0,17016106.0,508399976448,17110546.0
2025-10-21 15:15:00+00:00,17129970.0,17140330.0,17058234.0,17070358.0,226435792896,17129970.0
2025-10-21 15:30:00+00:00,17195260.0,17199040.0,17123090.0,17154954.0,356761206784,17195260.0
2025-10-21 15:45:00+00:00,17199166.0,17230142.0,17177376.0,17192948.0,157599924224,17199166.0
2025-10-21 16:00:00+00:00,17225334.0,17231250.0,17180490.0,17213096.0,323118694400,17225334.0
2025-10-21 16:15:00+00:00,17283008.0,17283432.0,17241874.0,17241874.0,539440971776,17283008.0
2025-10-21 16:30:00+00:00,17246150.0,17304856.0,17239074.0,17280158.0,103198752768,17246150.0
2025-10-21 16:45:00+00:00,17128208.0,17257310.0,17128208.0,17248132.0,69924290560,17128208.0
2025-10-21 17:00:00+00:00,17127144.0,17160990.0,17091278.0,17136534.0,92309291008,17127144.0
2025-10-21 17:15:00+00:00,17074194.0,17130374.0,16999798.0,17130374.0,367185100800,17074194.0
2025-10-21 17:30:00+00:00,17096574.0,17097686.0,17059368.0,17084212.0,280274927616,17096574.0
2025-10-21 17:45:00+00:00,17030856.0,17101516.0,17030856.0,17099274.0,464098689024,17030856.0
2025-10-21 18:00:00+00:00,17006008.0,17056312.0,17006008.0,17029662.0,421001166848,17006008.0
2025-10-21 18:15:00+00:00,17037224.0,17037224.0,16996960.0,16996960.0,90292879360,17037224.0
2025-10-21 18:30:00+00:00,16963110.0,17012934.0,16951620.0,17012934.0,153851265024,16963110.0
2025-10-21 18:45:00+00:00,17011238.0,17022912.0,16964214.0,16964214.0,170492166144,17011238.0
2025-10-21 19:00:00+00:00,17033706.0,17040628.0,17018456.0,17019466.0,28850520064,17033706.0
2025-10-21 19:15:00+00:00,16987254.0,17048250.0,16977740.0,17045806.0,38726008832,16987254.0
2025-10-21 19:30:00+00:00,16986018.0,16989948.0,16968690.0,16987186.0,32890683392,16986018.0
2025-10-21 19:45:00+00:00,17004204.0,17022010.0,16994748.0,16994938.0,38697697280,17004204.0
2025-10-21 20:00:00+00:00,16914980.0,17002650.0,16914980.0,17002650.0,122930855936,16914980.0
2025-10-21 20:15:00+00:00,16841830.0,16912534.0,16830138.0,16912534.0,173632651264,16841830.0
2025-10-21 20:30:00+00:00,16850512.0,16871294.0,16826130.0,16844728.0,27828158464,16850512.0
2025-10-21 20:45:00+00:00,16867078.0,16885256.0,16855566.0,16857430.0,111364014080,16867078.0
2025-10-21 21:00:00+00:00,16863794.0,16865096.0,16824806.0,16861778.0,230411993088,16863794.0
2025-10-21 21:15:00+00:00,16801394.0,16882604.0,16747920.0,16867110.0,378151108608,16801394.0
2025-10-21 21:30:00+00:00,16831420.0,16839412.0,16785182.0,16802066.0,299692457984,16831420.0
2025-10-21 21:45:00+00:00,16852792.0,16858722.0,16835232.0,16842280.0,176124067840,16852792.0
2025-10-21 22:00:00+00:00,16781326.0,16847542.0,16759580.0,16847542.0,48982130688,16781326.0
2025-10-21 22:15:00+00:00,16702919.0,16790768.0,16702919.0,16777456.0,205481050112,16702919.0
2025-10-21 22:30:00+00:00,16584915.0,16679626.0,16528178.0,16661148.0,434872778752,16584915.0
2025-10-21 22:45:00+00:00,16577740.0,16616510.0,16562089.0,16588889.0,203177328640,16577740.0
2025-10-21 23:00:00+00:00,16598259.0,16613091.0,16567817.0,16570390.0,216797282304,16598259.0
2025-10-21 23:15:00+00:00,16595018.0,16634031.0,16582909.0,16598259.0,216115707904,16595018.0
2025-10-21 23:30:00+00:00,16459325.0,16600380.0,16450820.0,16600380.0,184784257024,16459325.0
2025-10-21 23:45:00+00:00,16474637.0,16504029.0,16474637.0,16480716.0,102061047808,16474637.0
2025-10-22 00:00:00+00:00,16473397.0,16477395.0,16449263.0,16477395.0,224523190272,16473397.0
2025-10-22 00:15:00+00:00,16385793.0,16483663.0,16385793.0,16483663.0,20970471424,16385793.0
2025-10-22 00:30:00+00:00,16392635.0,16423479.0,16375439.0,16375439.0,263540703232,16392635.0
2025-10-22 00:45:00+00:00,16399258.0,16419705.0,16399258.0,16400437.0,207276212224,16399258.0
2025-10-22 01:00:00+00:00,16444230.0,16444230.0,16384357.0,16396143.0,101266227200,16444230.0
2025-10-22 01:15:00+00:00,16428344.0,16446851.0,16396514.0,16446851.0,203104976896,16428344.0
2025-10-22 01:30:00+00:00,16419577.0,16431565.0,16397840.0,16431565.0,205248266240,16419577.0
2025-10-22 01:45:00+00:00,16453620.0,16457475.0,16419637.0,16419637.0,180238680064,16453620.0
2025-10-22 02:00:00+00:00,16469700.0,16470904.0,16448802.0,16453620.0,0,16469700.0
2025-10-22 02:15:00+00:00,16468514.0,16493528.0,16461228.0,16493528.0,107585994752,16468514.0
2025-10-22 02:30:00+00:00,16429655.0,16477562.0,16429655.0,16477562.0,120927027200,16429655.0
2025-10-22 02:45:00+00:00,16432442.0,16433472.0,16425925.0,16430696.0,196706566144,16432442.0
2025-10-22 03:00:00+00:00,16419272.0,16428583.0,16411043.0,16428583.0,158417813504,16419272.0
2025-10-22 03:15:00+00:00,16420582.0,16420582.0,16380709.0,16413797.0,136337948672,16420582.0
2025-10-22 03:30:00+00:00,16396909.0,16422192.0,16393143.0,16418964.0,86853550080,16396909.0
2025-10-22 03:45:00+00:00,16423975.0,16423975.0,16396987.0,16396987.0,0,16423975.0
2025-10-22 04:00:00+00:00,16472619.0,16479300.0,16426284.0,16431965.0,0,16472619.0
2025-10-22 04:15:00+00:00,16463436.0,16486150.0,16463436.0,16472093.0,2895118336,16463436.0
2025-10-22 04:30:00+00:00,16476243.0,16485975.0,16459278.0,16462054.0,105672343552,16476243.0
2025-10-22 04:45:00+00:00,16489774.0,16495385.0,16475989.0,16476354.0,455081984,16489774.0
2025-10-22 05:00:00+00:00,16461840.0,16491000.0,16453238.0,16490383.0,85348843520,16461840.0
2025-10-22 05:15:00+00:00,16397109.0,16459681.0,16395522.0,16459681.0,0,16397109.0
2025-10-22 05:30:00+00:00,16399426.0,16412604.0,16383144.0,16407428.0,86958407680,16399426.0
2025-10-22 05:45:00+00:00,16432618.0,16433837.0,16397780.0,16401469.0,41606447104,16432618.0
2025-10-22 06:00:00+00:00,16428549.0,16443462.0,16420669.0,16434974.0,135542079488,16428549.0
2025-10-22 06:15:00+00:00,16450792.0,16457348.0,16427315.0,16427315.0,0,16450792.0
2025-10-22 06:30:00+00:00,16414422.0,16442179.0,16410809.0,16442179.0,134733627392,16414422.0
2025-10-22 06:45:00+00:00,16398130.0,16408938.0,16392562.0,16398369.0,126087069696,16398130.0
2025-10-22 07:00:00+00:00,16355300.0,16396399.0,16355020.0,16396399.0,56826527744,16355300.0
2025-10-22 07:15:00+00:00,16390163.0,16400418.0,16341360.0,16341360.0,65262321664,16390163.0
2025-10-22 07:30:00+00:00,16425771.0,16441709.0,16398117.0,16398118.0,155713536000,16425771.0
2025-10-22 07:45:00+00:00,16440495.0,16440495.0,16410407.0,16425257.0,40789606400,16440495.0
2025-10-22 08:00:00+00:00,16431022.0,16455908.0,16429109.0,16449707.0,99609477120,16431022.0
2025-10-22 08:15:00+00:00,16436560.0,16436560.0,16403516.0,16414711.0,61430824960,16436560.0
2025-10-22 08:30:00+00:00,16435052.0,16443040.0,16421632.0,16440107.0,78399930368,16435052.0
2025-10-22 08:45:00+00:00,16427239.0,16447281.0,16421241.0,16437716.0,0,16427239.0
2025-10-22 09:00:00+00:00,16398485.0,16426389.0,16398485.0,16426389.0,32992395264,16398485.0
2025-10-22 09:15:00+00:00,16412862.0,16412862.0,16378213.0,16399530.0,124239478784,16412862.0
2025-10-22 09:30:00+00:00,16382486.0,16433977.0,16382486.0,16428175.0,204413599744,16382486.0
2025-10-22 09:45:00+00:00,16401075.0,16409335.0,16371928.0,16385517.0,0,16401075.0
2025-10-22 10:00:00+00:00,16391198.0,16398389.0,16381901.0,16397619.0,163220291584,16391198.0
2025-10-22 10:15:00+00:00,16386893.0,16412793.0,16379150.0,16389391.0,180305788928,16386893.0
2025-10-22 10:30:00+00:00,16377565.0,16395992.0,16377565.0,16383872.0,197024284672,16377565.0
2025-10-22 10:45:00+00:00,16353935.0,16381346.0,16353305.0,16381346.0,16443768832,16353935.0
2025-10-22 11:00:00+00:00,16388838.0,16388838.0,16235941.0,16350834.0,362936270848,16388838.0
2025-10-22 11:15:00+00:00,16381785.0,16419865.0,16369122.0,16390236.0,119899422720,16381785.0
2025-10-22 11:30:00+00:00,16358149.0,16394545.0,16358149.0,16382434.0,41560309760,16358149.0
2025-10-22 11:45:00+00:00,16328527.0,16360111.0,16304755.0,16360111.0,177395990528,16328527.0
2025-10-22 12:00:00+00:00,16363575.0,16364763.0,16325206.0,16329870.0,0,16363575.0
2025-10-22 12:15:00+00:00,16412019.0,16412019.0,16357359.0,16363780.0,165841731584,16412019.0
2025-10-22 12:30:00+00:00,16448230.0,16448230.0,16403430.0,16405282.0,366952316928,16448230.0
2025-10-22 12:45:00+00:00,16419696.0,16443644.0,16415688.0,16443644.0,13510901760,16419696.0
2025-10-22 13:00:00+00:00,16468998.0,16468998.0,16406536.0,16421833.0,118145155072,16468998.0
2025-10-22 13:15:00+00:00,16449729.0,16472764.0,16448282.0,16472764.0,171149623296,16449729.0
2025-10-22 13:30:00+00:00,16431981.0,16476464.0,16378276.0,16443971.0,195046670336,16431981.0
2025-10-22 13:45:00+00:00,16553119.0,16553119.0,16407305.0,16443136.0,35625369600,16553119.0
2025-10-22 14:00:00+00:00,16447664.0,16541364.0,16438105.0,16541364.0,248660361216,16447664.0
2025-10-22 14:15:00+00:00,16409381.0,16457391.0,16360181.0,16437571.0,68293754880,16409381.0
2025-10-22 14:30:00+00:00,16401392.0,16429177.0,16378085.0,16406103.0,120942755840,16401392.0
2025-10-22 14:45:00+00:00,16525933.0,16525933.0,16376770.0,16379892.0,145166958592,16525933.0
2025-10-22 15:00:00+00:00,16488775.0,16567024.0,16488775.0,16539564.0,3525312512,16488775.0
2025-10-22 15:15:00+00:00,16394271.0,16476173.0,16374762.0,16476173.0,1256748744704,16394271.0
2025-10-22 15:30:00+00:00,16456750.0,16470697.0,16371165.0,16385054.0,33946599424,16456750.0
2025-10-22 15:45:00+00:00,16455701.0,16493380.0,16451899.0,16458378.0,0,16455701.0
2025-10-22 16:00:00+00:00,16471833.0,16486739.0,16448322.0,16448322.0,215286284288,16471833.0
2025-10-22 16:15:00+00:00,16486847.0,16486847.0,16414450.0,16463232.0,35172384768,16486847.0
2025-10-22 16:30:00+00:00,16453679.0,16499033.0,16362215.0,16476915.0,473130074112,16453679.0
2025-10-22 16:45:00+00:00,16455512.0,16479262.0,16423044.0,16450778.0,33339473920,16455512.0
2025-10-22 17:00:00+00:00,16416994.0,16450644.0,16407882.0,16450644.0,0,16416994.0
2025-10-22 17:15:00+00:00,16376996.0,16413302.0,16374069.0,16413302.0,0,16376996.0
2025-10-22 17:30:00+00:00,16345940.0,16408315.0,16345940.0,16371603.0,0,16345940.0
2025-10-22 17:45:00+00:00,16340609.0,16374718.0,16319947.0,16346186.0,0,16340609.0
2025-10-22 18:00:00+00:00,16365904.0,16374349.0,16345821.0,16345821.0,0,16365904.0
2025-10-22 18:15:00+00:00,16383576.0,16394697.0,16312278.0,16353462.0,54867787776,16383576.0
2025-10-22 18:30:00+00:00,16397980.0,16423761.0,16384703.0,16391074.0,183084515328,16397980.0
2025-10-22 18:45:00+00:00,16397741.0,16409068.0,16386235.0,16396833.0,0,16397741.0
2025-10-22 19:00:00+00:00,16423493.0,16455794.0,16399502.0,16399502.0,55551459328,16423493.0
2025-10-22 19:15:00+00:00,16433586.0,16465619.0,16423731.0,16423731.0,16320036864,16433586.0
2025-10-22 19:30:00+00:00,16423785.0,16445073.0,16421966.0,16437525.0,144147742720,16423785.0
2025-10-22 19:45:00+00:00,16420653.0,16424510.0,16399520.0,16424064.0,136702853120,16420653.0
2025-10-22 20:00:00+00:00,16404121.0,16414453.0,16382224.0,16382224.0,92229599232,16404121.0
2025-10-22 20:15:00+00:00,16365162.0,16399556.0,16362566.0,16399556.0,0,16365162.0
2025-10-22 20:30:00+00:00,16393189.0,16395240.0,16346650.0,16363521.0,165123457024,16393189.0
2025-10-22 20:45:00+00:00,16359367.0,16391943.0,16336322.0,16391128.0,152649596928,16359367.0
2025-10-22 21:00:00+00:00,16261505.0,16361283.0,16237971.0,16361283.0,168508260352,16261505.0
2025-10-22 21:15:00+00:00,16232298.0,16301502.0,16232298.0,16260512.0,27605860352,16232298.0
2025-10-22 21:30:00+00:00,16264265.0,16264265.0,16225678.0,16228377.0,0,16264265.0
2025-10-22 21:45:00+00:00,16286321.0,16300636.0,16257726.0,16262697.0,179850706944,16286321.0
2025-10-22 22:00:00+00:00,16315253.0,16335072.0,16281130.0,16285249.0,171046862848,16315253.0
2025-10-22 22:15:00+00:00,16262174.0,16313781.0,16245292.0,16313779.0,92081750016,16262174.0
2025-10-22 22:30:00+00:00,16293321.0,16293321.0,16257824.0,16257824.0,127622184960,16293321.0
2025-10-22 22:45:00+00:00,16281405.0,16299229.0,16268087.0,16298694.0,0,16281405.0
2025-10-22 23:00:00+00:00,16344684.0,16344684.0,16285494.0,16285494.0,0,16344684.0
2025-10-22 23:15:00+00:00,16383311.0,16389588.0,16326313.0,16333780.0,2203058176,16383311.0
2025-10-22 23:30:00+00:00,16370300.0,16393412.0,16370300.0,16374220.0,8126464000,16370300.0
2025-10-22 23:45:00+00:00,16369346.0,16369346.0,16352190.0,16362360.0,102464749568,16369346.0
2025-10-23 00:00:00+00:00,16386493.0,16386493.0,16355958.0,16355958.0,11409555456,16386493.0
2025-10-23 00:15:00+00:00,16379454.0,16411623.0,16377249.0,16389474.0,0,16379454.0
2025-10-23 00:30:00+00:00,16399269.0,16415975.0,16380591.0,16380591.0,70821871616,16399269.0
2025-10-23 00:45:00+00:00,16416340.0,16430295.0,16397431.0,16400611.0,0,16416340.0
2025-10-23 01:00:00+00:00,16494492.0,16494492.0,16413238.0,16413238.0,0,16494492.0
2025-10-23 01:15:00+00:00,16493802.0,16528051.0,16480394.0,16491093.0,183076126720,16493802.0
2025-10-23 01:30:00+00:00,16489997.0,16515234.0,16489454.0,16489454.0,0,16489997.0
2025-10-23 01:45:00+00:00,16489440.0,16499202.0,16484688.0,16499202.0,5170528256,16489440.0
2025-10-23 02:00:00+00:00,16486966.0,16490841.0,16480342.0,16490708.0,85484109824,16486966.0
2025-10-23 02:15:00+00:00,16501716.0,16520922.0,16486622.0,16486622.0,135321878528,16501716.0
2025-10-23 02:30:00+00:00,16507980.0,16515860.0,16502052.0,16503963.0,0,16507980.0
2025-10-23 02:45:00+00:00,16521257.0,16521257.0,16506060.0,16509873.0,8407482368,16521257.0
2025-10-23 03:00:00+00:00,16549847.0,16552962.0,16525371.0,16527967.0,120115429376,16549847.0
2025-10-23 03:15:00+00:00,16575225.0,16575225.0,16545751.0,16545751.0,8661237760,16575225.0
2025-10-23 03:30:00+00:00,16545921.0,16574507.0,16545130.0,16573839.0,132584046592,16545921.0
2025-10-23 03:45:00+00:00,16531313.0,16542640.0,16519426.0,16542640.0,7197425664,16531313.0
2025-10-23 04:00:00+00:00,16533579.0,16549693.0,16528763.0,16528763.0,394264576,16533579.0
2025-10-23 04:15:00+00:00,16558808.0,16563944.0,16530753.0,16532757.0,97561608192,16558808.0
2025-10-23 04:30:00+00:00,16598424.0,16598424.0,16546680.0,16555645.0,129656422400,16598424.0
2025-10-23 04:45:00+00:00,16575553.0,16611382.0,16575553.0,16611382.0,11054088192,16575553.0
2025-10-23 05:00:00+00:00,16581343.0,16584611.0,16569577.0,16574906.0,149004746752,16581343.0
2025-10-23 05:15:00+00:00,16581901.0,16588097.0,16578796.0,16581589.0,78430339072,16581901.0
2025-10-23 05:30:00+00:00,16564629.0,16577834.0,16564629.0,16576720.0,0,16564629.0
2025-10-23 05:45:00+00:00,16606101.0,16606101.0,16560327.0,16564167.0,98047098880,16606101.0
2025-10-23 06:00:00+00:00,16613130.0,16615053.0,16594092.0,16608776.0,49737105408,16613130.0
2025-10-23 06:15:00+00:00,16760898.0,16779896.0,16619460.0,16619460.0,198767017984,16760898.0
2025-10-23 06:30:00+00:00,16786768.0,16795364.0,16747332.0,16763888.0,81077993472,16786768.0
2025-10-23 06:45:00+00:00,16819380.0,16819380.0,16786916.0,16786916.0,51739885568,16819380.0
2025-10-23 07:00:00+00:00,16779284.0,16827758.0,16775457.0,16827758.0,134008012800,16779284.0
2025-10-23 07:15:00+00:00,16696641.0,16773039.0,16682454.0,16773039.0,32555139072,16696641.0
2025-10-23 07:30:00+00:00,16677255.0,16712279.0,16661563.0,16701019.0,0,16677255.0
2025-10-23 07:45:00+00:00,16674228.0,16703037.0,16663828.0,16685935.0,88820678656,16674228.0
2025-10-23 08:00:00+00:00,16730667.0,16730667.0,16668538.0,16668538.0,170077978624,16730667.0
2025-10-23 08:15:00+00:00,16730873.0,16755662.0,16729151.0,16733074.0,24498929664,16730873.0
2025-10-23 08:30:00+00:00,16722604.0,16743501.0,16705067.0,16735858.0,108965920768,16722604.0
2025-10-23 08:45:00+00:00,16713911.0,16736983.0,16706599.0,16721533.0,131493527552,16713911.0
2025-10-23 09:00:00+00:00,16676870.0,16719784.0,16671730.0,16715567.0,26403143680,16676870.0
2025-10-23 09:15:00+00:00,16683630.0,16689551.0,16659734.0,16665939.0,22262317056,16683630.0
2025-10-23 09:30:00+00:00,16695905.0,16700550.0,16686900.0,16686900.0,12149850112,16695905.0
2025-10-23 09:45:00+00:00,16704437.0,16704437.0,16683563.0,16694228.0,95160369152,16704437.0
2025-10-23 10:00:00+00:00,16717944.0,16717944.0,16698525.0,16700611.0,42321575936,16717944.0
2025-10-23 10:15:00+00:00,16725031.0,16740070.0,16720872.0,16720872.0,18856542208,16725031.0
2025-10-23 10:30:00+00:00,16712080.0,16721907.0,16707968.0,16721907.0,219184889856,16712080.0
2025-10-23 10:45:00+00:00,16728262.0,16733439.0,16713320.0,16718784.0,197141725184,16728262.0
2025-10-23 11:00:00+00:00,16714705.0,16729545.0,16714705.0,16729545.0,0,16714705.0
2025-10-23 11:15:00+00:00,16750473.0,16750473.0,16712524.0,16712866.0,7861174272,16750473.0
2025-10-23 11:30:00+00:00,16683850.0,16738488.0,16682608.0,16738488.0,20598226944,16683850.0
2025-10-23 11:45:00+00:00,16678726.0,16693372.0,16674943.0,16681402.0,6699352064,16678726.0
2025-10-23 12:00:00+00:00,16638323.0,16684109.0,16608923.0,16684109.0,113189584896,16638323.0
2025-10-23 12:15:00+00:00,16659805.0,16669197.0,16628813.0,16641143.0,119683416064,16659805.0
2025-10-23 12:30:00+00:00,16642377.0,16661663.0,16613455.0,16660814.0,169915449344,16642377.0
2025-10-23 12:45:00+00:00,16641068.0,16646162.0,16632935.0,16641407.0,23535288320,16641068.0
2025-10-23 13:00:00+00:00,16630492.0,16654134.0,16611525.0,16654134.0,8087666688,16630492.0
2025-10-23 13:15:00+00:00,16642232.0,16650935.0,16630698.0,16639165.0,1323302912,16642232.0
2025-10-23 13:30:00+00:00,16685534.0,16716873.0,16648015.0,16650899.0,79472623616,16685534.0
2025-10-23 13:45:00+00:00,16708139.0,16736929.0,16695251.0,16702898.0,169014722560,16708139.0
2025-10-23 14:00:00+00:00,16665480.0,16721396.0,16652344.0,16708059.0,0,16665480.0
2025-10-23 14:15:00+00:00,16698916.0,16708790.0,16624540.0,16658428.0,176363143168,16698916.0
2025-10-23 14:30:00+00:00,16727731.0,16761465.0,16695177.0,16697835.0,13003390976,16727731.0
2025-10-23 14:45:00+00:00,16726344.0,16747496.0,16707219.0,16727507.0,0,16726344.0
2025-10-23 15:00:00+00:00,16766080.0,16789220.0,16722915.0,16732359.0,5853151232,16766080.0
2025-10-23 15:15:00+00:00,16757102.0,16785222.0,16740603.0,16771848.0,125715873792,16757102.0
2025-10-23 15:30:00+00:00,16762213.0,16816508.0,16762213.0,16770936.0,112552050688,16762213.0
2025-10-23 15:45:00+00:00,16804980.0,16808412.0,16763103.0,16763103.0,103727235072,16804980.0
2025-10-23 16:00:00+00:00,16806120.0,16810320.0,16781906.0,16797014.0,90523566080,16806120.0
2025-10-23 16:15:00+00:00,16779994.0,16821744.0,16779994.0,16810042.0,13584302080,16779994.0
2025-10-23 16:30:00+00:00,16766802.0,16784634.0,16755039.0,16778294.0,45780828160,16766802.0
2025-10-23 16:45:00+00:00,16847202.0,16880656.0,16777131.0,16777131.0,0,16847202.0
2025-10-23 17:00:00+00:00,16796122.0,16844010.0,16755070.0,16844010.0,133177540608,16796122.0
2025-10-23 17:15:00+00:00,16819454.0,16826394.0,16794424.0,16794744.0,10112466944,16819454.0
2025-10-23 17:30:00+00:00,16926254.0,16943864.0,16834742.0,16835264.0,233351151616,16926254.0
2025-10-23 17:45:00+00:00,16976510.0,16978282.0,16917060.0,16917060.0,46435139584,16976510.0
2025-10-23 18:00:00+00:00,16935526.0,16984504.0,16935526.0,16979284.0,344813731840,16935526.0
2025-10-23 18:15:00+00:00,16879106.0,16924154.0,16875152.0,16914202.0,20184039424,16879106.0
2025-10-23 18:30:00+00:00,16858550.0,16877838.0,16850318.0,16877838.0,23928504320,16858550.0
2025-10-23 18:45:00+00:00,16868680.0,16876520.0,16834780.0,16864240.0,2574254080,16868680.0
2025-10-23 19:00:00+00:00,16841830.0,16869168.0,16805900.0,16869168.0,104104722432,16841830.0
2025-10-23 19:15:00+00:00,16863488.0,16863488.0,16819980.0,16840048.0,82250301440,16863488.0
2025-10-23 19:30:00+00:00,16848530.0,16869962.0,16841644.0,16867692.0,772800512,16848530.0
2025-10-23 19:45:00+00:00,16831260.0,16869668.0,16825784.0,16848198.0,0,16831260.0
2025-10-23 20:00:00+00:00,16779720.0,16823158.0,16774763.0,16823158.0,77038878720,16779720.0
2025-10-23 20:15:00+00:00,16784140.0,16786236.0,16775658.0,16780884.0,27447525376,16784140.0
2025-10-23 20:30:00+00:00,16773033.0,16797096.0,16772484.0,16785906.0,110619525120,16773033.0
2025-10-23 20:45:00+00:00,16766749.0,16775485.0,16759598.0,16772057.0,99234086912,16766749.0
2025-10-23 21:00:00+00:00,16734834.0,16741913.0,16711380.0,16711904.0,0,16734834.0
2025-10-23 21:15:00+00:00,16744145.0,16749592.0,16733767.0,16733767.0,0,16744145.0
2025-10-23 21:30:00+00:00,16706897.0,16743204.0,16704497.0,16743204.0,89825214464,16706897.0
2025-10-23 21:45:00+00:00,16719505.0,16733119.0,16712079.0,16712079.0,41933602816,16719505.0
2025-10-23 22:00:00+00:00,16760466.0,16780962.0,16718834.0,16718834.0,69585076224,16760466.0
2025-10-23 22:15:00+00:00,16764820.0,16765678.0,16759007.0,16761564.0,0,16764820.0
2025-10-23 22:30:00+00:00,16794574.0,16801420.0,16771361.0,16771361.0,20833107968,16794574.0
2025-10-23 22:45:00+00:00,16787054.0,16799468.0,16776968.0,16794802.0,88060461056,16787054.0
2025-10-23 23:00:00+00:00,16786100.0,16786796.0,16771658.0,16784338.0,102896238592,16786100.0
2025-10-23 23:15:00+00:00,16807950.0,16807950.0,16788890.0,16788890.0,79267627008,16807950.0
2025-10-23 23:30:00+00:00,16798062.0,16805970.0,16796774.0,16805970.0,0,16798062.0
2025-10-23 23:45:00+00:00,16798436.0,16802088.0,16788804.0,16800162.0,119623122944,16798436.0
2025-10-24 00:00:00+00:00,16820664.0,16820664.0,16782836.0,16805110.0,108115001344,16820664.0
2025-10-24 00:15:00+00:00,16813292.0,16853868.0,16810282.0,16820958.0,138303504384,16813292.0
2025-10-24 00:30:00+00:00,16846792.0,16857582.0,16812410.0,16813336.0,125944987648,16846792.0
2025-10-24 00:45:00+00:00,16877250.0,16888222.0,16851270.0,16852788.0,188406038528,16877250.0
2025-10-24 01:00:00+00:00,16891714.0,16900122.0,16877620.0,16877620.0,109548929024,16891714.0
2025-10-24 01:15:00+00:00,16858048.0,16888176.0,16858048.0,16887768.0,0,16858048.0
2025-10-24 01:30:00+00:00,16882982.0,16882982.0,16853592.0,16853592.0,92839346176,16882982.0
2025-10-24 01:45:00+00:00,16909070.0,16915154.0,16881732.0,16881732.0,9602334720,16909070.0
2025-10-24 02:00:00+00:00,16887672.0,16913808.0,16886240.0,16910868.0,16763584512,16887672.0
2025-10-24 02:15:00+00:00,16890844.0,16902466.0,16878058.0,16888016.0,121249988608,16890844.0
2025-10-24 02:30:00+00:00,16906014.0,16908472.0,16888958.0,16889194.0,7899971584,16906014.0
2025-10-24 02:45:00+00:00,16920192.0,16933786.0,16911472.0,16917768.0,17109614592,16920192.0
2025-10-24 03:00:00+00:00,16899596.0,16916914.0,16892744.0,16915382.0,91488780288,16899596.0
2025-10-24 03:15:00+00:00,16893232.0,16906998.0,16893232.0,16898096.0,0,16893232.0
2025-10-24 03:30:00+00:00,16888224.0,16888224.0,16865014.0,16885204.0,0,16888224.0
2025-10-24 03:45:00+00:00,16877544.0,16879056.0,16857634.0,16879056.0,14763425792,16877544.0
2025-10-24 04:00:00+00:00,16909796.0,16909796.0,16869972.0,16876838.0,3474456576,16909796.0
2025-10-24 04:15:00+00:00,16966552.0,16968802.0,16904972.0,16907588.0,24383062016,16966552.0
2025-10-24 04:30:00+00:00,16997074.0,17027704.0,16965378.0,16965378.0,184595513344,16997074.0
2025-10-24 04:45:00+00:00,17008304.0,17019838.0,16999552.0,16999552.0,26693599232,17008304.0
2025-10-24 05:00:00+00:00,17002008.0,17017068.0,16980550.0,17006046.0,140637110272,17002008.0
2025-10-24 05:15:00+00:00,16992636.0,17004030.0,16976256.0,17000842.0,118775873536,16992636.0
2025-10-24 05:30:00+00:00,17004902.0,17020766.0,16981510.0,16981510.0,29866065920,17004902.0
2025-10-24 05:45:00+00:00,17022336.0,17022336.0,17001472.0,17001472.0,7763132416,17022336.0
2025-10-24 06:00:00+00:00,17028226.0,17028226.0,17012400.0,17020172.0,92285698048,17028226.0
2025-10-24 06:15:00+00:00,17032534.0,17032534.0,17012124.0,17028150.0,0,17032534.0
2025-10-24 06:30:00+00:00,17051270.0,17055520.0,17025862.0,17028022.0,0,17051270.0
2025-10-24 06:45:00+00:00,17048846.0,17051284.0,17042832.0,17049888.0,0,17048846.0
2025-10-24 07:00:00+00:00,16989468.0,17050044.0,16989468.0,17050044.0,73694969856,16989468.0
2025-10-24 07:15:00+00:00,16984770.0,16998480.0,16984060.0,16987192.0,11302076416,16984770.0
2025-10-24 07:30:00+00:00,16976864.0,17001264.0,16976864.0,16988594.0,115183976448,16976864.0
2025-10-24 07:45:00+00:00,16983326.0,16983326.0,16944856.0,16963750.0,110801977344,16983326.0
2025-10-24 08:00:00+00:00,16994426.0,16994426.0,16949998.0,16979120.0,200242364416,16994426.0
2025-10-24 08:15:00+00:00,16969832.0,16990542.0,16969832.0,16990542.0,16534470656,16969832.0
2025-10-24 08:30:00+00:00,16977374.0,16978374.0,16948058.0,16964842.0,126249074688,16977374.0
2025-10-24 08:45:00+00:00,16994238.0,17012272.0,16987278.0,16987278.0,35098984448,16994238.0
2025-10-24 09:00:00+00:00,17028312.0,17028312.0,16984888.0,16996902.0,127848153088,17028312.0
2025-10-24 09:15:00+00:00,17046972.0,17046972.0,17028174.0,17030656.0,1456472064,17046972.0
2025-10-24 09:30:00+00:00,17025192.0,17044708.0,17019974.0,17044708.0,126670602240,17025192.0
2025-10-24 09:45:00+00:00,17026994.0,17048042.0,17020852.0,17029332.0,137879879680,17026994.0
2025-10-24 10:00:00+00:00,17023034.0,17030892.0,17011216.0,17030002.0,112394240000,17023034.0
2025-10-24 10:15:00+00:00,16997598.0,17020726.0,16994262.0,17019902.0,0,16997598.0
2025-10-24 10:30:00+00:00,17004092.0,17016430.0,16991452.0,16994988.0,141755940864,17004092.0
2025-10-24 10:45:00+00:00,17008460.0,17012980.0,16998940.0,17004386.0,1241513984,17008460.0
2025-10-24 11:00:00+00:00,17014968.0,17014968.0,16995780.0,17004786.0,7413432320,17014968.0
2025-10-24 11:15:00+00:00,16995348.0,17016372.0,16995348.0,17016372.0,98285649920,16995348.0
2025-10-24 11:30:00+00:00,16980938.0,16998944.0,16926036.0,16997430.0,7734820864,16980938.0
2025-10-24 11:45:00+00:00,16987192.0,16994366.0,16965800.0,16978846.0,7194279936,16987192.0
2025-10-24 12:00:00+00:00,17007736.0,17007736.0,16985426.0,16985426.0,89619169280,17007736.0
2025-10-24 12:15:00+00:00,16963744.0,17008038.0,16963744.0,17008038.0,111539126272,16963744.0
2025-10-24 12:30:00+00:00,16986486.0,17049496.0,16928184.0,16961834.0,120128012288,16986486.0
2025-10-24 12:45:00+00:00,16993666.0,17017820.0,16983492.0,16990802.0,227468115968,16993666.0
2025-10-24 13:00:00+00:00,16997544.0,17013514.0,16987852.0,16994116.0,308726988800,16997544.0
2025-10-24 13:15:00+00:00,17003918.0,17019004.0,16987746.0,16996840.0,124074328064,17003918.0
2025-10-24 13:30:00+00:00,16930916.0,17002388.0,16926544.0,17001946.0,90331152384,16930916.0
2025-10-24 13:45:00+00:00,16950402.0,16956806.0,16895664.0,16915322.0,74801741824,16950402.0
2025-10-24 14:00:00+00:00,16883930.0,16956522.0,16876030.0,16956522.0,117456240640,16883930.0
2025-10-24 14:15:00+00:00,16793582.0,16895778.0,16774803.0,16877350.0,94294769664,16793582.0
2025-10-24 14:30:00+00:00,16816732.0,16841568.0,16790460.0,16808606.0,61003005952,16816732.0
2025-10-24 14:45:00+00:00,16827942.0,16827942.0,16804194.0,16820952.0,91423244288,16827942.0
2025-10-24 15:00:00+00:00,16881216.0,16881216.0,16815908.0,16830186.0,119128719360,16881216.0
2025-10-24 15:15:00+00:00,16894622.0,16894622.0,16861660.0,16884232.0,153364725760,16894622.0
2025-10-24 15:30:00+00:00,16838458.0,16900548.0,16838458.0,16887780.0,54881943552,16838458.0
2025-10-24 15:45:00+00:00,16818470.0,16842012.0,16815486.0,16834124.0,60027830272,16818470.0
2025-10-24 16:00:00+00:00,16810968.0,16825946.0,16788918.0,16821572.0,21943025664,16810968.0
2025-10-24 16:15:00+00:00,16851892.0,16858658.0,16815586.0,16815586.0,132244307968,16851892.0
2025-10-24 16:30:00+00:00,16810470.0,16870610.0,16810470.0,16861710.0,8817999872,16810470.0
2025-10-24 16:45:00+00:00,16853560.0,16857644.0,16815550.0,16817732.0,43741347840,16853560.0
2025-10-24 17:00:00+00:00,16844446.0,16882064.0,16842846.0,16855604.0,0,16844446.0
2025-10-24 17:15:00+00:00,16885240.0,16897592.0,16846820.0,16851346.0,35043409920,16885240.0
2025-10-24 17:30:00+00:00,16864026.0,16886496.0,16863330.0,16886496.0,100654383104,16864026.0
2025-10-24 17:45:00+00:00,16855496.0,16869112.0,16852332.0,16860804.0,73082601472,16855496.0
2025-10-24 18:00:00+00:00,16876386.0,16883822.0,16840454.0,16851970.0,0,16876386.0
2025-10-24 18:15:00+00:00,16896392.0,16909348.0,16890330.0,16891010.0,0,16896392.0
2025-10-24 18:30:00+00:00,16891066.0,16901800.0,16885964.0,16897072.0,273871798272,16891066.0
2025-10-24 18:45:00+00:00,16903502.0,16913142.0,16895574.0,16895574.0,178557812736,16903502.0
2025-10-24 19:00:00+00:00,16931198.0,16940374.0,16909066.0,16913124.0,99612098560,16931198.0
2025-10-24 19:15:00+00:00,16939926.0,16945602.0,16926414.0,16926414.0,5068292096,16939926.0
2025-10-24 19:30:00+00:00,16925390.0,16958668.0,16923750.0,16958322.0,108240306176,16925390.0
2025-10-24 19:45:00+00:00,16907772.0,16928796.0,16900542.0,16928796.0,106640703488,16907772.0
2025-10-24 20:00:00+00:00,16907210.0,16909672.0,16892090.0,16906752.0,91783954432,16907210.0
2025-10-24 20:15:00+00:00,16924734.0,16924734.0,16903624.0,16903624.0,6650593280,16924734.0
2025-10-24 20:30:00+00:00,16936058.0,16936058.0,16920618.0,16925784.0,11339300864,16936058.0
2025-10-24 20:45:00+00:00,16959238.0,16968318.0,16936264.0,16939620.0,302560837632,16959238.0
2025-10-24 21:00:00+00:00,16915490.0,16963520.0,16911670.0,16949972.0,308079493120,16915490.0
2025-10-24 21:15:00+00:00,16946672.0,16967218.0,16917178.0,16918990.0,60377530368,16946672.0
2025-10-24 21:30:00+00:00,16957272.0,16961428.0,16937000.0,16937000.0,8584691712,16957272.0
2025-10-24 21:45:00+00:00,16976958.0,16978818.0,16961898.0,16963778.0,113812963328,16976958.0
2025-10-24 22:00:00+00:00,16969616.0,16978804.0,16958564.0,16978804.0,103890288640,16969616.0
2025-10-24 22:15:00+00:00,16973786.0,16978216.0,16962740.0,16966130.0,102719553536,16973786.0
2025-10-24 22:30:00+00:00,16975030.0,16984102.0,16970694.0,16975296.0,87714955264,16975030.0
2025-10-24 22:45:00+00:00,16973686.0,16975212.0,16957358.0,16975212.0,5112856576,16973686.0
2025-10-24 23:00:00+00:00,16953776.0,16973688.0,16950920.0,16973688.0,531628032,16953776.0
2025-10-24 23:15:00+00:00,16975184.0,16975184.0,16950246.0,16952098.0,106699423744,16975184.0
2025-10-24 23:30:00+00:00,16963362.0,16986422.0,16962982.0,16974438.0,114499780608,16963362.0
2025-10-24 23:45:00+00:00,16960994.0,16963742.0,16960076.0,16960452.0,77070336,16960994.0
2025-10-25 00:00:00+00:00,16953934.0,16972868.0,16952250.0,16966450.0,69278367744,16953934.0
2025-10-25 00:15:00+00:00,16944578.0,16953450.0,16940072.0,16953450.0,3092250624,16944578.0
2025-10-25 00:30:00+00:00,16933852.0,16944034.0,16923386.0,16944034.0,93130850304,16933852.0
2025-10-25 00:45:00+00:00,16922404.0,16955722.0,16916298.0,16933852.0,96267665408,16922404.0
2025-10-25 01:00:00+00:00,16948870.0,16948870.0,16930468.0,16930468.0,90892140544,16948870.0
2025-10-25 01:15:00+00:00,16983956.0,16983956.0,16943902.0,16950606.0,0,16983956.0
2025-10-25 01:30:00+00:00,16960824.0,16996218.0,16960824.0,16982766.0,12922126336,16960824.0
2025-10-25 01:45:00+00:00,16970828.0,16978902.0,16960000.0,16960000.0,0,16970828.0
2025-10-25 02:00:00+00:00,16965390.0,16983922.0,16965002.0,16969240.0,108974833664,16965390.0
2025-10-25 02:15:00+00:00,16966244.0,16974400.0,16959578.0,16959578.0,105307439104,16966244.0
2025-10-25 02:30:00+00:00,16966014.0,16973570.0,16962090.0,16973570.0,0,16966014.0
2025-10-25 02:45:00+00:00,16974780.0,16991708.0,16964972.0,16965268.0,105288564736,16974780.0
2025-10-25 03:00:00+00:00,16968862.0,16981222.0,16968494.0,16974648.0,21254111232,16968862.0
2025-10-25 03:15:00+00:00,16976814.0,16984318.0,16973044.0,16973044.0,116089946112,16976814.0
2025-10-25 03:30:00+00:00,16976722.0,16989192.0,16976722.0,16978350.0,845152256,16976722.0
2025-10-25 03:45:00+00:00,16971978.0,16979158.0,16968532.0,16977710.0,0,16971978.0
2025-10-25 04:00:00+00:00,16987332.0,16991938.0,16970112.0,16980030.0,108120244224,16987332.0
2025-10-25 04:15:00+00:00,17015180.0,17030690.0,16984144.0,16984144.0,129164640256,17015180.0
2025-10-25 04:30:00+00:00,17012486.0,17020096.0,17006146.0,17013420.0,0,17012486.0
2025-10-25 04:45:00+00:00,17000538.0,17013612.0,17000538.0,17010622.0,0,17000538.0
2025-10-25 05:00:00+00:00,16987296.0,17003564.0,16986562.0,17002280.0,99813949440,16987296.0
2025-10-25 05:15:00+00:00,16990692.0,16997428.0,16979060.0,16984860.0,101307645952,16990692.0
2025-10-25 05:30:00+00:00,17008992.0,17011730.0,16992550.0,16992550.0,103358660608,17008992.0
2025-10-25 05:45:00+00:00,17036412.0,17036412.0,17015596.0,17017042.0,90082639872,17036412.0
2025-10-25 06:00:00+00:00,17026566.0,17038402.0,17016398.0,17036412.0,116375158784,17026566.0
2025-10-25 06:15:00+00:00,17017696.0,17027114.0,17017430.0,17026132.0,102637764608,17017696.0
2025-10-25 06:30:00+00:00,17018056.0,17018056.0,17008420.0,17014496.0,108320522240,17018056.0
2025-10-25 06:45:00+00:00,17022152.0,17030300.0,17021270.0,17021270.0,5933891584,17022152.0
2025-10-25 07:00:00+00:00,17031722.0,17034704.0,17023052.0,17023474.0,0,17031722.0
2025-10-25 07:15:00+00:00,17066028.0,17069098.0,17032050.0,17032050.0,18923651072,17066028.0
2025-10-25 07:30:00+00:00,17049894.0,17073808.0,17043718.0,17061108.0,134764560384,17049894.0
2025-10-25 07:45:00+00:00,17040858.0,17046492.0,17036616.0,17046492.0,0,17040858.0
2025-10-25 08:00:00+00:00,17053674.0,17053674.0,17038392.0,17041702.0,0,17053674.0
2025-10-25 08:15:00+00:00,17064366.0,17069616.0,17049904.0,17054654.0,13983809536,17064366.0
2025-10-25 08:30:00+00:00,17053072.0,17067030.0,17049012.0,17064366.0,0,17053072.0
2025-10-25 08:45:00+00:00,17081300.0,17081470.0,17055208.0,17055208.0,0,17081300.0
2025-10-25 09:00:00+00:00,17082206.0,17089944.0,17072366.0,17084864.0,1376256000,17082206.0
2025-10-25 09:15:00+00:00,17059714.0,17084698.0,17059610.0,17082812.0,126967873536,17059714.0
2025-10-25 09:30:00+00:00,17069268.0,17077432.0,17062252.0,17064622.0,1289748480,17069268.0
2025-10-25 09:45:00+00:00,17045850.0,17071526.0,17040176.0,17071526.0,21088436224,17045850.0
2025-10-25 10:00:00+00:00,17029528.0,17055230.0,17029528.0,17044496.0,6771179520,17029528.0
2025-10-25 10:15:00+00:00,17048764.0,17051690.0,17031784.0,17031784.0,132342349824,17048764.0
2025-10-25 10:30:00+00:00,17068306.0,17068328.0,17039874.0,17045520.0,1433403392,17068306.0
2025-10-25 10:45:00+00:00,17059044.0,17074236.0,17058406.0,17068082.0,11020533760,17059044.0
2025-10-25 11:00:00+00:00,17047340.0,17058338.0,17047340.0,17058338.0,121451315200,17047340.0
2025-10-25 11:15:00+00:00,17060270.0,17060270.0,17045666.0,17046448.0,109299892224,17060270.0
2025-10-25 11:30:00+00:00,17054308.0,17063994.0,17054308.0,17060734.0,61995483136,17054308.0
2025-10-25 11:45:00+00:00,17053106.0,17064880.0,17052594.0,17053316.0,0,17053106.0
2025-10-25 12:00:00+00:00,17063568.0,17064204.0,17050000.0,17054088.0,0,17063568.0
2025-10-25 12:15:00+00:00,17072506.0,17072506.0,17063060.0,17063182.0,104918417408,17072506.0
2025-10-25 12:30:00+00:00,17071106.0,17072946.0,17066992.0,17072946.0,0,17071106.0
2025-10-25 12:45:00+00:00,17104252.0,17104252.0,17069950.0,17069950.0,190143004672,17104252.0
2025-10-25 13:00:00+00:00,17081934.0,17103480.0,17079586.0,17103480.0,180013760512,17081934.0
2025-10-25 13:15:00+00:00,17076598.0,17094656.0,17076598.0,17085200.0,96810827776,17076598.0
2025-10-25 13:30:00+00:00,17057956.0,17083236.0,17057956.0,17079078.0,0,17057956.0
2025-10-25 13:45:00+00:00,17065162.0,17065162.0,17049024.0,17055272.0,40050360320,17065162.0
2025-10-25 14:00:00+00:00,17075062.0,17076942.0,17067072.0,17067072.0,82201018368,17075062.0
2025-10-25 14:15:00+00:00,17063056.0,17077770.0,17063056.0,17077494.0,0,17063056.0
2025-10-25 14:30:00+00:00,17057838.0,17061270.0,17048632.0,17061270.0,67526197248,17057838.0
2025-10-25 14:45:00+00:00,17053582.0,17060942.0,17052644.0,17059640.0,38974521344,17053582.0
2025-10-25 15:00:00+00:00,17032330.0,17054522.0,17029406.0,17053552.0,0,17032330.0
2025-10-25 15:15:00+00:00,17033386.0,17033790.0,17030518.0,17030518.0,0,17033386.0
2025-10-25 15:30:00+00:00,17041552.0,17041552.0,17029076.0,17033676.0,97270628352,17041552.0
2025-10-25 15:45:00+00:00,17023226.0,17041294.0,17019682.0,17041294.0,0,17023226.0
2025-10-25 16:00:00+00:00,16998754.0,17025858.0,16996354.0,17024574.0,17273192448,16998754.0
2025-10-25 16:15:00+00:00,17002808.0,17006734.0,16999686.0,16999686.0,0,17002808.0
2025-10-25 16:30:00+00:00,17006556.0,17006556.0,17001910.0,17002386.0,0,17006556.0
2025-10-25 16:45:00+00:00,17020350.0,17032552.0,17006460.0,17006460.0,872187691008,17020350.0
2025-10-25 17:00:00+00:00,17031594.0,17031594.0,17018108.0,17018306.0,0,17031594.0
2025-10-25 17:15:00+00:00,17020196.0,17032796.0,17018568.0,17032796.0,97610104832,17020196.0
2025-10-25 17:30:00+00:00,17014080.0,17020512.0,17011026.0,17019212.0,101571624960,17014080.0
2025-10-25 17:45:00+00:00,17015544.0,17016728.0,17012884.0,17015222.0,0,17015544.0
2025-10-25 18:00:00+00:00,17028374.0,17028374.0,17015470.0,17018140.0,0,17028374.0
2025-10-25 18:15:00+00:00,17037032.0,17039738.0,17022966.0,17028818.0,108438224896,17037032.0
2025-10-25 18:30:00+00:00,17069308.0,17073718.0,17036066.0,17036066.0,0,17069308.0
2025-10-25 18:45:00+00:00,17067884.0,17069670.0,17058122.0,17068288.0,15418261504,17067884.0
2025-10-25 19:00:00+00:00,17060456.0,17072524.0,17060392.0,17072524.0,107197759488,17060456.0
2025-10-25 19:15:00+00:00,17064990.0,17064994.0,17058334.0,17059710.0,100342169600,17064990.0
2025-10-25 19:30:00+00:00,17063504.0,17072504.0,16969360.0,17064788.0,726925312,17063504.0
2025-10-25 19:45:00+00:00,17057070.0,17064026.0,17054924.0,17064026.0,2723151872,17057070.0
2025-10-25 20:00:00+00:00,17058386.0,17062542.0,17057558.0,17060164.0,14510981120,17058386.0
2025-10-25 20:15:00+00:00,17047168.0,17055868.0,17047168.0,17055868.0,108674940928,17047168.0
2025-10-25 20:30:00+00:00,17037108.0,17046454.0,17027600.0,17044900.0,124498214912,17037108.0
2025-10-25 20:45:00+00:00,17033432.0,17039020.0,17033432.0,17037290.0,0,17033432.0
2025-10-25 21:00:00+00:00,17029044.0,17031592.0,17025394.0,17031508.0,0,17029044.0
2025-10-25 21:15:00+00:00,17027390.0,17032788.0,17024298.0,17030222.0,108485935104,17027390.0
2025-10-25 21:30:00+00:00,17019202.0,17027148.0,17018298.0,17025292.0,0,17019202.0
2025-10-25 21:45:00+00:00,17033490.0,17033490.0,17017678.0,17018184.0,0,17033490.0
2025-10-25 22:00:00+00:00,17028248.0,17036486.0,17028084.0,17033768.0,6534725632,17028248.0
2025-10-25 22:15:00+00:00,17037128.0,17037368.0,17028478.0,17028696.0,2467299328,17037128.0
2025-10-25 22:30:00+00:00,17054234.0,17054614.0,17038526.0,17039512.0,4965269504,17054234.0
2025-10-25 22:45:00+00:00,17060904.0,17067162.0,17053194.0,17053194.0,13060014080,17060904.0
2025-10-25 23:00:00+00:00,17057064.0,17063096.0,17049382.0,17058882.0,6343360512,17057064.0
2025-10-25 23:15:00+00:00,17055018.0,17061852.0,17050660.0,17057696.0,110628438016,17055018.0
2025-10-25 23:30:00+00:00,17053626.0,17060032.0,17047976.0,17060032.0,0,17053626.0
2025-10-25 23:45:00+00:00,17061680.0,17061680.0,17047938.0,17053108.0,8613527552,17061680.0
2025-10-26 00:00:00+00:00,17052812.0,17060888.0,17049686.0,17060888.0,9218818048,17052812.0
2025-10-26 00:15:00+00:00,17071550.0,17071550.0,17051812.0,17051812.0,73178546176,17071550.0
2025-10-26 00:30:00+00:00,17087546.0,17090562.0,17081818.0,17085998.0,31084511232,17087546.0
2025-10-26 00:45:00+00:00,17077160.0,17094384.0,17072082.0,17086742.0,133248057344,17077160.0
2025-10-26 01:00:00+00:00,17087866.0,17087866.0,17073350.0,17075448.0,120748244992,17087866.0
2025-10-26 01:15:00+00:00,17074196.0,17086800.0,17073710.0,17085440.0,7472152576,17074196.0
2025-10-26 01:30:00+00:00,17079810.0,17079810.0,17072570.0,17074448.0,1561591808,17079810.0
2025-10-26 01:45:00+00:00,17058500.0,17082002.0,17054392.0,17079376.0,20372258816,17058500.0
2025-10-26 02:00:00+00:00,17050134.0,17060630.0,17039288.0,17060630.0,5768216576,17050134.0
2025-10-26 02:15:00+00:00,17056676.0,17056676.0,17047336.0,17048916.0,131839033344,17056676.0
2025-10-26 02:30:00+00:00,17059554.0,17066780.0,17050944.0,17062452.0,130490302464,17059554.0
2025-10-26 02:45:00+00:00,17034024.0,17058948.0,17032756.0,17058948.0,15237120000,17034024.0
2025-10-26 03:00:00+00:00,17032026.0,17034224.0,17028442.0,17034224.0,2612002816,17032026.0
2025-10-26 03:15:00+00:00,17037596.0,17037596.0,17031638.0,17031638.0,143265366016,17037596.0
2025-10-26 03:30:00+00:00,17016884.0,17037118.0,17016610.0,17036384.0,0,17016884.0
2025-10-26 03:45:00+00:00,17005492.0,17011106.0,17004892.0,17010836.0,126276861952,17005492.0
2025-10-26 04:00:00+00:00,17015852.0,17015852.0,17002502.0,17005288.0,111475425280,17015852.0
2025-10-26 04:15:00+00:00,17022410.0,17022410.0,17012094.0,17015998.0,0,17022410.0
2025-10-26 04:30:00+00:00,17028768.0,17029072.0,17020198.0,17021132.0,83361792,17028768.0
2025-10-26 04:45:00+00:00,17028564.0,17032538.0,17027512.0,17027512.0,8819834880,17028564.0
2025-10-26 05:00:00+00:00,17032900.0,17032900.0,17021658.0,17028986.0,113142923264,17032900.0
2025-10-26 05:15:00+00:00,17036034.0,17037104.0,17032078.0,17034260.0,125034561536,17036034.0
2025-10-26 05:30:00+00:00,17054312.0,17054426.0,17036974.0,17036974.0,23944757248,17054312.0
2025-10-26 05:45:00+00:00,17057700.0,17058568.0,17055984.0,17056646.0,0,17057700.0
2025-10-26 06:00:00+00:00,17050822.0,17056364.0,17048966.0,17056364.0,99160948736,17050822.0
2025-10-26 06:15:00+00:00,17057148.0,17057148.0,17046582.0,17051032.0,13752598528,17057148.0
2025-10-26 06:30:00+00:00,17052722.0,17062374.0,17052248.0,17062374.0,1653604352,17052722.0
2025-10-26 06:45:00+00:00,17057760.0,17058568.0,17054550.0,17056028.0,209453056,17057760.0
2025-10-26 07:00:00+00:00,17062980.0,17063282.0,17056830.0,17057726.0,117919973376,17062980.0
2025-10-26 07:15:00+00:00,17064538.0,17066702.0,17062068.0,17064010.0,0,17064538.0
2025-10-26 07:30:00+00:00,17068506.0,17069282.0,17063876.0,17064590.0,0,17068506.0
2025-10-26 07:45:00+00:00,17071320.0,17073316.0,17066992.0,17066992.0,791150592,17071320.0
2025-10-26 08:00:00+00:00,17084812.0,17086884.0,17073688.0,17073688.0,6992166912,17084812.0
2025-10-26 08:15:00+00:00,17082734.0,17085202.0,17080648.0,17085202.0,201503277056,17082734.0
2025-10-26 08:30:00+00:00,17090872.0,17091710.0,17078868.0,17083054.0,612630528,17090872.0
2025-10-26 08:45:00+00:00,17082866.0,17091794.0,17081564.0,17088506.0,1130889216,17082866.0
2025-10-26 09:00:00+00:00,17077284.0,17083474.0,17077232.0,17083210.0,0,17077284.0
2025-10-26 09:15:00+00:00,17183012.0,17183012.0,17074820.0,17074820.0,6518320136192,17183012.0
2025-10-26 09:30:00+00:00,17162072.0,17220998.0,17162072.0,17220998.0,6724082991104,17162072.0
2025-10-26 09:45:00+00:00,17185282.0,17193746.0,17161666.0,17163414.0,65635614720,17185282.0
2025-10-26 10:00:00+00:00,17172394.0,17198338.0,17169200.0,17189862.0,125352804352,17172394.0
2025-10-26 10:15:00+00:00,17168686.0,17174144.0,17168370.0,17172394.0,3930324992,17168686.0
2025-10-26 10:30:00+00:00,17179558.0,17181658.0,17152900.0,17167674.0,13303283712,17179558.0
2025-10-26 10:45:00+00:00,17115518.0,17183572.0,17115518.0,17179572.0,118104522752,17115518.0
2025-10-26 11:00:00+00:00,17127032.0,17182830.0,17118218.0,17118218.0,11313086464,17127032.0
2025-10-26 11:15:00+00:00,17152888.0,17182394.0,17125726.0,17125726.0,40387739648,17152888.0
2025-10-26 11:30:00+00:00,17231280.0,17244170.0,17153330.0,17153496.0,76923011072,17231280.0
2025-10-26 11:45:00+00:00,17241058.0,17260236.0,17223630.0,17242182.0,183426088960,17241058.0
2025-10-26 12:00:00+00:00,17300770.0,17308860.0,17243678.0,17243678.0,139556552704,17300770.0
2025-10-26 12:15:00+00:00,17336048.0,17350960.0,17282338.0,17302084.0,147724697600,17336048.0
2025-10-26 12:30:00+00:00,17277496.0,17306776.0,17277496.0,17299340.0,192226263040,17277496.0
2025-10-26 12:45:00+00:00,17291324.0,17317132.0,17273924.0,17273924.0,104353759232,17291324.0
2025-10-26 13:00:00+00:00,17264656.0,17299544.0,17260892.0,17286258.0,156509405184,17264656.0
2025-10-26 13:15:00+00:00,17295354.0,17325340.0,17251406.0,17261972.0,172870860800,17295354.0
2025-10-26 13:30:00+00:00,17306596.0,17322096.0,17282518.0,17298308.0,8372879360,17306596.0
2025-10-26 13:45:00+00:00,17309276.0,17353678.0,17293914.0,17329464.0,145373528064,17309276.0
2025-10-26 14:00:00+00:00,17314288.0,17335310.0,17294088.0,17307230.0,151041081344,17314288.0
2025-10-26 14:15:00+00:00,17371032.0,17383552.0,17310210.0,17319964.0,208550756352,17371032.0
2025-10-26 14:30:00+00:00,17394214.0,17394214.0,17325180.0,17325180.0,76126093312,17394214.0
2025-10-26 14:45:00+00:00,17354940.0,17397844.0,17332898.0,17395560.0,22766157824,17354940.0
2025-10-26 15:00:00+00:00,17348586.0,17353916.0,17292770.0,17351828.0,30621564928,17348586.0
2025-10-26 15:15:00+00:00,17341598.0,17355608.0,17329958.0,17355608.0,153555042304,17341598.0
2025-10-26 15:30:00+00:00,17340638.0,17349368.0,17321130.0,17349368.0,10254024704,17340638.0
2025-10-26 15:45:00+00:00,17372978.0,17373474.0,17317996.0,17317996.0,20385890304,17372978.0
2025-10-26 16:00:00+00:00,17341558.0,17373294.0,17313022.0,17373294.0,255198756864,17341558.0
2025-10-26 16:15:00+00:00,17332862.0,17339600.0,17280312.0,17339600.0,26774339584,17332862.0
2025-10-26 16:30:00+00:00,17349948.0,17349948.0,17291428.0,17291428.0,150150316032,17349948.0
2025-10-26 16:45:00+00:00,17350966.0,17375188.0,17335976.0,17357516.0,137886695424,17350966.0
2025-10-26 17:00:00+00:00,17373158.0,17375690.0,17321754.0,17348114.0,47137685504,17373158.0
2025-10-26 17:15:00+00:00,17328550.0,17372922.0,17328550.0,17369798.0,9754378240,17328550.0
2025-10-26 17:30:00+00:00,17351950.0,17367094.0,17351950.0,17366622.0,137232384000,17351950.0
2025-10-26 17:45:00+00:00,17336524.0,17356706.0,17320504.0,17354810.0,156168617984,17336524.0
2025-10-26 18:00:00+00:00,17378602.0,17378602.0,17336576.0,17336576.0,139005526016,17378602.0
2025-10-26 18:15:00+00:00,17351902.0,17379298.0,17343232.0,17379298.0,128056295424,17351902.0
2025-10-26 18:30:00+00:00,17389036.0,17393852.0,17350820.0,17350820.0,8328314880,17389036.0
2025-10-26 18:45:00+00:00,17378442.0,17391480.0,17378442.0,17389546.0,13454278656,17378442.0
2025-10-26 19:00:00+00:00,17363752.0,17375294.0,17363752.0,17375294.0,132511170560,17363752.0
2025-10-26 19:15:00+00:00,17369938.0,17369938.0,17349024.0,17365188.0,139648303104,17369938.0
2025-10-26 19:30:00+00:00,17364440.0,17376058.0,17355996.0,17371536.0,131009609728,17364440.0
2025-10-26 19:45:00+00:00,17347810.0,17364942.0,17347810.0,17364576.0,130194866176,17347810.0
2025-10-26 20:00:00+00:00,17343254.0,17356274.0,17343254.0,17347272.0,0,17343254.0
2025-10-26 20:15:00+00:00,17329590.0,17350328.0,17329590.0,17350168.0,139185881088,17329590.0
2025-10-26 20:30:00+00:00,17332512.0,17340286.0,17328014.0,17328014.0,157783949312,17332512.0
2025-10-26 20:45:00+00:00,17333086.0,17341124.0,17328878.0,17338198.0,133225775104,17333086.0
2025-10-26 21:00:00+00:00,17333162.0,17334106.0,17324392.0,17324392.0,1360003072,17333162.0
2025-10-26 21:15:00+00:00,17276858.0,17335920.0,17276858.0,17335920.0,5890899968,17276858.0
2025-10-26 21:30:00+00:00,17344312.0,17346040.0,17278232.0,17286224.0,221558341632,17344312.0
2025-10-26 21:45:00+00:00,17361976.0,17369980.0,17341446.0,17341446.0,169194553344,17361976.0
2025-10-26 22:00:00+00:00,17521376.0,17606932.0,17363370.0,17363370.0,345671467008,17521376.0
2025-10-26 22:15:00+00:00,17496770.0,17539136.0,17496770.0,17537782.0,204189204480,17496770.0
2025-10-26 22:30:00+00:00,17523542.0,17530092.0,17505668.0,17505668.0,185318506496,17523542.0
2025-10-26 22:45:00+00:00,17553024.0,17566212.0,17530524.0,17530524.0,84047036416,17553024.0
2025-10-26 23:00:00+00:00,17535052.0,17590982.0,17535052.0,17551980.0,260680712192,17535052.0
2025-10-26 23:15:00+00:00,17526498.0,17544612.0,17525870.0,17528686.0,56500420608,17526498.0
2025-10-26 23:30:00+00:00,17547654.0,17553202.0,17518682.0,17519876.0,33162788864,17547654.0
2025-10-26 23:45:00+00:00,17521432.0,17544478.0,17519004.0,17544478.0,173384138752,17521432.0
2025-10-27 00:00:00+00:00,17571454.0,17576274.0,17507306.0,17535800.0,31575769088,17571454.0
2025-10-27 00:15:00+00:00,17572652.0,17598380.0,17567606.0,17584454.0,169785950208,17572652.0
2025-10-27 00:30:00+00:00,17570124.0,17604516.0,17567262.0,17572098.0,197710577664,17570124.0
2025-10-27 00:45:00+00:00,17542130.0,17566880.0,17532650.0,17566880.0,160043106304,17542130.0
2025-10-27 01:00:00+00:00,17567332.0,17571078.0,17545086.0,17554986.0,15061221376,17567332.0
2025-10-27 01:15:00+00:00,17589612.0,17596380.0,17548694.0,17565360.0,177739399168,17589612.0
2025-10-27 01:30:00+00:00,17601790.0,17611446.0,17577620.0,17588374.0,62943920128,17601790.0
2025-10-27 01:45:00+00:00,17619620.0,17624162.0,17607770.0,17607770.0,42745724928,17619620.0
2025-10-27 02:00:00+00:00,17646332.0,17655108.0,17619904.0,17619904.0,187490107392,17646332.0
2025-10-27 02:15:00+00:00,17592042.0,17634290.0,17592042.0,17634290.0,164199661568,17592042.0
2025-10-27 02:30:00+00:00,17592410.0,17592410.0,17568664.0,17587660.0,170620616704,17592410.0
2025-10-27 02:45:00+00:00,17578022.0,17595256.0,17568148.0,17595256.0,56934006784,17578022.0
2025-10-27 03:00:00+00:00,17611756.0,17611756.0,17572436.0,17576398.0,145658216448,17611756.0
2025-10-27 03:15:00+00:00,17590178.0,17616822.0,17588938.0,17607098.0,137404350464,17590178.0
2025-10-27 03:30:00+00:00,17588686.0,17589596.0,17581188.0,17587080.0,101298208768,17588686.0
2025-10-27 03:45:00+00:00,17594136.0,17600600.0,17581688.0,17583192.0,161057603584,17594136.0
2025-10-27 04:00:00+00:00,17624410.0,17625042.0,17598682.0,17598682.0,156245688320,17624410.0
2025-10-27 04:15:00+00:00,17632984.0,17637814.0,17629058.0,17632338.0,153328025600,17632984.0
2025-10-27 04:30:00+00:00,17641250.0,17646896.0,17629434.0,17629434.0,149789081600,17641250.0
2025-10-27 04:45:00+00:00,17648378.0,17651638.0,17644524.0,17645590.0,149918580736,17648378.0
2025-10-27 05:00:00+00:00,17691050.0,17691364.0,17648378.0,17648378.0,38122553344,17691050.0
2025-10-27 05:15:00+00:00,17702762.0,17706006.0,17688690.0,17690174.0,45426933760,17702762.0
2025-10-27 05:30:00+00:00,17705934.0,17708606.0,17686410.0,17698366.0,193943568384,17705934.0
2025-10-27 05:45:00+00:00,17694358.0,17706246.0,17690446.0,17706246.0,144776888320,17694358.0
2025-10-27 06:00:00+00:00,17671474.0,17689132.0,17664650.0,17689132.0,197325750272,17671474.0
2025-10-27 06:15:00+00:00,17688716.0,17709638.0,17674386.0,17674386.0,117741977600,17688716.0
2025-10-27 06:30:00+00:00,17680790.0,17704396.0,17679196.0,17696500.0,110346371072,17680790.0
2025-10-27 06:45:00+00:00,17756920.0,17756920.0,17691486.0,17691486.0,205211041792,17756920.0
2025-10-27 07:00:00+00:00,17715914.0,17756320.0,17715914.0,17746316.0,267273633792,17715914.0
2025-10-27 07:15:00+00:00,17737022.0,17743176.0,17723876.0,17728276.0,123393277952,17737022.0
2025-10-27 07:30:00+00:00,17674826.0,17742250.0,17659574.0,17742250.0,65752006656,17674826.0
2025-10-27 07:45:00+00:00,17682968.0,17700016.0,17677578.0,17681978.0,246873063424,17682968.0
2025-10-27 08:00:00+00:00,17667302.0,17684786.0,17665930.0,17684786.0,206766604288,17667302.0
2025-10-27 08:15:00+00:00,17617834.0,17673360.0,17617834.0,17659746.0,185557057536,17617834.0
2025-10-27 08:30:00+00:00,17611810.0,17633882.0,17606480.0,17606480.0,125247160320,17611810.0
2025-10-27 08:45:00+00:00,17574660.0,17610756.0,17565144.0,17610756.0,134805979136,17574660.0
2025-10-27 09:00:00+00:00,17577294.0,17577294.0,17544444.0,17573812.0,227991879680,17577294.0
2025-10-27 09:15:00+00:00,17595238.0,17602818.0,17567506.0,17578512.0,108180537344,17595238.0
2025-10-27 09:30:00+00:00,17613930.0,17616148.0,17585562.0,17594366.0,111883059200,17613930.0
2025-10-27 09:45:00+00:00,17603418.0,17610940.0,17598330.0,17610940.0,0,17603418.0
2025-10-27 10:00:00+00:00,17616120.0,17621032.0,17591558.0,17605564.0,150491627520,17616120.0
2025-10-27 10:15:00+00:00,17638910.0,17642304.0,17617702.0,17617702.0,212402700288,17638910.0
2025-10-27 10:30:00+00:00,17641512.0,17646814.0,17637208.0,17637208.0,8926527488,17641512.0
2025-10-27 10:45:00+00:00,17630958.0,17647020.0,17630958.0,17636492.0,18254659584,17630958.0
2025-10-27 11:00:00+00:00,17629050.0,17638440.0,17628526.0,17631736.0,0,17629050.0
2025-10-27 11:15:00+00:00,17610600.0,17631752.0,17593774.0,17631488.0,51236569088,17610600.0
2025-10-27 11:30:00+00:00,17644518.0,17644680.0,17606614.0,17606614.0,222136631296,17644518.0
2025-10-27 11:45:00+00:00,17617906.0,17638938.0,17609734.0,17637228.0,0,17617906.0
2025-10-27 12:00:00+00:00,17593052.0,17608696.0,17579328.0,17608696.0,79909355520,17593052.0
2025-10-27 12:15:00+00:00,17602068.0,17602320.0,17584614.0,17595316.0,136621588480,17602068.0
2025-10-27 12:30:00+00:00,17583526.0,17607544.0,17583526.0,17606182.0,101990793216,17583526.0
2025-10-27 12:45:00+00:00,17589968.0,17591896.0,17581650.0,17582830.0,0,17589968.0
2025-10-27 13:00:00+00:00,17589034.0,17610316.0,17581686.0,17584550.0,98393653248,17589034.0
2025-10-27 13:15:00+00:00,17604822.0,17614818.0,17594530.0,17594530.0,148640366592,17604822.0
2025-10-27 13:30:00+00:00,17568796.0,17621840.0,17553136.0,17617898.0,3314548736,17568796.0
2025-10-27 13:45:00+00:00,17648086.0,17663568.0,17586704.0,17586704.0,313068617728,17648086.0
2025-10-27 14:00:00+00:00,17569086.0,17648604.0,17562328.0,17647866.0,149464547328,17569086.0
2025-10-27 14:15:00+00:00,17591512.0,17591512.0,17542680.0,17576884.0,196515201024,17591512.0
2025-10-27 14:30:00+00:00,17581726.0,17607742.0,17577458.0,17598130.0,35882270720,17581726.0
2025-10-27 14:45:00+00:00,17569442.0,17590034.0,17557372.0,17589200.0,45802848256,17569442.0
2025-10-27 15:00:00+00:00,17593376.0,17603620.0,17564366.0,17564366.0,105330507776,17593376.0
2025-10-27 15:15:00+00:00,17599474.0,17613226.0,17589998.0,17597870.0,349134913536,17599474.0
2025-10-27 15:30:00+00:00,17604846.0,17625014.0,17597594.0,17614308.0,194596831232,17604846.0
2025-10-27 15:45:00+00:00,17598266.0,17610362.0,17589140.0,17601408.0,146110676992,17598266.0
2025-10-27 16:00:00+00:00,17640590.0,17647404.0,17591860.0,17605840.0,190087954432,17640590.0
2025-10-27 16:15:00+00:00,17653342.0,17661966.0,17633654.0,17639332.0,15330181120,17653342.0
2025-10-27 16:30:00+00:00,17670636.0,17676782.0,17645642.0,17645642.0,208109830144,17670636.0
2025-10-27 16:45:00+00:00,17670362.0,17687022.0,17658106.0,17667694.0,135502233600,17670362.0
2025-10-27 17:00:00+00:00,17682290.0,17685242.0,17665976.0,17672492.0,184856608768,17682290.0
2025-10-27 17:15:00+00:00,17659272.0,17685118.0,17653082.0,17679098.0,140647596032,17659272.0
2025-10-27 17:30:00+00:00,17701398.0,17704206.0,17652418.0,17655926.0,161419886592,17701398.0
2025-10-27 17:45:00+00:00,17704068.0,17704800.0,17685592.0,17690390.0,198586662912,17704068.0
2025-10-27 18:00:00+00:00,17715736.0,17716804.0,17690776.0,17710190.0,4898947072,17715736.0
2025-10-27 18:15:00+00:00,17663558.0,17714756.0,17659010.0,17714756.0,150828220416,17663558.0
2025-10-27 18:30:00+00:00,17654824.0,17671606.0,17654824.0,17658810.0,39486226432,17654824.0
2025-10-27 18:45:00+00:00,17626762.0,17660360.0,17625432.0,17660360.0,4778360832,17626762.0
2025-10-27 19:00:00+00:00,17622524.0,17626902.0,17580082.0,17626902.0,20009975808,17622524.0
2025-10-27 19:15:00+00:00,17581920.0,17612048.0,17581920.0,17612048.0,181169815552,17581920.0
2025-10-27 19:30:00+00:00,17577302.0,17590144.0,17552988.0,17584654.0,85928706048,17577302.0
2025-10-27 19:45:00+00:00,17564796.0,17589200.0,17560826.0,17582192.0,32517390336,17564796.0
2025-10-27 20:00:00+00:00,17545442.0,17565950.0,17542126.0,17565950.0,51957989376,17545442.0
2025-10-27 20:15:00+00:00,17540324.0,17558542.0,17538304.0,17547608.0,167134625792,17540324.0
2025-10-27 20:30:00+00:00,17535004.0,17546492.0,17527092.0,17536416.0,179439665152,17535004.0
2025-10-27 20:45:00+00:00,17502264.0,17537814.0,17502264.0,17530952.0,15273558016,17502264.0
2025-10-27 21:00:00+00:00,17500382.0,17512192.0,17494674.0,17499492.0,40827355136,17500382.0
2025-10-27 21:15:00+00:00,17455024.0,17496114.0,17453672.0,17496114.0,130723872768,17455024.0
2025-10-27 21:30:00+00:00,17476590.0,17479502.0,17452578.0,17454324.0,144965632000,17476590.0
2025-10-27 21:45:00+00:00,17495130.0,17513874.0,17472576.0,17472576.0,151653449728,17495130.0
2025-10-27 22:00:00+00:00,17491748.0,17492858.0,17442630.0,17487220.0,0,17491748.0
2025-10-27 22:15:00+00:00,17493658.0,17507836.0,17482598.0,17485784.0,235432574976,17493658.0
2025-10-27 22:30:00+00:00,17456578.0,17486758.0,17456578.0,17486758.0,3679453184,17456578.0
2025-10-27 22:45:00+00:00,17430750.0,17461540.0,17428782.0,17445616.0,0,17430750.0
2025-10-27 23:00:00+00:00,17424128.0,17433130.0,17418474.0,17431062.0,0,17424128.0
2025-10-27 23:15:00+00:00,17414842.0,17423908.0,17400350.0,17423908.0,29922164736,17414842.0
2025-10-27 23:30:00+00:00,17432224.0,17434442.0,17415338.0,17415338.0,154142769152,17432224.0
2025-10-27 23:45:00+00:00,17431082.0,17433948.0,17422500.0,17428114.0,150250455040,17431082.0
2025-10-28 00:00:00+00:00,17410458.0,17424702.0,17389718.0,17424702.0,1470103552,17410458.0
2025-10-28 00:15:00+00:00,17429336.0,17434462.0,17398878.0,17398878.0,0,17429336.0
2025-10-28 00:30:00+00:00,17375632.0,17427428.0,17375632.0,17427428.0,141681491968,17375632.0
2025-10-28 00:45:00+00:00,17378396.0,17385320.0,17353688.0,17380450.0,111160590336,17378396.0
2025-10-28 01:00:00+00:00,17393394.0,17401152.0,17378116.0,17378116.0,199685570560,17393394.0
2025-10-28 01:15:00+00:00,17412316.0,17416266.0,17393214.0,17393214.0,0,17412316.0
2025-10-28 01:30:00+00:00,17439030.0,17439030.0,17395256.0,17409122.0,3055550464,17439030.0
2025-10-28 01:45:00+00:00,17441408.0,17451688.0,17434734.0,17442104.0,15121514496,17441408.0
2025-10-28 02:00:00+00:00,17394724.0,17439476.0,17394724.0,17439476.0,110553464832,17394724.0
2025-10-28 02:15:00+00:00,17376966.0,17396928.0,17363148.0,17395200.0,17194549248,17376966.0
2025-10-28 02:30:00+00:00,17378558.0,17396310.0,17377052.0,17387076.0,139516182528,17378558.0
2025-10-28 02:45:00+00:00,17368570.0,17368570.0,17368570.0,17368570.0,0,17368570.0
2025-10-28 14:30:00+00:00,17427638.0,17557804.0,17427638.0,17557804.0,25224019968,17427638.0
2025-10-28 14:45:00+00:00,17490178.0,17514562.0,17384336.0,17439438.0,224706166784,17490178.0
2025-10-28 15:00:00+00:00,17520854.0,17531026.0,17485880.0,17485880.0,167220084736,17520854.0
2025-10-28 15:15:00+00:00,17508466.0,17534122.0,17491376.0,17534122.0,87310204928,17508466.0
2025-10-28 15:30:00+00:00,17401002.0,17494228.0,17401002.0,17494228.0,40421556224,17401002.0
2025-10-28 15:45:00+00:00,17440000.0,17467688.0,17400820.0,17400820.0,92210200576,17440000.0
2025-10-28 16:00:00+00:00,17470606.0,17470606.0,17432514.0,17432514.0,149560492032,17470606.0
2025-10-28 16:15:00+00:00,17496468.0,17496468.0,17455914.0,17468302.0,163458842624,17496468.0
2025-10-28 16:30:00+00:00,17508902.0,17540578.0,17505530.0,17507838.0,85789245440,17508902.0
2025-10-28 16:45:00+00:00,17550308.0,17568564.0,17510892.0,17510892.0,50817662976,17550308.0
2025-10-28 17:00:00+00:00,17579840.0,17579840.0,17546624.0,17549296.0,67525672960,17579840.0
2025-10-28 17:15:00+00:00,17566952.0,17583784.0,17560330.0,17577508.0,40027815936,17566952.0
2025-10-28 17:30:00+00:00,17578238.0,17581352.0,17539640.0,17569258.0,171309531136,17578238.0
2025-10-28 17:45:00+00:00,17558208.0,17582186.0,17553902.0,17582186.0,161880735744,17558208.0
2025-10-28 18:00:00+00:00,17540426.0,17553464.0,17521380.0,17549550.0,179201114112,17540426.0
2025-10-28 18:15:00+00:00,17502464.0,17545926.0,17502464.0,17537708.0,19230359552,17502464.0
2025-10-28 18:30:00+00:00,17461314.0,17505576.0,17457328.0,17503078.0,63999311872,17461314.0
2025-10-28 18:45:00+00:00,17483770.0,17483770.0,17452410.0,17460966.0,41549824000,17483770.0
2025-10-28 19:00:00+00:00,17476112.0,17490820.0,17474400.0,17488640.0,175520088064,17476112.0
2025-10-28 19:15:00+00:00,17298738.0,17461806.0,17298738.0,17461806.0,307141017600,17298738.0
2025-10-28 19:30:00+00:00,17311328.0,17340408.0,17292834.0,17298738.0,89060802560,17311328.0
2025-10-28 19:45:00+00:00,17277784.0,17323752.0,17266768.0,17315150.0,46641709056,17277784.0
2025-10-28 20:00:00+00:00,17174624.0,17282692.0,17174624.0,17279096.0,385667825664,17174624.0
2025-10-28 20:15:00+00:00,17121900.0,17180920.0,17113940.0,17180920.0,232142143488,17121900.0
2025-10-28 20:30:00+00:00,17164398.0,17182964.0,17102076.0,17110504.0,266619322368,17164398.0
2025-10-28 20:45:00+00:00,17167494.0,17169878.0,17133964.0,17157746.0,51813285888,17167494.0
2025-10-28 21:00:00+00:00,17118128.0,17163976.0,17076196.0,17163976.0,506697089024,17118128.0
2025-10-28 21:15:00+00:00,17141696.0,17142804.0,17125788.0,17132176.0,159413960704,17141696.0
2025-10-28 21:30:00+00:00,17203152.0,17203152.0,17137738.0,17143156.0,0,17203152.0
2025-10-28 21:45:00+00:00,17201712.0,17217460.0,17199504.0,17199706.0,189314105344,17201712.0
2025-10-28 22:00:00+00:00,17181474.0,17212186.0,17173696.0,17194240.0,349791322112,17181474.0
2025-10-28 22:15:00+00:00,17208052.0,17208052.0,17177212.0,17177212.0,22115516416,17208052.0
2025-10-28 22:30:00+00:00,17231678.0,17231678.0,17219084.0,17219242.0,164406231040,17231678.0
2025-10-28 22:45:00+00:00,17231702.0,17238484.0,17224196.0,17238484.0,23063429120,17231702.0
2025-10-28 23:00:00+00:00,17195110.0,17232976.0,17194204.0,17232976.0,157033693184,17195110.0
2025-10-28 23:15:00+00:00,17178894.0,17212780.0,17167492.0,17200230.0,45122322432,17178894.0
2025-10-28 23:30:00+00:00,17188714.0,17207466.0,17179030.0,17179030.0,145694392320,17188714.0
2025-10-28 23:45:00+00:00,17154464.0,17203452.0,17154464.0,17186034.0,14410579968,17154464.0
2025-10-29 00:00:00+00:00,17112798.0,17135518.0,17087122.0,17135518.0,147825098752,17112798.0
2025-10-29 00:15:00+00:00,17108468.0,17129462.0,17104678.0,17118650.0,238256390144,17108468.0
2025-10-29 00:30:00+00:00,17099910.0,17123746.0,17099254.0,17111828.0,21537751040,17099910.0
2025-10-29 00:45:00+00:00,17070164.0,17099140.0,17064782.0,17099140.0,128098238464,17070164.0
2025-10-29 01:00:00+00:00,17052740.0,17067142.0,17038850.0,17065924.0,192622362624,17052740.0
2025-10-29 01:15:00+00:00,17019434.0,17045858.0,17018400.0,17045858.0,180679081984,17019434.0
2025-10-29 01:30:00+00:00,17146112.0,17146440.0,17029552.0,17029552.0,220237660160,17146112.0
2025-10-29 01:45:00+00:00,17097168.0,17139558.0,17059784.0,17139558.0,109207093248,17097168.0
2025-10-29 02:00:00+00:00,17100966.0,17101886.0,17089802.0,17095778.0,84355842048,17100966.0
2025-10-29 02:15:00+00:00,17151448.0,17151448.0,17092412.0,17100014.0,125606821888,17151448.0
2025-10-29 02:30:00+00:00,17125726.0,17150884.0,17119914.0,17150884.0,21644705792,17125726.0
2025-10-29 02:45:00+00:00,17126390.0,17139328.0,17118810.0,17124132.0,0,17126390.0
2025-10-29 03:00:00+00:00,17108696.0,17126302.0,17084270.0,17126302.0,230612271104,17108696.0
2025-10-29 03:15:00+00:00,17088954.0,17104308.0,17088954.0,17102684.0,13077839872,17088954.0
2025-10-29 03:30:00+00:00,17113820.0,17116356.0,17089984.0,17089984.0,4318035968,17113820.0
2025-10-29 03:45:00+00:00,17110408.0,17117222.0,17110174.0,17111202.0,4700766208,17110408.0
2025-10-29 04:00:00+00:00,17116226.0,17128328.0,17112740.0,17112740.0,0,17116226.0
2025-10-29 04:15:00+00:00,17134348.0,17143646.0,17123890.0,17123890.0,14188281856,17134348.0
2025-10-29 04:30:00+00:00,17147150.0,17161218.0,17135156.0,17135914.0,11533287424,17147150.0
2025-10-29 04:45:00+00:00,17161624.0,17162390.0,17143622.0,17143622.0,10283384832,17161624.0
2025-10-29 05:00:00+00:00,17182294.0,17182294.0,17160146.0,17160146.0,268836012032,17182294.0
2025-10-29 05:15:00+00:00,17225502.0,17227236.0,17179378.0,17179378.0,42494590976,17225502.0
2025-10-29 05:30:00+00:00,17273470.0,17284844.0,17224416.0,17227816.0,67113058304,17273470.0
2025-10-29 05:45:00+00:00,17231782.0,17274656.0,17228998.0,17274656.0,122864795648,17231782.0
2025-10-29 06:00:00+00:00,17234564.0,17257090.0,17217880.0,17233004.0,129877671936,17234564.0
2025-10-29 06:15:00+00:00,17217178.0,17237966.0,17216966.0,17237966.0,6236930048,17217178.0
2025-10-29 06:30:00+00:00,17207800.0,17219768.0,17206388.0,17214402.0,134349848576,17207800.0
2025-10-29 06:45:00+00:00,17241028.0,17244176.0,17205428.0,17207556.0,137584705536,17241028.0
2025-10-29 07:00:00+00:00,17230942.0,17243516.0,17226912.0,17243198.0,186957955072,17230942.0
2025-10-29 07:15:00+00:00,17246498.0,17250118.0,17230250.0,17231768.0,17815306240,17246498.0
2025-10-29 07:30:00+00:00,17233240.0,17252368.0,17232314.0,17243008.0,148894646272,17233240.0
2025-10-29 07:45:00+00:00,17260314.0,17265398.0,17230786.0,17230884.0,25135415296,17260314.0
2025-10-29 08:00:00+00:00,17273218.0,17291914.0,17266490.0,17266490.0,146189320192,17273218.0
2025-10-29 08:15:00+00:00,17252356.0,17269174.0,17252356.0,17259882.0,35057041408,17252356.0
2025-10-29 08:30:00+00:00,17226576.0,17254974.0,17216680.0,17251598.0,834666496,17226576.0
2025-10-29 08:45:00+00:00,17221608.0,17233522.0,17213080.0,17227572.0,12727615488,17221608.0
2025-10-29 09:00:00+00:00,17211972.0,17236652.0,17211972.0,17223588.0,108001230848,17211972.0
2025-10-29 09:15:00+00:00,17213668.0,17234070.0,17211722.0,17211722.0,153460146176,17213668.0
2025-10-29 09:30:00+00:00,17196674.0,17217110.0,17187788.0,17217110.0,363433295872,17196674.0
2025-10-29 09:45:00+00:00,17205602.0,17213432.0,17188652.0,17194610.0,142366212096,17205602.0
2025-10-29 10:00:00+00:00,17209242.0,17223108.0,17201978.0,17206070.0,501141733376,17209242.0
2025-10-29 10:15:00+00:00,17216068.0,17225918.0,17202602.0,17209612.0,18688770048,17216068.0
2025-10-29 10:30:00+00:00,17222034.0,17230088.0,17210322.0,17217502.0,3913285632,17222034.0
2025-10-29 10:45:00+00:00,17187220.0,17223566.0,17178866.0,17221516.0,175553642496,17187220.0
2025-10-29 11:00:00+00:00,17211882.0,17220654.0,17176728.0,17188448.0,132671078400,17211882.0
2025-10-29 11:15:00+00:00,17235210.0,17245010.0,17214116.0,17216918.0,13369344000,17235210.0
2025-10-29 11:30:00+00:00,17224590.0,17247738.0,17224590.0,17231084.0,135882866688,17224590.0
2025-10-29 11:45:00+00:00,17230996.0,17230996.0,17210026.0,17219394.0,4583325696,17230996.0
2025-10-29 12:00:00+00:00,17252170.0,17253454.0,17225844.0,17230608.0,0,17252170.0
2025-10-29 12:15:00+00:00,17230658.0,17248886.0,17230658.0,17247292.0,120571559936,17230658.0
2025-10-29 12:30:00+00:00,17226958.0,17228658.0,17217974.0,17225572.0,96847527936,17226958.0
2025-10-29 12:45:00+00:00,17231456.0,17243164.0,17222400.0,17227576.0,5026873344,17231456.0
2025-10-29 13:00:00+00:00,17241056.0,17245750.0,17223134.0,17229600.0,0,17241056.0
2025-10-29 13:15:00+00:00,17258842.0,17261028.0,17234734.0,17238124.0,3693084672,17258842.0
2025-10-29 13:30:00+00:00,17182910.0,17255302.0,17167058.0,17255302.0,121187074048,17182910.0
2025-10-29 13:45:00+00:00,17166024.0,17179622.0,17149724.0,17178430.0,47760539648,17166024.0
2025-10-29 14:00:00+00:00,17115804.0,17165136.0,17115804.0,17165136.0,173233143808,17115804.0
2025-10-29 14:15:00+00:00,17102604.0,17137596.0,17085418.0,17128996.0,0,17102604.0
2025-10-29 14:30:00+00:00,17128092.0,17144974.0,17082922.0,17084124.0,115145179136,17128092.0
2025-10-29 14:45:00+00:00,17101480.0,17143278.0,17094960.0,17127660.0,61479059456,17101480.0
2025-10-29 15:00:00+00:00,17079396.0,17108764.0,17078340.0,17100354.0,112215457792,17079396.0
2025-10-29 15:15:00+00:00,17076838.0,17094766.0,17070952.0,17080184.0,37197185024,17076838.0
2025-10-29 15:30:00+00:00,17004336.0,17082784.0,16982038.0,17076206.0,182108291072,17004336.0
2025-10-29 15:45:00+00:00,16937168.0,17003472.0,16937168.0,17003472.0,86399516672,16937168.0
2025-10-29 16:00:00+00:00,16906734.0,16950466.0,16906734.0,16945348.0,64043876352,16906734.0
2025-10-29 16:15:00+00:00,16919552.0,16932170.0,16886464.0,16896080.0,282799898624,16919552.0
2025-10-29 16:30:00+00:00,16940818.0,16940818.0,16896664.0,16918718.0,0,16940818.0
2025-10-29 16:45:00+00:00,16916280.0,16938660.0,16911352.0,16938660.0,113986502656,16916280.0
2025-10-29 17:00:00+00:00,16920452.0,16937888.0,16909314.0,16915132.0,5674893312,16920452.0
2025-10-29 17:15:00+00:00,16924024.0,16924024.0,16896812.0,16909046.0,0,16924024.0
2025-10-29 17:30:00+00:00,17017988.0,17020848.0,16926636.0,16926636.0,0,17017988.0
2025-10-29 17:45:00+00:00,17023236.0,17034602.0,17006700.0,17018440.0,218701496320,17023236.0
2025-10-29 18:00:00+00:00,16996324.0,17051854.0,16986104.0,17025324.0,264461352960,16996324.0
2025-10-29 18:15:00+00:00,16974138.0,17002122.0,16961554.0,17002122.0,18577620992,16974138.0
2025-10-29 18:30:00+00:00,16755833.0,17015732.0,16755833.0,16974806.0,359402569728,16755833.0
2025-10-29 18:45:00+00:00,16974874.0,17010170.0,16778262.0,16820228.0,222085251072,16974874.0
2025-10-29 19:00:00+00:00,17033690.0,17033690.0,16931756.0,16972480.0,383229362176,17033690.0
2025-10-29 19:15:00+00:00,16988192.0,17034062.0,16966378.0,17034062.0,48426385408,16988192.0
2025-10-29 19:30:00+00:00,16860898.0,16993396.0,16860898.0,16990050.0,0,16860898.0
2025-10-29 19:45:00+00:00,16917274.0,16931488.0,16876654.0,16882920.0,0,16917274.0
2025-10-29 20:00:00+00:00,16896190.0,16939724.0,16887238.0,16919576.0,70560776192,16896190.0
2025-10-29 20:15:00+00:00,17007872.0,17007872.0,16896604.0,16896604.0,0,17007872.0
2025-10-29 20:30:00+00:00,16996688.0,17008428.0,16975090.0,17005310.0,8573157376,16996688.0
2025-10-29 20:45:00+00:00,17026680.0,17039094.0,16985692.0,16995656.0,110438121472,17026680.0
2025-10-29 21:00:00+00:00,17022166.0,17031682.0,17010410.0,17019178.0,304032514048,17022166.0
2025-10-29 21:15:00+00:00,17036612.0,17036612.0,17015184.0,17021832.0,0,17036612.0
2025-10-29 21:30:00+00:00,17049980.0,17068730.0,17029806.0,17029806.0,116466384896,17049980.0
2025-10-29 21:45:00+00:00,17030882.0,17052556.0,17026592.0,17050748.0,311521443840,17030882.0
2025-10-29 22:00:00+00:00,17014308.0,17044292.0,16991538.0,17038162.0,242820841472,17014308.0
2025-10-29 22:15:00+00:00,17000926.0,17016864.0,17000926.0,17013836.0,246427942912,17000926.0
2025-10-29 22:30:00+00:00,16988084.0,17000566.0,16975308.0,17000566.0,0,16988084.0
2025-10-29 22:45:00+00:00,16972198.0,16986516.0,16971812.0,16986306.0,276083769344,16972198.0
2025-10-29 23:00:00+00:00,16892960.0,16955824.0,16892960.0,16955824.0,15256780800,16892960.0
2025-10-29 23:15:00+00:00,16876418.0,16911918.0,16873760.0,16893974.0,6182404096,16876418.0
2025-10-29 23:30:00+00:00,16788010.0,16875854.0,16772243.0,16875854.0,56899928064,16788010.0
2025-10-29 23:45:00+00:00,16815038.0,16816738.0,16793564.0,16797720.0,67702358016,16815038.0
2025-10-30 00:00:00+00:00,16800868.0,16838150.0,16769246.0,16809044.0,63756566528,16800868.0
2025-10-30 00:15:00+00:00,16829174.0,16837160.0,16819714.0,16823218.0,23042457600,16829174.0
2025-10-30 00:30:00+00:00,16861326.0,16863868.0,16826858.0,16826858.0,374433906688,16861326.0
2025-10-30 00:45:00+00:00,16877340.0,16877340.0,16845438.0,16859114.0,222442815488,16877340.0
2025-10-30 01:00:00+00:00,16861524.0,16874150.0,16836736.0,16874150.0,278034120704,16861524.0
2025-10-30 01:15:00+00:00,16843250.0,16875216.0,16843250.0,16862408.0,0,16843250.0
2025-10-30 01:30:00+00:00,16866188.0,16868850.0,16837678.0,16846366.0,0,16866188.0
2025-10-30 01:45:00+00:00,16887040.0,16887040.0,16868318.0,16868318.0,0,16887040.0
2025-10-30 02:00:00+00:00,16841828.0,16876298.0,16841828.0,16876298.0,143429468160,16841828.0
2025-10-30 02:15:00+00:00,16915568.0,16915726.0,16857056.0,16857056.0,42962255872,16915568.0
2025-10-30 02:30:00+00:00,16919070.0,16922624.0,16912006.0,16917710.0,11996758016,16919070.0
2025-10-30 02:45:00+00:00,16904630.0,16915312.0,16888280.0,16915312.0,154641891328,16904630.0
2025-10-30 03:00:00+00:00,16857242.0,16903252.0,16855118.0,16903252.0,361750331392,16857242.0
2025-10-30 03:15:00+00:00,16936938.0,16944176.0,16858850.0,16858850.0,186455687168,16936938.0
2025-10-30 03:30:00+00:00,16948032.0,16961266.0,16939822.0,16939822.0,161856094208,16948032.0
2025-10-30 03:45:00+00:00,16925006.0,16947636.0,16925006.0,16947636.0,51346669568,16925006.0
2025-10-30 04:00:00+00:00,16809652.0,16939144.0,16809652.0,16924686.0,263195721728,16809652.0
2025-10-30 04:15:00+00:00,16644400.0,16829224.0,16644400.0,16793670.0,53981741056,16644400.0
2025-10-30 04:30:00+00:00,16665912.0,16708643.0,16502524.0,16530632.0,612611653632,16665912.0
2025-10-30 04:45:00+00:00,16615381.0,16688090.0,16615381.0,16655443.0,129845166080,16615381.0
2025-10-30 05:00:00+00:00,16639679.0,16639679.0,16571005.0,16619484.0,84016103424,16639679.0
2025-10-30 05:15:00+00:00,16692134.0,16692134.0,16643969.0,16658170.0,189321445376,16692134.0
2025-10-30 05:30:00+00:00,16797582.0,16797582.0,16694232.0,16699619.0,22637707264,16797582.0
2025-10-30 05:45:00+00:00,16895836.0,16895836.0,16809220.0,16809220.0,181920595968,16895836.0
2025-10-30 06:00:00+00:00,16856770.0,16896602.0,16851092.0,16896602.0,59230912512,16856770.0
2025-10-30 06:15:00+00:00,16862558.0,16867790.0,16836762.0,16851718.0,151007526912,16862558.0
2025-10-30 06:30:00+00:00,16983028.0,16984262.0,16864246.0,16864246.0,354303344640,16983028.0
2025-10-30 06:45:00+00:00,16997100.0,17022408.0,16997100.0,17022408.0,164511088640,16997100.0
2025-10-30 07:00:00+00:00,17071124.0,17071124.0,16982244.0,16995160.0,75468111872,17071124.0
2025-10-30 07:15:00+00:00,17080166.0,17126422.0,17070524.0,17070524.0,123166785536,17080166.0
2025-10-30 07:30:00+00:00,17078282.0,17078282.0,17053796.0,17066970.0,136121942016,17078282.0
2025-10-30 07:45:00+00:00,17080502.0,17097080.0,17074790.0,17089920.0,22925017088,17080502.0
2025-10-30 08:00:00+00:00,17054426.0,17104330.0,17054426.0,17082682.0,119861673984,17054426.0
2025-10-30 08:15:00+00:00,17046494.0,17064416.0,17044952.0,17051158.0,67844964352,17046494.0
2025-10-30 08:45:00+00:00,17027810.0,17043176.0,17027810.0,17043176.0,250609664,17027810.0
2025-10-30 09:00:00+00:00,16978344.0,17028674.0,16978344.0,17024540.0,256890634240,16978344.0
2025-10-30 09:15:00+00:00,16965910.0,16985620.0,16934760.0,16981792.0,70556581888,16965910.0
2025-10-30 09:30:00+00:00,16932942.0,16983776.0,16932942.0,16978516.0,165448515584,16932942.0
2025-10-30 09:45:00+00:00,16952174.0,16975470.0,16937656.0,16937656.0,131781885952,16952174.0
2025-10-30 10:00:00+00:00,16906500.0,16953516.0,16906500.0,16951568.0,197726830592,16906500.0
2025-10-30 10:15:00+00:00,16939000.0,16939000.0,16913902.0,16913902.0,381972119552,16939000.0
2025-10-30 10:30:00+00:00,16948422.0,16959418.0,16934276.0,16934276.0,19762511872,16948422.0
2025-10-30 10:45:00+00:00,16950656.0,16958794.0,16924890.0,16934316.0,91897200640,16950656.0
2025-10-30 11:00:00+00:00,16933452.0,16958014.0,16926384.0,16952594.0,88969576448,16933452.0
2025-10-30 11:15:00+00:00,16936950.0,16943726.0,16897034.0,16943726.0,301630226432,16936950.0
2025-10-30 11:30:00+00:00,16927674.0,16937604.0,16916672.0,16931642.0,3384803328,16927674.0
2025-10-30 11:45:00+00:00,16926668.0,16955198.0,16921432.0,16933854.0,303788195840,16926668.0
2025-10-30 12:00:00+00:00,16873526.0,16921624.0,16866914.0,16921624.0,246166847488,16873526.0
2025-10-30 12:15:00+00:00,16798008.0,16876390.0,16796518.0,16876390.0,107231576064,16798008.0
2025-10-30 12:30:00+00:00,16755625.0,16810458.0,16755625.0,16795504.0,105025372160,16755625.0
2025-10-30 12:45:00+00:00,16715727.0,16751084.0,16709441.0,16751084.0,160269598720,16715727.0
2025-10-30 13:00:00+00:00,16780786.0,16780786.0,16717059.0,16717776.0,255570477056,16780786.0
2025-10-30 13:15:00+00:00,16721947.0,16763349.0,16721185.0,16763349.0,36549165056,16721947.0
2025-10-30 13:30:00+00:00,16582851.0,16741909.0,16572796.0,16734306.0,119863771136,16582851.0
2025-10-30 13:45:00+00:00,16625515.0,16674068.0,16574145.0,16574145.0,122810269696,16625515.0
2025-10-30 14:00:00+00:00,16632999.0,16670772.0,16618689.0,16620772.0,2963275776,16632999.0
2025-10-30 14:15:00+00:00,16636390.0,16654335.0,16625005.0,16631219.0,356116332544,16636390.0
2025-10-30 14:30:00+00:00,16699298.0,16699298.0,16630679.0,16639110.0,0,16699298.0
2025-10-30 14:45:00+00:00,16715096.0,16715096.0,16642826.0,16700036.0,122332119040,16715096.0
2025-10-30 15:00:00+00:00,16644831.0,16713245.0,16644831.0,16713245.0,123463532544,16644831.0
2025-10-30 15:15:00+00:00,16615120.0,16638418.0,16615120.0,16637781.0,10892607488,16615120.0
2025-10-30 15:30:00+00:00,16607643.0,16619809.0,16580861.0,16619809.0,1233125376,16607643.0
2025-10-30 15:45:00+00:00,16611968.0,16611968.0,16550842.0,16595053.0,4757389312,16611968.0
2025-10-30 16:00:00+00:00,16663537.0,16675922.0,16595154.0,16606824.0,0,16663537.0
2025-10-30 16:15:00+00:00,16663060.0,16678123.0,16636548.0,16660245.0,79378251776,16663060.0
2025-10-30 16:30:00+00:00,16660193.0,16660193.0,16646907.0,16652198.0,3790602240,16660193.0
2025-10-30 16:45:00+00:00,16664944.0,16664944.0,16648377.0,16655888.0,467664896,16664944.0
2025-10-30 17:00:00+00:00,16539921.0,16655636.0,16539921.0,16655636.0,0,16539921.0
2025-10-30 17:15:00+00:00,16524645.0,16524645.0,16466137.0,16494636.0,158920081408,16524645.0
2025-10-30 17:30:00+00:00,16567869.0,16567869.0,16477640.0,16527597.0,182038036480,16567869.0
2025-10-30 17:45:00+00:00,16559443.0,16584158.0,16558531.0,16564354.0,0,16559443.0
2025-10-30 18:00:00+00:00,16550634.0,16561819.0,16537113.0,16561819.0,0,16550634.0
2025-10-30 18:15:00+00:00,16535592.0,16548826.0,16533163.0,16548826.0,98485403648,16535592.0
2025-10-30 18:30:00+00:00,16476573.0,16567165.0,16476573.0,16543194.0,56748933120,16476573.0
2025-10-30 18:45:00+00:00,16450066.0,16520285.0,16450066.0,16490376.0,0,16450066.0
2025-10-30 19:00:00+00:00,16466886.0,16500129.0,16464198.0,16464844.0,0,16466886.0
2025-10-30 19:15:00+00:00,16485529.0,16492135.0,16437604.0,16464668.0,140000624640,16485529.0
2025-10-30 19:30:00+00:00,16453797.0,16496307.0,16402733.0,16496307.0,204501680128,16453797.0
2025-10-30 19:45:00+00:00,16407748.0,16477259.0,16398803.0,16441943.0,159089950720,16407748.0
2025-10-30 20:00:00+00:00,16469098.0,16485532.0,16391503.0,16405237.0,119639375872,16469098.0
2025-10-30 20:15:00+00:00,16509723.0,16509723.0,16459928.0,16459928.0,0,16509723.0
2025-10-30 20:30:00+00:00,16533597.0,16546402.0,16477042.0,16510709.0,140374966272,16533597.0
2025-10-30 20:45:00+00:00,16571143.0,16571143.0,16528400.0,16528400.0,76977012736,16571143.0
2025-10-30 21:00:00+00:00,16579918.0,16585609.0,16558610.0,16573255.0,56139710464,16579918.0
2025-10-30 21:15:00+00:00,16584137.0,16602331.0,16554317.0,16578118.0,194697494528,16584137.0
2025-10-30 21:30:00+00:00,16620768.0,16620768.0,16563650.0,16569684.0,0,16620768.0
2025-10-30 21:45:00+00:00,16630240.0,16630240.0,16620344.0,16623224.0,79177973760,16630240.0
2025-10-30 22:00:00+00:00,16587433.0,16618049.0,16587433.0,16617145.0,101709774848,16587433.0
2025-10-30 22:15:00+00:00,16580674.0,16595653.0,16580674.0,16592864.0,148413349888,16580674.0
2025-10-30 22:30:00+00:00,16589908.0,16590224.0,16558746.0,16580405.0,29030875136,16589908.0
2025-10-30 22:45:00+00:00,16625418.0,16625418.0,16584371.0,16587594.0,33854324736,16625418.0
2025-10-30 23:00:00+00:00,16583216.0,16628744.0,16583216.0,16627358.0,95925829632,16583216.0
2025-10-30 23:15:00+00:00,16595825.0,16604533.0,16583324.0,16583324.0,10312744960,16595825.0
2025-10-30 23:30:00+00:00,16622920.0,16669565.0,16595143.0,16595143.0,0,16622920.0
2025-10-30 23:45:00+00:00,16667715.0,16667715.0,16617177.0,16618987.0,19139657728,16667715.0
2025-10-31 00:00:00+00:00,16698110.0,16699097.0,16666558.0,16666558.0,3803185152,16698110.0
2025-10-31 00:15:00+00:00,16695736.0,16730032.0,16694675.0,16710488.0,40584085504,16695736.0
2025-10-31 00:30:00+00:00,16723085.0,16723085.0,16695241.0,16695241.0,149689466880,16723085.0
2025-10-31 00:45:00+00:00,16851666.0,16851666.0,16728625.0,16728625.0,86676340736,16851666.0
2025-10-31 01:00:00+00:00,16878028.0,16907904.0,16800972.0,16835132.0,159213682688,16878028.0
2025-10-31 01:15:00+00:00,16881736.0,16892756.0,16867556.0,16876148.0,89181388800,16881736.0
2025-10-31 01:30:00+00:00,16833046.0,16889004.0,16833046.0,16883712.0,155893891072,16833046.0
2025-10-31 01:45:00+00:00,16845844.0,16871962.0,16836570.0,16836570.0,103393787904,16845844.0
2025-10-31 02:00:00+00:00,16778250.0,16868588.0,16778250.0,16853880.0,86772809728,16778250.0
2025-10-31 02:15:00+00:00,16812004.0,16823896.0,16771823.0,16771823.0,142830731264,16812004.0
2025-10-31 02:30:00+00:00,16734403.0,16817506.0,16734403.0,16807418.0,31400656896,16734403.0
2025-10-31 02:45:00+00:00,16750790.0,16757802.0,16720571.0,16735879.0,186626605056,16750790.0
2025-10-31 03:00:00+00:00,16792772.0,16801460.0,16723075.0,16743446.0,253786849280,16792772.0
2025-10-31 03:15:00+00:00,16791360.0,16795798.0,16774714.0,16788076.0,41002467328,16791360.0
2025-10-31 03:30:00+00:00,16763345.0,16815638.0,16762670.0,16785800.0,131920297984,16763345.0
2025-10-31 03:45:00+00:00,16814960.0,16825480.0,16761664.0,16761664.0,56558092288,16814960.0
2025-10-31 04:00:00+00:00,16843342.0,16843342.0,16805690.0,16824706.0,1420820480,16843342.0
2025-10-31 04:15:00+00:00,16901300.0,16903174.0,16823640.0,16839904.0,23786946560,16901300.0
2025-10-31 04:30:00+00:00,16949058.0,16955060.0,16889692.0,16902248.0,0,16949058.0
2025-10-31 04:45:00+00:00,16948480.0,16948480.0,16927516.0,16947420.0,14264827904,16948480.0
2025-10-31 05:00:00+00:00,16900610.0,16954244.0,16898300.0,16952964.0,17558405120,16900610.0
2025-10-31 05:15:00+00:00,16908758.0,16911626.0,16897138.0,16903658.0,110768422912,16908758.0
2025-10-31 05:30:00+00:00,16908334.0,16930698.0,16908048.0,16921074.0,95119474688,16908334.0
2025-10-31 05:45:00+00:00,16913550.0,16915856.0,16902636.0,16912096.0,10286530560,16913550.0
2025-10-31 06:00:00+00:00,16879794.0,16931052.0,16873584.0,16910966.0,70283952128,16879794.0
2025-10-31 06:15:00+00:00,16889440.0,16891670.0,16879212.0,16879752.0,0,16889440.0
2025-10-31 06:30:00+00:00,16891166.0,16897830.0,16880928.0,16897830.0,130006646784,16891166.0
2025-10-31 06:45:00+00:00,16899502.0,16899502.0,16883030.0,16890344.0,74252812288,16899502.0
2025-10-31 07:00:00+00:00,16915252.0,16927204.0,16886432.0,16899706.0,25963790336,16915252.0
2025-10-31 07:15:00+00:00,16906372.0,16931492.0,16903516.0,16913504.0,0,16906372.0
2025-10-31 07:30:00+00:00,16904060.0,16924992.0,16897828.0,16911586.0,154930249728,16904060.0
2025-10-31 07:45:00+00:00,16887596.0,16905832.0,16858796.0,16905832.0,276550385664,16887596.0
2025-10-31 08:00:00+00:00,16876262.0,16912080.0,16876152.0,16885046.0,30388781056,16876262.0
2025-10-31 08:15:00+00:00,16904470.0,16905588.0,16853594.0,16871412.0,0,16904470.0
2025-10-31 08:30:00+00:00,16932086.0,16943904.0,16916366.0,16916366.0,150393061376,16932086.0
2025-10-31 08:45:00+00:00,16968222.0,16968632.0,16932288.0,16932288.0,44771049472,16968222.0
2025-10-31 09:00:00+00:00,16984300.0,17007804.0,16964670.0,16969502.0,69729255424,16984300.0
2025-10-31 09:15:00+00:00,16961462.0,17018588.0,16961462.0,16976242.0,119201071104,16961462.0
2025-10-31 09:30:00+00:00,16944886.0,16969160.0,16941636.0,16964772.0,334059536384,16944886.0
2025-10-31 09:45:00+00:00,16925554.0,16961228.0,16925554.0,16943078.0,181356462080,16925554.0
2025-10-31 10:00:00+00:00,16919796.0,16939302.0,16918704.0,16927946.0,24083693568,16919796.0
2025-10-31 10:15:00+00:00,16928216.0,16938912.0,16916626.0,16918852.0,22048407552,16928216.0
2025-10-31 10:30:00+00:00,16960596.0,16960596.0,16915198.0,16927688.0,0,16960596.0
2025-10-31 10:45:00+00:00,16926730.0,16960342.0,16926730.0,16960342.0,80346087424,16926730.0
2025-10-31 11:00:00+00:00,16894866.0,16921922.0,16892240.0,16921922.0,0,16894866.0
2025-10-31 11:15:00+00:00,16873776.0,16893890.0,16870560.0,16887986.0,59545485312,16873776.0
2025-10-31 11:30:00+00:00,16906206.0,16906206.0,16870758.0,16872618.0,372014841856,16906206.0
2025-10-31 11:45:00+00:00,17005724.0,17005724.0,16892788.0,16896120.0,93232037888,17005724.0
2025-10-31 12:00:00+00:00,16978010.0,17032570.0,16978010.0,17009912.0,84930461696,16978010.0
2025-10-31 12:15:00+00:00,16979368.0,17021406.0,16975790.0,16975790.0,0,16979368.0
2025-10-31 12:30:00+00:00,16901330.0,16988770.0,16901330.0,16979968.0,73030172672,16901330.0
2025-10-31 12:45:00+00:00,16893742.0,16918162.0,16893742.0,16902684.0,0,16893742.0
2025-10-31 13:00:00+00:00,16959372.0,16959372.0,16895252.0,16895252.0,18480103424,16959372.0
2025-10-31 13:15:00+00:00,16941704.0,16981466.0,16939854.0,16961524.0,85665513472,16941704.0
2025-10-31 13:30:00+00:00,16889364.0,16943776.0,16875662.0,16943776.0,91726282752,16889364.0
2025-10-31 13:45:00+00:00,16954150.0,16970542.0,16891690.0,16891690.0,121347506176,16954150.0
2025-10-31 14:00:00+00:00,16970672.0,17012726.0,16929918.0,16963596.0,45099253760,16970672.0
2025-10-31 14:15:00+00:00,16917350.0,16946616.0,16890310.0,16940592.0,126959484928,16917350.0
2025-10-31 14:30:00+00:00,16929570.0,16936354.0,16883730.0,16914900.0,335651274752,16929570.0
2025-10-31 14:45:00+00:00,17064190.0,17073732.0,16930336.0,16935268.0,473405849600,17064190.0
2025-10-31 15:00:00+00:00,17048682.0,17092008.0,16998962.0,17056638.0,339221676032,17048682.0
2025-10-31 15:15:00+00:00,16995538.0,17045292.0,16993020.0,17029904.0,70890029056,16995538.0
2025-10-31 15:30:00+00:00,16972616.0,17015792.0,16965422.0,17001376.0,38588645376,16972616.0
2025-10-31 15:45:00+00:00,16971954.0,17011452.0,16968036.0,17011212.0,28827451392,16971954.0
2025-10-31 16:00:00+00:00,16952930.0,16974084.0,16943990.0,16969352.0,78158757888,16952930.0
2025-10-31 16:15:00+00:00,16964576.0,16964576.0,16922938.0,16955688.0,149976776704,16964576.0
2025-10-31 16:30:00+00:00,16903120.0,16961220.0,16903120.0,16957946.0,155603435520,16903120.0
2025-10-31 16:45:00+00:00,16760651.0,16896810.0,16760651.0,16896810.0,194618851328,16760651.0
2025-10-31 17:00:00+00:00,16800564.0,16816480.0,16737854.0,16760638.0,185330565120,16800564.0
2025-10-31 17:15:00+00:00,16802936.0,16810100.0,16752798.0,16802988.0,565095432192,16802936.0
2025-10-31 17:30:00+00:00,16821222.0,16832148.0,16802624.0,16818708.0,106609770496,16821222.0
2025-10-31 17:45:00+00:00,16834362.0,16849894.0,16819744.0,16819744.0,114799149056,16834362.0
2025-10-31 18:00:00+00:00,16850934.0,16866418.0,16831168.0,16831842.0,100006887424,16850934.0
2025-10-31 18:15:00+00:00,16830084.0,16850982.0,16827634.0,16850982.0,120049369088,16830084.0
2025-10-31 18:30:00+00:00,16869878.0,16879754.0,16794126.0,16825084.0,51514441728,16869878.0
2025-10-31 18:45:00+00:00,16845528.0,16905852.0,16839112.0,16869272.0,155395817472,16845528.0
2025-10-31 19:00:00+00:00,16824596.0,16856568.0,16812700.0,16856568.0,0,16824596.0
2025-10-31 19:15:00+00:00,16916956.0,16917686.0,16837262.0,16837262.0,149447245824,16916956.0
2025-10-31 19:30:00+00:00,16926648.0,16951498.0,16908878.0,16919360.0,23358078976,16926648.0
2025-10-31 19:45:00+00:00,16923424.0,16973326.0,16923424.0,16936620.0,17893949440,16923424.0
2025-10-31 20:00:00+00:00,16902570.0,16908574.0,16884944.0,16903042.0,96843333632,16902570.0
2025-10-31 20:15:00+00:00,16884748.0,16911066.0,16883132.0,16906092.0,105025372160,16884748.0
2025-10-31 20:30:00+00:00,16866786.0,16888294.0,16866786.0,16888294.0,83584090112,16866786.0
2025-10-31 20:45:00+00:00,16852558.0,16903676.0,16850238.0,16868458.0,0,16852558.0
2025-10-31 21:00:00+00:00,16827574.0,16865354.0,16827574.0,16851626.0,147149815808,16827574.0
2025-10-31 21:15:00+00:00,16865950.0,16877234.0,16838182.0,16838182.0,0,16865950.0
2025-10-31 21:30:00+00:00,16885406.0,16890194.0,16849972.0,16865914.0,52502200320,16885406.0
2025-10-31 21:45:00+00:00,16866840.0,16875584.0,16864584.0,16870284.0,0,16866840.0
2025-10-31 22:00:00+00:00,16884040.0,16884040.0,16859920.0,16861996.0,1189085184,16884040.0
2025-10-31 22:15:00+00:00,16874998.0,16899280.0,16871016.0,16882002.0,7689207808,16874998.0
2025-10-31 22:30:00+00:00,16878036.0,16885932.0,16874174.0,16876486.0,151177396224,16878036.0
2025-10-31 22:45:00+00:00,16874354.0,16874354.0,16865766.0,16873784.0,27023900672,16874354.0
2025-10-31 23:00:00+00:00,16867240.0,16874354.0,16864202.0,16874354.0,0,16867240.0
2025-10-31 23:15:00+00:00,16870922.0,16871182.0,16859874.0,16859874.0,103749255168,16870922.0
2025-10-31 23:30:00+00:00,16874856.0,16874856.0,16861274.0,16870922.0,0,16874856.0
2025-10-31 23:45:00+00:00,16870686.0,16880450.0,16870686.0,16878404.0,6352273408,16870686.0
2025-11-01 00:00:00+00:00,16848220.0,16871484.0,16843116.0,16870824.0,18614321152,16848220.0
2025-11-01 00:15:00+00:00,16859278.0,16860586.0,16842288.0,16850048.0,128760938496,16859278.0
2025-11-01 00:30:00+00:00,16856604.0,16859278.0,16845018.0,16859278.0,17401118720,16856604.0
2025-11-01 00:45:00+00:00,16888214.0,16892904.0,16856604.0,16856604.0,77533806592,16888214.0
2025-11-01 01:00:00+00:00,16897552.0,16912506.0,16888078.0,16890116.0,0,16897552.0
2025-11-01 01:15:00+00:00,16902306.0,16902306.0,16886462.0,16900040.0,0,16902306.0
2025-11-01 01:30:00+00:00,16898946.0,16935330.0,16898946.0,16919936.0,97742487552,16898946.0
2025-11-01 01:45:00+00:00,16896066.0,16906080.0,16896066.0,16903094.0,0,16896066.0
2025-11-01 02:00:00+00:00,16867804.0,16899150.0,16863468.0,16891058.0,0,16867804.0
2025-11-01 02:15:00+00:00,16881260.0,16897230.0,16868038.0,16868038.0,121319194624,16881260.0
2025-11-01 02:30:00+00:00,16872320.0,16884442.0,16851714.0,16884442.0,0,16872320.0
2025-11-01 02:45:00+00:00,16904130.0,16907274.0,16872358.0,16872358.0,88971149312,16904130.0
2025-11-01 03:00:00+00:00,16911000.0,16918458.0,16899008.0,16899008.0,0,16911000.0
2025-11-01 03:15:00+00:00,16935200.0,16946936.0,16911554.0,16912722.0,313524224,16935200.0
2025-11-01 03:30:00+00:00,16961678.0,16961678.0,16935286.0,16937376.0,0,16961678.0
2025-11-01 03:45:00+00:00,16970700.0,16970700.0,16952964.0,16961678.0,174626701312,16970700.0
2025-11-01 04:00:00+00:00,16974762.0,16998928.0,16964652.0,16965068.0,207215394816,16974762.0
2025-11-01 04:15:00+00:00,16979202.0,16982352.0,16953616.0,16971550.0,7991721984,16979202.0
2025-11-01 04:30:00+00:00,16970728.0,16987652.0,16964842.0,16977198.0,0,16970728.0
2025-11-01 04:45:00+00:00,16974648.0,16977708.0,16967210.0,16970728.0,110029176832,16974648.0
2025-11-01 05:00:00+00:00,16945666.0,16977988.0,16944318.0,16975794.0,0,16945666.0
2025-11-01 05:15:00+00:00,16947326.0,16952320.0,16941746.0,16944294.0,116217348096,16947326.0
2025-11-01 05:30:00+00:00,16976394.0,16984280.0,16946478.0,16947326.0,1495793664,16976394.0
2025-11-01 05:45:00+00:00,16947142.0,16976394.0,16947142.0,16976394.0,0,16947142.0
2025-11-01 06:00:00+00:00,16942198.0,16957160.0,16941700.0,16947478.0,23556259840,16942198.0
2025-11-01 06:15:00+00:00,16938384.0,16941220.0,16932504.0,16940888.0,12353273856,16938384.0
2025-11-01 06:30:00+00:00,16930994.0,16954050.0,16930994.0,16934008.0,114798624768,16930994.0
2025-11-01 06:45:00+00:00,16931400.0,16931400.0,16924266.0,16925664.0,0,16931400.0
2025-11-01 07:00:00+00:00,16945796.0,16952078.0,16928116.0,16930350.0,17632854016,16945796.0
2025-11-01 07:15:00+00:00,16973990.0,16976978.0,16943486.0,16943486.0,2571108352,16973990.0
2025-11-01 07:30:00+00:00,16947056.0,16977846.0,16947056.0,16973332.0,205790380032,16947056.0
2025-11-01 07:45:00+00:00,16942662.0,16950248.0,16939888.0,16947056.0,0,16942662.0
2025-11-01 08:00:00+00:00,16972154.0,16972154.0,16940594.0,16942000.0,108124438528,16972154.0
2025-11-01 08:15:00+00:00,16958332.0,16985420.0,16958332.0,16972154.0,122931904512,16958332.0
2025-11-01 08:30:00+00:00,16959858.0,16965150.0,16958990.0,16962656.0,9712959488,16959858.0
2025-11-01 08:45:00+00:00,16964152.0,16968370.0,16958760.0,16958760.0,7038566400,16964152.0
2025-11-01 09:00:00+00:00,16964112.0,16967986.0,16959494.0,16964152.0,98420391936,16964112.0
2025-11-01 09:15:00+00:00,16957742.0,16966904.0,16955944.0,16966904.0,13106151424,16957742.0
2025-11-01 09:30:00+00:00,16943688.0,16957742.0,16940882.0,16957742.0,0,16943688.0
2025-11-01 09:45:00+00:00,16930276.0,16946174.0,16928832.0,16936388.0,30763646976,16930276.0
2025-11-01 10:00:00+00:00,16911010.0,16944614.0,16911010.0,16930606.0,14912847872,16911010.0
2025-11-01 10:15:00+00:00,16925254.0,16926818.0,16913508.0,16913508.0,824705024,16925254.0
2025-11-01 10:30:00+00:00,16936296.0,16936296.0,16927306.0,16929698.0,125407592448,16936296.0
2025-11-01 10:45:00+00:00,16948384.0,16953112.0,16939784.0,16939784.0,4422893568,16948384.0
2025-11-01 11:00:00+00:00,16962020.0,16965170.0,16949638.0,16949638.0,0,16962020.0
2025-11-01 11:15:00+00:00,16940178.0,16959552.0,16940178.0,16959552.0,109189791744,16940178.0
2025-11-01 11:30:00+00:00,16942614.0,16942614.0,16931418.0,16940178.0,118389997568,16942614.0
2025-11-01 11:45:00+00:00,16948896.0,16955468.0,16941872.0,16943454.0,0,16948896.0
2025-11-01 12:00:00+00:00,16947510.0,16961152.0,16947510.0,16948434.0,110916272128,16947510.0
2025-11-01 12:15:00+00:00,16942324.0,16949760.0,16937072.0,16947160.0,0,16942324.0
2025-11-01 12:30:00+00:00,16954816.0,16956988.0,16940530.0,16942324.0,0,16954816.0
2025-11-01 12:45:00+00:00,16936322.0,16955690.0,16936322.0,16955690.0,0,16936322.0
2025-11-01 13:00:00+00:00,16926396.0,16937284.0,16925834.0,16937284.0,0,16926396.0
2025-11-01 13:15:00+00:00,16932978.0,16934658.0,16925648.0,16925648.0,0,16932978.0
2025-11-01 13:30:00+00:00,16895148.0,16943440.0,16893682.0,16933658.0,67158147072,16895148.0
2025-11-01 13:45:00+00:00,16922764.0,16931364.0,16900052.0,16900052.0,98228502528,16922764.0
2025-11-01 14:00:00+00:00,16897172.0,16930634.0,16897172.0,16926426.0,0,16897172.0
2025-11-01 14:15:00+00:00,16906490.0,16913226.0,16893122.0,16896304.0,0,16906490.0
2025-11-01 14:30:00+00:00,16915788.0,16918806.0,16906676.0,16906676.0,0,16915788.0
2025-11-01 14:45:00+00:00,16921364.0,16922796.0,16914754.0,16922796.0,0,16921364.0
2025-11-01 15:00:00+00:00,16975912.0,16990200.0,16918202.0,16922672.0,0,16975912.0
2025-11-01 15:15:00+00:00,16945696.0,16978008.0,16945696.0,16971028.0,0,16945696.0
2025-11-01 15:30:00+00:00,16950904.0,16964142.0,16944216.0,16944216.0,153152389120,16950904.0
2025-11-01 15:45:00+00:00,16968504.0,16968504.0,16950740.0,16954112.0,156083159040,16968504.0
2025-11-01 16:00:00+00:00,16989460.0,17008270.0,16981578.0,16984206.0,0,16989460.0
2025-11-01 16:15:00+00:00,16978352.0,16988712.0,16978352.0,16979218.0,230392594432,16978352.0
2025-11-01 16:30:00+00:00,17008802.0,17011436.0,16974336.0,16974336.0,11919163392,17008802.0
2025-11-01 16:45:00+00:00,17016136.0,17021224.0,17010722.0,17010722.0,0,17016136.0
2025-11-01 17:00:00+00:00,17004368.0,17016720.0,16994078.0,17016720.0,76584845312,17004368.0
2025-11-01 17:15:00+00:00,16984074.0,17000854.0,16984074.0,17000854.0,3861905408,16984074.0
2025-11-01 17:30:00+00:00,17000154.0,17000378.0,16984472.0,16985696.0,118780592128,17000154.0
2025-11-01 17:45:00+00:00,16986938.0,17006564.0,16979102.0,16993956.0,326478331904,16986938.0
2025-11-01 18:00:00+00:00,16997946.0,16998720.0,16983746.0,16983746.0,143481372672,16997946.0
2025-11-01 18:15:00+00:00,16994414.0,17006858.0,16991730.0,16993768.0,1416626176,16994414.0
2025-11-01 18:30:00+00:00,16989204.0,16998224.0,16986670.0,16993290.0,0,16989204.0
2025-11-01 18:45:00+00:00,17002346.0,17006728.0,16989166.0,16994814.0,14481358848,17002346.0
2025-11-01 19:00:00+00:00,16984476.0,17002442.0,16984476.0,17002442.0,0,16984476.0
2025-11-01 19:15:00+00:00,17001858.0,17001858.0,16986974.0,16987142.0,14780727296,17001858.0
2025-11-01 19:30:00+00:00,16986942.0,17000818.0,16986884.0,16992874.0,118149873664,16986942.0
2025-11-01 19:45:00+00:00,16996978.0,16998764.0,16987280.0,16994408.0,0,16996978.0
2025-11-01 20:00:00+00:00,17005310.0,17009820.0,16994244.0,16994244.0,91640299520,17005310.0
2025-11-01 20:15:00+00:00,17018442.0,17020888.0,17002512.0,17002512.0,0,17018442.0
2025-11-01 20:30:00+00:00,17020244.0,17023272.0,17013752.0,17017630.0,161133363200,17020244.0
2025-11-01 20:45:00+00:00,17014552.0,17022376.0,17011970.0,17017376.0,322000388096,17014552.0
2025-11-01 21:00:00+00:00,17008590.0,17019950.0,17008354.0,17015754.0,0,17008590.0
2025-11-01 21:15:00+00:00,16983526.0,17008458.0,16981858.0,17008458.0,134638731264,16983526.0
2025-11-01 21:30:00+00:00,16958880.0,16986276.0,16958880.0,16986276.0,104363458560,16958880.0
2025-11-01 21:45:00+00:00,16923032.0,16962448.0,16923032.0,16962448.0,13627817984,16923032.0
2025-11-01 22:00:00+00:00,16933576.0,16935484.0,16912944.0,16912944.0,132194238464,16933576.0
2025-11-01 22:15:00+00:00,16934022.0,16937326.0,16925814.0,16933576.0,7716208640,16934022.0
2025-11-01 22:30:00+00:00,16938920.0,16942768.0,16932430.0,16932430.0,114712117248,16938920.0
2025-11-01 22:45:00+00:00,16947084.0,16947084.0,16934706.0,16940264.0,5600706560,16947084.0
2025-11-01 23:00:00+00:00,16936296.0,16948294.0,16936296.0,16944486.0,7538212864,16936296.0
2025-11-01 23:15:00+00:00,16943530.0,16943530.0,16931418.0,16935048.0,6687555584,16943530.0
2025-11-01 23:30:00+00:00,16936560.0,16951020.0,16933596.0,16951020.0,9725280256,16936560.0
2025-11-01 23:45:00+00:00,16939966.0,16944448.0,16935208.0,16936988.0,3123707904,16939966.0
2025-11-02 00:00:00+00:00,16937944.0,16946354.0,16936246.0,16945748.0,0,16937944.0
2025-11-02 00:15:00+00:00,16947576.0,16947576.0,16920920.0,16938966.0,0,16947576.0
2025-11-02 00:30:00+00:00,16930194.0,16943550.0,16929626.0,16943550.0,32436649984,16930194.0
2025-11-02 00:45:00+00:00,16929556.0,16935756.0,16925070.0,16930218.0,8732540928,16929556.0
2025-11-02 01:00:00+00:00,16933978.0,16933978.0,16918746.0,16926602.0,11058020352,16933978.0
2025-11-02 01:15:00+00:00,16942950.0,16943184.0,16929412.0,16929412.0,0,16942950.0
2025-11-02 01:30:00+00:00,16938016.0,16948660.0,16938016.0,16948126.0,0,16938016.0
2025-11-02 01:45:00+00:00,16928360.0,16944768.0,16928360.0,16944768.0,137492168704,16928360.0
2025-11-02 02:00:00+00:00,16932508.0,16932508.0,16917970.0,16928430.0,13388218368,16932508.0
2025-11-02 02:15:00+00:00,16930516.0,16935402.0,16918120.0,16931654.0,10519314432,16930516.0
2025-11-02 02:30:00+00:00,16938566.0,16969588.0,16930516.0,16930516.0,10865344512,16938566.0
2025-11-02 02:45:00+00:00,16937612.0,16943422.0,16931606.0,16938542.0,12155879424,16937612.0
2025-11-02 03:00:00+00:00,16937042.0,16944556.0,16927856.0,16944556.0,124756951040,16937042.0
2025-11-02 03:15:00+00:00,16929398.0,16938738.0,16929176.0,16935982.0,8015314944,16929398.0
2025-11-02 03:30:00+00:00,16933602.0,16939276.0,16929398.0,16929398.0,107841847296,16933602.0
2025-11-02 03:45:00+00:00,16937452.0,16937452.0,16926818.0,16934688.0,3693871104,16937452.0
2025-11-02 04:00:00+00:00,16951514.0,16954372.0,16936652.0,16937358.0,0,16951514.0
2025-11-02 04:15:00+00:00,16954230.0,16959384.0,16943794.0,16951514.0,123580973056,16954230.0
2025-11-02 04:30:00+00:00,16971976.0,16971976.0,16949886.0,16956004.0,290444804096,16971976.0
2025-11-02 04:45:00+00:00,17041054.0,17041054.0,16988476.0,16988476.0,54696869888,17041054.0
2025-11-02 05:00:00+00:00,17007054.0,17043264.0,17007054.0,17032588.0,94761648128,17007054.0
2025-11-02 05:15:00+00:00,17000468.0,17023128.0,16989480.0,17010176.0,49748639744,17000468.0
2025-11-02 05:30:00+00:00,16999268.0,17005766.0,16983370.0,17000468.0,186050412544,16999268.0
2025-11-02 05:45:00+00:00,17014400.0,17014400.0,16992064.0,17006602.0,72392900608,17014400.0
2025-11-02 06:00:00+00:00,16998016.0,17008760.0,16998016.0,17007688.0,139914641408,16998016.0
2025-11-02 06:15:00+00:00,16995806.0,16997884.0,16984408.0,16997884.0,10970988544,16995806.0
2025-11-02 06:30:00+00:00,17005206.0,17005206.0,16985182.0,16995806.0,64747208704,17005206.0
2025-11-02 06:45:00+00:00,17036292.0,17044596.0,17015162.0,17015162.0,157450502144,17036292.0
2025-11-02 07:00:00+00:00,17015636.0,17037574.0,17014780.0,17036330.0,142902558720,17015636.0
2025-11-02 07:15:00+00:00,17009330.0,17022974.0,17002546.0,17017262.0,22648455168,17009330.0
2025-11-02 07:30:00+00:00,17035394.0,17039758.0,17009098.0,17011644.0,17750294528,17035394.0
2025-11-02 07:45:00+00:00,17081194.0,17094936.0,17034118.0,17039360.0,45309755392,17081194.0
2025-11-02 08:00:00+00:00,17055190.0,17081572.0,17055190.0,17074780.0,44876693504,17055190.0
2025-11-02 08:15:00+00:00,17061452.0,17063366.0,17043426.0,17055796.0,145941331968,17061452.0
2025-11-02 08:30:00+00:00,17052792.0,17063116.0,17046210.0,17053734.0,150411673600,17052792.0
2025-11-02 08:45:00+00:00,17057928.0,17062950.0,17051304.0,17055380.0,18098946048,17057928.0
2025-11-02 09:00:00+00:00,17083920.0,17083920.0,17060448.0,17060448.0,21882732544,17083920.0
2025-11-02 09:15:00+00:00,17085048.0,17092388.0,17075758.0,17082322.0,19591593984,17085048.0
2025-11-02 09:30:00+00:00,17024686.0,17085048.0,17024686.0,17085048.0,9933684736,17024686.0
2025-11-02 09:45:00+00:00,17040788.0,17040788.0,17015702.0,17028880.0,33027522560,17040788.0
2025-11-02 10:00:00+00:00,17051576.0,17051584.0,17028514.0,17040556.0,290843000832,17051576.0
2025-11-02 10:15:00+00:00,17027976.0,17061460.0,17027976.0,17054618.0,33591656448,17027976.0
2025-11-02 10:30:00+00:00,17001180.0,17027976.0,16994046.0,17027976.0,30054285312,17001180.0
2025-11-02 10:45:00+00:00,16996958.0,17006792.0,16994224.0,16994958.0,28998893568,16996958.0
2025-11-02 11:00:00+00:00,17036136.0,17037276.0,16996958.0,16996958.0,16987455488,17036136.0
2025-11-02 11:15:00+00:00,17064098.0,17066872.0,17035400.0,17035400.0,22994223104,17064098.0
2025-11-02 11:30:00+00:00,17076444.0,17076444.0,17054284.0,17068066.0,146479775744,17076444.0
2025-11-02 11:45:00+00:00,17100802.0,17100802.0,17075452.0,17076944.0,146462474240,17100802.0
2025-11-02 12:00:00+00:00,17110620.0,17110620.0,17097998.0,17106924.0,44357386240,17110620.0
2025-11-02 12:15:00+00:00,17079316.0,17114282.0,17076594.0,17106136.0,186110181376,17079316.0
2025-11-02 12:30:00+00:00,17062734.0,17085574.0,17058062.0,17080426.0,13980663808,17062734.0
2025-11-02 12:45:00+00:00,17058166.0,17064946.0,17047574.0,17064946.0,26581925888,17058166.0
2025-11-02 13:00:00+00:00,17031294.0,17052636.0,17023904.0,17052636.0,5831655424,17031294.0
2025-11-02 13:15:00+00:00,16989524.0,17028758.0,16975322.0,17028758.0,76081004544,16989524.0
2025-11-02 13:30:00+00:00,16983342.0,17000586.0,16978962.0,16989524.0,132997185536,16983342.0
2025-11-02 13:45:00+00:00,17017598.0,17017598.0,16981618.0,16992884.0,139403460608,17017598.0
2025-11-02 14:00:00+00:00,17004056.0,17036486.0,17004056.0,17018712.0,123822145536,17004056.0
2025-11-02 14:15:00+00:00,16971930.0,17011754.0,16971930.0,17006646.0,107114135552,16971930.0
2025-11-02 14:30:00+00:00,17003982.0,17003982.0,16977112.0,16980034.0,50223120384,17003982.0
2025-11-02 14:45:00+00:00,16999706.0,16999706.0,16998540.0,16998540.0,22988455936,16999706.0
2025-11-02 15:00:00+00:00,16987452.0,16999378.0,16983884.0,16999378.0,142767292416,16987452.0
2025-11-02 15:15:00+00:00,17014316.0,17014316.0,16994248.0,16996244.0,3913285632,17014316.0
2025-11-02 15:30:00+00:00,16979822.0,17019134.0,16979822.0,17017232.0,124109455360,16979822.0
2025-11-02 15:45:00+00:00,16957634.0,16989846.0,16957634.0,16977128.0,33237762048,16957634.0
2025-11-02 16:00:00+00:00,16918182.0,16953472.0,16912660.0,16953472.0,178555191296,16918182.0
2025-11-02 16:15:00+00:00,16941146.0,16946104.0,16899406.0,16912704.0,133409275904,16941146.0
2025-11-02 16:30:00+00:00,16943446.0,16949952.0,16938992.0,16946356.0,8443133952,16943446.0
2025-11-02 16:45:00+00:00,16956092.0,16957224.0,16935880.0,16947434.0,119769923584,16956092.0
2025-11-02 17:00:00+00:00,16968472.0,16970168.0,16951680.0,16956730.0,257572208640,16968472.0
2025-11-02 17:15:00+00:00,16969044.0,16977174.0,16962280.0,16970614.0,129232273408,16969044.0
2025-11-02 17:30:00+00:00,16945768.0,16969044.0,16944232.0,16969044.0,45341474816,16945768.0
2025-11-02 17:45:00+00:00,16965050.0,16965050.0,16941862.0,16945000.0,129901264896,16965050.0
2025-11-02 18:00:00+00:00,16979080.0,16990756.0,16964916.0,16968384.0,140634488832,16979080.0
2025-11-02 18:15:00+00:00,16970570.0,16990278.0,16965616.0,16981070.0,153239420928,16970570.0
2025-11-02 18:30:00+00:00,16982712.0,16983686.0,16967982.0,16972160.0,127390973952,16982712.0
2025-11-02 18:45:00+00:00,16985600.0,16986398.0,16978556.0,16984446.0,10465312768,16985600.0
2025-11-02 19:00:00+00:00,16969990.0,16985864.0,16969122.0,16985864.0,32305053696,16969990.0
2025-11-02 19:15:00+00:00,16942834.0,16968416.0,16942834.0,16968416.0,11691098112,16942834.0
2025-11-02 19:30:00+00:00,16940974.0,16954602.0,16932632.0,16933246.0,26843545600,16940974.0
2025-11-02 19:45:00+00:00,16963824.0,16963824.0,16940974.0,16940974.0,13447462912,16963824.0
2025-11-02 20:00:00+00:00,16947086.0,16973550.0,16947086.0,16967954.0,114808061952,16947086.0
2025-11-02 20:15:00+00:00,16923302.0,16946244.0,16921584.0,16938690.0,38138806272,16923302.0
2025-11-02 20:30:00+00:00,16942760.0,16947060.0,16924436.0,16924436.0,8879865856,16942760.0
2025-11-02 20:45:00+00:00,16947030.0,16947138.0,16939788.0,16942056.0,124645801984,16947030.0
2025-11-02 21:00:00+00:00,16942386.0,16960550.0,16942328.0,16951700.0,334584872960,16942386.0
2025-11-02 21:15:00+00:00,16954176.0,16954176.0,16939612.0,16940772.0,147539886080,16954176.0
2025-11-02 21:30:00+00:00,16954414.0,16957192.0,16946522.0,16957192.0,18060673024,16954414.0
2025-11-02 21:45:00+00:00,16947252.0,16963214.0,16947048.0,16956668.0,2775056384,16947252.0
2025-11-02 22:00:00+00:00,16946032.0,16950078.0,16944766.0,16947290.0,8130658304,16946032.0
2025-11-02 22:15:00+00:00,16946474.0,16947250.0,16937898.0,16943644.0,9237954560,16946474.0
2025-11-02 22:30:00+00:00,16894640.0,16943988.0,16875320.0,16943988.0,57291571200,16894640.0
2025-11-02 22:45:00+00:00,16913000.0,16918752.0,16889154.0,16892034.0,27485274112,16913000.0
2025-11-02 23:00:00+00:00,17025124.0,17025124.0,16917968.0,16917968.0,167118372864,17025124.0
2025-11-02 23:15:00+00:00,16990476.0,17017630.0,16987846.0,17017630.0,48001187840,16990476.0
2025-11-02 23:30:00+00:00,17037838.0,17037838.0,16985852.0,16990742.0,322271444992,17037838.0
2025-11-02 23:45:00+00:00,17064214.0,17068396.0,17018170.0,17028824.0,32246857728,17064214.0
2025-11-03 00:00:00+00:00,17055368.0,17070910.0,17041534.0,17041578.0,19200475136,17055368.0
2025-11-03 00:15:00+00:00,17014068.0,17066638.0,17014068.0,17064174.0,136950841344,17014068.0
2025-11-03 00:30:00+00:00,16998234.0,17014822.0,16997008.0,17014822.0,0,16998234.0
2025-11-03 00:45:00+00:00,16925670.0,17005656.0,16925670.0,17005656.0,50072125440,16925670.0
2025-11-03 01:00:00+00:00,16921372.0,16926822.0,16884140.0,16906938.0,82324226048,16921372.0
2025-11-03 01:15:00+00:00,16892476.0,16924184.0,16884448.0,16924184.0,43413143552,16892476.0
2025-11-03 01:30:00+00:00,16899156.0,16909928.0,16858906.0,16893790.0,225381974016,16899156.0
2025-11-03 01:45:00+00:00,16901890.0,16927564.0,16895400.0,16908042.0,63708332032,16901890.0
2025-11-03 02:00:00+00:00,16899460.0,16906966.0,16861134.0,16903236.0,61323345920,16899460.0
2025-11-03 02:15:00+00:00,16832418.0,16892120.0,16832418.0,16892120.0,49078075392,16832418.0
2025-11-03 02:30:00+00:00,16778740.0,16808916.0,16775632.0,16808916.0,151173201920,16778740.0
2025-11-03 02:45:00+00:00,16799888.0,16800822.0,16752706.0,16766929.0,128949682176,16799888.0
2025-11-03 03:00:00+00:00,16679373.0,16812852.0,16679373.0,16798402.0,131466788864,16679373.0
2025-11-03 03:15:00+00:00,16655439.0,16701867.0,16641780.0,16699309.0,231068401664,16655439.0
2025-11-03 03:30:00+00:00,16686576.0,16688908.0,16652044.0,16655806.0,321820033024,16686576.0
2025-11-03 03:45:00+00:00,16640024.0,16663366.0,16633541.0,16655897.0,34316746752,16640024.0
2025-11-03 04:00:00+00:00,16586392.0,16638996.0,16573707.0,16638996.0,321800110080,16586392.0
2025-11-03 04:15:00+00:00,16616489.0,16616489.0,16559780.0,16589002.0,543553486848,16616489.0
2025-11-03 04:30:00+00:00,16592619.0,16623832.0,16592619.0,16616321.0,101426659328,16592619.0
2025-11-03 04:45:00+00:00,16623841.0,16634320.0,16591694.0,16591694.0,8192524288,16623841.0
2025-11-03 05:00:00+00:00,16616950.0,16642146.0,16616950.0,16624636.0,0,16616950.0
2025-11-03 05:15:00+00:00,16636324.0,16643917.0,16611047.0,16643917.0,53080489984,16636324.0
2025-11-03 05:30:00+00:00,16576421.0,16641130.0,16575575.0,16637757.0,1619001344,16576421.0
2025-11-03 05:45:00+00:00,16579430.0,16579821.0,16553013.0,16571093.0,57148440576,16579430.0
2025-11-03 06:00:00+00:00,16548643.0,16595445.0,16542708.0,16582492.0,148105592832,16548643.0
2025-11-03 06:15:00+00:00,16571302.0,16586673.0,16549485.0,16549485.0,86856171520,16571302.0
2025-11-03 06:30:00+00:00,16554586.0,16595534.0,16554586.0,16569701.0,111559049216,16554586.0
2025-11-03 06:45:00+00:00,16572909.0,16586544.0,16504995.0,16552144.0,209340334080,16572909.0
2025-11-03 07:00:00+00:00,16567425.0,16567425.0,16546392.0,16559997.0,145375100928,16567425.0
2025-11-03 07:15:00+00:00,16602399.0,16619597.0,16551540.0,16573934.0,28087156736,16602399.0
2025-11-03 07:30:00+00:00,16577047.0,16602070.0,16576859.0,16602070.0,56703844352,16577047.0
2025-11-03 07:45:00+00:00,16567712.0,16596593.0,16563437.0,16575923.0,0,16567712.0
2025-11-03 08:00:00+00:00,16596583.0,16602368.0,16560740.0,16560740.0,144929980416,16596583.0
2025-11-03 08:15:00+00:00,16529784.0,16587296.0,16528042.0,16587296.0,9577693184,16529784.0
2025-11-03 08:30:00+00:00,16518013.0,16531207.0,16509986.0,16530656.0,31631343616,16518013.0
2025-11-03 08:45:00+00:00,16574151.0,16576790.0,16499844.0,16521056.0,250102677504,16574151.0
2025-11-03 09:00:00+00:00,16611823.0,16622973.0,16577618.0,16577618.0,51803848704,16611823.0
2025-11-03 09:15:00+00:00,16547974.0,16615763.0,16543585.0,16615763.0,142504099840,16547974.0
2025-11-03 09:30:00+00:00,16526661.0,16555359.0,16525320.0,16553760.0,8867807232,16526661.0
2025-11-03 09:45:00+00:00,16513040.0,16538690.0,16510034.0,16525911.0,8444182528,16513040.0
2025-11-03 10:00:00+00:00,16571512.0,16571679.0,16528263.0,16528805.0,111341993984,16571512.0
2025-11-03 10:15:00+00:00,16583552.0,16583552.0,16566943.0,16566943.0,122245611520,16583552.0
2025-11-03 10:30:00+00:00,16545950.0,16581218.0,16544333.0,16581218.0,47005564928,16545950.0
2025-11-03 10:45:00+00:00,16530207.0,16536102.0,16522674.0,16533470.0,54365519872,16530207.0
2025-11-03 11:00:00+00:00,16571360.0,16571360.0,16482699.0,16516689.0,233215361024,16571360.0
2025-11-03 11:15:00+00:00,16569179.0,16605411.0,16566622.0,16571087.0,156391440384,16569179.0
2025-11-03 11:30:00+00:00,16602362.0,16602362.0,16569530.0,16569530.0,142019133440,16602362.0
2025-11-03 11:45:00+00:00,16616096.0,16628104.0,16604487.0,16605436.0,124117319680,16616096.0
2025-11-03 12:00:00+00:00,16656439.0,16661679.0,16614601.0,16614601.0,24135598080,16656439.0
2025-11-03 12:15:00+00:00,16680736.0,16680736.0,16656239.0,16656888.0,93014982656,16680736.0
2025-11-03 12:30:00+00:00,16631099.0,16683902.0,16630901.0,16680357.0,10985406464,16631099.0
2025-11-03 12:45:00+00:00,16616878.0,16641199.0,16612168.0,16632590.0,322551939072,16616878.0
2025-11-03 13:00:00+00:00,16614777.0,16614811.0,16596472.0,16611950.0,38537789440,16614777.0
2025-11-03 13:15:00+00:00,16606779.0,16613987.0,16597934.0,16613987.0,0,16606779.0
2025-11-03 13:30:00+00:00,16637594.0,16654569.0,16607144.0,16607144.0,50182750208,16637594.0
2025-11-03 13:45:00+00:00,16640698.0,16661183.0,16629870.0,16629870.0,78633238528,16640698.0
2025-11-03 14:00:00+00:00,16660366.0,16699390.0,16639600.0,16639600.0,37671665664,16660366.0
2025-11-03 14:15:00+00:00,16598044.0,16659328.0,16598044.0,16659328.0,177107107840,16598044.0
2025-11-03 14:30:00+00:00,16582163.0,16618333.0,16565856.0,16597278.0,190767955968,16582163.0
2025-11-03 14:45:00+00:00,16642150.0,16642150.0,16581613.0,16581613.0,122832814080,16642150.0
2025-11-03 15:00:00+00:00,16584391.0,16640265.0,16570443.0,16640265.0,708313088,16584391.0
2025-11-03 15:15:00+00:00,16382828.0,16586195.0,16382828.0,16586195.0,443388788736,16382828.0
2025-11-03 15:30:00+00:00,16348704.0,16407899.0,16273598.0,16309276.0,493725155328,16348704.0
2025-11-03 15:45:00+00:00,16308104.0,16365348.0,16296703.0,16365348.0,327843053568,16308104.0
2025-11-03 16:00:00+00:00,16274190.0,16294816.0,16237390.0,16292107.0,103914930176,16274190.0
2025-11-03 16:15:00+00:00,16384361.0,16420469.0,16312196.0,16327452.0,461709508608,16384361.0
2025-11-03 16:30:00+00:00,16418095.0,16420849.0,16378631.0,16384078.0,135263158272,16418095.0
2025-11-03 16:45:00+00:00,16449007.0,16449007.0,16403645.0,16417917.0,281284706304,16449007.0
2025-11-03 17:00:00+00:00,16468590.0,16471141.0,16421892.0,16444499.0,60526952448,16468590.0
2025-11-03 17:15:00+00:00,16517467.0,16573524.0,16458569.0,16469462.0,181629091840,16517467.0
2025-11-03 17:30:00+00:00,16550180.0,16571789.0,16499835.0,16499835.0,115114770432,16550180.0
2025-11-03 17:45:00+00:00,16557505.0,16590897.0,16547659.0,16566063.0,135500136448,16557505.0
2025-11-03 18:00:00+00:00,16539572.0,16576360.0,16539572.0,16566067.0,162401353728,16539572.0
2025-11-03 18:15:00+00:00,16543212.0,16571044.0,16513307.0,16533895.0,181280964608,16543212.0
2025-11-03 18:30:00+00:00,16500337.0,16549796.0,16500337.0,16536957.0,63011028992,16500337.0
2025-11-03 18:45:00+00:00,16491095.0,16514991.0,16469692.0,16487813.0,227441377280,16491095.0
2025-11-03 19:00:00+00:00,16457425.0,16490379.0,16438287.0,16490379.0,124482748416,16457425.0
2025-11-03 19:15:00+00:00,16490924.0,16506161.0,16464145.0,16469363.0,195398991872,16490924.0
2025-11-03 19:30:00+00:00,16524863.0,16549800.0,16483933.0,16483933.0,49121591296,16524863.0
2025-11-03 19:45:00+00:00,16515566.0,16551356.0,16505603.0,16538033.0,114713165824,16515566.0
2025-11-03 20:00:00+00:00,16465363.0,16515958.0,16465363.0,16502954.0,128722141184,16465363.0
2025-11-03 20:15:00+00:00,16435594.0,16453916.0,16428163.0,16452908.0,84776321024,16435594.0
2025-11-03 20:30:00+00:00,16450563.0,16481616.0,16450563.0,16460078.0,256478543872,16450563.0
2025-11-03 20:45:00+00:00,16401122.0,16439764.0,16401122.0,16438918.0,38517342208,16401122.0
2025-11-03 21:00:00+00:00,16436682.0,16503291.0,16409406.0,16409406.0,181548351488,16436682.0
2025-11-03 21:15:00+00:00,16425842.0,16450188.0,16388516.0,16434683.0,127664128000,16425842.0
2025-11-03 21:30:00+00:00,16482094.0,16484161.0,16432068.0,16436624.0,227462348800,16482094.0
2025-11-03 21:45:00+00:00,16472774.0,16497182.0,16472774.0,16497182.0,36180066304,16472774.0
2025-11-03 22:00:00+00:00,16425220.0,16478888.0,16411046.0,16472629.0,7658799104,16425220.0
2025-11-03 22:15:00+00:00,16383165.0,16430892.0,16383032.0,16424537.0,140250185728,16383165.0
2025-11-03 22:30:00+00:00,16401468.0,16406436.0,16334260.0,16382621.0,182185885696,16401468.0
2025-11-03 22:45:00+00:00,16400950.0,16436824.0,16395204.0,16402625.0,55979278336,16400950.0
2025-11-03 23:00:00+00:00,16385999.0,16413203.0,16351828.0,16413203.0,105764618240,16385999.0
2025-11-03 23:15:00+00:00,16415715.0,16416498.0,16382499.0,16382499.0,39723204608,16415715.0
2025-11-03 23:30:00+00:00,16441769.0,16450534.0,16413131.0,16415743.0,24494735360,16441769.0
2025-11-03 23:45:00+00:00,16437104.0,16440387.0,16419826.0,16437754.0,48649732096,16437104.0
2025-11-04 00:00:00+00:00,16415547.0,16439982.0,16415547.0,16430197.0,81810948096,16415547.0
2025-11-04 00:15:00+00:00,16341051.0,16407803.0,16341051.0,16407803.0,54765027328,16341051.0
2025-11-04 00:30:00+00:00,16471766.0,16471766.0,16336653.0,16336653.0,187509506048,16471766.0
2025-11-04 00:45:00+00:00,16420008.0,16468665.0,16409402.0,16468665.0,67077406720,16420008.0
2025-11-04 01:00:00+00:00,16453193.0,16458873.0,16418255.0,16418255.0,97734623232,16453193.0
2025-11-04 01:15:00+00:00,16508639.0,16525683.0,16441220.0,16452800.0,176514138112,16508639.0
2025-11-04 01:30:00+00:00,16531946.0,16547685.0,16494227.0,16494227.0,2380267520,16531946.0
2025-11-04 01:45:00+00:00,16527234.0,16531206.0,16470688.0,16531206.0,148948123648,16527234.0
2025-11-04 02:00:00+00:00,16500601.0,16519760.0,16470923.0,16519760.0,123309391872,16500601.0
2025-11-04 02:15:00+00:00,16505288.0,16532847.0,16486012.0,16497412.0,132205510656,16505288.0
2025-11-04 02:30:00+00:00,16454631.0,16505455.0,16454631.0,16505455.0,0,16454631.0
2025-11-04 02:45:00+00:00,16417681.0,16456747.0,16417681.0,16448080.0,0,16417681.0
2025-11-04 03:00:00+00:00,16459450.0,16459450.0,16375775.0,16414317.0,166842073088,16459450.0
2025-11-04 03:15:00+00:00,16485776.0,16485776.0,16454022.0,16470127.0,9074376704,16485776.0
2025-11-04 03:30:00+00:00,16509117.0,16509117.0,16465347.0,16483489.0,21127757824,16509117.0
2025-11-04 03:45:00+00:00,16509376.0,16509376.0,16489351.0,16508690.0,27145535488,16509376.0
2025-11-04 04:00:00+00:00,16503032.0,16522473.0,16503032.0,16508202.0,61692968960,16503032.0
2025-11-04 04:15:00+00:00,16467965.0,16507952.0,16467965.0,16507952.0,22784507904,16467965.0
2025-11-04 04:30:00+00:00,16442657.0,16470839.0,16433074.0,16462714.0,166319882240,16442657.0
2025-11-04 04:45:00+00:00,16445791.0,16445791.0,16429550.0,16442213.0,27633123328,16445791.0
2025-11-04 05:00:00+00:00,16411866.0,16443633.0,16397893.0,16443633.0,142172225536,16411866.0
2025-11-04 05:15:00+00:00,16231449.0,16403379.0,16231449.0,16403379.0,75546755072,16231449.0
2025-11-04 05:30:00+00:00,16166683.0,16250022.0,16165840.0,16229911.0,133879037952,16166683.0
2025-11-04 05:45:00+00:00,16023746.0,16147117.0,16023746.0,16147117.0,323562242048,16023746.0
2025-11-04 06:00:00+00:00,16079504.0,16081106.0,16022940.0,16022993.0,179236241408,16079504.0
2025-11-04 06:15:00+00:00,16103146.0,16157953.0,16077537.0,16106586.0,239951937536,16103146.0
2025-11-04 06:30:00+00:00,16059888.0,16103758.0,16046288.0,16103758.0,6611271680,16059888.0
2025-11-04 06:45:00+00:00,16075352.0,16082869.0,16052813.0,16052813.0,28689039360,16075352.0
2025-11-04 07:00:00+00:00,16105779.0,16106232.0,16088918.0,16088918.0,190121508864,16105779.0
2025-11-04 07:15:00+00:00,16017932.0,16058509.0,16017932.0,16058509.0,122930855936,16017932.0
2025-11-04 07:30:00+00:00,16004101.0,16052507.0,16004101.0,16009637.0,69389516800,16004101.0
2025-11-04 07:45:00+00:00,16053280.0,16053750.0,16004060.0,16005728.0,171643502592,16053280.0
2025-11-04 08:00:00+00:00,15987911.0,16049334.0,15973324.0,16049334.0,47215280128,15987911.0
2025-11-04 08:15:00+00:00,15999396.0,16013366.0,15920486.0,15985586.0,213551939584,15999396.0
2025-11-04 08:30:00+00:00,16045596.0,16061669.0,15994917.0,15994917.0,125672882176,16045596.0
2025-11-04 08:45:00+00:00,15979643.0,16044985.0,15974887.0,16041940.0,164846632960,15979643.0
2025-11-04 09:00:00+00:00,15957875.0,15982050.0,15945822.0,15982050.0,66343403520,15957875.0
2025-11-04 09:15:00+00:00,15962000.0,15976493.0,15927624.0,15933374.0,68597841920,15962000.0
2025-11-04 09:30:00+00:00,15945731.0,15976097.0,15935447.0,15961779.0,164921081856,15945731.0
2025-11-04 09:45:00+00:00,15919282.0,15954252.0,15909897.0,15942339.0,63216549888,15919282.0
2025-11-04 10:00:00+00:00,15916257.0,15916257.0,15895351.0,15906662.0,147232653312,15916257.0
2025-11-04 10:15:00+00:00,15924151.0,15925793.0,15907170.0,15909386.0,53759442944,15924151.0
2025-11-04 10:30:00+00:00,15963691.0,15963691.0,15907980.0,15923990.0,135744454656,15963691.0
2025-11-04 10:45:00+00:00,15936244.0,15940635.0,15909159.0,15940635.0,81123082240,15936244.0
2025-11-04 11:00:00+00:00,15986674.0,15993767.0,15937658.0,15937658.0,18980274176,15986674.0
2025-11-04 11:15:00+00:00,16007226.0,16017842.0,15984001.0,15984547.0,31061966848,16007226.0
2025-11-04 11:30:00+00:00,16050067.0,16050067.0,15997777.0,16005689.0,348204826624,16050067.0
2025-11-04 11:45:00+00:00,16047889.0,16052151.0,16031448.0,16045892.0,169353412608,16047889.0
2025-11-04 12:00:00+00:00,16011837.0,16058968.0,16011837.0,16052404.0,95542050816,16011837.0
2025-11-04 12:15:00+00:00,15985808.0,16011629.0,15946119.0,16011629.0,344541102080,15985808.0
2025-11-04 12:30:00+00:00,15980216.0,15980216.0,15942633.0,15976815.0,0,15980216.0
2025-11-04 12:45:00+00:00,15948245.0,15975069.0,15947040.0,15975069.0,194530770944,15948245.0
2025-11-04 13:00:00+00:00,15939016.0,15944641.0,15926883.0,15941477.0,115330777088,15939016.0
2025-11-04 13:15:00+00:00,15903965.0,15944353.0,15890384.0,15944273.0,19651362816,15903965.0
2025-11-04 13:30:00+00:00,15972905.0,15973371.0,15930008.0,15930008.0,132262133760,15972905.0
2025-11-04 13:45:00+00:00,15939581.0,15973240.0,15930440.0,15973240.0,36374052864,15939581.0
2025-11-04 14:00:00+00:00,15936252.0,15951723.0,15905006.0,15932535.0,6748635136,15936252.0
2025-11-04 14:15:00+00:00,15915651.0,15946495.0,15913643.0,15942333.0,21180186624,15915651.0
2025-11-04 14:30:00+00:00,15946505.0,15946505.0,15803323.0,15919599.0,411565031424,15946505.0
2025-11-04 14:45:00+00:00,16028207.0,16052500.0,15941400.0,15941400.0,121625378816,16028207.0
2025-11-04 15:00:00+00:00,15989371.0,16067136.0,15989371.0,16046381.0,43816845312,15989371.0
2025-11-04 15:15:00+00:00,16046598.0,16072910.0,15992295.0,15992295.0,45989494784,16046598.0
2025-11-04 15:30:00+00:00,15939852.0,16029315.0,15939852.0,16029315.0,0,15939852.0
2025-11-04 15:45:00+00:00,15852022.0,15942238.0,15852022.0,15942238.0,25532825600,15852022.0
2025-11-04 16:00:00+00:00,15827285.0,15866851.0,15801337.0,15854346.0,0,15827285.0
2025-11-04 16:15:00+00:00,15768529.0,15826378.0,15732071.0,15826378.0,73323773952,15768529.0
2025-11-04 16:30:00+00:00,15754435.0,15785420.0,15742477.0,15769644.0,157010624512,15754435.0
2025-11-04 16:45:00+00:00,15683203.0,15766367.0,15683203.0,15756356.0,135091191808,15683203.0
2025-11-04 17:00:00+00:00,15555291.0,15664061.0,15545225.0,15664061.0,248981225472,15555291.0
2025-11-04 17:15:00+00:00,15558097.0,15578655.0,15495885.0,15556846.0,230509510656,15558097.0
2025-11-04 17:30:00+00:00,15553438.0,15641436.0,15553438.0,15613135.0,195512238080,15553438.0
2025-11-04 17:45:00+00:00,15533228.0,15571454.0,15452676.0,15565281.0,264026193920,15533228.0
2025-11-04 18:00:00+00:00,15447314.0,15515021.0,15447314.0,15503816.0,148800274432,15447314.0
2025-11-04 18:15:00+00:00,15375476.0,15465232.0,15375476.0,15441050.0,520106278912,15375476.0
2025-11-04 18:30:00+00:00,15511889.0,15511889.0,15363755.0,15363755.0,104099479552,15511889.0
2025-11-04 18:45:00+00:00,15573674.0,15573674.0,15434719.0,15529702.0,98601795584,15573674.0
2025-11-04 19:00:00+00:00,15572091.0,15572091.0,15515198.0,15565656.0,217620414464,15572091.0
2025-11-04 19:15:00+00:00,15526647.0,15593007.0,15497841.0,15571457.0,16541286400,15526647.0
2025-11-04 19:30:00+00:00,15463516.0,15506624.0,15463516.0,15493268.0,0,15463516.0
2025-11-04 19:45:00+00:00,15431211.0,15497132.0,15431211.0,15473735.0,283216183296,15431211.0
2025-11-04 20:00:00+00:00,15417953.0,15463701.0,15417091.0,15432901.0,0,15417953.0
2025-11-04 20:15:00+00:00,15418643.0,15442866.0,15320336.0,15433320.0,760816336896,15418643.0
2025-11-04 20:30:00+00:00,15507169.0,15512958.0,15393432.0,15418894.0,195078127616,15507169.0
2025-11-04 20:45:00+00:00,15460495.0,15512907.0,15453012.0,15512907.0,262958743552,15460495.0
2025-11-04 21:00:00+00:00,15440102.0,15481557.0,15426355.0,15434793.0,66292023296,15440102.0
2025-11-04 21:15:00+00:00,15305671.0,15406695.0,15305671.0,15406695.0,737952137216,15305671.0
2025-11-04 21:30:00+00:00,15244294.0,15267965.0,15219268.0,15266090.0,275451478016,15244294.0
2025-11-04 21:45:00+00:00,15418792.0,15418792.0,15239936.0,15304652.0,546351087616,15418792.0
2025-11-04 22:00:00+00:00,15510928.0,15510928.0,15426564.0,15458231.0,147392036864,15510928.0
2025-11-04 22:15:00+00:00,15530273.0,15557163.0,15516723.0,15516732.0,81500569600,15530273.0
2025-11-04 22:30:00+00:00,15561076.0,15617352.0,15529768.0,15529768.0,180861534208,15561076.0
2025-11-04 22:45:00+00:00,15543119.0,15564221.0,15517903.0,15564221.0,202926718976,15543119.0
2025-11-04 23:00:00+00:00,15513571.0,15594161.0,15513571.0,15545830.0,211763068928,15513571.0
2025-11-04 23:15:00+00:00,15557922.0,15557922.0,15527738.0,15532917.0,106889740288,15557922.0
2025-11-04 23:30:00+00:00,15571869.0,15571869.0,15536017.0,15556201.0,49126834176,15571869.0
2025-11-04 23:45:00+00:00,15596806.0,15612111.0,15570673.0,15570673.0,214752559104,15596806.0
2025-11-05 00:00:00+00:00,15545787.0,15630449.0,15535429.0,15587306.0,0,15545787.0
2025-11-05 00:15:00+00:00,15520547.0,15568191.0,15515635.0,15541893.0,242790432768,15520547.0
2025-11-05 00:30:00+00:00,15424595.0,15506299.0,15421046.0,15506299.0,22370320384,15424595.0
2025-11-05 00:45:00+00:00,15415270.0,15430449.0,15401363.0,15404174.0,23665311744,15415270.0
2025-11-05 01:00:00+00:00,15363567.0,15410500.0,15329513.0,15410500.0,20811087872,15363567.0
2025-11-05 01:15:00+00:00,15172091.0,15346900.0,15172091.0,15346900.0,144469655552,15172091.0
2025-11-05 01:30:00+00:00,15194341.0,15232836.0,15152255.0,15230580.0,188227780608,15194341.0
2025-11-05 01:45:00+00:00,15469975.0,15469975.0,15209946.0,15209946.0,347789590528,15469975.0
2025-11-05 02:00:00+00:00,15465851.0,15536280.0,15465851.0,15493575.0,213746974720,15465851.0
2025-11-05 02:15:00+00:00,15509726.0,15536674.0,15470695.0,15480752.0,148386086912,15509726.0
2025-11-05 02:30:00+00:00,15557846.0,15564154.0,15500484.0,15505475.0,382954635264,15557846.0
2025-11-05 02:45:00+00:00,15570487.0,15601636.0,15529601.0,15576151.0,219991244800,15570487.0
2025-11-05 03:00:00+00:00,15594269.0,15609493.0,15587829.0,15609202.0,153247285248,15594269.0
2025-11-05 03:15:00+00:00,15653636.0,15660529.0,15566197.0,15596023.0,180355072,15653636.0
2025-11-05 03:30:00+00:00,15673702.0,15674067.0,15649818.0,15649818.0,81012981760,15673702.0
2025-11-05 03:45:00+00:00,15664363.0,15695750.0,15664363.0,15690040.0,376705122304,15664363.0
2025-11-05 04:00:00+00:00,15656338.0,15672363.0,15653042.0,15660923.0,74981572608,15656338.0
2025-11-05 04:15:00+00:00,15591389.0,15648921.0,15591389.0,15648381.0,60152610816,15591389.0
2025-11-05 04:30:00+00:00,15652955.0,15653680.0,15585650.0,15585650.0,232075034624,15652955.0
2025-11-05 04:45:00+00:00,15646839.0,15675666.0,15633309.0,15669539.0,72903294976,15646839.0
2025-11-05 05:00:00+00:00,15692769.0,15692769.0,15651845.0,15651845.0,114559025152,15692769.0
2025-11-05 05:15:00+00:00,15642605.0,15701259.0,15617600.0,15697283.0,84118863872,15642605.0
2025-11-05 05:30:00+00:00,15618774.0,15663077.0,15618774.0,15649178.0,0,15618774.0
2025-11-05 05:45:00+00:00,15626415.0,15626415.0,15600103.0,15611938.0,253273047040,15626415.0
2025-11-05 06:00:00+00:00,15591165.0,15624444.0,15591165.0,15624022.0,27262976,15591165.0
2025-11-05 06:15:00+00:00,15653700.0,15653700.0,15591292.0,15606829.0,56069455872,15653700.0
2025-11-05 06:30:00+00:00,15649738.0,15678755.0,15636754.0,15657767.0,5597298688,15649738.0
2025-11-05 06:45:00+00:00,15692519.0,15693454.0,15650985.0,15650985.0,62616764416,15692519.0
2025-11-05 07:00:00+00:00,15646710.0,15689854.0,15637186.0,15689854.0,534059679744,15646710.0
2025-11-05 07:15:00+00:00,15638170.0,15657926.0,15619680.0,15651485.0,66372763648,15638170.0
2025-11-05 07:30:00+00:00,15640132.0,15642007.0,15626349.0,15628270.0,0,15640132.0
2025-11-05 07:45:00+00:00,15627245.0,15673746.0,15618097.0,15643063.0,0,15627245.0
2025-11-05 08:00:00+00:00,15618589.0,15627586.0,15618589.0,15627586.0,0,15618589.0
2025-11-05 08:15:00+00:00,15617725.0,15623463.0,15541827.0,15623463.0,2251292672,15617725.0
2025-11-05 08:30:00+00:00,15574461.0,15614145.0,15574461.0,15614145.0,108048416768,15574461.0
2025-11-05 08:45:00+00:00,15597378.0,15623031.0,15556061.0,15571085.0,98013544448,15597378.0
2025-11-05 09:00:00+00:00,15647676.0,15680061.0,15630919.0,15630919.0,119905714176,15647676.0
2025-11-05 09:15:00+00:00,15641615.0,15654132.0,15606921.0,15646883.0,151527620608,15641615.0
2025-11-05 09:30:00+00:00,15653078.0,15656725.0,15630535.0,15641884.0,0,15653078.0
2025-11-05 09:45:00+00:00,15668855.0,15674737.0,15641570.0,15659984.0,0,15668855.0
2025-11-05 10:00:00+00:00,15647723.0,15678050.0,15647723.0,15655415.0,13860077568,15647723.0
2025-11-05 10:15:00+00:00,15643927.0,15653988.0,15633281.0,15643717.0,15054405632,15643927.0
2025-11-05 10:30:00+00:00,15634622.0,15649971.0,15621774.0,15648080.0,2751463424,15634622.0
2025-11-05 10:45:00+00:00,15587633.0,15633762.0,15568920.0,15633762.0,37252759552,15587633.0
2025-11-05 11:00:00+00:00,15617737.0,15619435.0,15595365.0,15595365.0,21794652160,15617737.0
2025-11-05 11:15:00+00:00,15607548.0,15630509.0,15597733.0,15615451.0,33497808896,15607548.0
2025-11-05 11:30:00+00:00,15628699.0,15641364.0,15611274.0,15611274.0,49007296512,15628699.0
2025-11-05 11:45:00+00:00,15668033.0,15680789.0,15632859.0,15632859.0,143356067840,15668033.0
2025-11-05 12:00:00+00:00,15670496.0,15678816.0,15662571.0,15678816.0,2833252352,15670496.0
2025-11-05 12:15:00+00:00,15732417.0,15765897.0,15672374.0,15674476.0,0,15732417.0
2025-11-05 12:30:00+00:00,15762103.0,15762103.0,15729508.0,15754636.0,200318910464,15762103.0
2025-11-05 12:45:00+00:00,15774930.0,15785866.0,15760900.0,15784451.0,147010355200,15774930.0
2025-11-05 13:00:00+00:00,15759558.0,15794509.0,15757260.0,15779152.0,616129626112,15759558.0
2025-11-05 13:15:00+00:00,15770389.0,15773764.0,15738626.0,15756546.0,134272253952,15770389.0
2025-11-05 13:30:00+00:00,15834043.0,15834043.0,15757266.0,15774329.0,0,15834043.0
2025-11-05 13:45:00+00:00,15853712.0,15886763.0,15832654.0,15839128.0,161841414144,15853712.0
2025-11-05 14:00:00+00:00,15816128.0,15857921.0,15816128.0,15855969.0,92489646080,15816128.0
2025-11-05 14:15:00+00:00,15804054.0,15819024.0,15795598.0,15806671.0,150873309184,15804054.0
2025-11-05 14:30:00+00:00,15866689.0,15868122.0,15749690.0,15808017.0,55909023744,15866689.0
2025-11-05 14:45:00+00:00,15898167.0,15916419.0,15851373.0,15873765.0,0,15898167.0
2025-11-05 15:00:00+00:00,15912718.0,15946904.0,15865349.0,15884225.0,425307668480,15912718.0
2025-11-05 15:15:00+00:00,15931828.0,15931828.0,15897396.0,15897396.0,122784055296,15931828.0
2025-11-05 15:30:00+00:00,16005246.0,16005246.0,15932475.0,15932810.0,12090081280,16005246.0
2025-11-05 15:45:00+00:00,15991797.0,16000925.0,15980315.0,15987151.0,44589645824,15991797.0
2025-11-05 16:00:00+00:00,15956310.0,16004763.0,15956310.0,15999492.0,0,15956310.0
2025-11-05 16:15:00+00:00,15949442.0,15950374.0,15906883.0,15945728.0,0,15949442.0
2025-11-05 16:30:00+00:00,15974209.0,16009086.0,15962710.0,15962710.0,47939846144,15974209.0
2025-11-05 16:45:00+00:00,16015601.0,16026205.0,15975006.0,15975006.0,0,16015601.0
2025-11-05 17:00:00+00:00,15948942.0,16016703.0,15935620.0,16014104.0,0,15948942.0
2025-11-05 17:15:00+00:00,16020472.0,16020472.0,15952000.0,15952000.0,0,16020472.0
2025-11-05 17:30:00+00:00,16017388.0,16020329.0,15996582.0,16020329.0,105951264768,16017388.0
2025-11-05 17:45:00+00:00,15996496.0,16014656.0,15955260.0,16014656.0,33570160640,15996496.0
2025-11-05 18:00:00+00:00,15998466.0,16008561.0,15984339.0,15997430.0,0,15998466.0
2025-11-05 18:15:00+00:00,16030061.0,16030061.0,16001881.0,16001881.0,0,16030061.0
2025-11-05 18:30:00+00:00,16060394.0,16068049.0,16034932.0,16037160.0,0,16060394.0
2025-11-05 18:45:00+00:00,16076916.0,16091076.0,16054288.0,16061260.0,37916508160,16076916.0
2025-11-05 19:00:00+00:00,16048919.0,16081186.0,16042254.0,16076738.0,0,16048919.0
2025-11-05 19:15:00+00:00,16077422.0,16093486.0,16050879.0,16050879.0,37129027584,16077422.0
2025-11-05 19:30:00+00:00,16093414.0,16093414.0,16064271.0,16064275.0,426874241024,16093414.0
2025-11-05 19:45:00+00:00,16042355.0,16085855.0,16028986.0,16085855.0,0,16042355.0
2025-11-05 20:00:00+00:00,16080307.0,16080307.0,16025100.0,16040521.0,0,16080307.0
2025-11-05 20:15:00+00:00,16051512.0,16103031.0,16044873.0,16102110.0,0,16051512.0
2025-11-05 20:30:00+00:00,16009323.0,16035936.0,16002899.0,16035936.0,0,16009323.0
2025-11-05 20:45:00+00:00,16003311.0,16019844.0,15990426.0,16014134.0,0,16003311.0
2025-11-05 21:00:00+00:00,15976995.0,16008399.0,15976846.0,16007660.0,0,15976995.0
2025-11-05 21:15:00+00:00,15968460.0,15997369.0,15968460.0,15971108.0,0,15968460.0
2025-11-05 21:30:00+00:00,15967780.0,15981127.0,15962234.0,15969017.0,0,15967780.0
2025-11-05 21:45:00+00:00,15977569.0,15988334.0,15963878.0,15968315.0,0,15977569.0
2025-11-05 22:00:00+00:00,15943217.0,15977905.0,15940833.0,15977576.0,0,15943217.0
2025-11-05 22:15:00+00:00,15940671.0,15943606.0,15923953.0,15923953.0,0,15940671.0
2025-11-05 22:30:00+00:00,15956543.0,15956543.0,15922720.0,15927894.0,0,15956543.0
2025-11-05 22:45:00+00:00,15986619.0,15986811.0,15955940.0,15955940.0,54301556736,15986619.0
2025-11-05 23:00:00+00:00,15982305.0,15994820.0,15972953.0,15988316.0,0,15982305.0
2025-11-05 23:15:00+00:00,16010725.0,16010869.0,15983358.0,15983358.0,0,16010725.0
2025-11-05 23:30:00+00:00,16022157.0,16022157.0,16003434.0,16010590.0,315725185024,16022157.0
2025-11-05 23:45:00+00:00,16011625.0,16032405.0,16004340.0,16032405.0,0,16011625.0
2025-11-06 00:00:00+00:00,15980743.0,16009484.0,15943940.0,16009484.0,0,15980743.0
2025-11-06 00:15:00+00:00,15912821.0,15972464.0,15906818.0,15971186.0,25524436992,15912821.0
2025-11-06 00:30:00+00:00,15916375.0,15932565.0,15913023.0,15913023.0,77238108160,15916375.0
2025-11-06 00:45:00+00:00,15953948.0,15958295.0,15913769.0,15918077.0,0,15953948.0
2025-11-06 01:00:00+00:00,15877895.0,15954057.0,15875111.0,15950696.0,0,15877895.0
2025-11-06 01:15:00+00:00,15830125.0,15887533.0,15829135.0,15879236.0,315109670912,15830125.0
2025-11-06 01:30:00+00:00,15902228.0,15907154.0,15822960.0,15824009.0,13208911872,15902228.0
2025-11-06 01:45:00+00:00,15912606.0,15927554.0,15900700.0,15900700.0,0,15912606.0
2025-11-06 02:00:00+00:00,15851919.0,15905518.0,15848236.0,15905518.0,0,15851919.0
2025-11-06 02:15:00+00:00,15829284.0,15865575.0,15827807.0,15838565.0,0,15829284.0
2025-11-06 02:30:00+00:00,15925727.0,15925727.0,15843292.0,15843292.0,0,15925727.0
2025-11-06 02:45:00+00:00,15932352.0,15936779.0,15922945.0,15924849.0,8363442176,15932352.0
2025-11-06 03:00:00+00:00,15933607.0,15936873.0,15914142.0,15928304.0,0,15933607.0
2025-11-06 03:15:00+00:00,15962972.0,15990351.0,15930648.0,15932459.0,23335010304,15962972.0
2025-11-06 03:30:00+00:00,15950258.0,15963733.0,15941913.0,15945413.0,0,15950258.0
2025-11-06 03:45:00+00:00,15956303.0,15956303.0,15947563.0,15947563.0,0,15956303.0
2025-11-06 04:00:00+00:00,15955453.0,15955453.0,15938359.0,15953651.0,0,15955453.0
2025-11-06 04:15:00+00:00,15975489.0,15979360.0,15967398.0,15970738.0,0,15975489.0
2025-11-06 04:30:00+00:00,15984974.0,15984974.0,15966169.0,15975358.0,0,15984974.0
2025-11-06 04:45:00+00:00,16000931.0,16040282.0,15988948.0,15988948.0,49041899520,16000931.0
2025-11-06 05:00:00+00:00,15918828.0,16015847.0,15918363.0,16011653.0,4496293888,15918828.0
2025-11-06 05:15:00+00:00,15936293.0,15944061.0,15918175.0,15925933.0,227345956864,15936293.0
2025-11-06 05:30:00+00:00,15887465.0,15936867.0,15866433.0,15936867.0,16370368512,15887465.0
2025-11-06 05:45:00+00:00,15864444.0,15895749.0,15864444.0,15888441.0,0,15864444.0
2025-11-06 06:00:00+00:00,15880046.0,15884079.0,15859546.0,15869244.0,24616370176,15880046.0
2025-11-06 06:15:00+00:00,15920697.0,15927503.0,15884231.0,15884231.0,3557818368,15920697.0
2025-11-06 06:30:00+00:00,15909751.0,15937105.0,15901962.0,15920773.0,22361931776,15909751.0
2025-11-06 06:45:00+00:00,15910643.0,15923732.0,15907086.0,15910191.0,22951231488,15910643.0
2025-11-06 07:00:00+00:00,15908506.0,15932315.0,15890810.0,15912800.0,5767168000,15908506.0
2025-11-06 07:15:00+00:00,15914280.0,15924629.0,15845651.0,15905232.0,24878514176,15914280.0
2025-11-06 07:30:00+00:00,15854839.0,15913843.0,15854839.0,15913843.0,204818350080,15854839.0
2025-11-06 07:45:00+00:00,15884369.0,15884369.0,15844451.0,15857199.0,47290777600,15884369.0
2025-11-06 08:00:00+00:00,15854737.0,15877236.0,15836167.0,15877236.0,17245929472,15854737.0
2025-11-06 08:15:00+00:00,15887329.0,15893583.0,15871176.0,15871176.0,0,15887329.0
2025-11-06 08:30:00+00:00,15875508.0,15884364.0,15867017.0,15878413.0,1005584384,15875508.0
2025-11-06 08:45:00+00:00,15859414.0,15859414.0,15852747.0,15854930.0,0,15859414.0
2025-11-06 09:00:00+00:00,15831393.0,15861282.0,15805522.0,15861282.0,379768012800,15831393.0
2025-11-06 09:15:00+00:00,15835282.0,15854329.0,15833860.0,15843680.0,0,15835282.0
2025-11-06 09:30:00+00:00,15823406.0,15841937.0,15821713.0,15834741.0,102186876928,15823406.0
2025-11-06 09:45:00+00:00,15819422.0,15836114.0,15813792.0,15827392.0,0,15819422.0
2025-11-06 10:00:00+00:00,15819481.0,15819481.0,15788309.0,15818744.0,159817662464,15819481.0
2025-11-06 10:15:00+00:00,15835148.0,15844407.0,15811741.0,15814887.0,15526264832,15835148.0
2025-11-06 10:30:00+00:00,15876882.0,15876882.0,15836992.0,15836992.0,97255424000,15876882.0
2025-11-06 10:45:00+00:00,15843426.0,15867599.0,15839744.0,15867599.0,16665018368,15843426.0
2025-11-06 11:00:00+00:00,15814076.0,15814076.0,15805669.0,15805669.0,27052212224,15814076.0
2025-11-06 11:15:00+00:00,15849613.0,15857947.0,15811083.0,15811679.0,117292662784,15849613.0
2025-11-06 11:30:00+00:00,15851845.0,15858669.0,15844835.0,15850429.0,32606519296,15851845.0
2025-11-06 11:45:00+00:00,15856516.0,15863248.0,15852547.0,15861911.0,12140412928,15856516.0
2025-11-06 12:00:00+00:00,15848750.0,15865019.0,15822491.0,15854361.0,233918431232,15848750.0
2025-11-06 12:15:00+00:00,15800915.0,15848428.0,15800255.0,15848428.0,6227492864,15800915.0
2025-11-06 12:30:00+00:00,15766803.0,15810116.0,15766803.0,15806689.0,0,15766803.0
2025-11-06 12:45:00+00:00,15746568.0,15763350.0,15732884.0,15760808.0,701678747648,15746568.0
2025-11-06 13:00:00+00:00,15792905.0,15805233.0,15751294.0,15751294.0,134026887168,15792905.0
2025-11-06 13:15:00+00:00,15891797.0,15901315.0,15799864.0,15800359.0,27681357824,15891797.0
2025-11-06 13:30:00+00:00,15848910.0,15887538.0,15827915.0,15885934.0,75282513920,15848910.0
2025-11-06 13:45:00+00:00,15870800.0,15870800.0,15848841.0,15849896.0,17445158912,15870800.0
2025-11-06 14:00:00+00:00,15812045.0,15812045.0,15772896.0,15799593.0,0,15812045.0
2025-11-06 14:15:00+00:00,15781307.0,15826473.0,15776530.0,15812692.0,137324658688,15781307.0
2025-11-06 14:30:00+00:00,15745013.0,15789298.0,15712157.0,15789298.0,186295255040,15745013.0
2025-11-06 14:45:00+00:00,15657020.0,15783261.0,15657020.0,15725850.0,62259200000,15657020.0
2025-11-06 15:00:00+00:00,15673953.0,15689825.0,15632238.0,15654622.0,151727898624,15673953.0
2025-11-06 15:15:00+00:00,15732992.0,15774041.0,15661561.0,15669584.0,20095959040,15732992.0
2025-11-06 15:30:00+00:00,15612745.0,15720979.0,15599500.0,15720979.0,191833833472,15612745.0
2025-11-06 15:45:00+00:00,15599909.0,15633731.0,15576796.0,15628851.0,97075068928,15599909.0
2025-11-06 16:00:00+00:00,15594740.0,15653342.0,15594740.0,15610427.0,143382282240,15594740.0
2025-11-06 16:15:00+00:00,15577544.0,15591481.0,15537649.0,15591481.0,204679938048,15577544.0
2025-11-06 16:30:00+00:00,15355786.0,15582656.0,15355786.0,15580120.0,0,15355786.0
2025-11-06 16:45:00+00:00,15430777.0,15463825.0,15357164.0,15385961.0,182983852032,15430777.0
2025-11-06 17:00:00+00:00,15468336.0,15501935.0,15416905.0,15428370.0,210600198144,15468336.0
2025-11-06 17:15:00+00:00,15494686.0,15494686.0,15429243.0,15466086.0,302833991680,15494686.0
2025-11-06 17:30:00+00:00,15491099.0,15513326.0,15472922.0,15495591.0,57167314944,15491099.0
2025-11-06 17:45:00+00:00,15561317.0,15577280.0,15488163.0,15488163.0,5859442688,15561317.0
2025-11-06 18:00:00+00:00,15495271.0,15569426.0,15491471.0,15569426.0,358319390720,15495271.0
2025-11-06 18:15:00+00:00,15510656.0,15524836.0,15442520.0,15499914.0,51535413248,15510656.0
2025-11-06 18:30:00+00:00,15565500.0,15570292.0,15503948.0,15503948.0,10008657920,15565500.0
2025-11-06 18:45:00+00:00,15576602.0,15648213.0,15554098.0,15555396.0,27869052928,15576602.0
2025-11-06 19:00:00+00:00,15584759.0,15584759.0,15554256.0,15565461.0,272273244160,15584759.0
2025-11-06 19:15:00+00:00,15574739.0,15605782.0,15570817.0,15600076.0,119049027584,15574739.0
2025-11-06 19:30:00+00:00,15501557.0,15591092.0,15501557.0,15586547.0,1996488704,15501557.0
2025-11-06 19:45:00+00:00,15532250.0,15532250.0,15497927.0,15528366.0,39898316800,15532250.0
2025-11-06 20:00:00+00:00,15522098.0,15546864.0,15522095.0,15542061.0,135373258752,15522098.0
2025-11-06 20:15:00+00:00,15501441.0,15522239.0,15479762.0,15504872.0,57796460544,15501441.0
2025-11-06 20:30:00+00:00,15435368.0,15497835.0,15435368.0,15497835.0,29235347456,15435368.0
2025-11-06 20:45:00+00:00,15443966.0,15457715.0,15412220.0,15422384.0,15928918016,15443966.0
2025-11-06 21:00:00+00:00,15416214.0,15447215.0,15411088.0,15434919.0,118073851904,15416214.0
2025-11-06 21:15:00+00:00,15421060.0,15421060.0,15386369.0,15409024.0,120212946944,15421060.0
2025-11-06 21:30:00+00:00,15477552.0,15477552.0,15425359.0,15425359.0,41762684928,15477552.0
2025-11-06 21:45:00+00:00,15468080.0,15485909.0,15435407.0,15476012.0,73329016832,15468080.0
2025-11-06 22:00:00+00:00,15474886.0,15507579.0,15469235.0,15470227.0,411886944256,15474886.0
2025-11-06 22:15:00+00:00,15495045.0,15497941.0,15457318.0,15470515.0,42616225792,15495045.0
2025-11-06 22:30:00+00:00,15480929.0,15496666.0,15465034.0,15465034.0,162000797696,15480929.0
2025-11-06 22:45:00+00:00,15518467.0,15518467.0,15478217.0,15480727.0,14514388992,15518467.0
2025-11-06 23:00:00+00:00,15508134.0,15519530.0,15484983.0,15519530.0,54509174784,15508134.0
2025-11-06 23:15:00+00:00,15484900.0,15514510.0,15471463.0,15514510.0,202478977024,15484900.0
2025-11-06 23:30:00+00:00,15465818.0,15489927.0,15464489.0,15481843.0,54234447872,15465818.0
2025-11-06 23:45:00+00:00,15494542.0,15496812.0,15466057.0,15466057.0,28809625600,15494542.0
2025-11-07 00:00:00+00:00,15517437.0,15548143.0,15482367.0,15491138.0,275091816448,15517437.0
2025-11-07 00:15:00+00:00,15426291.0,15506589.0,15426291.0,15478959.0,236324913152,15426291.0
2025-11-07 00:30:00+00:00,15512679.0,15517854.0,15417870.0,15417870.0,328779956224,15512679.0
2025-11-07 00:45:00+00:00,15529775.0,15549129.0,15515763.0,15516143.0,165371969536,15529775.0
2025-11-07 01:00:00+00:00,15498891.0,15550423.0,15487936.0,15528201.0,146561564672,15498891.0
2025-11-07 01:15:00+00:00,15590253.0,15610194.0,15518349.0,15526607.0,277249785856,15590253.0
2025-11-07 01:30:00+00:00,15485091.0,15580203.0,15460413.0,15577917.0,208249290752,15485091.0
2025-11-07 01:45:00+00:00,15521316.0,15521316.0,15462739.0,15489068.0,177774526464,15521316.0
2025-11-07 02:00:00+00:00,15538562.0,15546519.0,15523925.0,15532524.0,28408020992,15538562.0
2025-11-07 02:15:00+00:00,15493765.0,15546750.0,15493765.0,15542514.0,80385933312,15493765.0
2025-11-07 02:30:00+00:00,15540856.0,15541945.0,15490419.0,15496014.0,188898869248,15540856.0
2025-11-07 02:45:00+00:00,15591215.0,15591215.0,15543704.0,15543704.0,17051942912,15591215.0
2025-11-07 03:00:00+00:00,15655446.0,15662335.0,15590561.0,15591111.0,143841558528,15655446.0
2025-11-07 03:15:00+00:00,15644650.0,15667673.0,15636241.0,15667673.0,41574989824,15644650.0
2025-11-07 03:30:00+00:00,15624318.0,15652275.0,15624318.0,15643524.0,94089773056,15624318.0
2025-11-07 03:45:00+00:00,15594766.0,15623786.0,15594766.0,15623786.0,29442965504,15594766.0
2025-11-07 04:00:00+00:00,15547168.0,15599311.0,15547168.0,15595909.0,419600269312,15547168.0
2025-11-07 04:15:00+00:00,15614031.0,15615419.0,15542476.0,15542476.0,62485692416,15614031.0
2025-11-07 04:30:00+00:00,15588893.0,15611779.0,15572825.0,15611779.0,428777406464,15588893.0
2025-11-07 04:45:00+00:00,15599624.0,15599624.0,15580300.0,15588198.0,128250281984,15599624.0
2025-11-07 05:00:00+00:00,15678004.0,15686152.0,15614930.0,15614930.0,33324793856,15678004.0
2025-11-07 05:15:00+00:00,15669287.0,15685365.0,15664394.0,15672818.0,18455986176,15669287.0
2025-11-07 05:30:00+00:00,15677225.0,15680736.0,15665016.0,15669287.0,273831428096,15677225.0
2025-11-07 05:45:00+00:00,15701085.0,15701085.0,15668510.0,15676903.0,20146290688,15701085.0
2025-11-07 06:00:00+00:00,15705076.0,15710946.0,15683558.0,15698572.0,151604166656,15705076.0
2025-11-07 06:15:00+00:00,15696032.0,15715764.0,15687084.0,15701480.0,11887706112,15696032.0
2025-11-07 06:30:00+00:00,15658144.0,15692521.0,15658144.0,15692521.0,162541862912,15658144.0
2025-11-07 06:45:00+00:00,15635409.0,15659748.0,15632597.0,15658144.0,38353764352,15635409.0
2025-11-07 07:00:00+00:00,15636664.0,15642751.0,15627864.0,15633810.0,144344875008,15636664.0
2025-11-07 07:15:00+00:00,15604151.0,15641364.0,15601128.0,15634542.0,5801771008,15604151.0
2025-11-07 07:30:00+00:00,15614900.0,15618076.0,15590626.0,15616939.0,162383527936,15614900.0
2025-11-07 07:45:00+00:00,15641448.0,15646770.0,15615297.0,15620363.0,170561372160,15641448.0
2025-11-07 08:00:00+00:00,15628681.0,15641236.0,15628681.0,15641218.0,121255231488,15628681.0
2025-11-07 08:15:00+00:00,15625465.0,15633362.0,15603280.0,15625191.0,72392638464,15625465.0
2025-11-07 08:30:00+00:00,15576341.0,15623826.0,15571848.0,15623826.0,18087936000,15576341.0
2025-11-07 08:45:00+00:00,15575966.0,15585120.0,15570021.0,15575878.0,69017272320,15575966.0
2025-11-07 09:00:00+00:00,15552867.0,15577486.0,15530176.0,15577486.0,1319108608,15552867.0
2025-11-07 09:15:00+00:00,15497798.0,15567952.0,15497798.0,15551486.0,89305120768,15497798.0
2025-11-07 09:30:00+00:00,15482554.0,15509966.0,15479546.0,15494976.0,69625446400,15482554.0
2025-11-07 09:45:00+00:00,15487942.0,15490366.0,15468397.0,15476304.0,124252061696,15487942.0
2025-11-07 10:00:00+00:00,15492857.0,15527650.0,15483223.0,15483223.0,116046954496,15492857.0
2025-11-07 10:15:00+00:00,15442412.0,15493125.0,15437951.0,15493125.0,64261980160,15442412.0
2025-11-07 10:30:00+00:00,15452068.0,15452516.0,15429451.0,15443877.0,69643272192,15452068.0
2025-11-07 10:45:00+00:00,15435493.0,15470855.0,15416850.0,15455224.0,116775714816,15435493.0
2025-11-07 11:00:00+00:00,15373186.0,15449105.0,15373186.0,15443365.0,105782444032,15373186.0
2025-11-07 11:15:00+00:00,15293667.0,15345105.0,15293667.0,15345105.0,64647856128,15293667.0
2025-11-07 11:30:00+00:00,15331472.0,15334319.0,15285677.0,15285677.0,366842216448,15331472.0
2025-11-07 11:45:00+00:00,15365707.0,15388565.0,15319915.0,15319915.0,210537283584,15365707.0
2025-11-07 12:00:00+00:00,15356308.0,15393727.0,15356308.0,15361146.0,357326389248,15356308.0
2025-11-07 12:15:00+00:00,15305505.0,15348550.0,15302712.0,15348550.0,15041822720,15305505.0
2025-11-07 12:30:00+00:00,15260130.0,15294486.0,15256075.0,15286741.0,219608514560,15260130.0
2025-11-07 12:45:00+00:00,15246414.0,15265003.0,15200706.0,15265003.0,206820081664,15246414.0
2025-11-07 13:00:00+00:00,15300136.0,15314912.0,15216312.0,15242249.0,58240008192,15300136.0
2025-11-07 13:15:00+00:00,15346498.0,15374427.0,15289253.0,15309865.0,116185366528,15346498.0
2025-11-07 13:30:00+00:00,15333629.0,15364251.0,15323174.0,15331492.0,653022724096,15333629.0
2025-11-07 13:45:00+00:00,15375340.0,15411004.0,15342332.0,15342332.0,83681607680,15375340.0
2025-11-07 14:00:00+00:00,15379397.0,15385289.0,15328930.0,15377095.0,128907739136,15379397.0
2025-11-07 14:15:00+00:00,15381383.0,15397286.0,15345755.0,15387847.0,300716916736,15381383.0
2025-11-07 14:30:00+00:00,15347579.0,15375003.0,15260655.0,15375003.0,302487961600,15347579.0
2025-11-07 14:45:00+00:00,15438793.0,15438793.0,15384954.0,15386331.0,121117868032,15438793.0
2025-11-07 15:00:00+00:00,15452729.0,15477567.0,15368188.0,15433974.0,66946334720,15452729.0
2025-11-07 15:15:00+00:00,15471650.0,15499256.0,15403439.0,15485816.0,323467870208,15471650.0
2025-11-07 15:30:00+00:00,15386054.0,15461724.0,15364534.0,15461724.0,158524768256,15386054.0
2025-11-07 15:45:00+00:00,15450078.0,15462435.0,15399566.0,15408464.0,274024366080,15450078.0
2025-11-07 16:00:00+00:00,15381513.0,15442004.0,15381513.0,15430749.0,0,15381513.0
2025-11-07 16:15:00+00:00,15537988.0,15537988.0,15380349.0,15382184.0,59224621056,15537988.0
2025-11-07 16:30:00+00:00,15482119.0,15543004.0,15467413.0,15532879.0,68280123392,15482119.0
2025-11-07 16:45:00+00:00,15449902.0,15513392.0,15449902.0,15508413.0,0,15449902.0
2025-11-07 17:00:00+00:00,15499154.0,15504654.0,15444248.0,15453125.0,31984713728,15499154.0
2025-11-07 17:15:00+00:00,15672170.0,15672170.0,15533348.0,15533348.0,139180638208,15672170.0
2025-11-07 17:30:00+00:00,15629440.0,15718697.0,15626067.0,15646011.0,363838046208,15629440.0
2025-11-07 17:45:00+00:00,15663246.0,15663246.0,15592915.0,15627414.0,266840571904,15663246.0
2025-11-07 18:00:00+00:00,15709692.0,15718754.0,15660324.0,15660324.0,158351753216,15709692.0
2025-11-07 18:15:00+00:00,15718235.0,15733120.0,15673678.0,15711170.0,78861303808,15718235.0
2025-11-07 18:30:00+00:00,15715945.0,15735967.0,15698436.0,15718953.0,122900447232,15715945.0
2025-11-07 18:45:00+00:00,15716635.0,15718321.0,15662272.0,15710117.0,189405331456,15716635.0
2025-11-07 19:00:00+00:00,15728728.0,15728728.0,15702725.0,15724973.0,8876195840,15728728.0
2025-11-07 19:15:00+00:00,15765264.0,15765264.0,15743831.0,15748493.0,62928191488,15765264.0
2025-11-07 19:30:00+00:00,15842006.0,15842006.0,15758736.0,15758736.0,159847022592,15842006.0
2025-11-07 19:45:00+00:00,15848378.0,15848378.0,15825734.0,15844095.0,217445302272,15848378.0
2025-11-07 20:00:00+00:00,15853411.0,15870770.0,15797044.0,15854589.0,169138454528,15853411.0
2025-11-07 20:15:00+00:00,15829872.0,15856581.0,15801670.0,15850245.0,27748466688,15829872.0
2025-11-07 20:30:00+00:00,15904148.0,15908896.0,15837416.0,15837416.0,522207625216,15904148.0
2025-11-07 20:45:00+00:00,15917423.0,15929018.0,15906465.0,15920688.0,52263124992,15917423.0
2025-11-07 21:00:00+00:00,15867327.0,15920968.0,15863490.0,15920968.0,693437988864,15867327.0
2025-11-07 21:15:00+00:00,15868746.0,15881757.0,15863275.0,15866221.0,54830039040,15868746.0
2025-11-07 21:30:00+00:00,15877990.0,15883197.0,15865593.0,15865694.0,52804190208,15877990.0
2025-11-07 21:45:00+00:00,15928257.0,15929762.0,15869063.0,15877923.0,379541520384,15928257.0
2025-11-07 22:00:00+00:00,15945554.0,15961614.0,15921938.0,15931803.0,339605454848,15945554.0
2025-11-07 22:15:00+00:00,15963257.0,15964078.0,15909738.0,15909738.0,3695181824,15963257.0
2025-11-07 22:30:00+00:00,15922186.0,15958896.0,15909363.0,15958896.0,344314609664,15922186.0
2025-11-07 22:45:00+00:00,15915486.0,15942882.0,15911415.0,15920397.0,143878258688,15915486.0
2025-11-07 23:00:00+00:00,15903316.0,15915254.0,15874303.0,15913427.0,166470877184,15903316.0
2025-11-07 23:15:00+00:00,15881950.0,15909980.0,15871945.0,15909980.0,112219652096,15881950.0
2025-11-07 23:30:00+00:00,15877727.0,15904560.0,15877727.0,15889521.0,86324019200,15877727.0
2025-11-07 23:45:00+00:00,15872461.0,15886192.0,15868348.0,15876837.0,12267290624,15872461.0
2025-11-08 00:00:00+00:00,15834651.0,15867987.0,15830322.0,15864004.0,5728370688,15834651.0
2025-11-08 00:15:00+00:00,15825413.0,15870264.0,15825413.0,15853435.0,1139802112,15825413.0
2025-11-08 00:30:00+00:00,15790864.0,15822334.0,15755826.0,15821677.0,162142355456,15790864.0
2025-11-08 00:45:00+00:00,15768456.0,15827829.0,15757900.0,15788165.0,587202560,15768456.0
2025-11-08 01:00:00+00:00,15789419.0,15816851.0,15756431.0,15756431.0,197721587712,15789419.0
2025-11-08 01:15:00+00:00,15803388.0,15814763.0,15799972.0,15802589.0,0,15803388.0
2025-11-08 01:30:00+00:00,15812803.0,15837725.0,15784728.0,15806907.0,121787908096,15812803.0
2025-11-08 01:45:00+00:00,15805182.0,15819805.0,15802437.0,15811922.0,292762419200,15805182.0
2025-11-08 02:00:00+00:00,15826868.0,15826868.0,15799059.0,15805301.0,113353162752,15826868.0
2025-11-08 02:15:00+00:00,15845212.0,15849328.0,15812432.0,15825227.0,6684672000,15845212.0
2025-11-08 02:30:00+00:00,15834196.0,15854221.0,15834196.0,15845063.0,2860515328,15834196.0
2025-11-08 02:45:00+00:00,15789923.0,15829676.0,15773390.0,15826034.0,0,15789923.0
2025-11-08 03:00:00+00:00,15819722.0,15832548.0,15787715.0,15787715.0,101240012800,15819722.0
2025-11-08 03:15:00+00:00,15830564.0,15846761.0,15822903.0,15823333.0,108274909184,15830564.0
2025-11-08 03:30:00+00:00,15766090.0,15818888.0,15766055.0,15818888.0,0,15766090.0
2025-11-08 03:45:00+00:00,15753720.0,15771098.0,15743754.0,15771098.0,13531873280,15753720.0
2025-11-08 04:00:00+00:00,15752688.0,15763403.0,15746180.0,15758382.0,126467702784,15752688.0
2025-11-08 04:15:00+00:00,15733537.0,15752688.0,15733537.0,15752688.0,138808393728,15733537.0
2025-11-08 04:30:00+00:00,15750360.0,15761276.0,15717989.0,15734609.0,137443147776,15750360.0
2025-11-08 04:45:00+00:00,15743137.0,15776501.0,15716657.0,15771211.0,60996714496,15743137.0
2025-11-08 05:00:00+00:00,15741026.0,15759104.0,15740481.0,15740481.0,11775508480,15741026.0
2025-11-08 05:15:00+00:00,15734099.0,15742061.0,15725293.0,15740926.0,0,15734099.0
2025-11-08 05:30:00+00:00,15724595.0,15739194.0,15722767.0,15732726.0,120077680640,15724595.0
2025-11-08 05:45:00+00:00,15706601.0,15733964.0,15705053.0,15723748.0,25337790464,15706601.0
2025-11-08 06:00:00+00:00,15678695.0,15705188.0,15678695.0,15701108.0,217792380928,15678695.0
2025-11-08 06:15:00+00:00,15699189.0,15717891.0,15686091.0,15686091.0,384035717120,15699189.0
2025-11-08 06:30:00+00:00,15723851.0,15733450.0,15706154.0,15706154.0,35553017856,15723851.0
2025-11-08 06:45:00+00:00,15691140.0,15727937.0,15691140.0,15723851.0,117449949184,15691140.0
2025-11-08 07:00:00+00:00,15696273.0,15696273.0,15683720.0,15689546.0,0,15696273.0
2025-11-08 07:15:00+00:00,15664710.0,15704985.0,15648013.0,15697347.0,11631853568,15664710.0
2025-11-08 07:30:00+00:00,15692204.0,15692204.0,15663555.0,15671673.0,119185342464,15692204.0
2025-11-08 07:45:00+00:00,15707867.0,15712842.0,15693956.0,15697176.0,5961154560,15707867.0
2025-11-08 08:00:00+00:00,15723211.0,15725079.0,15703284.0,15709184.0,13149143040,15723211.0
2025-11-08 08:15:00+00:00,15725613.0,15730972.0,15684016.0,15720165.0,138591338496,15725613.0
2025-11-08 08:30:00+00:00,15750902.0,15756709.0,15722622.0,15728887.0,16458448896,15750902.0
2025-11-08 08:45:00+00:00,15725122.0,15747185.0,15725122.0,15747185.0,39692795904,15725122.0
2025-11-08 09:00:00+00:00,15696642.0,15714580.0,15695436.0,15714580.0,0,15696642.0
2025-11-08 09:15:00+00:00,15727917.0,15729330.0,15694301.0,15695482.0,0,15727917.0
2025-11-08 09:30:00+00:00,15741767.0,15745321.0,15728159.0,15728159.0,155720876032,15741767.0
2025-11-08 09:45:00+00:00,15715652.0,15742037.0,15707586.0,15742037.0,5485101056,15715652.0
2025-11-08 10:00:00+00:00,15709553.0,15714290.0,15702098.0,15714290.0,0,15709553.0
2025-11-08 10:15:00+00:00,15733346.0,15733631.0,15708925.0,15708925.0,92603940864,15733346.0
2025-11-08 10:30:00+00:00,15730143.0,15739777.0,15726959.0,15732606.0,4466933760,15730143.0
2025-11-08 10:45:00+00:00,15734420.0,15740704.0,15731727.0,15736334.0,6619660288,15734420.0
2025-11-08 11:00:00+00:00,15742587.0,15750998.0,15728214.0,15728214.0,76280758272,15742587.0
2025-11-08 11:15:00+00:00,15739259.0,15750242.0,15733375.0,15745434.0,0,15739259.0
2025-11-08 11:30:00+00:00,15660674.0,15732569.0,15656040.0,15732569.0,0,15660674.0
2025-11-08 11:45:00+00:00,15633302.0,15663992.0,15624749.0,15654894.0,0,15633302.0
2025-11-08 12:00:00+00:00,15620565.0,15662587.0,15620565.0,15627453.0,98033467392,15620565.0
2025-11-08 12:15:00+00:00,15658063.0,15659950.0,15631743.0,15631743.0,138730799104,15658063.0
2025-11-08 12:30:00+00:00,15652173.0,15661766.0,15652173.0,15655207.0,0,15652173.0
2025-11-08 12:45:00+00:00,15657419.0,15659341.0,15634745.0,15642609.0,0,15657419.0
2025-11-08 13:00:00+00:00,15649027.0,15665817.0,15623394.0,15650265.0,81601232896,15649027.0
2025-11-08 13:15:00+00:00,15670719.0,15678455.0,15638811.0,15651065.0,0,15670719.0
2025-11-08 13:30:00+00:00,15663882.0,15673235.0,15650852.0,15669124.0,109307756544,15663882.0
2025-11-08 13:45:00+00:00,15626601.0,15658568.0,15626601.0,15658568.0,132490723328,15626601.0
2025-11-08 14:00:00+00:00,15600134.0,15630740.0,15590395.0,15626642.0,14347665408,15600134.0
2025-11-08 14:15:00+00:00,15612492.0,15613533.0,15573794.0,15598595.0,11550064640,15612492.0
2025-11-08 14:30:00+00:00,15652272.0,15664510.0,15598351.0,15598351.0,194408087552,15652272.0
2025-11-08 14:45:00+00:00,15633890.0,15663715.0,15633890.0,15645580.0,32325500928,15633890.0
2025-11-08 15:00:00+00:00,15624042.0,15642992.0,15624042.0,15633890.0,14854127616,15624042.0
2025-11-08 15:15:00+00:00,15585262.0,15643766.0,15578789.0,15631188.0,0,15585262.0
2025-11-08 15:30:00+00:00,15591971.0,15603508.0,15583449.0,15593023.0,61704503296,15591971.0
2025-11-08 15:45:00+00:00,15612192.0,15614755.0,15588598.0,15588598.0,0,15612192.0
2025-11-08 16:00:00+00:00,15646486.0,15646486.0,15590204.0,15617260.0,62739447808,15646486.0
2025-11-08 16:15:00+00:00,15633621.0,15645528.0,15608221.0,15645528.0,0,15633621.0
2025-11-08 16:30:00+00:00,15624268.0,15647461.0,15621926.0,15633621.0,71537000448,15624268.0
2025-11-08 16:45:00+00:00,15622801.0,15624951.0,15606480.0,15618725.0,7920943104,15622801.0
2025-11-08 17:00:00+00:00,15604378.0,15636175.0,15585896.0,15636175.0,8143241216,15604378.0
2025-11-08 17:15:00+00:00,15630513.0,15633332.0,15604378.0,15604378.0,94160027648,15630513.0
2025-11-08 17:30:00+00:00,15632694.0,15648301.0,15628923.0,15628923.0,0,15632694.0
2025-11-08 17:45:00+00:00,15656014.0,15656014.0,15624803.0,15645573.0,155066564608,15656014.0
2025-11-08 18:00:00+00:00,15658834.0,15658834.0,15632336.0,15654839.0,67250421760,15658834.0
2025-11-08 18:15:00+00:00,15655432.0,15657980.0,15620877.0,15640950.0,91682242560,15655432.0
2025-11-08 18:30:00+00:00,15667990.0,15671702.0,15647461.0,15671702.0,10445914112,15667990.0
2025-11-08 18:45:00+00:00,15692564.0,15692564.0,15652740.0,15670657.0,0,15692564.0
2025-11-08 19:00:00+00:00,15677406.0,15687558.0,15655425.0,15671971.0,0,15677406.0
2025-11-08 19:15:00+00:00,15614003.0,15677406.0,15593672.0,15677406.0,42226155520,15614003.0
2025-11-08 19:30:00+00:00,15652009.0,15660522.0,15616881.0,15627540.0,78340685824,15652009.0
2025-11-08 19:45:00+00:00,15649388.0,15655882.0,15628507.0,15638600.0,0,15649388.0
2025-11-08 20:00:00+00:00,15654852.0,15665780.0,15654722.0,15654722.0,132759158784,15654852.0
2025-11-08 20:15:00+00:00,15673768.0,15673768.0,15648837.0,15654064.0,0,15673768.0
2025-11-08 20:30:00+00:00,15676516.0,15678213.0,15669970.0,15670535.0,102635667456,15676516.0
2025-11-08 20:45:00+00:00,15665088.0,15681172.0,15654780.0,15676145.0,103853588480,15665088.0
2025-11-08 21:00:00+00:00,15672803.0,15676330.0,15666510.0,15666510.0,0,15672803.0
2025-11-08 21:15:00+00:00,15656718.0,15674028.0,15649940.0,15667764.0,793247744,15656718.0
2025-11-08 21:30:00+00:00,15706407.0,15706407.0,15673522.0,15674052.0,136313831424,15706407.0
2025-11-08 21:45:00+00:00,15702167.0,15712247.0,15685767.0,15707430.0,15040774144,15702167.0
2025-11-08 22:00:00+00:00,15698184.0,15702708.0,15679716.0,15701720.0,87041769472,15698184.0
2025-11-08 22:15:00+00:00,15709296.0,15712011.0,15688089.0,15701216.0,132889182208,15709296.0
2025-11-08 22:30:00+00:00,15702131.0,15708145.0,15688873.0,15707657.0,102336299008,15702131.0
2025-11-08 22:45:00+00:00,15719185.0,15722450.0,15691924.0,15702239.0,140817465344,15719185.0
2025-11-08 23:00:00+00:00,15720110.0,15722694.0,15693338.0,15717709.0,110701314048,15720110.0
2025-11-08 23:15:00+00:00,15723807.0,15723807.0,15699004.0,15717725.0,0,15723807.0
2025-11-08 23:30:00+00:00,15715459.0,15731500.0,15709492.0,15725792.0,106588798976,15715459.0
2025-11-08 23:45:00+00:00,15705146.0,15717350.0,15690869.0,15717350.0,5810683904,15705146.0
2025-11-09 00:00:00+00:00,15672292.0,15708822.0,15672292.0,15705714.0,109981466624,15672292.0
2025-11-09 00:15:00+00:00,15617692.0,15666425.0,15612112.0,15655965.0,24156045312,15617692.0
2025-11-09 00:30:00+00:00,15661811.0,15667974.0,15623007.0,15623007.0,160491896832,15661811.0
2025-11-09 00:45:00+00:00,15625808.0,15661754.0,15623133.0,15661754.0,109514326016,15625808.0
2025-11-09 01:00:00+00:00,15638927.0,15658507.0,15624834.0,15624834.0,26870808576,15638927.0
2025-11-09 01:15:00+00:00,15625328.0,15654331.0,15625328.0,15633203.0,3668443136,15625328.0
2025-11-09 01:30:00+00:00,15646216.0,15646216.0,15605078.0,15625328.0,2713714688,15646216.0
2025-11-09 01:45:00+00:00,15667986.0,15670053.0,15641315.0,15641315.0,68681728,15667986.0
2025-11-09 02:00:00+00:00,15632053.0,15665435.0,15632053.0,15665435.0,111465725952,15632053.0
2025-11-09 02:15:00+00:00,15642345.0,15656324.0,15624851.0,15632053.0,0,15642345.0
2025-11-09 02:30:00+00:00,15628538.0,15642213.0,15616225.0,15642213.0,0,15628538.0
2025-11-09 02:45:00+00:00,15602698.0,15639307.0,15602698.0,15626172.0,136698134528,15602698.0
2025-11-09 03:00:00+00:00,15619951.0,15625445.0,15596305.0,15602294.0,162412363776,15619951.0
2025-11-09 03:15:00+00:00,15580036.0,15628176.0,15580036.0,15606692.0,7472676864,15580036.0
2025-11-09 03:30:00+00:00,15616189.0,15616189.0,15570590.0,15595489.0,140048859136,15616189.0
2025-11-09 03:45:00+00:00,15607986.0,15614574.0,15591492.0,15606764.0,7600603136,15607986.0
2025-11-09 04:00:00+00:00,15629157.0,15631262.0,15605167.0,15605504.0,235162566656,15629157.0
2025-11-09 04:15:00+00:00,15664228.0,15669136.0,15631219.0,15631219.0,137141682176,15664228.0
2025-11-09 04:30:00+00:00,15638358.0,15669869.0,15638358.0,15667835.0,124902703104,15638358.0
2025-11-09 04:45:00+00:00,15615846.0,15638833.0,15610656.0,15626232.0,0,15615846.0
2025-11-09 05:00:00+00:00,15623364.0,15623566.0,15609513.0,15615751.0,0,15623364.0
2025-11-09 05:15:00+00:00,15644557.0,15644557.0,15616285.0,15625305.0,130541420544,15644557.0
2025-11-09 05:30:00+00:00,15637381.0,15647968.0,15625055.0,15647968.0,38470156288,15637381.0
2025-11-09 05:45:00+00:00,15643455.0,15643455.0,15626427.0,15633452.0,3267362816,15643455.0
2025-11-09 06:00:00+00:00,15636611.0,15648152.0,15632969.0,15643795.0,92177694720,15636611.0
2025-11-09 06:15:00+00:00,15641171.0,15643269.0,15625755.0,15625755.0,0,15641171.0
2025-11-09 06:30:00+00:00,15647906.0,15647906.0,15623280.0,15640517.0,1066926080,15647906.0
2025-11-09 06:45:00+00:00,15615514.0,15646591.0,15615514.0,15646591.0,118398386176,15615514.0
2025-11-09 07:00:00+00:00,15637788.0,15637788.0,15603900.0,15603900.0,5227675648,15637788.0
2025-11-09 07:15:00+00:00,15628520.0,15633734.0,15611625.0,15633734.0,124907945984,15628520.0
2025-11-09 07:30:00+00:00,15639009.0,15644153.0,15617170.0,15626224.0,129954742272,15639009.0
2025-11-09 07:45:00+00:00,15644000.0,15646975.0,15637984.0,15638336.0,16052649984,15644000.0
2025-11-09 08:00:00+00:00,15649045.0,15651000.0,15637518.0,15649663.0,113946656768,15649045.0
2025-11-09 08:15:00+00:00,15642893.0,15661484.0,15623060.0,15641952.0,122812366848,15642893.0
2025-11-09 08:30:00+00:00,15646447.0,15660643.0,15633500.0,15643442.0,123865137152,15646447.0
2025-11-09 08:45:00+00:00,15640433.0,15651280.0,15634777.0,15647313.0,82917720064,15640433.0
2025-11-09 09:00:00+00:00,15672523.0,15672523.0,15655644.0,15655644.0,0,15672523.0
2025-11-09 09:15:00+00:00,15660973.0,15679633.0,15652177.0,15668800.0,244462911488,15660973.0
2025-11-09 09:30:00+00:00,15653828.0,15658447.0,15639708.0,15651873.0,1398276096,15653828.0
2025-11-09 09:45:00+00:00,15610852.0,15647211.0,15604235.0,15647211.0,22128099328,15610852.0
2025-11-09 10:00:00+00:00,15594376.0,15606048.0,15586926.0,15606048.0,34739847168,15594376.0
2025-11-09 10:15:00+00:00,15621577.0,15621577.0,15589851.0,15596058.0,32122601472,15621577.0
2025-11-09 10:30:00+00:00,15609635.0,15618343.0,15586230.0,15618343.0,273590255616,15609635.0
2025-11-09 10:45:00+00:00,15634912.0,15640843.0,15611859.0,15611859.0,129514340352,15634912.0
2025-11-09 11:00:00+00:00,15672297.0,15672297.0,15632702.0,15638511.0,7390363648,15672297.0
2025-11-09 11:15:00+00:00,15692452.0,15698879.0,15671534.0,15686524.0,85196800000,15692452.0
2025-11-09 11:30:00+00:00,15685501.0,15692452.0,15664883.0,15692452.0,115442450432,15685501.0
2025-11-09 11:45:00+00:00,15690563.0,15702474.0,15680865.0,15684795.0,96298074112,15690563.0
2025-11-09 12:00:00+00:00,15696632.0,15696632.0,15678180.0,15693664.0,0,15696632.0
2025-11-09 12:15:00+00:00,15690250.0,15720622.0,15690250.0,15696642.0,156899999744,15690250.0
2025-11-09 12:30:00+00:00,15686095.0,15699278.0,15679142.0,15686900.0,155195015168,15686095.0
2025-11-09 12:45:00+00:00,15670173.0,15689133.0,15670173.0,15684693.0,12126781440,15670173.0
2025-11-09 13:00:00+00:00,15723471.0,15723471.0,15666048.0,15671603.0,103274250240,15723471.0
2025-11-09 13:15:00+00:00,15732357.0,15732357.0,15712977.0,15713804.0,128269156352,15732357.0
2025-11-09 13:30:00+00:00,15770086.0,15770086.0,15734189.0,15735107.0,44397756416,15770086.0
2025-11-09 13:45:00+00:00,15796369.0,15810662.0,15768992.0,15776422.0,136283947008,15796369.0
2025-11-09 14:00:00+00:00,15827207.0,15831310.0,15780662.0,15799971.0,0,15827207.0
2025-11-09 14:15:00+00:00,15910670.0,15910670.0,15807428.0,15824543.0,149126381568,15910670.0
2025-11-09 14:30:00+00:00,15859718.0,15965100.0,15854549.0,15938018.0,469734785024,15859718.0
2025-11-09 14:45:00+00:00,15819564.0,15864717.0,15819564.0,15863121.0,79983804416,15819564.0
2025-11-09 15:00:00+00:00,15871596.0,15878469.0,15811352.0,15811352.0,179467976704,15871596.0
2025-11-09 15:15:00+00:00,15886870.0,15900715.0,15850981.0,15850981.0,146628149248,15886870.0
2025-11-09 15:30:00+00:00,15947126.0,15947126.0,15886870.0,15886870.0,39905656832,15947126.0
2025-11-09 15:45:00+00:00,15931597.0,15970633.0,15919833.0,15943090.0,216617451520,15931597.0
2025-11-09 16:00:00+00:00,15888591.0,15941387.0,15871326.0,15927339.0,58193346560,15888591.0
2025-11-09 16:15:00+00:00,15892037.0,15895389.0,15870612.0,15888591.0,144131489792,15892037.0
2025-11-09 16:30:00+00:00,15887115.0,15890489.0,15856305.0,15890152.0,181011480576,15887115.0
2025-11-09 16:45:00+00:00,15940810.0,15940810.0,15890663.0,15890663.0,62828576768,15940810.0
2025-11-09 17:00:00+00:00,15913929.0,15955714.0,15902933.0,15940992.0,425172402176,15913929.0
2025-11-09 17:15:00+00:00,15886735.0,15912458.0,15874328.0,15912458.0,195259531264,15886735.0
2025-11-09 17:30:00+00:00,15874815.0,15933758.0,15874815.0,15895402.0,34018426880,15874815.0
2025-11-09 17:45:00+00:00,15907442.0,15913377.0,15876598.0,15893775.0,414922047488,15907442.0
2025-11-09 18:00:00+00:00,15916466.0,15924291.0,15899881.0,15910015.0,282200637440,15916466.0
2025-11-09 18:15:00+00:00,15885857.0,15917944.0,15868812.0,15913170.0,167284572160,15885857.0
2025-11-09 18:30:00+00:00,15909974.0,15910650.0,15884858.0,15885857.0,5011668992,15909974.0
2025-11-09 18:45:00+00:00,16043464.0,16043464.0,15913381.0,15913381.0,282273513472,16043464.0
2025-11-09 19:00:00+00:00,16021948.0,16054643.0,16004793.0,16046653.0,59799240704,16021948.0
