timestamp,open,high,low,close,volume
2025-11-03 00:02:00,17041578.0,17041604.0,17041578.0,17041604.0,0
2025-11-03 00:04:00,17041534.0,17045976.0,17041534.0,17045976.0,9776922624
2025-11-03 00:06:00,17064648.0,17064648.0,17064648.0,17064648.0,0
2025-11-03 00:07:00,17070006.0,17070006.0,17070006.0,17070006.0,0
2025-11-03 00:09:00,17065644.0,17070910.0,17058484.0,17070910.0,27569160192
2025-11-03 00:12:00,17061676.0,17061676.0,17052208.0,17052208.0,130563440640
2025-11-03 00:13:00,17055368.0,17055368.0,17055368.0,17055368.0,0
2025-11-03 00:15:00,17064174.0,17064174.0,17064174.0,17064174.0,1377304576
2025-11-03 00:17:00,17066638.0,17066638.0,17066442.0,17066442.0,129404764160
2025-11-03 00:18:00,17061102.0,17061102.0,17061102.0,17061102.0,0
2025-11-03 00:19:00,17059554.0,17059554.0,17059554.0,17059554.0,0
2025-11-03 00:21:00,17056596.0,17056596.0,17044356.0,17044356.0,144039215104
2025-11-03 00:23:00,17039644.0,17039644.0,17039644.0,17039644.0,0
2025-11-03 00:24:00,17035332.0,17035332.0,17035332.0,17035332.0,134741491712
2025-11-03 00:25:00,17037474.0,17037474.0,17037474.0,17037474.0,6518472704
2025-11-03 00:26:00,17034582.0,17034582.0,17027864.0,17027864.0,3492806656
2025-11-03 00:27:00,17022426.0,17022426.0,17022426.0,17022426.0,0
2025-11-03 00:28:00,17014068.0,17014068.0,17014068.0,17014068.0,0
2025-11-03 00:30:00,17014822.0,17014822.0,17008972.0,17008972.0,0
2025-11-03 00:32:00,17010560.0,17010560.0,17008640.0,17008640.0,0
2025-11-03 00:34:00,17006142.0,17006142.0,17006142.0,17006142.0,201326592
2025-11-03 00:35:00,17002458.0,17002458.0,17002458.0,17002458.0,0
2025-11-03 00:38:00,17005004.0,17005004.0,17001492.0,17003698.0,3781689344
2025-11-03 00:39:00,17003470.0,17003470.0,17003470.0,17003470.0,0
2025-11-03 00:41:00,17006860.0,17006860.0,17005548.0,17005548.0,0
2025-11-03 00:43:00,17003348.0,17003348.0,17003348.0,17003348.0,2091384832
2025-11-03 00:44:00,16997008.0,16998234.0,16997008.0,16998234.0,0
2025-11-03 00:46:00,17005656.0,17005656.0,17005656.0,17005656.0,15786311680
2025-11-03 00:47:00,17000166.0,17000166.0,17000166.0,17000166.0,0
2025-11-03 00:48:00,16994126.0,16994126.0,16994126.0,16994126.0,2214068224
2025-11-03 00:49:00,16992516.0,16992516.0,16992516.0,16992516.0,0
2025-11-03 00:50:00,16987098.0,16989884.0,16987098.0,16989884.0,0
2025-11-03 00:52:00,16987122.0,16987122.0,16975318.0,16975318.0,9036627968
2025-11-03 00:53:00,16974602.0,16974602.0,16974602.0,16974602.0,0
2025-11-03 00:54:00,16962806.0,16962806.0,16962806.0,16962806.0,12208046080
2025-11-03 00:55:00,16949810.0,16949810.0,16949810.0,16949810.0,1463287808
2025-11-03 00:56:00,16939518.0,16939518.0,16939518.0,16939518.0,0
2025-11-03 00:57:00,16932194.0,16932194.0,16932194.0,16932194.0,25318391808
2025-11-03 00:59:00,16933828.0,16933828.0,16925670.0,16925670.0,3117416448
2025-11-03 01:01:00,16906938.0,16906938.0,16906938.0,16906938.0,0
2025-11-03 01:02:00,16905706.0,16905706.0,16894108.0,16894108.0,11682709504
2025-11-03 01:04:00,16889308.0,16889308.0,16889308.0,16889308.0,0
2025-11-03 01:05:00,16886742.0,16886742.0,16886742.0,16886742.0,12952010752
2025-11-03 01:06:00,16884140.0,16895126.0,16884140.0,16895126.0,26161971200
2025-11-03 01:07:00,16886494.0,16886494.0,16886494.0,16886494.0,1829765120
2025-11-03 01:08:00,16906352.0,16906352.0,16906352.0,16906352.0,0
2025-11-03 01:09:00,16922502.0,16922502.0,16922502.0,16922502.0,32436649984
2025-11-03 01:10:00,16926822.0,16926822.0,16926822.0,16926822.0,0
2025-11-03 01:11:00,16926404.0,16926404.0,16926404.0,16926404.0,6714556416
2025-11-03 01:12:00,16921372.0,16921372.0,16921372.0,16921372.0,31490834432
2025-11-03 01:15:00,16924184.0,16924184.0,16915008.0,16915008.0,5584191488
2025-11-03 01:17:00,16913768.0,16913768.0,16913768.0,16913768.0,10202644480
2025-11-03 01:18:00,16917342.0,16922446.0,16917342.0,16922446.0,3776970752
2025-11-03 01:20:00,16922424.0,16922424.0,16922424.0,16922424.0,0
2025-11-03 01:21:00,16906160.0,16907068.0,16906160.0,16907068.0,8613527552
2025-11-03 01:22:00,16896980.0,16896980.0,16896980.0,16896980.0,0
2025-11-03 01:24:00,16886370.0,16886370.0,16885758.0,16885758.0,9436659712
2025-11-03 01:25:00,16884448.0,16884448.0,16884448.0,16884448.0,7269777408
2025-11-03 01:26:00,16884820.0,16884820.0,16884820.0,16884820.0,0
2025-11-03 01:27:00,16889408.0,16889408.0,16889408.0,16889408.0,26582974464
2025-11-03 01:28:00,16892476.0,16892476.0,16892476.0,16892476.0,289406976
2025-11-03 01:30:00,16893790.0,16893790.0,16893790.0,16893790.0,425197568
2025-11-03 01:31:00,16902308.0,16902308.0,16902308.0,16902308.0,139291262976
2025-11-03 01:32:00,16900824.0,16900824.0,16900824.0,16900824.0,0
2025-11-03 01:33:00,16904874.0,16904896.0,16904874.0,16904896.0,5126488064
2025-11-03 01:34:00,16902794.0,16902794.0,16902794.0,16902794.0,0
2025-11-03 01:35:00,16858906.0,16858906.0,16858906.0,16858906.0,0
2025-11-03 01:36:00,16868856.0,16868856.0,16868856.0,16868856.0,0
2025-11-03 01:38:00,16883674.0,16909928.0,16883674.0,16909928.0,142034862080
2025-11-03 01:40:00,16900818.0,16900818.0,16896450.0,16896450.0,0
2025-11-03 01:41:00,16888274.0,16888274.0,16888274.0,16888274.0,0
2025-11-03 01:42:00,16887614.0,16887614.0,16887614.0,16887614.0,136171749376
2025-11-03 01:44:00,16899156.0,16899156.0,16899156.0,16899156.0,20289945600
2025-11-03 01:45:00,16908042.0,16908042.0,16908042.0,16908042.0,1699217408
2025-11-03 01:47:00,16921362.0,16923648.0,16921362.0,16923648.0,0
2025-11-03 01:48:00,16927564.0,16927564.0,16918900.0,16918900.0,146332450816
2025-11-03 01:49:00,16912416.0,16912416.0,16912416.0,16912416.0,0
2025-11-03 01:50:00,16904042.0,16904042.0,16904042.0,16904042.0,13945536512
2025-11-03 01:51:00,16899318.0,16899318.0,16899318.0,16899318.0,1418199040
2025-11-03 01:53:00,16897314.0,16897314.0,16897050.0,16897050.0,0
2025-11-03 01:55:00,16903102.0,16903102.0,16900504.0,16900504.0,2215116800
2025-11-03 01:56:00,16895400.0,16895400.0,16895400.0,16895400.0,0
2025-11-03 01:59:00,16896126.0,16901890.0,16896126.0,16901890.0,142402387968
2025-11-03 02:00:00,16903236.0,16903236.0,16903236.0,16903236.0,0
2025-11-03 02:02:00,16906094.0,16906094.0,16906094.0,16906094.0,0
2025-11-03 02:03:00,16903282.0,16903282.0,16899550.0,16899550.0,0
2025-11-03 02:04:00,16892970.0,16892970.0,16881468.0,16881468.0,0
2025-11-03 02:05:00,16880880.0,16880880.0,16880880.0,16880880.0,0
2025-11-03 02:07:00,16876190.0,16876190.0,16861134.0,16861134.0,35547774976
2025-11-03 02:08:00,16887680.0,16887680.0,16887680.0,16887680.0,16011755520
2025-11-03 02:09:00,16881478.0,16881478.0,16881478.0,16881478.0,9963044864
2025-11-03 02:10:00,16881566.0,16881566.0,16881566.0,16881566.0,0
2025-11-03 02:13:00,16876586.0,16881924.0,16876586.0,16881924.0,12721848320
2025-11-03 02:14:00,16906966.0,16906966.0,16899460.0,16899460.0,0
2025-11-03 02:15:00,16892120.0,16892120.0,16892120.0,16892120.0,29168762880
2025-11-03 02:17:00,16879224.0,16879224.0,16879224.0,16879224.0,0
2025-11-03 02:18:00,16878330.0,16878330.0,16869340.0,16869340.0,17803771904
2025-11-03 02:19:00,16867898.0,16867898.0,16867898.0,16867898.0,0
2025-11-03 02:20:00,16885442.0,16885442.0,16885442.0,16885442.0,3456630784
2025-11-03 02:21:00,16882694.0,16882694.0,16882694.0,16882694.0,6938951680
2025-11-03 02:22:00,16873722.0,16873722.0,16873722.0,16873722.0,0
2025-11-03 02:24:00,16880926.0,16880926.0,16880926.0,16880926.0,5839519744
2025-11-03 02:25:00,16883130.0,16883130.0,16882364.0,16882364.0,7682392064
2025-11-03 02:26:00,16872776.0,16872776.0,16872776.0,16872776.0,5427429376
2025-11-03 02:27:00,16850202.0,16850202.0,16850202.0,16850202.0,8963227648
2025-11-03 02:28:00,16836958.0,16836958.0,16836958.0,16836958.0,0
2025-11-03 02:29:00,16832418.0,16832418.0,16832418.0,16832418.0,11724652544
2025-11-03 02:30:00,16808916.0,16808916.0,16808916.0,16808916.0,44508905472
2025-11-03 02:32:00,16802430.0,16802430.0,16800370.0,16800370.0,30037508096
2025-11-03 02:33:00,16779948.0,16779948.0,16779948.0,16779948.0,7659847680
2025-11-03 02:35:00,16785528.0,16785528.0,16785528.0,16785528.0,3305635840
2025-11-03 02:36:00,16794154.0,16794154.0,16794154.0,16794154.0,6914834432
2025-11-03 02:37:00,16788322.0,16788322.0,16788322.0,16788322.0,2999451648
2025-11-03 02:38:00,16784050.0,16784050.0,16784050.0,16784050.0,15890120704
2025-11-03 02:39:00,16776334.0,16776334.0,16776334.0,16776334.0,0
2025-11-03 02:40:00,16776799.0,16776799.0,16775698.0,16775698.0,26073366528
2025-11-03 02:41:00,16775632.0,16775632.0,16775632.0,16775632.0,0
2025-11-03 02:42:00,16778030.0,16778030.0,16778030.0,16778030.0,8302100480
2025-11-03 02:43:00,16780014.0,16780014.0,16780014.0,16780014.0,2012741632
2025-11-03 02:44:00,16778740.0,16778740.0,16778740.0,16778740.0,12318670848
2025-11-03 02:45:00,16766929.0,16766929.0,16766929.0,16766929.0,35622748160
2025-11-03 02:47:00,16755253.0,16755253.0,16752706.0,16752706.0,0
2025-11-03 02:48:00,16767782.0,16767782.0,16767782.0,16767782.0,11379146752
2025-11-03 02:49:00,16761834.0,16761834.0,16761834.0,16761834.0,42163765248
2025-11-03 02:50:00,16765582.0,16765582.0,16765582.0,16765582.0,3988258816
2025-11-03 02:51:00,16787202.0,16787202.0,16787202.0,16787202.0,21371551744
2025-11-03 02:52:00,16776409.0,16776409.0,16776409.0,16776409.0,2137522176
2025-11-03 02:53:00,16776336.0,16776336.0,16776336.0,16776336.0,0
2025-11-03 02:54:00,16800822.0,16800822.0,16800822.0,16800822.0,30779375616
2025-11-03 02:57:00,16797888.0,16797888.0,16792594.0,16792594.0,0
2025-11-03 02:58:00,16796046.0,16799888.0,16796046.0,16799888.0,16514547712
2025-11-03 03:00:00,16798402.0,16798402.0,16798402.0,16798402.0,0
2025-11-03 03:02:00,16807716.0,16809818.0,16804520.0,16809818.0,23479189504
2025-11-03 03:03:00,16812852.0,16812852.0,16812852.0,16812852.0,0
2025-11-03 03:04:00,16804934.0,16804934.0,16804934.0,16804934.0,24154996736
2025-11-03 03:06:00,16803766.0,16803766.0,16792592.0,16792592.0,23213375488
2025-11-03 03:07:00,16791044.0,16791044.0,16791044.0,16791044.0,0
2025-11-03 03:08:00,16780600.0,16780600.0,16780600.0,16780600.0,118189195264
2025-11-03 03:10:00,16779212.0,16779212.0,16779212.0,16779212.0,0
2025-11-03 03:11:00,16755225.0,16755225.0,16755225.0,16755225.0,36400791552
2025-11-03 03:12:00,16743049.0,16743049.0,16721854.0,16721854.0,0
2025-11-03 03:14:00,16712391.0,16712391.0,16679373.0,16679373.0,0
2025-11-03 03:15:00,16699309.0,16699309.0,16699309.0,16699309.0,67372056576
2025-11-03 03:17:00,16701212.0,16701212.0,16685150.0,16685150.0,13115064320
2025-11-03 03:18:00,16701867.0,16701867.0,16701867.0,16701867.0,38067503104
2025-11-03 03:19:00,16698295.0,16698295.0,16698295.0,16698295.0,0
2025-11-03 03:20:00,16696057.0,16696057.0,16696057.0,16696057.0,5843714048
2025-11-03 03:21:00,16689102.0,16689102.0,16689102.0,16689102.0,10745806848
2025-11-03 03:22:00,16678438.0,16678438.0,16678438.0,16678438.0,0
2025-11-03 03:23:00,16672453.0,16672453.0,16672453.0,16672453.0,23267377152
2025-11-03 03:24:00,16661942.0,16661942.0,16661942.0,16661942.0,31694782464
2025-11-03 03:25:00,16654624.0,16654624.0,16654624.0,16654624.0,5373427712
2025-11-03 03:27:00,16641780.0,16641780.0,16641780.0,16641780.0,19131793408
2025-11-03 03:28:00,16650891.0,16650891.0,16650891.0,16650891.0,48885137408
2025-11-03 03:29:00,16655439.0,16655439.0,16655439.0,16655439.0,13690208256
2025-11-03 03:30:00,16655806.0,16655806.0,16655806.0,16655806.0,136839168
2025-11-03 03:32:00,16652985.0,16652985.0,16652985.0,16652985.0,38031851520
2025-11-03 03:33:00,16652044.0,16652044.0,16652044.0,16652044.0,3282567168
2025-11-03 03:34:00,16663300.0,16670631.0,16663300.0,16670631.0,34347155456
2025-11-03 03:35:00,16679965.0,16679965.0,16679965.0,16679965.0,0
2025-11-03 03:37:00,16674907.0,16685393.0,16674907.0,16685393.0,21373124608
2025-11-03 03:39:00,16688210.0,16688210.0,16675272.0,16675272.0,0
2025-11-03 03:40:00,16688908.0,16688908.0,16688908.0,16688908.0,234113466368
2025-11-03 03:41:00,16687235.0,16687235.0,16687235.0,16687235.0,0
2025-11-03 03:42:00,16687235.0,16687235.0,16687235.0,16687235.0,0
2025-11-03 03:44:00,16686576.0,16686576.0,16686576.0,16686576.0,234089873408
2025-11-03 03:47:00,16655897.0,16655897.0,16655897.0,16655897.0,30833901568
2025-11-03 03:48:00,16654187.0,16658836.0,16654187.0,16658836.0,0
2025-11-03 03:49:00,16663366.0,16663366.0,16663366.0,16663366.0,23768596480
2025-11-03 03:51:00,16651859.0,16659293.0,16651859.0,16659293.0,0
2025-11-03 03:52:00,16652243.0,16652243.0,16643588.0,16643588.0,0
2025-11-03 03:53:00,16634941.0,16634941.0,16634941.0,16634941.0,43599265792
2025-11-03 03:54:00,16640678.0,16640678.0,16640678.0,16640678.0,0
2025-11-03 03:56:00,16641494.0,16641494.0,16633541.0,16633541.0,0
2025-11-03 03:58:00,16643166.0,16643166.0,16640024.0,16640024.0,24961351680
2025-11-03 04:00:00,16638996.0,16638996.0,16638996.0,16638996.0,5437915136
2025-11-03 04:01:00,16633775.0,16633775.0,16633775.0,16633775.0,197720014848
2025-11-03 04:03:00,16624461.0,16629577.0,16623106.0,16623106.0,15713435648
2025-11-03 04:05:00,16622022.0,16622022.0,16622022.0,16622022.0,0
2025-11-03 04:06:00,16596950.0,16596950.0,16596950.0,16596950.0,0
2025-11-03 04:07:00,16573707.0,16576777.0,16573707.0,16576777.0,97090797568
2025-11-03 04:09:00,16601234.0,16601234.0,16594799.0,16594799.0,10520363008
2025-11-03 04:11:00,16608065.0,16608065.0,16584022.0,16584022.0,24165482496
2025-11-03 04:13:00,16582583.0,16582583.0,16582583.0,16582583.0,0
2025-11-03 04:14:00,16586392.0,16586392.0,16586392.0,16586392.0,19938148352
2025-11-03 04:16:00,16589002.0,16589002.0,16589002.0,16589002.0,2299527168
2025-11-03 04:17:00,16583445.0,16583445.0,16574326.0,16574568.0,0
2025-11-03 04:18:00,16579961.0,16579961.0,16579961.0,16579961.0,33124515840
2025-11-03 04:19:00,16561877.0,16561877.0,16561877.0,16561877.0,0
2025-11-03 04:21:00,16559780.0,16569232.0,16559780.0,16569232.0,8336703488
2025-11-03 04:23:00,16589370.0,16603427.0,16589370.0,16603427.0,0
2025-11-03 04:25:00,16601926.0,16601926.0,16601926.0,16601926.0,496374906880
2025-11-03 04:26:00,16599054.0,16599054.0,16599054.0,16599054.0,6944718848
2025-11-03 04:27:00,16601887.0,16601887.0,16601887.0,16601887.0,0
2025-11-03 04:29:00,16616489.0,16616489.0,16616489.0,16616489.0,40904425472
2025-11-03 04:30:00,16616321.0,16616321.0,16616321.0,16616321.0,0
2025-11-03 04:32:00,16602486.0,16602486.0,16602486.0,16602486.0,106300964864
2025-11-03 04:33:00,16603995.0,16613712.0,16603995.0,16613712.0,0
2025-11-03 04:34:00,16618904.0,16618904.0,16618904.0,16618904.0,0
2025-11-03 04:36:00,16623832.0,16623832.0,16618971.0,16618971.0,0
2025-11-03 04:37:00,16610398.0,16610398.0,16610398.0,16610398.0,117710520320
2025-11-03 04:38:00,16613255.0,16613255.0,16613255.0,16613255.0,0
2025-11-03 04:39:00,16613270.0,16613270.0,16613270.0,16613270.0,6291456
2025-11-03 04:41:00,16621811.0,16621811.0,16621811.0,16621811.0,24068489216
2025-11-03 04:42:00,16623222.0,16623222.0,16623222.0,16623222.0,0
2025-11-03 04:44:00,16600647.0,16600647.0,16592619.0,16592619.0,108497731584
2025-11-03 04:47:00,16591694.0,16591694.0,16591694.0,16591694.0,0
2025-11-03 04:48:00,16601883.0,16603585.0,16601883.0,16603585.0,105644032000
2025-11-03 04:49:00,16604716.0,16604716.0,16604716.0,16604716.0,450363392
2025-11-03 04:50:00,16610162.0,16610162.0,16610162.0,16610162.0,11163664384
2025-11-03 04:51:00,16612679.0,16612679.0,16612679.0,16612679.0,2380267520
2025-11-03 04:54:00,16626090.0,16626090.0,16626090.0,16626090.0,0
2025-11-03 04:55:00,16633460.0,16633460.0,16633460.0,16633460.0,2142240768
2025-11-03 04:56:00,16634320.0,16634320.0,16634320.0,16634320.0,990380032
2025-11-03 04:57:00,16628877.0,16628877.0,16628877.0,16628877.0,2410151936
2025-11-03 04:58:00,16629471.0,16629471.0,16617693.0,16617693.0,0
2025-11-03 04:59:00,16623841.0,16623841.0,16623841.0,16623841.0,88604672
2025-11-03 05:00:00,16624636.0,16624636.0,16624636.0,16624636.0,0
2025-11-03 05:02:00,16629102.0,16629102.0,16629102.0,16629102.0,5877268480
2025-11-03 05:03:00,16626123.0,16631332.0,16626123.0,16631332.0,0
2025-11-03 05:04:00,16631521.0,16631521.0,16631521.0,16631521.0,74448896
2025-11-03 05:06:00,16631548.0,16631548.0,16629943.0,16629943.0,0
2025-11-03 05:08:00,16638935.0,16638935.0,16638935.0,16638935.0,25592594432
2025-11-03 05:10:00,16636039.0,16642146.0,16636039.0,16637577.0,0
2025-11-03 05:12:00,16625255.0,16625255.0,16618120.0,16618120.0,117239709696
2025-11-03 05:13:00,16616950.0,16616950.0,16616950.0,16616950.0,0
2025-11-03 05:15:00,16643917.0,16643917.0,16643917.0,16643917.0,13161201664
2025-11-03 05:16:00,16636566.0,16636566.0,16630338.0,16630338.0,7024410624
2025-11-03 05:17:00,16630716.0,16630716.0,16630716.0,16630716.0,148897792
2025-11-03 05:18:00,16616309.0,16616309.0,16616309.0,16616309.0,1907884032
2025-11-03 05:20:00,16611047.0,16611047.0,16611047.0,16611047.0,0
2025-11-03 05:21:00,16616467.0,16616467.0,16616467.0,16616467.0,136814002176
2025-11-03 05:22:00,16615320.0,16615320.0,16615320.0,16615320.0,13037993984
2025-11-03 05:25:00,16617213.0,16619742.0,16612969.0,16612969.0,41584951296
2025-11-03 05:26:00,16623509.0,16623509.0,16623509.0,16623509.0,2802319360
2025-11-03 05:27:00,16627378.0,16627378.0,16627378.0,16627378.0,3354394624
2025-11-03 05:28:00,16627445.0,16627445.0,16627445.0,16627445.0,26738688
2025-11-03 05:29:00,16636324.0,16636324.0,16636324.0,16636324.0,0
2025-11-03 05:31:00,16637757.0,16637757.0,16637757.0,16637757.0,0
2025-11-03 05:32:00,16641130.0,16641130.0,16641130.0,16641130.0,15687745536
2025-11-03 05:33:00,16634077.0,16634077.0,16631164.0,16631164.0,88284332032
2025-11-03 05:35:00,16630210.0,16630210.0,16624684.0,16624684.0,30342643712
2025-11-03 05:36:00,16618071.0,16618071.0,16618071.0,16618071.0,0
2025-11-03 05:38:00,16617704.0,16617704.0,16617704.0,16617704.0,0
2025-11-03 05:40:00,16603442.0,16603442.0,16603442.0,16603442.0,18262523904
2025-11-03 05:42:00,16589738.0,16589738.0,16589738.0,16589738.0,0
2025-11-03 05:43:00,16578467.0,16578467.0,16575575.0,16575575.0,0
2025-11-03 05:44:00,16576421.0,16576421.0,16576421.0,16576421.0,0
2025-11-03 05:45:00,16571093.0,16571093.0,16571093.0,16571093.0,48123871232
2025-11-03 05:47:00,16571800.0,16571833.0,16571800.0,16571833.0,0
2025-11-03 05:48:00,16553013.0,16553013.0,16553013.0,16553013.0,24304943104
2025-11-03 05:50:00,16559005.0,16559005.0,16559005.0,16559005.0,0
2025-11-03 05:51:00,16567279.0,16567279.0,16567279.0,16567279.0,13334216704
2025-11-03 05:53:00,16575492.0,16575492.0,16575492.0,16575492.0,307757056
2025-11-03 05:54:00,16576500.0,16576500.0,16576500.0,16576500.0,393740288
2025-11-03 05:55:00,16575937.0,16579821.0,16575937.0,16579821.0,0
2025-11-03 05:57:00,16579056.0,16579056.0,16579056.0,16579056.0,0
2025-11-03 05:58:00,16579135.0,16579430.0,16579135.0,16579430.0,5878841344
2025-11-03 06:00:00,16582492.0,16583793.0,16582492.0,16583793.0,0
2025-11-03 06:03:00,16587782.0,16589839.0,16587782.0,16589839.0,120604065792
2025-11-03 06:04:00,16591510.0,16591510.0,16591510.0,16591510.0,0
2025-11-03 06:05:00,16584809.0,16584809.0,16584809.0,16584809.0,0
2025-11-03 06:07:00,16584965.0,16595445.0,16584965.0,16592505.0,26283081728
2025-11-03 06:09:00,16589557.0,16589557.0,16585847.0,16585847.0,130335899648
2025-11-03 06:11:00,16567619.0,16567619.0,16567619.0,16567619.0,0
2025-11-03 06:12:00,16542708.0,16542708.0,16542708.0,16542708.0,17718312960
2025-11-03 06:13:00,16548037.0,16548037.0,16548037.0,16548037.0,0
2025-11-03 06:14:00,16547750.0,16548643.0,16547750.0,16548643.0,3685744640
2025-11-03 06:15:00,16549485.0,16549485.0,16549485.0,16549485.0,328204288
2025-11-03 06:16:00,16567846.0,16567846.0,16567846.0,16567846.0,5352980480
2025-11-03 06:18:00,16585888.0,16586673.0,16585888.0,16586673.0,172288901120
2025-11-03 06:19:00,16577356.0,16577356.0,16577356.0,16577356.0,0
2025-11-03 06:21:00,16569420.0,16570463.0,16569420.0,16570463.0,9055502336
2025-11-03 06:24:00,16565972.0,16565972.0,16565972.0,16565972.0,8393850880
2025-11-03 06:25:00,16569858.0,16580991.0,16569858.0,16580991.0,1397751808
2025-11-03 06:26:00,16580507.0,16580507.0,16580507.0,16580507.0,6358564864
2025-11-03 06:28:00,16572957.0,16572957.0,16570583.0,16570583.0,0
2025-11-03 06:29:00,16571302.0,16571302.0,16571302.0,16571302.0,12105809920
2025-11-03 06:31:00,16569701.0,16569701.0,16569701.0,16569701.0,0
2025-11-03 06:32:00,16560371.0,16560371.0,16560371.0,16560371.0,6883901440
2025-11-03 06:33:00,16557243.0,16557243.0,16557243.0,16557243.0,2377646080
2025-11-03 06:36:00,16564403.0,16580703.0,16564403.0,16580703.0,3025666048
2025-11-03 06:37:00,16581148.0,16581148.0,16581148.0,16581148.0,116355235840
2025-11-03 06:38:00,16595534.0,16595534.0,16595534.0,16595534.0,0
2025-11-03 06:39:00,16594963.0,16594963.0,16594963.0,16594963.0,0
2025-11-03 06:40:00,16567977.0,16567977.0,16555840.0,16555840.0,0
2025-11-03 06:41:00,16555034.0,16555034.0,16555034.0,16555034.0,0
2025-11-03 06:42:00,16555199.0,16555199.0,16555199.0,16555199.0,3007840256
2025-11-03 06:44:00,16554586.0,16554586.0,16554586.0,16554586.0,9037676544
2025-11-03 06:45:00,16552144.0,16552144.0,16552144.0,16552144.0,0
2025-11-03 06:46:00,16543410.0,16543410.0,16543410.0,16543410.0,19367723008
2025-11-03 06:47:00,16525069.0,16525069.0,16516123.0,16516123.0,0
2025-11-03 06:48:00,16504995.0,16504995.0,16504995.0,16504995.0,19569049600
2025-11-03 06:49:00,16549991.0,16549991.0,16549991.0,16549991.0,2942828544
2025-11-03 06:51:00,16570509.0,16572471.0,16570509.0,16572471.0,0
2025-11-03 06:53:00,16586544.0,16586544.0,16586544.0,16586544.0,35032924160
2025-11-03 06:55:00,16585132.0,16585132.0,16585132.0,16585132.0,8383365120
2025-11-03 06:56:00,16571313.0,16571313.0,16571313.0,16571313.0,7068450816
2025-11-03 06:57:00,16559388.0,16559388.0,16559388.0,16559388.0,0
2025-11-03 06:59:00,16577048.0,16580675.0,16572909.0,16572909.0,206144274432
2025-11-03 07:00:00,16559997.0,16559997.0,16559997.0,16559997.0,0
2025-11-03 07:02:00,16558901.0,16560628.0,16558901.0,16560628.0,24140316672
2025-11-03 07:03:00,16559468.0,16559468.0,16559468.0,16559468.0,0
2025-11-03 07:06:00,16551023.0,16551023.0,16551023.0,16551023.0,125607346176
2025-11-03 07:07:00,16546392.0,16549657.0,16546392.0,16549657.0,0
2025-11-03 07:09:00,16549250.0,16549250.0,16549250.0,16549250.0,0
2025-11-03 07:10:00,16558178.0,16558178.0,16558178.0,16558178.0,17472421888
2025-11-03 07:11:00,16561346.0,16561346.0,16561346.0,16561346.0,0
2025-11-03 07:12:00,16557337.0,16557337.0,16557337.0,16557337.0,14201913344
2025-11-03 07:13:00,16565388.0,16565388.0,16565365.0,16565365.0,4683464704
2025-11-03 07:14:00,16567425.0,16567425.0,16567425.0,16567425.0,0
2025-11-03 07:15:00,16573934.0,16573934.0,16573934.0,16573934.0,0
2025-11-03 07:16:00,16572462.0,16572462.0,16572462.0,16572462.0,0
2025-11-03 07:18:00,16573627.0,16580325.0,16573627.0,16580325.0,155976204288
2025-11-03 07:19:00,16566960.0,16566960.0,16566960.0,16566960.0,0
2025-11-03 07:21:00,16559983.0,16559983.0,16551540.0,16551540.0,0
2025-11-03 07:23:00,16566224.0,16566224.0,16566224.0,16566224.0,33235664896
2025-11-03 07:24:00,16580076.0,16580076.0,16580076.0,16580076.0,1920991232
2025-11-03 07:26:00,16613710.0,16619597.0,16613710.0,16619597.0,0
2025-11-03 07:27:00,16605459.0,16605459.0,16605459.0,16605459.0,9558294528
2025-11-03 07:28:00,16603575.0,16603575.0,16603575.0,16603575.0,0
2025-11-03 07:29:00,16602399.0,16602399.0,16602399.0,16602399.0,30316953600
2025-11-03 07:30:00,16602070.0,16602070.0,16602070.0,16602070.0,0
2025-11-03 07:32:00,16600732.0,16600732.0,16600732.0,16600732.0,0
2025-11-03 07:33:00,16586285.0,16600886.0,16586285.0,16600886.0,165565431808
2025-11-03 07:34:00,16588344.0,16588344.0,16588344.0,16588344.0,0
2025-11-03 07:36:00,16581961.0,16581961.0,16581961.0,16581961.0,0
2025-11-03 07:37:00,16590297.0,16590297.0,16590297.0,16590297.0,17030971392
2025-11-03 07:39:00,16579685.0,16587819.0,16579685.0,16587819.0,0
2025-11-03 07:41:00,16581281.0,16583990.0,16581281.0,16583990.0,161021427712
2025-11-03 07:43:00,16576859.0,16576859.0,16576859.0,16576859.0,0
2025-11-03 07:44:00,16577047.0,16577047.0,16577047.0,16577047.0,77070336
2025-11-03 07:45:00,16575923.0,16575923.0,16564460.0,16564460.0,4891607040
2025-11-03 07:47:00,16563437.0,16563437.0,16563437.0,16563437.0,0
2025-11-03 07:48:00,16564846.0,16564846.0,16564846.0,16564846.0,13075742720
2025-11-03 07:50:00,16569661.0,16569661.0,16569661.0,16569661.0,614989824
2025-11-03 07:51:00,16583793.0,16583793.0,16583793.0,16583793.0,125881548800
2025-11-03 07:53:00,16579939.0,16579939.0,16579939.0,16579939.0,0
2025-11-03 07:54:00,16590164.0,16590164.0,16590164.0,16590164.0,0
2025-11-03 07:56:00,16591411.0,16591411.0,16581103.0,16589945.0,115426721792
2025-11-03 07:58:00,16596593.0,16596593.0,16596593.0,16596593.0,0
2025-11-03 07:59:00,16592228.0,16592228.0,16567712.0,16567712.0,0
2025-11-03 08:01:00,16560740.0,16560740.0,16560740.0,16560740.0,137123856384
2025-11-03 08:02:00,16561358.0,16561358.0,16561358.0,16561358.0,255328256
2025-11-03 08:03:00,16568442.0,16568442.0,16568442.0,16568442.0,0
2025-11-03 08:04:00,16578090.0,16578090.0,16578090.0,16578090.0,123309916160
2025-11-03 08:06:00,16580812.0,16587145.0,16580812.0,16587145.0,0
2025-11-03 08:08:00,16589558.0,16589558.0,16589558.0,16589558.0,4872208384
2025-11-03 08:10:00,16585714.0,16586899.0,16585714.0,16586899.0,1525678080
2025-11-03 08:11:00,16588621.0,16601544.0,16588621.0,16601544.0,3067084800
2025-11-03 08:13:00,16602368.0,16602368.0,16602368.0,16602368.0,2970615808
2025-11-03 08:14:00,16596583.0,16596583.0,16596583.0,16596583.0,0
2025-11-03 08:15:00,16587296.0,16587296.0,16587296.0,16587296.0,0
2025-11-03 08:17:00,16578894.0,16578894.0,16578894.0,16578894.0,11039408128
2025-11-03 08:19:00,16580710.0,16580710.0,16580710.0,16580710.0,0
2025-11-03 08:20:00,16576400.0,16576400.0,16576400.0,16576400.0,0
2025-11-03 08:21:00,16573438.0,16573438.0,16573438.0,16573438.0,25978994688
2025-11-03 08:22:00,16573925.0,16573925.0,16573925.0,16573925.0,0
2025-11-03 08:23:00,16573709.0,16573709.0,16573709.0,16573709.0,0
2025-11-03 08:24:00,16564694.0,16564694.0,16558796.0,16558796.0,0
2025-11-03 08:25:00,16557381.0,16557381.0,16557381.0,16557381.0,13090947072
2025-11-03 08:26:00,16552623.0,16552623.0,16543516.0,16543516.0,0
2025-11-03 08:29:00,16528042.0,16529784.0,16528042.0,16529784.0,3892314112
2025-11-03 08:30:00,16530656.0,16531207.0,16530656.0,16531207.0,16587948032
2025-11-03 08:33:00,16528325.0,16528325.0,16528325.0,16528325.0,0
2025-11-03 08:34:00,16529695.0,16529695.0,16529695.0,16529695.0,15425601536
2025-11-03 08:35:00,16529945.0,16529945.0,16529945.0,16529945.0,0
2025-11-03 08:36:00,16525523.0,16525523.0,16525523.0,16525523.0,6323437568
2025-11-03 08:37:00,16529005.0,16529005.0,16529005.0,16529005.0,857735168
2025-11-03 08:38:00,16528346.0,16528346.0,16528346.0,16528346.0,0
2025-11-03 08:39:00,16526283.0,16526283.0,16526283.0,16526283.0,1840775168
2025-11-03 08:40:00,16526698.0,16526698.0,16509986.0,16509986.0,2203058176
2025-11-03 08:41:00,16513770.0,16513770.0,16513770.0,16513770.0,0
2025-11-03 08:42:00,16511701.0,16511701.0,16511701.0,16511701.0,0
2025-11-03 08:43:00,16512867.0,16512867.0,16512867.0,16512867.0,475529216
2025-11-03 08:44:00,16518013.0,16518013.0,16518013.0,16518013.0,21649424384
2025-11-03 08:46:00,16521056.0,16521056.0,16521056.0,16521056.0,0
2025-11-03 08:47:00,16504773.0,16504773.0,16504773.0,16504773.0,25682247680
2025-11-03 08:49:00,16503833.0,16503833.0,16503833.0,16503833.0,0
2025-11-03 08:50:00,16503724.0,16503724.0,16503724.0,16503724.0,0
2025-11-03 08:51:00,16499844.0,16499844.0,16499844.0,16499844.0,81203822592
2025-11-03 08:52:00,16501065.0,16501065.0,16501065.0,16501065.0,0
2025-11-03 08:53:00,16558764.0,16558764.0,16558764.0,16558764.0,143071379456
2025-11-03 08:54:00,16562723.0,16562723.0,16562723.0,16562723.0,4175429632
2025-11-03 08:55:00,16559861.0,16559861.0,16559861.0,16559861.0,0
2025-11-03 08:56:00,16576790.0,16576790.0,16560367.0,16560367.0,0
2025-11-03 08:58:00,16560099.0,16560099.0,16560099.0,16560099.0,0
2025-11-03 08:59:00,16562979.0,16574151.0,16562979.0,16574151.0,120820596736
2025-11-03 09:01:00,16577618.0,16577618.0,16577618.0,16577618.0,35996565504
2025-11-03 09:02:00,16580259.0,16580259.0,16580259.0,16580259.0,0
2025-11-03 09:03:00,16586799.0,16586799.0,16586799.0,16586799.0,190316544
2025-11-03 09:04:00,16597433.0,16597433.0,16597433.0,16597433.0,0
2025-11-03 09:05:00,16600858.0,16600858.0,16600858.0,16600858.0,0
2025-11-03 09:06:00,16609508.0,16609508.0,16609508.0,16609508.0,0
2025-11-03 09:08:00,16618648.0,16618648.0,16618648.0,16618648.0,12602310656
2025-11-03 09:10:00,16621841.0,16621841.0,16621841.0,16621841.0,2585264128
2025-11-03 09:11:00,16622973.0,16622973.0,16616225.0,16616225.0,13033799680
2025-11-03 09:13:00,16612992.0,16612992.0,16612992.0,16612992.0,0
2025-11-03 09:14:00,16619322.0,16619322.0,16611823.0,16611823.0,16540237824
2025-11-03 09:16:00,16615763.0,16615763.0,16615763.0,16615763.0,1643118592
2025-11-03 09:17:00,16610712.0,16610712.0,16610712.0,16610712.0,7843872768
2025-11-03 09:18:00,16610292.0,16610292.0,16610292.0,16610292.0,0
2025-11-03 09:19:00,16604312.0,16604312.0,16604312.0,16604312.0,0
2025-11-03 09:20:00,16605256.0,16605256.0,16605256.0,16605256.0,393740288
2025-11-03 09:21:00,16591505.0,16591505.0,16591505.0,16591505.0,10073669632
2025-11-03 09:22:00,16573192.0,16573192.0,16569925.0,16569925.0,8669626368
2025-11-03 09:23:00,16565177.0,16565177.0,16559835.0,16559835.0,0
2025-11-03 09:24:00,16559384.0,16559384.0,16559384.0,16559384.0,0
2025-11-03 09:26:00,16543585.0,16543585.0,16543585.0,16543585.0,137634512896
2025-11-03 09:28:00,16547974.0,16547974.0,16547974.0,16547974.0,2189426688
2025-11-03 09:30:00,16553760.0,16553760.0,16553760.0,16553760.0,0
2025-11-03 09:31:00,16548054.0,16548054.0,16548054.0,16548054.0,0
2025-11-03 09:32:00,16548784.0,16548784.0,16548784.0,16548784.0,307232768
2025-11-03 09:33:00,16555359.0,16555359.0,16554343.0,16554343.0,21737504768
2025-11-03 09:34:00,16539320.0,16539320.0,16539320.0,16539320.0,2489843712
2025-11-03 09:36:00,16539647.0,16539647.0,16539647.0,16539647.0,660602880
2025-11-03 09:38:00,16539575.0,16543941.0,16539575.0,16543941.0,8207204352
2025-11-03 09:41:00,16525625.0,16525625.0,16525320.0,16525320.0,0
2025-11-03 09:43:00,16528792.0,16528792.0,16528792.0,16528792.0,2072510464
2025-11-03 09:44:00,16526661.0,16526661.0,16526661.0,16526661.0,0
2025-11-03 09:45:00,16525911.0,16525911.0,16525911.0,16525911.0,0
2025-11-03 09:46:00,16538690.0,16538690.0,16538690.0,16538690.0,2494038016
2025-11-03 09:47:00,16536285.0,16536285.0,16536285.0,16536285.0,0
2025-11-03 09:48:00,16534187.0,16534187.0,16534187.0,16534187.0,2042101760
2025-11-03 09:49:00,16528487.0,16528487.0,16528487.0,16528487.0,0
2025-11-03 09:50:00,16531141.0,16531141.0,16531141.0,16531141.0,0
2025-11-03 09:51:00,16528056.0,16528056.0,16528056.0,16528056.0,0
2025-11-03 09:53:00,16516879.0,16516879.0,16516879.0,16516879.0,6221725696
2025-11-03 09:54:00,16510732.0,16510732.0,16510732.0,16510732.0,0
2025-11-03 09:55:00,16510034.0,16510034.0,16510034.0,16510034.0,0
2025-11-03 09:56:00,16513000.0,16513000.0,16512211.0,16512211.0,17057185792
2025-11-03 09:58:00,16514441.0,16514441.0,16514441.0,16514441.0,3511681024
2025-11-03 09:59:00,16513040.0,16513040.0,16513040.0,16513040.0,0
2025-11-03 10:01:00,16528805.0,16528805.0,16528805.0,16528805.0,7754219520
2025-11-03 10:02:00,16528263.0,16528263.0,16528263.0,16528263.0,0
2025-11-03 10:03:00,16544537.0,16544537.0,16544537.0,16544537.0,3593469952
2025-11-03 10:05:00,16556932.0,16556932.0,16556932.0,16556932.0,109204996096
2025-11-03 10:06:00,16543372.0,16543372.0,16543372.0,16543372.0,8268021760
2025-11-03 10:07:00,16550013.0,16550013.0,16550013.0,16550013.0,0
2025-11-03 10:08:00,16550617.0,16550617.0,16550617.0,16550617.0,258473984
2025-11-03 10:09:00,16559684.0,16559684.0,16559684.0,16559684.0,0
2025-11-03 10:10:00,16557358.0,16561719.0,16557358.0,16561719.0,0
2025-11-03 10:12:00,16564361.0,16571679.0,16564361.0,16571679.0,0
2025-11-03 10:13:00,16571512.0,16571512.0,16571512.0,16571512.0,120447827968
2025-11-03 10:15:00,16566943.0,16570475.0,16566943.0,16570475.0,0
2025-11-03 10:16:00,16572738.0,16572738.0,16572738.0,16572738.0,116203192320
2025-11-03 10:17:00,16571963.0,16571963.0,16571963.0,16571963.0,0
2025-11-03 10:19:00,16574864.0,16574864.0,16574864.0,16574864.0,0
2025-11-03 10:21:00,16572762.0,16572762.0,16572186.0,16572186.0,7574388736
2025-11-03 10:23:00,16571433.0,16574848.0,16571433.0,16574848.0,0
2025-11-03 10:24:00,16577335.0,16577335.0,16577335.0,16577335.0,0
2025-11-03 10:25:00,16575477.0,16575477.0,16575477.0,16575477.0,0
2025-11-03 10:26:00,16579409.0,16579409.0,16579409.0,16579409.0,13202096128
2025-11-03 10:28:00,16575013.0,16575013.0,16575013.0,16575013.0,118416736256
2025-11-03 10:29:00,16571317.0,16583552.0,16571317.0,16583552.0,36700160
2025-11-03 10:31:00,16581218.0,16581218.0,16581218.0,16581218.0,0
2025-11-03 10:32:00,16581218.0,16581218.0,16581218.0,16581218.0,0
2025-11-03 10:33:00,16552311.0,16552311.0,16552311.0,16552311.0,111279603712
2025-11-03 10:34:00,16557715.0,16557715.0,16557715.0,16557715.0,0
2025-11-03 10:35:00,16552070.0,16552070.0,16552070.0,16552070.0,22569025536
2025-11-03 10:36:00,16549953.0,16549953.0,16546062.0,16546062.0,11892948992
2025-11-03 10:37:00,16547527.0,16547527.0,16547527.0,16547527.0,5047320576
2025-11-03 10:38:00,16551144.0,16551144.0,16551144.0,16551144.0,1539833856
2025-11-03 10:39:00,16550833.0,16550833.0,16550833.0,16550833.0,0
2025-11-03 10:40:00,16544333.0,16544333.0,16544333.0,16544333.0,6087507968
2025-11-03 10:41:00,16549996.0,16549996.0,16549996.0,16549996.0,0
2025-11-03 10:43:00,16545950.0,16545950.0,16545950.0,16545950.0,297795584
2025-11-03 10:45:00,16533470.0,16533470.0,16533470.0,16533470.0,7065829376
2025-11-03 10:46:00,16528879.0,16528879.0,16528879.0,16528879.0,0
2025-11-03 10:47:00,16527643.0,16527643.0,16527643.0,16527643.0,17979408384
2025-11-03 10:48:00,16522674.0,16522674.0,16522674.0,16522674.0,0
2025-11-03 10:49:00,16525972.0,16525972.0,16525972.0,16525972.0,0
2025-11-03 10:51:00,16535079.0,16535660.0,16535079.0,16535660.0,32243712000
2025-11-03 10:52:00,16536102.0,16536102.0,16536102.0,16536102.0,186122240
2025-11-03 10:53:00,16534265.0,16534265.0,16534265.0,16534265.0,125079912448
2025-11-03 10:54:00,16527160.0,16527160.0,16527160.0,16527160.0,0
2025-11-03 10:55:00,16527630.0,16527630.0,16527630.0,16527630.0,198180864
2025-11-03 10:57:00,16523212.0,16523212.0,16523212.0,16523212.0,1595932672
2025-11-03 10:58:00,16531041.0,16531041.0,16531041.0,16531041.0,4441767936
2025-11-03 10:59:00,16530207.0,16530207.0,16530207.0,16530207.0,12460752896
2025-11-03 11:00:00,16516689.0,16516689.0,16516689.0,16516689.0,5646057472
2025-11-03 11:01:00,16482699.0,16482699.0,16482699.0,16482699.0,0
2025-11-03 11:02:00,16518666.0,16518666.0,16518666.0,16518666.0,41805676544
2025-11-03 11:03:00,16518912.0,16518912.0,16518912.0,16518912.0,103809024
2025-11-03 11:04:00,16525075.0,16557254.0,16525075.0,16557254.0,181864497152
2025-11-03 11:05:00,16540273.0,16540273.0,16540273.0,16540273.0,0
2025-11-03 11:06:00,16538150.0,16538150.0,16538150.0,16538150.0,21815623680
2025-11-03 11:07:00,16537753.0,16537753.0,16537753.0,16537753.0,0
2025-11-03 11:09:00,16559408.0,16559408.0,16559408.0,16559408.0,34442051584
2025-11-03 11:10:00,16561020.0,16561020.0,16561020.0,16561020.0,21774729216
2025-11-03 11:11:00,16567404.0,16567404.0,16567404.0,16567404.0,0
2025-11-03 11:13:00,16570257.0,16570257.0,16570257.0,16570257.0,2183135232
2025-11-03 11:14:00,16571360.0,16571360.0,16571360.0,16571360.0,0
2025-11-03 11:15:00,16571087.0,16571087.0,16571087.0,16571087.0,0
2025-11-03 11:16:00,16573500.0,16573500.0,16573500.0,16573500.0,10225188864
2025-11-03 11:17:00,16587759.0,16587759.0,16587759.0,16587759.0,129012596736
2025-11-03 11:18:00,16605411.0,16605411.0,16605411.0,16605411.0,0
2025-11-03 11:19:00,16592234.0,16592234.0,16592234.0,16592234.0,126777032704
2025-11-03 11:20:00,16603580.0,16603580.0,16603580.0,16603580.0,43362811904
2025-11-03 11:22:00,16598587.0,16598587.0,16598587.0,16598587.0,0
2025-11-03 11:24:00,16573472.0,16573472.0,16573472.0,16573472.0,134136463360
2025-11-03 11:25:00,16569108.0,16569108.0,16569108.0,16569108.0,0
2025-11-03 11:26:00,16566622.0,16566622.0,16566622.0,16566622.0,22691708928
2025-11-03 11:27:00,16569039.0,16569039.0,16569039.0,16569039.0,803209216
2025-11-03 11:28:00,16568142.0,16568142.0,16568142.0,16568142.0,258998272
2025-11-03 11:29:00,16569179.0,16569179.0,16569179.0,16569179.0,5280104448
2025-11-03 11:30:00,16569530.0,16569530.0,16569530.0,16569530.0,151519232
2025-11-03 11:31:00,16589105.0,16589105.0,16589105.0,16589105.0,103191937024
2025-11-03 11:32:00,16595676.0,16595676.0,16595676.0,16595676.0,33068417024
2025-11-03 11:33:00,16594386.0,16594386.0,16594386.0,16594386.0,0
2025-11-03 11:35:00,16588610.0,16588610.0,16588610.0,16588610.0,14345043968
2025-11-03 11:36:00,16588471.0,16588471.0,16588471.0,16588471.0,0
2025-11-03 11:37:00,16587897.0,16587897.0,16587897.0,16587897.0,0
2025-11-03 11:38:00,16574240.0,16574240.0,16574240.0,16574240.0,5980028928
2025-11-03 11:39:00,16577917.0,16577917.0,16577917.0,16577917.0,0
2025-11-03 11:40:00,16579295.0,16579295.0,16579295.0,16579295.0,606076928
2025-11-03 11:41:00,16587783.0,16595582.0,16587783.0,16595108.0,1750073344
2025-11-03 11:43:00,16594494.0,16594494.0,16594494.0,16594494.0,0
2025-11-03 11:44:00,16602362.0,16602362.0,16602362.0,16602362.0,0
2025-11-03 11:45:00,16605436.0,16605436.0,16605436.0,16605436.0,17058758656
2025-11-03 11:47:00,16605866.0,16605866.0,16605866.0,16605866.0,4667211776
2025-11-03 11:48:00,16604487.0,16604487.0,16604487.0,16604487.0,0
2025-11-03 11:49:00,16610807.0,16616304.0,16610807.0,16616304.0,0
2025-11-03 11:51:00,16628104.0,16628104.0,16628104.0,16628104.0,11950096384
2025-11-03 11:52:00,16621218.0,16621218.0,16621218.0,16621218.0,104654700544
2025-11-03 11:53:00,16623301.0,16623301.0,16623301.0,16623301.0,0
2025-11-03 11:54:00,16616989.0,16616989.0,16616989.0,16616989.0,119536615424
2025-11-03 11:55:00,16622536.0,16622536.0,16622536.0,16622536.0,0
2025-11-03 11:56:00,16623143.0,16623143.0,16623143.0,16623143.0,261619712
2025-11-03 11:57:00,16619509.0,16619509.0,16614733.0,16614733.0,106527457280
2025-11-03 11:58:00,16612970.0,16612970.0,16612970.0,16612970.0,0
2025-11-03 11:59:00,16616096.0,16616096.0,16616096.0,16616096.0,0
2025-11-03 12:00:00,16614601.0,16614601.0,16614601.0,16614601.0,588251136
2025-11-03 12:02:00,16618763.0,16618763.0,16618763.0,16618763.0,0
2025-11-03 12:03:00,16618666.0,16618666.0,16618666.0,16618666.0,991952896
2025-11-03 12:04:00,16617446.0,16617446.0,16617446.0,16617446.0,10979639296
2025-11-03 12:06:00,16655260.0,16655260.0,16655260.0,16655260.0,0
2025-11-03 12:07:00,16618203.0,16618203.0,16618203.0,16618203.0,155782217728
2025-11-03 12:09:00,16625641.0,16625641.0,16625641.0,16625641.0,0
2025-11-03 12:10:00,16624688.0,16624688.0,16624688.0,16624688.0,0
2025-11-03 12:11:00,16625537.0,16625537.0,16625537.0,16625537.0,0
2025-11-03 12:12:00,16633528.0,16633528.0,16633528.0,16633528.0,491782144
2025-11-03 12:13:00,16640883.0,16640883.0,16640883.0,16640883.0,12419858432
2025-11-03 12:14:00,16661679.0,16661679.0,16656439.0,16656439.0,0
2025-11-03 12:15:00,16656888.0,16656888.0,16656888.0,16656888.0,0
2025-11-03 12:16:00,16656239.0,16656239.0,16656239.0,16656239.0,0
2025-11-03 12:17:00,16668527.0,16668527.0,16668527.0,16668527.0,3863478272
2025-11-03 12:18:00,16665565.0,16665565.0,16665565.0,16665565.0,41465413632
2025-11-03 12:19:00,16665427.0,16665427.0,16665427.0,16665427.0,0
2025-11-03 12:20:00,16678414.0,16678414.0,16678414.0,16678414.0,3610247168
2025-11-03 12:21:00,16674790.0,16674790.0,16674790.0,16674790.0,112721920
2025-11-03 12:22:00,16671183.0,16671183.0,16671183.0,16671183.0,6981943296
2025-11-03 12:24:00,16670215.0,16670215.0,16670215.0,16670215.0,0
2025-11-03 12:25:00,16668424.0,16668424.0,16668424.0,16668424.0,41838706688
2025-11-03 12:26:00,16658562.0,16658562.0,16658562.0,16658562.0,15120465920
2025-11-03 12:27:00,16669672.0,16669672.0,16669672.0,16669672.0,0
2025-11-03 12:28:00,16670942.0,16674547.0,16670942.0,16674547.0,164103716864
2025-11-03 12:29:00,16680736.0,16680736.0,16680736.0,16680736.0,0
2025-11-03 12:30:00,16680357.0,16680357.0,16680357.0,16680357.0,0
2025-11-03 12:31:00,16683902.0,16683902.0,16683902.0,16683902.0,0
2025-11-03 12:33:00,16668103.0,16668103.0,16668103.0,16668103.0,150687186944
2025-11-03 12:34:00,16656544.0,16656544.0,16656544.0,16656544.0,0
2025-11-03 12:35:00,16650579.0,16650579.0,16650579.0,16650579.0,19885195264
2025-11-03 12:36:00,16650009.0,16650009.0,16650009.0,16650009.0,105708519424
2025-11-03 12:37:00,16650211.0,16650211.0,16640520.0,16640520.0,0
2025-11-03 12:38:00,16634140.0,16634140.0,16634140.0,16634140.0,0
2025-11-03 12:39:00,16634032.0,16634032.0,16634032.0,16634032.0,0
2025-11-03 12:40:00,16639003.0,16639003.0,16639003.0,16639003.0,23383769088
2025-11-03 12:41:00,16633674.0,16633674.0,16633674.0,16633674.0,0
2025-11-03 12:42:00,16630901.0,16630901.0,16630901.0,16630901.0,0
2025-11-03 12:43:00,16631099.0,16631099.0,16631099.0,16631099.0,84410368
2025-11-03 12:45:00,16632590.0,16632590.0,16627701.0,16627701.0,25730482176
2025-11-03 12:47:00,16627787.0,16629103.0,16627787.0,16629103.0,6027214848
2025-11-03 12:48:00,16632480.0,16632480.0,16632480.0,16632480.0,0
2025-11-03 12:49:00,16635995.0,16635995.0,16635995.0,16635995.0,4730650624
2025-11-03 12:50:00,16636622.0,16636622.0,16636622.0,16636622.0,123854127104
2025-11-03 12:51:00,16641199.0,16641199.0,16641199.0,16641199.0,547880960
2025-11-03 12:52:00,16637654.0,16637654.0,16637654.0,16637654.0,0
2025-11-03 12:53:00,16637235.0,16637235.0,16637235.0,16637235.0,0
2025-11-03 12:54:00,16637200.0,16637200.0,16637200.0,16637200.0,0
2025-11-03 12:55:00,16638273.0,16638273.0,16638273.0,16638273.0,454033408
2025-11-03 12:57:00,16620951.0,16620951.0,16620951.0,16620951.0,118699327488
2025-11-03 12:58:00,16612168.0,16612168.0,16612168.0,16612168.0,0
2025-11-03 12:59:00,16612656.0,16616878.0,16612656.0,16616878.0,210961432576
2025-11-03 13:00:00,16611950.0,16611950.0,16611950.0,16611950.0,0
2025-11-03 13:01:00,16614658.0,16614658.0,16614658.0,16614658.0,72701968384
2025-11-03 13:03:00,16613831.0,16614305.0,16613831.0,16614305.0,13432258560
2025-11-03 13:04:00,16614811.0,16614811.0,16614811.0,16614811.0,219676672
2025-11-03 13:05:00,16612019.0,16612019.0,16612019.0,16612019.0,0
2025-11-03 13:06:00,16607917.0,16607917.0,16607917.0,16607917.0,127604359168
2025-11-03 13:07:00,16608301.0,16608301.0,16608301.0,16608301.0,169345024
2025-11-03 13:09:00,16609025.0,16609025.0,16609025.0,16609025.0,0
2025-11-03 13:10:00,16609684.0,16609684.0,16609684.0,16609684.0,146365480960
2025-11-03 13:11:00,16609200.0,16609200.0,16600178.0,16600178.0,0
2025-11-03 13:12:00,16596472.0,16596472.0,16596472.0,16596472.0,16532897792
2025-11-03 13:13:00,16601852.0,16601852.0,16601852.0,16601852.0,12390498304
2025-11-03 13:14:00,16614777.0,16614777.0,16614777.0,16614777.0,3486515200
2025-11-03 13:15:00,16613987.0,16613987.0,16613987.0,16613987.0,0
2025-11-03 13:17:00,16601546.0,16601546.0,16601546.0,16601546.0,0
2025-11-03 13:18:00,16605522.0,16605522.0,16605522.0,16605522.0,0
2025-11-03 13:19:00,16601149.0,16601149.0,16601149.0,16601149.0,643301376
2025-11-03 13:20:00,16601888.0,16601888.0,16601888.0,16601888.0,2303197184
2025-11-03 13:22:00,16598125.0,16598125.0,16598125.0,16598125.0,17458266112
2025-11-03 13:23:00,16597934.0,16597934.0,16597934.0,16597934.0,0
2025-11-03 13:24:00,16600811.0,16600811.0,16600811.0,16600811.0,0
2025-11-03 13:25:00,16606986.0,16607685.0,16606986.0,16607685.0,16267608064
2025-11-03 13:26:00,16610922.0,16610922.0,16610922.0,16610922.0,0
2025-11-03 13:28:00,16601672.0,16601672.0,16601672.0,16601672.0,146864603136
2025-11-03 13:29:00,16606779.0,16606779.0,16606779.0,16606779.0,0
2025-11-03 13:30:00,16607144.0,16611792.0,16607144.0,16611792.0,6788481024
2025-11-03 13:31:00,16611338.0,16611338.0,16611338.0,16611338.0,0
2025-11-03 13:32:00,16627290.0,16627290.0,16627290.0,16627290.0,127979225088
2025-11-03 13:33:00,16633326.0,16633326.0,16633326.0,16633326.0,0
2025-11-03 13:35:00,16637519.0,16637519.0,16637519.0,16637519.0,26082279424
2025-11-03 13:36:00,16637476.0,16650853.0,16637476.0,16650853.0,10572791808
2025-11-03 13:38:00,16650619.0,16650619.0,16650619.0,16650619.0,0
2025-11-03 13:39:00,16651661.0,16651661.0,16651661.0,16651661.0,0
2025-11-03 13:40:00,16654569.0,16654569.0,16654569.0,16654569.0,1266679808
2025-11-03 13:41:00,16649542.0,16649542.0,16649542.0,16649542.0,20475543552
2025-11-03 13:43:00,16637594.0,16637594.0,16637594.0,16637594.0,0
2025-11-03 13:45:00,16629870.0,16629870.0,16629870.0,16629870.0,39995834368
2025-11-03 13:46:00,16636874.0,16637893.0,16636874.0,16637893.0,0
2025-11-03 13:47:00,16646510.0,16646510.0,16646510.0,16646510.0,139796152320
2025-11-03 13:48:00,16645481.0,16645481.0,16645481.0,16645481.0,0
2025-11-03 13:49:00,16644289.0,16644289.0,16644289.0,16644289.0,3879731200
2025-11-03 13:50:00,16648136.0,16648136.0,16648136.0,16648136.0,0
2025-11-03 13:52:00,16646415.0,16646415.0,16646415.0,16646415.0,0
2025-11-03 13:53:00,16646329.0,16646329.0,16636838.0,16636838.0,2848456704
2025-11-03 13:54:00,16637370.0,16637370.0,16637370.0,16637370.0,0
2025-11-03 13:55:00,16637394.0,16637394.0,16637394.0,16637394.0,10485760
2025-11-03 13:57:00,16661183.0,16661183.0,16655443.0,16655443.0,0
2025-11-03 13:59:00,16640698.0,16640698.0,16640698.0,16640698.0,21469069312
2025-11-03 14:00:00,16639600.0,16639600.0,16639600.0,16639600.0,0
2025-11-03 14:01:00,16641025.0,16641025.0,16641025.0,16641025.0,5561647104
2025-11-03 14:02:00,16641025.0,16654328.0,16641025.0,16654328.0,7301234688
2025-11-03 14:03:00,16654805.0,16654805.0,16654805.0,16654805.0,209190912
2025-11-03 14:04:00,16652579.0,16652579.0,16652579.0,16652579.0,0
2025-11-03 14:05:00,16654575.0,16654575.0,16654575.0,16654575.0,570425344
2025-11-03 14:06:00,16654636.0,16654636.0,16654636.0,16654636.0,26738688
2025-11-03 14:07:00,16673418.0,16673418.0,16673418.0,16673418.0,8222932992
2025-11-03 14:09:00,16699390.0,16699390.0,16699390.0,16699390.0,1658847232
2025-11-03 14:11:00,16668773.0,16668773.0,16662814.0,16664134.0,0
2025-11-03 14:13:00,16671542.0,16671542.0,16671542.0,16671542.0,28115992576
2025-11-03 14:14:00,16660366.0,16660366.0,16660366.0,16660366.0,23383769088
2025-11-03 14:15:00,16659328.0,16659328.0,16659328.0,16659328.0,0
2025-11-03 14:16:00,16634338.0,16634338.0,16634338.0,16634338.0,18072207360
2025-11-03 14:18:00,16639944.0,16639944.0,16639944.0,16639944.0,0
2025-11-03 14:19:00,16635787.0,16635787.0,16635787.0,16635787.0,24810356736
2025-11-03 14:20:00,16630518.0,16630518.0,16630518.0,16630518.0,159159681024
2025-11-03 14:22:00,16623009.0,16623009.0,16623009.0,16623009.0,822607872
2025-11-03 14:23:00,16613824.0,16613824.0,16613824.0,16613824.0,0
2025-11-03 14:24:00,16612932.0,16612932.0,16612932.0,16612932.0,19463143424
2025-11-03 14:25:00,16608605.0,16608605.0,16608605.0,16608605.0,2199912448
2025-11-03 14:26:00,16605511.0,16605511.0,16598073.0,16598073.0,140173115392
2025-11-03 14:28:00,16603681.0,16603681.0,16603681.0,16603681.0,0
2025-11-03 14:29:00,16598044.0,16598044.0,16598044.0,16598044.0,4024958976
2025-11-03 14:31:00,16597278.0,16597278.0,16589534.0,16589534.0,0
2025-11-03 14:33:00,16594040.0,16594040.0,16594040.0,16594040.0,38502662144
2025-11-03 14:34:00,16582606.0,16589978.0,16582606.0,16589978.0,13064732672
2025-11-03 14:36:00,16582314.0,16582314.0,16565856.0,16565856.0,1869086720
2025-11-03 14:37:00,16577494.0,16577494.0,16577494.0,16577494.0,0
2025-11-03 14:38:00,16601889.0,16601889.0,16601889.0,16601889.0,1233125376
2025-11-03 14:39:00,16601629.0,16601629.0,16601629.0,16601629.0,0
2025-11-03 14:40:00,16618333.0,16618333.0,16618333.0,16618333.0,201930047488
2025-11-03 14:41:00,16617384.0,16617384.0,16617384.0,16617384.0,0
2025-11-03 14:43:00,16582163.0,16582163.0,16582163.0,16582163.0,164273586176
2025-11-03 14:45:00,16581613.0,16586441.0,16581613.0,16586441.0,57990971392
2025-11-03 14:46:00,16585106.0,16585106.0,16585106.0,16585106.0,0
2025-11-03 14:47:00,16595552.0,16595552.0,16595552.0,16595552.0,215869816832
2025-11-03 14:48:00,16621999.0,16621999.0,16621999.0,16621999.0,2434269184
2025-11-03 14:50:00,16625815.0,16625815.0,16625815.0,16625815.0,0
2025-11-03 14:51:00,16621596.0,16621596.0,16621596.0,16621596.0,13033799680
2025-11-03 14:52:00,16641745.0,16641745.0,16641745.0,16641745.0,6659506176
2025-11-03 14:54:00,16633869.0,16636408.0,16633869.0,16636408.0,0
2025-11-03 14:55:00,16636660.0,16636660.0,16636660.0,16636660.0,112721920
2025-11-03 14:57:00,16632990.0,16632990.0,16632990.0,16632990.0,0
2025-11-03 14:58:00,16636944.0,16641329.0,16636944.0,16641329.0,181917450240
2025-11-03 14:59:00,16642150.0,16642150.0,16642150.0,16642150.0,23941611520
2025-11-03 15:00:00,16640265.0,16640265.0,16640265.0,16640265.0,0
2025-11-03 15:01:00,16628036.0,16628036.0,16628036.0,16628036.0,328523579392
2025-11-03 15:02:00,16621955.0,16621955.0,16621955.0,16621955.0,0
2025-11-03 15:03:00,16617474.0,16617474.0,16617474.0,16617474.0,0
2025-11-03 15:04:00,16619865.0,16619865.0,16619865.0,16619865.0,1079508992
2025-11-03 15:06:00,16591396.0,16591396.0,16591396.0,16591396.0,0
2025-11-03 15:07:00,16595082.0,16595082.0,16595082.0,16595082.0,1433927680
2025-11-03 15:09:00,16591461.0,16591461.0,16591461.0,16591461.0,220425355264
2025-11-03 15:10:00,16592403.0,16592403.0,16592403.0,16592403.0,0
2025-11-03 15:11:00,16595161.0,16595161.0,16570443.0,16570443.0,183211917312
2025-11-03 15:13:00,16585683.0,16585683.0,16585683.0,16585683.0,0
2025-11-03 15:14:00,16584391.0,16584391.0,16584391.0,16584391.0,0
2025-11-03 15:16:00,16586195.0,16586195.0,16586195.0,16586195.0,7553417216
2025-11-03 15:17:00,16564457.0,16564457.0,16564457.0,16564457.0,346598408192
2025-11-03 15:19:00,16550460.0,16550460.0,16550460.0,16550460.0,0
2025-11-03 15:20:00,16549263.0,16552962.0,16549263.0,16552962.0,0
2025-11-03 15:21:00,16539477.0,16539477.0,16539477.0,16539477.0,136290762752
2025-11-03 15:22:00,16547964.0,16547964.0,16547964.0,16547964.0,0
2025-11-03 15:23:00,16527249.0,16527249.0,16527249.0,16527249.0,147126222848
2025-11-03 15:24:00,16532176.0,16532176.0,16532176.0,16532176.0,0
2025-11-03 15:26:00,16504620.0,16504620.0,16504518.0,16504518.0,42167959552
2025-11-03 15:29:00,16382828.0,16382828.0,16382828.0,16382828.0,70716489728
2025-11-03 15:31:00,16309276.0,16309276.0,16309276.0,16309276.0,34701049856
2025-11-03 15:32:00,16310435.0,16310435.0,16306821.0,16306821.0,182075785216
2025-11-03 15:33:00,16286973.0,16286973.0,16286973.0,16286973.0,0
2025-11-03 15:34:00,16273598.0,16273598.0,16273598.0,16273598.0,110021312512
2025-11-03 15:35:00,16316246.0,16316246.0,16316246.0,16316246.0,10916200448
2025-11-03 15:37:00,16363212.0,16387430.0,16363212.0,16387430.0,73973891072
2025-11-03 15:38:00,16377346.0,16377346.0,16377346.0,16377346.0,30055333888
2025-11-03 15:39:00,16380280.0,16380280.0,16380280.0,16380280.0,1455947776
2025-11-03 15:40:00,16407899.0,16407899.0,16407899.0,16407899.0,43530059776
2025-11-03 15:41:00,16387306.0,16387306.0,16387306.0,16387306.0,17186160640
2025-11-03 15:43:00,16397656.0,16397656.0,16397656.0,16397656.0,0
2025-11-03 15:44:00,16348704.0,16348704.0,16348704.0,16348704.0,0
2025-11-03 15:45:00,16365348.0,16365348.0,16365348.0,16365348.0,46585085952
2025-11-03 15:47:00,16357432.0,16357432.0,16357432.0,16357432.0,49801592832
2025-11-03 15:48:00,16328143.0,16328143.0,16318290.0,16318290.0,0
2025-11-03 15:50:00,16305491.0,16305491.0,16296703.0,16296703.0,0
2025-11-03 15:52:00,16320781.0,16320781.0,16320781.0,16320781.0,140871467008
2025-11-03 15:53:00,16328972.0,16328972.0,16316730.0,16316730.0,37929615360
2025-11-03 15:54:00,16317880.0,16317880.0,16317880.0,16317880.0,589299712
2025-11-03 15:55:00,16326148.0,16326148.0,16326148.0,16326148.0,5365039104
2025-11-03 15:56:00,16307425.0,16307425.0,16307425.0,16307425.0,58396770304
2025-11-03 15:57:00,16314209.0,16314209.0,16314209.0,16314209.0,0
2025-11-03 15:58:00,16302823.0,16302823.0,16302823.0,16302823.0,88287477760
2025-11-03 15:59:00,16308104.0,16308104.0,16308104.0,16308104.0,0
2025-11-03 16:00:00,16292107.0,16292107.0,16292107.0,16292107.0,0
2025-11-03 16:02:00,16294816.0,16294816.0,16294816.0,16294816.0,8590983168
2025-11-03 16:03:00,16274626.0,16274626.0,16274626.0,16274626.0,0
2025-11-03 16:04:00,16290285.0,16290285.0,16290285.0,16290285.0,0
2025-11-03 16:05:00,16241066.0,16241066.0,16241066.0,16241066.0,37003198464
2025-11-03 16:06:00,16237390.0,16237390.0,16237390.0,16237390.0,0
2025-11-03 16:07:00,16281169.0,16281169.0,16281169.0,16281169.0,10067902464
2025-11-03 16:09:00,16254544.0,16254544.0,16254544.0,16254544.0,0
2025-11-03 16:10:00,16256343.0,16256343.0,16256343.0,16256343.0,18111528960
2025-11-03 16:11:00,16274664.0,16274664.0,16274664.0,16274664.0,59680751616
2025-11-03 16:13:00,16274919.0,16274919.0,16274919.0,16274919.0,17971019776
2025-11-03 16:14:00,16274190.0,16274190.0,16274190.0,16274190.0,0
2025-11-03 16:15:00,16327452.0,16327452.0,16327452.0,16327452.0,47883223040
2025-11-03 16:17:00,16328704.0,16328704.0,16312196.0,16312196.0,27725398016
2025-11-03 16:18:00,16313774.0,16313774.0,16313774.0,16313774.0,836239360
2025-11-03 16:19:00,16334598.0,16334598.0,16334598.0,16334598.0,51381272576
2025-11-03 16:20:00,16379979.0,16379979.0,16379979.0,16379979.0,156006088704
2025-11-03 16:21:00,16367090.0,16367090.0,16367090.0,16367090.0,36079403008
2025-11-03 16:23:00,16376208.0,16376208.0,16376208.0,16376208.0,43375394816
2025-11-03 16:24:00,16396047.0,16396047.0,16396047.0,16396047.0,0
2025-11-03 16:25:00,16403264.0,16403264.0,16403264.0,16403264.0,0
2025-11-03 16:26:00,16394683.0,16394683.0,16394683.0,16394683.0,62680727552
2025-11-03 16:27:00,16405206.0,16405206.0,16405206.0,16405206.0,0
2025-11-03 16:28:00,16420469.0,16420469.0,16420469.0,16420469.0,58603864064
2025-11-03 16:29:00,16384361.0,16384361.0,16384361.0,16384361.0,46934261760
2025-11-03 16:30:00,16384078.0,16384078.0,16384078.0,16384078.0,0
2025-11-03 16:31:00,16384860.0,16389059.0,16384860.0,16389059.0,0
2025-11-03 16:32:00,16420418.0,16420418.0,16420418.0,16420418.0,0
2025-11-03 16:33:00,16420849.0,16420849.0,16420849.0,16420849.0,234881024
2025-11-03 16:34:00,16419144.0,16419144.0,16419144.0,16419144.0,3707764736
2025-11-03 16:35:00,16382503.0,16382503.0,16382503.0,16382503.0,49806311424
2025-11-03 16:36:00,16378631.0,16378631.0,16378631.0,16378631.0,0
2025-11-03 16:37:00,16392139.0,16392139.0,16392139.0,16392139.0,257801322496
2025-11-03 16:38:00,16412419.0,16412419.0,16412419.0,16412419.0,0
2025-11-03 16:39:00,16412169.0,16412169.0,16412169.0,16412169.0,0
2025-11-03 16:40:00,16398127.0,16398127.0,16398127.0,16398127.0,87450189824
2025-11-03 16:41:00,16399085.0,16399085.0,16399085.0,16399085.0,530579456
2025-11-03 16:43:00,16418095.0,16418095.0,16418095.0,16418095.0,0
2025-11-03 16:45:00,16417917.0,16417917.0,16417917.0,16417917.0,50546606080
2025-11-03 16:46:00,16409709.0,16409709.0,16409709.0,16409709.0,5510266880
2025-11-03 16:47:00,16430950.0,16430950.0,16430950.0,16430950.0,16875782144
2025-11-03 16:48:00,16421171.0,16421171.0,16411533.0,16411533.0,119537664
2025-11-03 16:49:00,16412327.0,16412327.0,16412327.0,16412327.0,442499072
2025-11-03 16:50:00,16403645.0,16403645.0,16403645.0,16403645.0,10996416512
2025-11-03 16:51:00,16422516.0,16422516.0,16422516.0,16422516.0,9631170560
2025-11-03 16:52:00,16437215.0,16437215.0,16437215.0,16437215.0,0
2025-11-03 16:53:00,16447677.0,16447677.0,16447677.0,16447677.0,78048657408
2025-11-03 16:54:00,16447481.0,16447481.0,16447481.0,16447481.0,0
2025-11-03 16:55:00,16447890.0,16447890.0,16447890.0,16447890.0,228589568
2025-11-03 16:56:00,16415158.0,16415158.0,16415158.0,16415158.0,20606615552
2025-11-03 16:58:00,16438616.0,16438616.0,16438616.0,16438616.0,25451036672
2025-11-03 16:59:00,16445851.0,16449007.0,16445851.0,16449007.0,105185804288
2025-11-03 17:00:00,16444499.0,16444499.0,16444499.0,16444499.0,0
2025-11-03 17:01:00,16434185.0,16434185.0,16434185.0,16434185.0,12985565184
2025-11-03 17:02:00,16431723.0,16431723.0,16431723.0,16431723.0,0
2025-11-03 17:03:00,16439949.0,16439949.0,16439949.0,16439949.0,1320157184
2025-11-03 17:04:00,16438349.0,16438349.0,16438349.0,16438349.0,0
2025-11-03 17:05:00,16422698.0,16422698.0,16422698.0,16422698.0,131851091968
2025-11-03 17:06:00,16421892.0,16421892.0,16421892.0,16421892.0,0
2025-11-03 17:07:00,16443284.0,16443284.0,16443284.0,16443284.0,0
2025-11-03 17:09:00,16455857.0,16455857.0,16455857.0,16455857.0,0
2025-11-03 17:11:00,16471141.0,16471141.0,16459095.0,16468060.0,11042553856
2025-11-03 17:13:00,16468152.0,16468152.0,16468152.0,16468152.0,31011635200
2025-11-03 17:14:00,16468590.0,16468590.0,16468590.0,16468590.0,249561088
2025-11-03 17:15:00,16469462.0,16469462.0,16469462.0,16469462.0,0
2025-11-03 17:17:00,16460697.0,16460697.0,16460697.0,16460697.0,9547284480
2025-11-03 17:18:00,16458569.0,16458569.0,16458569.0,16458569.0,23276290048
2025-11-03 17:19:00,16461637.0,16461637.0,16461637.0,16461637.0,0
2025-11-03 17:20:00,16487597.0,16487597.0,16487597.0,16487597.0,25368199168
2025-11-03 17:22:00,16486118.0,16486118.0,16486118.0,16486118.0,0
2025-11-03 17:23:00,16573524.0,16573524.0,16556103.0,16556103.0,6502219776
2025-11-03 17:24:00,16533609.0,16533609.0,16533609.0,16533609.0,68199383040
2025-11-03 17:25:00,16521663.0,16521663.0,16521663.0,16521663.0,67319627776
2025-11-03 17:26:00,16508967.0,16508967.0,16508967.0,16508967.0,17174626304
2025-11-03 17:27:00,16508319.0,16508319.0,16508319.0,16508319.0,0
2025-11-03 17:29:00,16517467.0,16517467.0,16517467.0,16517467.0,36666605568
2025-11-03 17:30:00,16499835.0,16499835.0,16499835.0,16499835.0,0
2025-11-03 17:31:00,16499915.0,16499915.0,16499915.0,16499915.0,46137344
2025-11-03 17:32:00,16519925.0,16519925.0,16519925.0,16519925.0,31540117504
2025-11-03 17:34:00,16534726.0,16534726.0,16534726.0,16534726.0,0
2025-11-03 17:35:00,16551957.0,16551957.0,16551957.0,16551957.0,58173947904
2025-11-03 17:36:00,16555791.0,16555791.0,16555791.0,16555791.0,0
2025-11-03 17:37:00,16553371.0,16553371.0,16550771.0,16550771.0,34714157056
2025-11-03 17:38:00,16568087.0,16568087.0,16568087.0,16568087.0,0
2025-11-03 17:39:00,16567872.0,16567872.0,16567872.0,16567872.0,0
2025-11-03 17:40:00,16571789.0,16571789.0,16571789.0,16571789.0,0
2025-11-03 17:41:00,16570358.0,16570358.0,16570358.0,16570358.0,0
2025-11-03 17:43:00,16550180.0,16550180.0,16550180.0,16550180.0,36530290688
2025-11-03 17:45:00,16566063.0,16566063.0,16566063.0,16566063.0,0
2025-11-03 17:47:00,16576471.0,16576471.0,16576471.0,16576471.0,30586961920
2025-11-03 17:48:00,16577456.0,16586954.0,16577456.0,16586954.0,7248805888
2025-11-03 17:49:00,16587238.0,16587238.0,16587238.0,16587238.0,166723584
2025-11-03 17:50:00,16590897.0,16590897.0,16590897.0,16590897.0,14185136128
2025-11-03 17:52:00,16559962.0,16559962.0,16559962.0,16559962.0,54746152960
2025-11-03 17:53:00,16558485.0,16558485.0,16558485.0,16558485.0,0
2025-11-03 17:54:00,16560472.0,16560472.0,16560472.0,16560472.0,0
2025-11-03 17:55:00,16559344.0,16559344.0,16559344.0,16559344.0,0
2025-11-03 17:57:00,16547659.0,16555583.0,16547659.0,16555583.0,69317165056
2025-11-03 17:59:00,16557505.0,16557505.0,16557505.0,16557505.0,19459473408
2025-11-03 18:00:00,16566067.0,16566067.0,16566067.0,16566067.0,136314880
2025-11-03 18:02:00,16548160.0,16548160.0,16548160.0,16548160.0,13420724224
2025-11-03 18:03:00,16550875.0,16550875.0,16550875.0,16550875.0,1615855616
2025-11-03 18:04:00,16558946.0,16573985.0,16558946.0,16573985.0,0
2025-11-03 18:05:00,16570664.0,16570664.0,16570664.0,16570664.0,5588910080
2025-11-03 18:06:00,16565150.0,16565150.0,16565150.0,16565150.0,4407164928
2025-11-03 18:07:00,16566144.0,16566144.0,16566144.0,16566144.0,591396864
2025-11-03 18:09:00,16550870.0,16550870.0,16550870.0,16550870.0,116685537280
2025-11-03 18:11:00,16570529.0,16570529.0,16570529.0,16570529.0,29469179904
2025-11-03 18:12:00,16576360.0,16576360.0,16576360.0,16576360.0,0
2025-11-03 18:13:00,16559929.0,16559929.0,16559929.0,16559929.0,126345019392
2025-11-03 18:14:00,16539572.0,16539572.0,16539572.0,16539572.0,0
2025-11-03 18:15:00,16533895.0,16533895.0,16533895.0,16533895.0,1321205760
2025-11-03 18:16:00,16533895.0,16533895.0,16524741.0,16524741.0,93377789952
2025-11-03 18:17:00,16513307.0,16513307.0,16513307.0,16513307.0,6830424064
2025-11-03 18:18:00,16521094.0,16521094.0,16521094.0,16521094.0,0
2025-11-03 18:19:00,16520719.0,16520719.0,16520719.0,16520719.0,0
2025-11-03 18:20:00,16537003.0,16537003.0,16537003.0,16537003.0,36889952256
2025-11-03 18:21:00,16555747.0,16555747.0,16555747.0,16555747.0,0
2025-11-03 18:23:00,16554597.0,16554597.0,16554597.0,16554597.0,29644292096
2025-11-03 18:24:00,16571044.0,16571044.0,16571044.0,16571044.0,0
2025-11-03 18:25:00,16563883.0,16563883.0,16563883.0,16563883.0,419430400
2025-11-03 18:26:00,16557526.0,16557526.0,16557526.0,16557526.0,8055160832
2025-11-03 18:27:00,16558364.0,16558364.0,16545485.0,16545485.0,3349151744
2025-11-03 18:28:00,16542921.0,16542921.0,16542921.0,16542921.0,24836571136
2025-11-03 18:29:00,16543212.0,16543212.0,16543212.0,16543212.0,178257920
2025-11-03 18:30:00,16536957.0,16536957.0,16536957.0,16536957.0,0
2025-11-03 18:31:00,16539187.0,16539187.0,16539187.0,16539187.0,1358954496
2025-11-03 18:32:00,16542956.0,16542956.0,16542956.0,16542956.0,128735772672
2025-11-03 18:33:00,16536008.0,16536008.0,16536008.0,16536008.0,2881486848
2025-11-03 18:34:00,16546402.0,16546402.0,16546402.0,16546402.0,18582863872
2025-11-03 18:36:00,16546167.0,16546167.0,16546167.0,16546167.0,0
2025-11-03 18:37:00,16547927.0,16547927.0,16547927.0,16547927.0,0
2025-11-03 18:38:00,16548628.0,16549796.0,16548628.0,16549796.0,33277607936
2025-11-03 18:39:00,16545383.0,16545383.0,16545383.0,16545383.0,5672796160
2025-11-03 18:40:00,16538644.0,16538644.0,16538644.0,16538644.0,0
2025-11-03 18:41:00,16527975.0,16527975.0,16527975.0,16527975.0,125231431680
2025-11-03 18:43:00,16500337.0,16500337.0,16500337.0,16500337.0,0
2025-11-03 18:45:00,16487813.0,16487813.0,16487813.0,16487813.0,0
2025-11-03 18:46:00,16480124.0,16480124.0,16472482.0,16472482.0,478920310784
2025-11-03 18:47:00,16469692.0,16469692.0,16469692.0,16469692.0,0
2025-11-03 18:48:00,16479240.0,16479240.0,16479240.0,16479240.0,99799269376
2025-11-03 18:49:00,16508685.0,16508685.0,16508685.0,16508685.0,23516413952
2025-11-03 18:50:00,16498088.0,16498088.0,16498088.0,16498088.0,0
2025-11-03 18:51:00,16497978.0,16497978.0,16497978.0,16497978.0,0
2025-11-03 18:52:00,16513090.0,16513090.0,16513090.0,16513090.0,22510829568
2025-11-03 18:54:00,16514991.0,16514991.0,16514991.0,16514991.0,0
2025-11-03 18:56:00,16493194.0,16493194.0,16493194.0,16493194.0,115562512384
2025-11-03 18:57:00,16492594.0,16492594.0,16492594.0,16492594.0,2426404864
2025-11-03 18:58:00,16492397.0,16492397.0,16492397.0,16492397.0,5454692352
2025-11-03 18:59:00,16491095.0,16491095.0,16491095.0,16491095.0,0
2025-11-03 19:00:00,16490379.0,16490379.0,16490379.0,16490379.0,0
2025-11-03 19:02:00,16480033.0,16480033.0,16480033.0,16480033.0,2804940800
2025-11-03 19:03:00,16472738.0,16472738.0,16472738.0,16472738.0,0
2025-11-03 19:04:00,16473483.0,16473483.0,16458148.0,16458148.0,5856296960
2025-11-03 19:05:00,16458906.0,16458906.0,16458906.0,16458906.0,471859200
2025-11-03 19:06:00,16463007.0,16463007.0,16463007.0,16463007.0,12740198400
2025-11-03 19:07:00,16444793.0,16444793.0,16444793.0,16444793.0,66530050048
2025-11-03 19:08:00,16451818.0,16451818.0,16451818.0,16451818.0,5105516544
2025-11-03 19:10:00,16438287.0,16438287.0,16438287.0,16438287.0,0
2025-11-03 19:11:00,16439554.0,16439554.0,16439554.0,16439554.0,12832473088
2025-11-03 19:12:00,16447605.0,16447605.0,16447605.0,16447605.0,0
2025-11-03 19:14:00,16457425.0,16457425.0,16457425.0,16457425.0,59776172032
2025-11-03 19:15:00,16469363.0,16469363.0,16464145.0,16464145.0,0
2025-11-03 19:16:00,16487661.0,16487661.0,16487661.0,16487661.0,145630429184
2025-11-03 19:17:00,16499592.0,16499592.0,16499592.0,16499592.0,0
2025-11-03 19:18:00,16481383.0,16481383.0,16481383.0,16481383.0,13747879936
2025-11-03 19:19:00,16470097.0,16470097.0,16470097.0,16470097.0,20296237056
2025-11-03 19:20:00,16475886.0,16475886.0,16475886.0,16475886.0,5367660544
2025-11-03 19:22:00,16502933.0,16502933.0,16502933.0,16502933.0,0
2025-11-03 19:23:00,16506161.0,16506161.0,16506161.0,16506161.0,0
2025-11-03 19:24:00,16501765.0,16501765.0,16501765.0,16501765.0,43356520448
2025-11-03 19:25:00,16484548.0,16485155.0,16484548.0,16485155.0,0
2025-11-03 19:26:00,16498644.0,16498644.0,16498644.0,16498644.0,134271205376
2025-11-03 19:27:00,16498591.0,16498591.0,16498591.0,16498591.0,0
2025-11-03 19:28:00,16490400.0,16490400.0,16490400.0,16490400.0,22060990464
2025-11-03 19:29:00,16490924.0,16490924.0,16490924.0,16490924.0,335544320
2025-11-03 19:30:00,16483933.0,16483933.0,16483933.0,16483933.0,0
2025-11-03 19:32:00,16506959.0,16506959.0,16506959.0,16506959.0,181437202432
2025-11-03 19:33:00,16507801.0,16507801.0,16507801.0,16507801.0,0
2025-11-03 19:34:00,16509870.0,16509870.0,16509870.0,16509870.0,32351715328
2025-11-03 19:35:00,16503154.0,16503154.0,16503154.0,16503154.0,12208570368
2025-11-03 19:36:00,16511417.0,16511417.0,16511417.0,16511417.0,0
2025-11-03 19:37:00,16518282.0,16518282.0,16518282.0,16518282.0,3335520256
2025-11-03 19:38:00,16521470.0,16521470.0,16520089.0,16520089.0,12704546816
2025-11-03 19:39:00,16520661.0,16520661.0,16520661.0,16520661.0,365953024
2025-11-03 19:40:00,16548285.0,16548285.0,16548285.0,16548285.0,7556038656
2025-11-03 19:41:00,16548124.0,16548124.0,16548124.0,16548124.0,0
2025-11-03 19:42:00,16549800.0,16549800.0,16549800.0,16549800.0,0
2025-11-03 19:44:00,16524863.0,16524863.0,16524863.0,16524863.0,127739625472
2025-11-03 19:46:00,16538033.0,16538033.0,16538033.0,16538033.0,0
2025-11-03 19:47:00,16551356.0,16551356.0,16542116.0,16542116.0,0
2025-11-03 19:48:00,16545713.0,16545713.0,16545713.0,16545713.0,0
2025-11-03 19:49:00,16532058.0,16532058.0,16532058.0,16532058.0,28610396160
2025-11-03 19:50:00,16531847.0,16531847.0,16531847.0,16531847.0,0
2025-11-03 19:51:00,16530757.0,16530757.0,16530757.0,16530757.0,0
2025-11-03 19:53:00,16514730.0,16514730.0,16514730.0,16514730.0,6565134336
2025-11-03 19:54:00,16513991.0,16513991.0,16505603.0,16505603.0,117906079744
2025-11-03 19:55:00,16519258.0,16519258.0,16519258.0,16519258.0,0
2025-11-03 19:56:00,16518006.0,16518006.0,16518006.0,16518006.0,449839104
2025-11-03 19:57:00,16522168.0,16522168.0,16522168.0,16522168.0,147201196032
2025-11-03 19:59:00,16515566.0,16515566.0,16515566.0,16515566.0,0
2025-11-03 20:00:00,16502954.0,16502954.0,16502954.0,16502954.0,0
2025-11-03 20:01:00,16503423.0,16503423.0,16503423.0,16503423.0,297795584
2025-11-03 20:03:00,16515958.0,16515958.0,16507735.0,16507735.0,69282562048
2025-11-03 20:04:00,16494190.0,16494190.0,16494190.0,16494190.0,116684488704
2025-11-03 20:05:00,16502350.0,16502350.0,16502350.0,16502350.0,0
2025-11-03 20:06:00,16503566.0,16503566.0,16503566.0,16503566.0,786432000
2025-11-03 20:07:00,16477034.0,16477034.0,16477034.0,16477034.0,0
2025-11-03 20:08:00,16477773.0,16477773.0,16477773.0,16477773.0,479199232
2025-11-03 20:10:00,16466349.0,16466349.0,16466349.0,16466349.0,0
2025-11-03 20:11:00,16475284.0,16475284.0,16475284.0,16475284.0,41577086976
2025-11-03 20:12:00,16472093.0,16472093.0,16472093.0,16472093.0,0
2025-11-03 20:13:00,16470628.0,16470628.0,16470628.0,16470628.0,0
2025-11-03 20:14:00,16465363.0,16465363.0,16465363.0,16465363.0,12323913728
2025-11-03 20:15:00,16452908.0,16452908.0,16452908.0,16452908.0,336592896
2025-11-03 20:16:00,16446505.0,16446505.0,16446505.0,16446505.0,15500050432
2025-11-03 20:17:00,16448841.0,16448841.0,16448841.0,16448841.0,219152384
2025-11-03 20:18:00,16451147.0,16451147.0,16451147.0,16451147.0,7664041984
2025-11-03 20:19:00,16442561.0,16442561.0,16442561.0,16442561.0,18750636032
2025-11-03 20:20:00,16442306.0,16442306.0,16442306.0,16442306.0,0
2025-11-03 20:22:00,16446695.0,16446695.0,16446695.0,16446695.0,0
2025-11-03 20:23:00,16452556.0,16452556.0,16452556.0,16452556.0,39131807744
2025-11-03 20:24:00,16453916.0,16453916.0,16450118.0,16450118.0,0
2025-11-03 20:25:00,16428163.0,16428163.0,16428163.0,16428163.0,0
2025-11-03 20:26:00,16429863.0,16429863.0,16429863.0,16429863.0,1095761920
2025-11-03 20:27:00,16436247.0,16436247.0,16436247.0,16436247.0,59792949248
2025-11-03 20:28:00,16435310.0,16435310.0,16435310.0,16435310.0,21816672256
2025-11-03 20:29:00,16435594.0,16435594.0,16435594.0,16435594.0,184549376
2025-11-03 20:30:00,16460078.0,16460078.0,16460078.0,16460078.0,4642045952
2025-11-03 20:31:00,16460636.0,16460636.0,16460636.0,16460636.0,0
2025-11-03 20:32:00,16481616.0,16481616.0,16481616.0,16481616.0,197756190720
2025-11-03 20:34:00,16479212.0,16479212.0,16479212.0,16479212.0,0
2025-11-03 20:35:00,16478021.0,16478021.0,16478021.0,16478021.0,0
2025-11-03 20:36:00,16474356.0,16474356.0,16474356.0,16474356.0,140846825472
2025-11-03 20:37:00,16471743.0,16471743.0,16470708.0,16470708.0,0
2025-11-03 20:38:00,16477132.0,16477132.0,16477132.0,16477132.0,34586230784
2025-11-03 20:39:00,16476990.0,16476990.0,16476990.0,16476990.0,0
2025-11-03 20:40:00,16470974.0,16470974.0,16470974.0,16470974.0,4074766336
2025-11-03 20:41:00,16471351.0,16471351.0,16471351.0,16471351.0,245366784
2025-11-03 20:42:00,16468886.0,16468886.0,16468886.0,16468886.0,0
2025-11-03 20:43:00,16458488.0,16458488.0,16458488.0,16458488.0,0
2025-11-03 20:44:00,16450563.0,16450563.0,16450563.0,16450563.0,158419910656
2025-11-03 20:45:00,16438918.0,16438918.0,16438918.0,16438918.0,0
2025-11-03 20:46:00,16439764.0,16439764.0,16439764.0,16439764.0,556793856
2025-11-03 20:48:00,16421763.0,16421763.0,16421763.0,16421763.0,5856296960
2025-11-03 20:49:00,16433086.0,16433086.0,16433086.0,16433086.0,25501368320
2025-11-03 20:50:00,16415289.0,16427817.0,16415289.0,16427817.0,9517924352
2025-11-03 20:52:00,16426572.0,16427963.0,16426572.0,16427963.0,0
2025-11-03 20:53:00,16425678.0,16425678.0,16425678.0,16425678.0,115188170752
2025-11-03 20:54:00,16425660.0,16425660.0,16425660.0,16425660.0,0
2025-11-03 20:55:00,16412139.0,16412139.0,16412139.0,16412139.0,0
2025-11-03 20:56:00,16414504.0,16414504.0,16414504.0,16414504.0,0
2025-11-03 20:57:00,16416094.0,16416094.0,16416094.0,16416094.0,1038090240
2025-11-03 20:59:00,16401122.0,16401122.0,16401122.0,16401122.0,68030562304
2025-11-03 21:00:00,16409406.0,16439461.0,16409406.0,16439461.0,94385471488
2025-11-03 21:01:00,16471793.0,16471793.0,16471793.0,16471793.0,46876590080
2025-11-03 21:02:00,16492582.0,16492582.0,16492582.0,16492582.0,0
2025-11-03 21:03:00,16503291.0,16503291.0,16503291.0,16503291.0,0
2025-11-03 21:05:00,16492180.0,16492180.0,16492180.0,16492180.0,57989398528
2025-11-03 21:06:00,16492085.0,16492085.0,16473636.0,16473636.0,0
2025-11-03 21:07:00,16471239.0,16471239.0,16471239.0,16471239.0,190314446848
2025-11-03 21:08:00,16459315.0,16459315.0,16459315.0,16459315.0,9215934464
2025-11-03 21:09:00,16463979.0,16463979.0,16463979.0,16463979.0,0
2025-11-03 21:10:00,16462318.0,16462318.0,16462318.0,16462318.0,28939649024
2025-11-03 21:11:00,16461500.0,16461500.0,16461500.0,16461500.0,0
2025-11-03 21:13:00,16445506.0,16445506.0,16445506.0,16445506.0,0
2025-11-03 21:14:00,16436682.0,16436682.0,16436682.0,16436682.0,0
2025-11-03 21:15:00,16434683.0,16434683.0,16434683.0,16434683.0,0
2025-11-03 21:16:00,16427595.0,16427595.0,16427595.0,16427595.0,110976040960
2025-11-03 21:17:00,16397865.0,16397865.0,16397865.0,16397865.0,23484956672
2025-11-03 21:19:00,16397280.0,16397280.0,16388516.0,16388516.0,0
2025-11-03 21:20:00,16388516.0,16388516.0,16388516.0,16388516.0,0
2025-11-03 21:21:00,16404587.0,16404587.0,16404587.0,16404587.0,0
2025-11-03 21:22:00,16403470.0,16403470.0,16403470.0,16403470.0,69480742912
2025-11-03 21:23:00,16437254.0,16437254.0,16437254.0,16437254.0,127178637312
2025-11-03 21:24:00,16450188.0,16450188.0,16450188.0,16450188.0,0
2025-11-03 21:26:00,16426134.0,16426134.0,16426134.0,16426134.0,47356837888
2025-11-03 21:27:00,16423897.0,16423897.0,16423897.0,16423897.0,0
2025-11-03 21:29:00,16425842.0,16425842.0,16425842.0,16425842.0,0
2025-11-03 21:30:00,16436624.0,16436624.0,16436624.0,16436624.0,141967753216
2025-11-03 21:31:00,16439955.0,16439955.0,16439955.0,16439955.0,0
2025-11-03 21:32:00,16432068.0,16432068.0,16432068.0,16432068.0,33941356544
2025-11-03 21:33:00,16441308.0,16441308.0,16441308.0,16441308.0,0
2025-11-03 21:34:00,16453008.0,16453008.0,16453008.0,16453008.0,100488183808
2025-11-03 21:35:00,16471505.0,16471505.0,16471505.0,16471505.0,11478761472
2025-11-03 21:36:00,16470668.0,16470668.0,16470668.0,16470668.0,0
2025-11-03 21:38:00,16484161.0,16484161.0,16475133.0,16475133.0,65753055232
2025-11-03 21:39:00,16474919.0,16474919.0,16474919.0,16474919.0,0
2025-11-03 21:41:00,16473255.0,16473255.0,16473255.0,16473255.0,15958278144
2025-11-03 21:42:00,16473590.0,16473590.0,16473590.0,16473590.0,0
2025-11-03 21:43:00,16473519.0,16482254.0,16473519.0,16482254.0,39375077376
2025-11-03 21:44:00,16482094.0,16482094.0,16482094.0,16482094.0,0
2025-11-03 21:46:00,16497182.0,16497182.0,16497182.0,16497182.0,570425344
2025-11-03 21:47:00,16492978.0,16492978.0,16492978.0,16492978.0,7525629952
2025-11-03 21:48:00,16496728.0,16496728.0,16496728.0,16496728.0,4886364160
2025-11-03 21:49:00,16489901.0,16489901.0,16489901.0,16489901.0,0
2025-11-03 21:50:00,16488608.0,16488608.0,16488608.0,16488608.0,0
2025-11-03 21:51:00,16488282.0,16488282.0,16484152.0,16484152.0,32672579584
2025-11-03 21:52:00,16489084.0,16489084.0,16489084.0,16489084.0,0
2025-11-03 21:53:00,16486407.0,16486407.0,16486407.0,16486407.0,0
2025-11-03 21:54:00,16486674.0,16486674.0,16486674.0,16486674.0,181403648
2025-11-03 21:55:00,16492701.0,16492701.0,16492701.0,16492701.0,29479665664
2025-11-03 21:56:00,16487921.0,16487921.0,16487921.0,16487921.0,0
2025-11-03 21:58:00,16485515.0,16485515.0,16485515.0,16485515.0,0
2025-11-03 21:59:00,16480418.0,16480418.0,16472774.0,16472774.0,40911241216
2025-11-03 22:00:00,16472629.0,16472629.0,16472629.0,16472629.0,0
2025-11-03 22:01:00,16478888.0,16478888.0,16478888.0,16478888.0,20095959040
2025-11-03 22:02:00,16438589.0,16438589.0,16438589.0,16438589.0,0
2025-11-03 22:03:00,16441087.0,16441087.0,16441087.0,16441087.0,0
2025-11-03 22:04:00,16440802.0,16440802.0,16440802.0,16440802.0,0
2025-11-03 22:05:00,16419377.0,16419377.0,16419377.0,16419377.0,16930308096
2025-11-03 22:06:00,16422959.0,16422959.0,16422959.0,16422959.0,0
2025-11-03 22:07:00,16444019.0,16444019.0,16444019.0,16444019.0,8186232832
2025-11-03 22:08:00,16433670.0,16433670.0,16433670.0,16433670.0,0
2025-11-03 22:10:00,16440689.0,16440689.0,16440689.0,16440689.0,22608347136
2025-11-03 22:11:00,16443061.0,16443061.0,16441061.0,16441061.0,0
2025-11-03 22:12:00,16422465.0,16422465.0,16422465.0,16422465.0,0
2025-11-03 22:13:00,16411046.0,16411046.0,16411046.0,16411046.0,146572050432
2025-11-03 22:14:00,16425220.0,16425220.0,16425220.0,16425220.0,0
2025-11-03 22:15:00,16424537.0,16424537.0,16424537.0,16424537.0,4180672512
2025-11-03 22:17:00,16428740.0,16428740.0,16428740.0,16428740.0,129300955136
2025-11-03 22:18:00,16430529.0,16430529.0,16430529.0,16430529.0,0
2025-11-03 22:20:00,16430892.0,16430892.0,16430892.0,16430892.0,0
2025-11-03 22:21:00,16427234.0,16427234.0,16427234.0,16427234.0,11563696128
2025-11-03 22:22:00,16424787.0,16425645.0,16424787.0,16425645.0,5274337280
2025-11-03 22:23:00,16400537.0,16400537.0,16400537.0,16400537.0,0
2025-11-03 22:24:00,16404409.0,16404409.0,16404409.0,16404409.0,6153043968
2025-11-03 22:26:00,16402540.0,16402540.0,16402540.0,16402540.0,3226468352
2025-11-03 22:27:00,16394093.0,16394093.0,16394093.0,16394093.0,0
2025-11-03 22:28:00,16383032.0,16383032.0,16383032.0,16383032.0,7546601472
2025-11-03 22:29:00,16383165.0,16383165.0,16383165.0,16383165.0,91226112
2025-11-03 22:30:00,16382621.0,16382621.0,16371578.0,16371578.0,56147050496
2025-11-03 22:31:00,16334340.0,16334340.0,16334340.0,16334340.0,7644119040
2025-11-03 22:32:00,16334260.0,16334260.0,16334260.0,16334260.0,0
2025-11-03 22:33:00,16345453.0,16345453.0,16345453.0,16345453.0,4053794816
2025-11-03 22:34:00,16348343.0,16348343.0,16348343.0,16348343.0,28246540288
2025-11-03 22:36:00,16380528.0,16380528.0,16380528.0,16380528.0,6495928320
2025-11-03 22:37:00,16368952.0,16402221.0,16368952.0,16402221.0,107394105344
2025-11-03 22:38:00,16403153.0,16403153.0,16403153.0,16403153.0,0
2025-11-03 22:39:00,16403068.0,16403068.0,16403068.0,16403068.0,0
2025-11-03 22:40:00,16406436.0,16406436.0,16406436.0,16406436.0,0
2025-11-03 22:41:00,16391305.0,16391305.0,16391305.0,16391305.0,53421801472
2025-11-03 22:42:00,16398307.0,16398307.0,16398307.0,16398307.0,0
2025-11-03 22:44:00,16398914.0,16401468.0,16398914.0,16401468.0,133080023040
2025-11-03 22:46:00,16402625.0,16402625.0,16402625.0,16402625.0,0
2025-11-03 22:47:00,16418976.0,16418976.0,16418976.0,16418976.0,117021081600
2025-11-03 22:48:00,16421016.0,16421016.0,16421016.0,16421016.0,248512512
2025-11-03 22:50:00,16436824.0,16436824.0,16436824.0,16436824.0,0
2025-11-03 22:51:00,16435598.0,16435598.0,16435598.0,16435598.0,0
2025-11-03 22:53:00,16425825.0,16425825.0,16425825.0,16425825.0,5240782848
2025-11-03 22:54:00,16419830.0,16419830.0,16419830.0,16419830.0,10688135168
2025-11-03 22:55:00,16418513.0,16418513.0,16418513.0,16418513.0,0
2025-11-03 22:56:00,16405812.0,16405812.0,16405812.0,16405812.0,34765537280
2025-11-03 22:58:00,16395204.0,16395204.0,16395204.0,16395204.0,0
2025-11-03 22:59:00,16400950.0,16400950.0,16400950.0,16400950.0,22866296832
2025-11-03 23:01:00,16413203.0,16413203.0,16413203.0,16413203.0,658505728
2025-11-03 23:02:00,16403545.0,16403545.0,16403545.0,16403545.0,0
2025-11-03 23:03:00,16379201.0,16379201.0,16379201.0,16379201.0,0
2025-11-03 23:04:00,16356551.0,16356551.0,16356551.0,16356551.0,0
2025-11-03 23:05:00,16351828.0,16351828.0,16351828.0,16351828.0,0
2025-11-03 23:06:00,16354494.0,16354494.0,16354494.0,16354494.0,5113905152
2025-11-03 23:07:00,16373053.0,16373053.0,16373053.0,16373053.0,122863747072
2025-11-03 23:09:00,16370002.0,16370002.0,16370002.0,16370002.0,0
2025-11-03 23:10:00,16369418.0,16369418.0,16369418.0,16369418.0,0
2025-11-03 23:11:00,16371358.0,16373330.0,16371358.0,16373330.0,96106184704
2025-11-03 23:12:00,16382507.0,16382507.0,16382507.0,16382507.0,34019999744
2025-11-03 23:13:00,16389721.0,16389721.0,16389721.0,16389721.0,0
2025-11-03 23:14:00,16385999.0,16385999.0,16385999.0,16385999.0,0
2025-11-03 23:15:00,16382499.0,16382499.0,16382499.0,16382499.0,0
2025-11-03 23:17:00,16382837.0,16383667.0,16382837.0,16383667.0,144713973760
2025-11-03 23:18:00,16389635.0,16389635.0,16389635.0,16389635.0,0
2025-11-03 23:19:00,16390177.0,16390177.0,16390177.0,16390177.0,0
2025-11-03 23:20:00,16390683.0,16390683.0,16390683.0,16390683.0,871366656
2025-11-03 23:21:00,16390879.0,16390879.0,16390879.0,16390879.0,135266304
2025-11-03 23:23:00,16406204.0,16406204.0,16406204.0,16406204.0,38313918464
2025-11-03 23:24:00,16403526.0,16403526.0,16403526.0,16403526.0,0
2025-11-03 23:25:00,16401829.0,16401829.0,16401829.0,16401829.0,0
2025-11-03 23:26:00,16409220.0,16416498.0,16409220.0,16416498.0,1394606080
2025-11-03 23:27:00,16415610.0,16415610.0,16415610.0,16415610.0,19714277376
2025-11-03 23:29:00,16415715.0,16415715.0,16415715.0,16415715.0,18583912448
2025-11-03 23:30:00,16415743.0,16415743.0,16415743.0,16415743.0,0
2025-11-03 23:32:00,16417158.0,16417158.0,16417158.0,16417158.0,1832910848
2025-11-03 23:33:00,16420743.0,16420743.0,16420743.0,16420743.0,38605422592
2025-11-03 23:34:00,16413131.0,16413131.0,16413131.0,16413131.0,0
2025-11-03 23:35:00,16420034.0,16420034.0,16420034.0,16420034.0,58471743488
2025-11-03 23:36:00,16434859.0,16434859.0,16434859.0,16434859.0,0
2025-11-03 23:37:00,16430548.0,16430548.0,16430548.0,16430548.0,24256708608
2025-11-03 23:38:00,16430708.0,16430708.0,16430708.0,16430708.0,109051904
2025-11-03 23:39:00,16437321.0,16437321.0,16437321.0,16437321.0,0
2025-11-03 23:40:00,16441261.0,16441261.0,16441261.0,16441261.0,39943405568
2025-11-03 23:41:00,16437751.0,16437751.0,16437751.0,16437751.0,0
2025-11-03 23:43:00,16450534.0,16450534.0,16450534.0,16450534.0,25526534144
2025-11-03 23:44:00,16441769.0,16441769.0,16441769.0,16441769.0,0
2025-11-03 23:45:00,16437754.0,16437754.0,16437754.0,16437754.0,7214202880
2025-11-03 23:46:00,16440387.0,16440387.0,16440387.0,16440387.0,0
2025-11-03 23:47:00,16433437.0,16433437.0,16433437.0,16433437.0,0
2025-11-03 23:48:00,16419826.0,16419826.0,16419826.0,16419826.0,41325428736
2025-11-03 23:49:00,16420197.0,16420197.0,16420197.0,16420197.0,3610247168
2025-11-03 23:50:00,16421588.0,16421588.0,16421588.0,16421588.0,0
2025-11-03 23:51:00,16421073.0,16421073.0,16421073.0,16421073.0,0
2025-11-03 23:53:00,16420334.0,16420334.0,16420334.0,16420334.0,0
2025-11-03 23:54:00,16422666.0,16422666.0,16422666.0,16422666.0,34361835520
2025-11-03 23:55:00,16424903.0,16429393.0,16424903.0,16429393.0,3826253824
2025-11-03 23:56:00,16428966.0,16428966.0,16428966.0,16428966.0,0
2025-11-03 23:58:00,16437104.0,16437104.0,16437104.0,16437104.0,0
2025-11-04 00:00:00,16430197.0,16430197.0,16430197.0,16430197.0,28215083008
2025-11-04 00:02:00,16438059.0,16438059.0,16438059.0,16438059.0,0
2025-11-04 00:03:00,16419597.0,16419597.0,16419597.0,16419597.0,0
2025-11-04 00:04:00,16418642.0,16418642.0,16418642.0,16418642.0,77444677632
2025-11-04 00:05:00,16427447.0,16427447.0,16427447.0,16427447.0,8873050112
2025-11-04 00:06:00,16430196.0,16430196.0,16430196.0,16430196.0,1888485376
2025-11-04 00:08:00,16437469.0,16437469.0,16437469.0,16437469.0,0
2025-11-04 00:10:00,16439982.0,16439982.0,16439982.0,16439982.0,33111932928
2025-11-04 00:11:00,16427227.0,16427227.0,16416428.0,16416428.0,1476395008
2025-11-04 00:12:00,16421148.0,16421148.0,16421148.0,16421148.0,4495245312
2025-11-04 00:13:00,16416349.0,16416349.0,16416349.0,16416349.0,0
2025-11-04 00:14:00,16415547.0,16415547.0,16415547.0,16415547.0,5501878272
2025-11-04 00:16:00,16407803.0,16407803.0,16406560.0,16406560.0,4610588672
2025-11-04 00:17:00,16403956.0,16403956.0,16403956.0,16403956.0,0
2025-11-04 00:18:00,16392161.0,16392161.0,16392161.0,16392161.0,30347886592
2025-11-04 00:20:00,16403588.0,16403588.0,16403588.0,16403588.0,0
2025-11-04 00:21:00,16398827.0,16398827.0,16398827.0,16398827.0,62718476288
2025-11-04 00:22:00,16397439.0,16397439.0,16383677.0,16383677.0,0
2025-11-04 00:23:00,16370598.0,16370598.0,16370598.0,16370598.0,0
2025-11-04 00:24:00,16361231.0,16361231.0,16361231.0,16361231.0,173353730048
2025-11-04 00:25:00,16352675.0,16352675.0,16352675.0,16352675.0,0
2025-11-04 00:26:00,16356869.0,16356869.0,16356869.0,16356869.0,0
2025-11-04 00:27:00,16357165.0,16357165.0,16357165.0,16357165.0,201326592
2025-11-04 00:28:00,16357620.0,16357620.0,16357620.0,16357620.0,39967522816
2025-11-04 00:29:00,16341051.0,16341051.0,16341051.0,16341051.0,45396000768
2025-11-04 00:30:00,16336653.0,16336653.0,16336653.0,16336653.0,0
2025-11-04 00:32:00,16342667.0,16351048.0,16342667.0,16351048.0,177059397632
2025-11-04 00:33:00,16340331.0,16340331.0,16340331.0,16340331.0,0
2025-11-04 00:35:00,16387729.0,16387729.0,16387279.0,16387279.0,141625917440
2025-11-04 00:36:00,16392409.0,16392409.0,16392409.0,16392409.0,0
2025-11-04 00:38:00,16435402.0,16435402.0,16435402.0,16435402.0,75139907584
2025-11-04 00:39:00,16433955.0,16433955.0,16433955.0,16433955.0,0
2025-11-04 00:41:00,16456358.0,16456358.0,16456358.0,16456358.0,0
2025-11-04 00:42:00,16458456.0,16459018.0,16458456.0,16459018.0,342779494400
2025-11-04 00:43:00,16460743.0,16460743.0,16460743.0,16460743.0,90869596160
2025-11-04 00:44:00,16471766.0,16471766.0,16471766.0,16471766.0,1456472064
2025-11-04 00:45:00,16468665.0,16468665.0,16468665.0,16468665.0,0
2025-11-04 00:47:00,16457759.0,16457759.0,16457759.0,16457759.0,57532219392
2025-11-04 00:48:00,16452200.0,16452200.0,16452200.0,16452200.0,0
2025-11-04 00:49:00,16445248.0,16445248.0,16445248.0,16445248.0,0
2025-11-04 00:50:00,16445470.0,16445470.0,16445470.0,16445470.0,24792530944
2025-11-04 00:51:00,16450087.0,16450087.0,16450087.0,16450087.0,31646023680
2025-11-04 00:52:00,16439893.0,16439893.0,16439893.0,16439893.0,3733979136
2025-11-04 00:53:00,16430162.0,16430162.0,16430162.0,16430162.0,0
2025-11-04 00:54:00,16433044.0,16433044.0,16433044.0,16433044.0,1993342976
2025-11-04 00:55:00,16437296.0,16437296.0,16437296.0,16437296.0,37426823168
2025-11-04 00:56:00,16423555.0,16423555.0,16423555.0,16423555.0,0
2025-11-04 00:57:00,16409402.0,16409402.0,16409402.0,16409402.0,0
2025-11-04 00:59:00,16420008.0,16420008.0,16420008.0,16420008.0,84275101696
2025-11-04 01:01:00,16418255.0,16433104.0,16418255.0,16433104.0,0
2025-11-04 01:02:00,16436142.0,16436142.0,16436142.0,16436142.0,2104492032
2025-11-04 01:03:00,16443964.0,16443964.0,16443964.0,16443964.0,0
2025-11-04 01:04:00,16439341.0,16439341.0,16439341.0,16439341.0,0
2025-11-04 01:05:00,16426198.0,16426198.0,16426198.0,16426198.0,4530896896
2025-11-04 01:06:00,16429192.0,16429192.0,16429192.0,16429192.0,2075131904
2025-11-04 01:07:00,16432912.0,16432912.0,16432912.0,16432912.0,118204923904
2025-11-04 01:09:00,16447191.0,16447191.0,16447191.0,16447191.0,0
2025-11-04 01:10:00,16448502.0,16448502.0,16448502.0,16448502.0,907018240
2025-11-04 01:11:00,16447292.0,16453518.0,16447292.0,16453518.0,113733795840
2025-11-04 01:12:00,16455063.0,16455063.0,16455063.0,16455063.0,0
2025-11-04 01:13:00,16458873.0,16458873.0,16458873.0,16458873.0,173450199040
2025-11-04 01:14:00,16453193.0,16453193.0,16453193.0,16453193.0,0
2025-11-04 01:15:00,16452800.0,16452800.0,16452800.0,16452800.0,0
2025-11-04 01:16:00,16451179.0,16451179.0,16451179.0,16451179.0,0
2025-11-04 01:17:00,16455056.0,16455056.0,16455056.0,16455056.0,3578789888
2025-11-04 01:18:00,16454438.0,16454438.0,16454438.0,16454438.0,0
2025-11-04 01:19:00,16441220.0,16441220.0,16441220.0,16441220.0,5431623680
2025-11-04 01:21:00,16456838.0,16456838.0,16456838.0,16456838.0,11168382976
2025-11-04 01:22:00,16486983.0,16504617.0,16486983.0,16504617.0,0
2025-11-04 01:23:00,16522022.0,16522022.0,16522022.0,16522022.0,0
2025-11-04 01:24:00,16524621.0,16524621.0,16524621.0,16524621.0,52040826880
2025-11-04 01:25:00,16525683.0,16525683.0,16525683.0,16525683.0,0
2025-11-04 01:27:00,16523733.0,16523733.0,16506701.0,16506701.0,117034713088
2025-11-04 01:28:00,16508932.0,16508932.0,16508932.0,16508932.0,1552941056
2025-11-04 01:29:00,16508639.0,16508639.0,16508639.0,16508639.0,51302629376
2025-11-04 01:30:00,16494227.0,16494227.0,16494227.0,16494227.0,0
2025-11-04 01:32:00,16521284.0,16521284.0,16521284.0,16521284.0,11013193728
2025-11-04 01:33:00,16521882.0,16521882.0,16521882.0,16521882.0,0
2025-11-04 01:34:00,16517710.0,16517710.0,16517710.0,16517710.0,86866132992
2025-11-04 01:35:00,16517710.0,16517710.0,16517710.0,16517710.0,0
2025-11-04 01:37:00,16525244.0,16525244.0,16525244.0,16525244.0,0
2025-11-04 01:38:00,16532374.0,16532374.0,16525119.0,16525119.0,21267218432
2025-11-04 01:39:00,16520677.0,16520677.0,16520677.0,16520677.0,0
2025-11-04 01:40:00,16547685.0,16547685.0,16547685.0,16547685.0,0
2025-11-04 01:42:00,16542884.0,16542884.0,16542884.0,16542884.0,0
2025-11-04 01:43:00,16541916.0,16541916.0,16541916.0,16541916.0,0
2025-11-04 01:44:00,16531553.0,16531946.0,16531553.0,16531946.0,19330498560
2025-11-04 01:45:00,16531206.0,16531206.0,16531206.0,16531206.0,0
2025-11-04 01:46:00,16528376.0,16528376.0,16528376.0,16528376.0,26570915840
2025-11-04 01:47:00,16527579.0,16527579.0,16527579.0,16527579.0,8564768768
2025-11-04 01:48:00,16522133.0,16522133.0,16522133.0,16522133.0,0
2025-11-04 01:49:00,16519297.0,16519297.0,16519297.0,16519297.0,0
2025-11-04 01:51:00,16507507.0,16507507.0,16507507.0,16507507.0,35785801728
2025-11-04 01:52:00,16507935.0,16507935.0,16507935.0,16507935.0,296747008
2025-11-04 01:53:00,16484909.0,16484909.0,16484909.0,16484909.0,2544893952
2025-11-04 01:54:00,16470688.0,16470688.0,16470688.0,16470688.0,110320680960
2025-11-04 01:55:00,16499282.0,16499282.0,16499282.0,16499282.0,0
2025-11-04 01:56:00,16509516.0,16509516.0,16509516.0,16509516.0,0
2025-11-04 01:57:00,16521977.0,16521977.0,16521977.0,16521977.0,0
2025-11-04 01:59:00,16527234.0,16527234.0,16527234.0,16527234.0,0
2025-11-04 02:00:00,16519760.0,16519760.0,16519760.0,16519760.0,0
2025-11-04 02:02:00,16498670.0,16498670.0,16498670.0,16498670.0,138171908096
2025-11-04 02:03:00,16494355.0,16494355.0,16494355.0,16494355.0,0
2025-11-04 02:04:00,16488865.0,16488865.0,16488865.0,16488865.0,0
2025-11-04 02:06:00,16491082.0,16491082.0,16491082.0,16491082.0,5419040768
2025-11-04 02:07:00,16482763.0,16482763.0,16470923.0,16470923.0,2744123392
2025-11-04 02:08:00,16484445.0,16484445.0,16484445.0,16484445.0,10068426752
2025-11-04 02:09:00,16486160.0,16486160.0,16486160.0,16486160.0,105077800960
2025-11-04 02:10:00,16490175.0,16490175.0,16490175.0,16490175.0,2819620864
2025-11-04 02:12:00,16489943.0,16489943.0,16489943.0,16489943.0,0
2025-11-04 02:13:00,16492371.0,16492371.0,16492371.0,16492371.0,1679818752
2025-11-04 02:14:00,16498709.0,16500601.0,16498709.0,16500601.0,156332195840
2025-11-04 02:15:00,16497412.0,16497412.0,16497412.0,16497412.0,0
2025-11-04 02:17:00,16491375.0,16491375.0,16488943.0,16488943.0,0
2025-11-04 02:18:00,16486012.0,16486012.0,16486012.0,16486012.0,0
2025-11-04 02:19:00,16492788.0,16492788.0,16492788.0,16492788.0,4109369344
2025-11-04 02:20:00,16505541.0,16505541.0,16505541.0,16505541.0,61291364352
2025-11-04 02:21:00,16508983.0,16508983.0,16508983.0,16508983.0,0
2025-11-04 02:22:00,16520660.0,16520660.0,16520660.0,16520660.0,56101961728
2025-11-04 02:24:00,16524896.0,16524896.0,16524896.0,16524896.0,14823718912
2025-11-04 02:26:00,16530487.0,16530487.0,16530487.0,16530487.0,0
2025-11-04 02:27:00,16530200.0,16530200.0,16530200.0,16530200.0,0
2025-11-04 02:28:00,16528581.0,16532847.0,16528581.0,16532847.0,51986300928
2025-11-04 02:29:00,16505288.0,16505288.0,16505288.0,16505288.0,538968064
2025-11-04 02:30:00,16505455.0,16505455.0,16485506.0,16485506.0,0
2025-11-04 02:32:00,16487898.0,16487898.0,16487898.0,16487898.0,0
2025-11-04 02:33:00,16493946.0,16493946.0,16493946.0,16493946.0,0
2025-11-04 02:35:00,16475838.0,16475838.0,16475838.0,16475838.0,0
2025-11-04 02:36:00,16483195.0,16483195.0,16483195.0,16483195.0,0
2025-11-04 02:37:00,16485255.0,16485255.0,16485255.0,16485255.0,87047536640
2025-11-04 02:38:00,16485806.0,16485806.0,16485638.0,16485638.0,31328305152
2025-11-04 02:39:00,16489048.0,16489048.0,16489048.0,16489048.0,2383413248
2025-11-04 02:40:00,16488170.0,16488170.0,16488170.0,16488170.0,0
2025-11-04 02:41:00,16490723.0,16490723.0,16490723.0,16490723.0,0
2025-11-04 02:42:00,16494554.0,16494554.0,16494554.0,16494554.0,26919043072
2025-11-04 02:44:00,16454631.0,16454631.0,16454631.0,16454631.0,0
2025-11-04 02:45:00,16448080.0,16448080.0,16448080.0,16448080.0,0
2025-11-04 02:46:00,16456747.0,16456747.0,16447967.0,16447967.0,85470478336
2025-11-04 02:47:00,16444758.0,16444758.0,16444758.0,16444758.0,25653411840
2025-11-04 02:48:00,16423528.0,16423528.0,16423528.0,16423528.0,0
2025-11-04 02:49:00,16424273.0,16424273.0,16424273.0,16424273.0,519045120
2025-11-04 02:50:00,16425096.0,16425096.0,16425096.0,16425096.0,0
2025-11-04 02:52:00,16427513.0,16427513.0,16427513.0,16427513.0,29188161536
2025-11-04 02:54:00,16425784.0,16425784.0,16425784.0,16425784.0,0
2025-11-04 02:55:00,16420622.0,16427611.0,16420622.0,16427611.0,99969138688
2025-11-04 02:56:00,16429265.0,16429265.0,16429265.0,16429265.0,0
2025-11-04 02:57:00,16427606.0,16427606.0,16427606.0,16427606.0,28514975744
2025-11-04 02:59:00,16417681.0,16417681.0,16417681.0,16417681.0,0
2025-11-04 03:00:00,16414317.0,16414317.0,16414317.0,16414317.0,0
2025-11-04 03:01:00,16405039.0,16405039.0,16405039.0,16405039.0,0
2025-11-04 03:02:00,16417212.0,16418611.0,16417212.0,16418611.0,169047228416
2025-11-04 03:03:00,16413960.0,16413960.0,16413960.0,16413960.0,1576009728
2025-11-04 03:04:00,16416382.0,16416382.0,16416382.0,16416382.0,1684013056
2025-11-04 03:05:00,16410840.0,16410840.0,16410840.0,16410840.0,0
2025-11-04 03:06:00,16414802.0,16414802.0,16414802.0,16414802.0,0
2025-11-04 03:07:00,16394331.0,16394331.0,16394331.0,16394331.0,15482224640
2025-11-04 03:08:00,16375775.0,16375775.0,16375775.0,16375775.0,0
2025-11-04 03:09:00,16376054.0,16376054.0,16376054.0,16376054.0,191889408
2025-11-04 03:11:00,16401291.0,16401291.0,16401291.0,16401291.0,0
2025-11-04 03:12:00,16403401.0,16423134.0,16403401.0,16423134.0,142786691072
2025-11-04 03:13:00,16434532.0,16434532.0,16434532.0,16434532.0,0
2025-11-04 03:14:00,16459450.0,16459450.0,16459450.0,16459450.0,0
2025-11-04 03:16:00,16470127.0,16482989.0,16470127.0,16482989.0,11425284096
2025-11-04 03:18:00,16475173.0,16475173.0,16475173.0,16475173.0,1488977920
2025-11-04 03:19:00,16474783.0,16476341.0,16474783.0,16476341.0,0
2025-11-04 03:20:00,16465377.0,16465377.0,16465377.0,16465377.0,0
2025-11-04 03:21:00,16464325.0,16464325.0,16464325.0,16464325.0,0
2025-11-04 03:22:00,16454022.0,16454022.0,16454022.0,16454022.0,66049802240
2025-11-04 03:23:00,16459076.0,16459076.0,16459076.0,16459076.0,0
2025-11-04 03:24:00,16458193.0,16458193.0,16458193.0,16458193.0,0
2025-11-04 03:26:00,16465827.0,16465827.0,16465827.0,16465827.0,30531387392
2025-11-04 03:28:00,16477885.0,16477885.0,16477885.0,16477885.0,0
2025-11-04 03:29:00,16485776.0,16485776.0,16485776.0,16485776.0,0
2025-11-04 03:31:00,16483489.0,16483489.0,16480358.0,16480358.0,0
2025-11-04 03:32:00,16467189.0,16467189.0,16467189.0,16467189.0,0
2025-11-04 03:33:00,16465347.0,16465347.0,16465347.0,16465347.0,0
2025-11-04 03:34:00,16483705.0,16483705.0,16483705.0,16483705.0,31910264832
2025-11-04 03:36:00,16496363.0,16499211.0,16496363.0,16499211.0,0
2025-11-04 03:37:00,16494829.0,16494829.0,16494829.0,16494829.0,0
2025-11-04 03:39:00,16504263.0,16504263.0,16504263.0,16504263.0,115804733440
2025-11-04 03:40:00,16498278.0,16498278.0,16498278.0,16498278.0,19006488576
2025-11-04 03:41:00,16500025.0,16500025.0,16494945.0,16494945.0,0
2025-11-04 03:42:00,16493448.0,16493448.0,16493448.0,16493448.0,0
2025-11-04 03:43:00,16500908.0,16500908.0,16500908.0,16500908.0,42540728320
2025-11-04 03:44:00,16509117.0,16509117.0,16509117.0,16509117.0,3097493504
2025-11-04 03:45:00,16508690.0,16508690.0,16508690.0,16508690.0,0
2025-11-04 03:46:00,16505015.0,16505015.0,16505015.0,16505015.0,4357881856
2025-11-04 03:48:00,16496143.0,16496143.0,16496143.0,16496143.0,1530920960
2025-11-04 03:49:00,16495248.0,16495248.0,16495248.0,16495248.0,0
2025-11-04 03:50:00,16492192.0,16492192.0,16492192.0,16492192.0,0
2025-11-04 03:51:00,16489983.0,16489983.0,16489983.0,16489983.0,60222865408
2025-11-04 03:52:00,16489351.0,16495527.0,16489351.0,16495527.0,849346560
2025-11-04 03:53:00,16494509.0,16494509.0,16494509.0,16494509.0,644874240
2025-11-04 03:54:00,16494224.0,16494224.0,16494224.0,16494224.0,0
2025-11-04 03:56:00,16504156.0,16506008.0,16504156.0,16506008.0,0
2025-11-04 03:58:00,16506518.0,16506518.0,16506518.0,16506518.0,0
2025-11-04 03:59:00,16509376.0,16509376.0,16509376.0,16509376.0,22481469440
2025-11-04 04:00:00,16508202.0,16508202.0,16505352.0,16505352.0,0
2025-11-04 04:01:00,16510733.0,16510733.0,16510733.0,16510733.0,0
2025-11-04 04:02:00,16516040.0,16516040.0,16516040.0,16516040.0,0
2025-11-04 04:03:00,16510712.0,16510712.0,16510712.0,16510712.0,0
2025-11-04 04:04:00,16511669.0,16511669.0,16511669.0,16511669.0,642777088
2025-11-04 04:06:00,16522375.0,16522375.0,16522375.0,16522375.0,26962034688
2025-11-04 04:07:00,16522473.0,16522473.0,16522473.0,16522473.0,66060288
2025-11-04 04:08:00,16521879.0,16521879.0,16509044.0,16509044.0,0
2025-11-04 04:09:00,16510659.0,16510659.0,16510659.0,16510659.0,1083179008
2025-11-04 04:10:00,16509539.0,16509539.0,16509539.0,16509539.0,67287121920
2025-11-04 04:12:00,16517216.0,16517216.0,16517216.0,16517216.0,32329695232
2025-11-04 04:13:00,16515868.0,16515868.0,16515868.0,16515868.0,0
2025-11-04 04:14:00,16510159.0,16510159.0,16503032.0,16503032.0,0
2025-11-04 04:15:00,16507952.0,16507952.0,16507952.0,16507952.0,383778816
2025-11-04 04:16:00,16502908.0,16502908.0,16502908.0,16502908.0,26071793664
2025-11-04 04:17:00,16487911.0,16487911.0,16487911.0,16487911.0,0
2025-11-04 04:18:00,16487871.0,16487871.0,16487871.0,16487871.0,0
2025-11-04 04:19:00,16490394.0,16490394.0,16490394.0,16490394.0,18548260864
2025-11-04 04:20:00,16489611.0,16489611.0,16489611.0,16489611.0,47491055616
2025-11-04 04:21:00,16493020.0,16493020.0,16493020.0,16493020.0,337641472
2025-11-04 04:23:00,16485866.0,16501650.0,16485866.0,16501650.0,4788846592
2025-11-04 04:24:00,16495849.0,16495849.0,16495849.0,16495849.0,0
2025-11-04 04:25:00,16488031.0,16488031.0,16488031.0,16488031.0,27641511936
2025-11-04 04:27:00,16475860.0,16475860.0,16475860.0,16475860.0,0
2025-11-04 04:28:00,16467965.0,16467965.0,16467965.0,16467965.0,0
2025-11-04 04:30:00,16462714.0,16462714.0,16462714.0,16462714.0,58266222592
2025-11-04 04:32:00,16463822.0,16470839.0,16463822.0,16470839.0,121261522944
2025-11-04 04:33:00,16463555.0,16463555.0,16463555.0,16463555.0,0
2025-11-04 04:34:00,16461899.0,16461899.0,16461899.0,16461899.0,0
2025-11-04 04:35:00,16455067.0,16455067.0,16455067.0,16455067.0,19300089856
2025-11-04 04:36:00,16452449.0,16452449.0,16452449.0,16452449.0,3062890496
2025-11-04 04:37:00,16433074.0,16433074.0,16433074.0,16433074.0,0
2025-11-04 04:39:00,16433152.0,16433152.0,16433152.0,16433152.0,0
2025-11-04 04:40:00,16434657.0,16438798.0,16434657.0,16438798.0,18961399808
2025-11-04 04:41:00,16436316.0,16436316.0,16436316.0,16436316.0,0
2025-11-04 04:42:00,16433544.0,16433544.0,16433544.0,16433544.0,0
2025-11-04 04:43:00,16436433.0,16436433.0,16436433.0,16436433.0,0
2025-11-04 04:44:00,16442657.0,16442657.0,16442657.0,16442657.0,33619443712
2025-11-04 04:46:00,16442213.0,16442213.0,16442213.0,16442213.0,186646528
2025-11-04 04:47:00,16439611.0,16439611.0,16439611.0,16439611.0,0
2025-11-04 04:48:00,16443274.0,16443274.0,16443274.0,16443274.0,15827206144
2025-11-04 04:49:00,16438352.0,16438352.0,16438352.0,16438352.0,0
2025-11-04 04:50:00,16429550.0,16432167.0,16429550.0,16432167.0,0
2025-11-04 04:51:00,16435085.0,16435085.0,16435085.0,16435085.0,0
2025-11-04 04:52:00,16438466.0,16438466.0,16438466.0,16438466.0,0
2025-11-04 04:53:00,16440475.0,16440475.0,16440475.0,16440475.0,0
2025-11-04 04:54:00,16442333.0,16442333.0,16442333.0,16442333.0,40404779008
2025-11-04 04:55:00,16442439.0,16442439.0,16442439.0,16442439.0,71303168
2025-11-04 04:57:00,16439567.0,16439567.0,16438908.0,16438908.0,0
2025-11-04 04:58:00,16438564.0,16438564.0,16438564.0,16438564.0,36711694336
2025-11-04 04:59:00,16445791.0,16445791.0,16445791.0,16445791.0,0
2025-11-04 05:00:00,16443633.0,16443633.0,16443633.0,16443633.0,0
2025-11-04 05:02:00,16426864.0,16426864.0,16426864.0,16426864.0,22330474496
2025-11-04 05:03:00,16423624.0,16423624.0,16423624.0,16423624.0,0
2025-11-04 05:04:00,16419984.0,16419984.0,16419984.0,16419984.0,0
2025-11-04 05:05:00,16418262.0,16418262.0,16418262.0,16418262.0,12657360896
2025-11-04 05:06:00,16417208.0,16417208.0,16398540.0,16398540.0,10937696256
2025-11-04 05:07:00,16397893.0,16397893.0,16397893.0,16397893.0,0
2025-11-04 05:08:00,16406809.0,16406809.0,16406809.0,16406809.0,147706609664
2025-11-04 05:09:00,16406035.0,16406035.0,16406035.0,16406035.0,0
2025-11-04 05:11:00,16411421.0,16411421.0,16411421.0,16411421.0,0
2025-11-04 05:12:00,16415798.0,16415798.0,16415798.0,16415798.0,0
2025-11-04 05:13:00,16420241.0,16420241.0,16420241.0,16420241.0,4251975680
2025-11-04 05:14:00,16411866.0,16411866.0,16411866.0,16411866.0,0
2025-11-04 05:15:00,16403379.0,16403379.0,16401917.0,16401917.0,111588409344
2025-11-04 05:16:00,16400210.0,16400210.0,16400210.0,16400210.0,0
2025-11-04 05:17:00,16366841.0,16366841.0,16366841.0,16366841.0,0
2025-11-04 05:18:00,16365060.0,16365060.0,16365060.0,16365060.0,38444990464
2025-11-04 05:19:00,16364491.0,16364491.0,16364491.0,16364491.0,0
2025-11-04 05:20:00,16339372.0,16339372.0,16339372.0,16339372.0,0
2025-11-04 05:22:00,16340432.0,16340432.0,16340432.0,16340432.0,0
2025-11-04 05:23:00,16320090.0,16320090.0,16320090.0,16320090.0,38810943488
2025-11-04 05:24:00,16314112.0,16314112.0,16314112.0,16314112.0,0
2025-11-04 05:26:00,16269497.0,16289191.0,16269497.0,16289191.0,39343620096
2025-11-04 05:27:00,16250325.0,16250325.0,16250325.0,16250325.0,0
2025-11-04 05:28:00,16250647.0,16250647.0,16250647.0,16250647.0,94514446336
2025-11-04 05:29:00,16231449.0,16231449.0,16231449.0,16231449.0,29612834816
2025-11-04 05:30:00,16229911.0,16229911.0,16229911.0,16229911.0,0
2025-11-04 05:31:00,16250022.0,16250022.0,16250022.0,16250022.0,5011144704
2025-11-04 05:32:00,16210665.0,16210665.0,16210665.0,16210665.0,13627293696
2025-11-04 05:34:00,16211475.0,16211475.0,16211475.0,16211475.0,0
2025-11-04 05:35:00,16204615.0,16204615.0,16204615.0,16204615.0,58026098688
2025-11-04 05:36:00,16211551.0,16211551.0,16202796.0,16202796.0,0
2025-11-04 05:37:00,16200794.0,16200794.0,16200794.0,16200794.0,0
2025-11-04 05:39:00,16214033.0,16214033.0,16214033.0,16214033.0,73636249600
2025-11-04 05:40:00,16216153.0,16216153.0,16187241.0,16187241.0,0
2025-11-04 05:41:00,16183265.0,16183265.0,16183265.0,16183265.0,0
2025-11-04 05:42:00,16166152.0,16166152.0,16166152.0,16166152.0,44357910528
2025-11-04 05:43:00,16165840.0,16165840.0,16165840.0,16165840.0,40212889600
2025-11-04 05:44:00,16166683.0,16166683.0,16166683.0,16166683.0,579862528
2025-11-04 05:46:00,16147117.0,16147117.0,16147117.0,16147117.0,0
2025-11-04 05:47:00,16104878.0,16123647.0,16104878.0,16123647.0,160533839872
2025-11-04 05:48:00,16113078.0,16113078.0,16113078.0,16113078.0,16389242880
2025-11-04 05:49:00,16077247.0,16077247.0,16077247.0,16077247.0,2235564032
2025-11-04 05:50:00,16076515.0,16076515.0,16076515.0,16076515.0,0
2025-11-04 05:51:00,16094246.0,16094246.0,16094246.0,16094246.0,148573782016
2025-11-04 05:52:00,16076201.0,16076201.0,16076201.0,16076201.0,37596692480
2025-11-04 05:54:00,16065621.0,16065621.0,16065621.0,16065621.0,2276458496
2025-11-04 05:55:00,16058064.0,16058064.0,16058064.0,16058064.0,0
2025-11-04 05:56:00,16061284.0,16061284.0,16061284.0,16061284.0,104098430976
2025-11-04 05:58:00,16033546.0,16033546.0,16031174.0,16031174.0,4721737728
2025-11-04 05:59:00,16023746.0,16023746.0,16023746.0,16023746.0,3448766464
2025-11-04 06:00:00,16022993.0,16022993.0,16022993.0,16022993.0,0
2025-11-04 06:01:00,16022940.0,16022940.0,16022940.0,16022940.0,0
2025-11-04 06:03:00,16039194.0,16039194.0,16039194.0,16039194.0,11017388032
2025-11-04 06:04:00,16074558.0,16074558.0,16074558.0,16074558.0,61452845056
2025-11-04 06:06:00,16081106.0,16081106.0,16081106.0,16081106.0,63464013824
2025-11-04 06:07:00,16050225.0,16050225.0,16045831.0,16045831.0,0
2025-11-04 06:08:00,16051941.0,16051941.0,16051941.0,16051941.0,0
2025-11-04 06:09:00,16048269.0,16048269.0,16048269.0,16048269.0,0
2025-11-04 06:10:00,16036413.0,16036413.0,16036413.0,16036413.0,63582502912
2025-11-04 06:12:00,16059374.0,16059374.0,16059374.0,16059374.0,1074790400
2025-11-04 06:13:00,16062949.0,16062949.0,16062949.0,16062949.0,0
2025-11-04 06:14:00,16057132.0,16079504.0,16057132.0,16079504.0,70659342336
2025-11-04 06:15:00,16106586.0,16106586.0,16106586.0,16106586.0,10915676160
2025-11-04 06:16:00,16131423.0,16131423.0,16131423.0,16131423.0,131177906176
2025-11-04 06:17:00,16139838.0,16139838.0,16139838.0,16139838.0,0
2025-11-04 06:18:00,16157953.0,16157953.0,16157953.0,16157953.0,0
2025-11-04 06:19:00,16135033.0,16135033.0,16135033.0,16135033.0,162894184448
2025-11-04 06:20:00,16132836.0,16132836.0,16132836.0,16132836.0,0
2025-11-04 06:22:00,16114870.0,16134867.0,16114870.0,16134867.0,15101591552
2025-11-04 06:23:00,16107618.0,16107618.0,16107618.0,16107618.0,10799284224
2025-11-04 06:25:00,16087055.0,16087055.0,16077537.0,16077537.0,0
2025-11-04 06:27:00,16092203.0,16092203.0,16092203.0,16092203.0,4443865088
2025-11-04 06:29:00,16097331.0,16103146.0,16097331.0,16103146.0,47363129344
2025-11-04 06:30:00,16103758.0,16103758.0,16103758.0,16103758.0,450887680
2025-11-04 06:31:00,16101522.0,16101522.0,16101522.0,16101522.0,21778923520
2025-11-04 06:33:00,16081853.0,16081853.0,16081853.0,16081853.0,5058330624
2025-11-04 06:34:00,16099872.0,16099872.0,16099872.0,16099872.0,0
2025-11-04 06:35:00,16097120.0,16097120.0,16097120.0,16097120.0,26538409984
2025-11-04 06:36:00,16077300.0,16077300.0,16077300.0,16077300.0,0
2025-11-04 06:38:00,16077129.0,16077129.0,16075564.0,16075564.0,0
2025-11-04 06:39:00,16055439.0,16055439.0,16055439.0,16055439.0,0
2025-11-04 06:41:00,16046288.0,16046288.0,16046288.0,16046288.0,0
2025-11-04 06:42:00,16049193.0,16059758.0,16049193.0,16059758.0,28218228736
2025-11-04 06:43:00,16061858.0,16061858.0,16061858.0,16061858.0,0
2025-11-04 06:44:00,16059888.0,16059888.0,16059888.0,16059888.0,28692185088
2025-11-04 06:45:00,16052813.0,16052813.0,16052813.0,16052813.0,3565158400
2025-11-04 06:46:00,16054900.0,16054900.0,16054900.0,16054900.0,0
2025-11-04 06:47:00,16055305.0,16055305.0,16055305.0,16055305.0,27583840256
2025-11-04 06:48:00,16063216.0,16063216.0,16063216.0,16063216.0,4800380928
2025-11-04 06:49:00,16064732.0,16064732.0,16064732.0,16064732.0,1113587712
2025-11-04 06:51:00,16059155.0,16059155.0,16059155.0,16059155.0,13862174720
2025-11-04 06:52:00,16082163.0,16082163.0,16082163.0,16082163.0,109383254016
2025-11-04 06:54:00,16073517.0,16073517.0,16073517.0,16073517.0,0
2025-11-04 06:55:00,16082869.0,16082869.0,16069895.0,16069895.0,44033900544
2025-11-04 06:56:00,16065826.0,16065826.0,16065826.0,16065826.0,0
2025-11-04 06:58:00,16074709.0,16074709.0,16074709.0,16074709.0,22908239872
2025-11-04 06:59:00,16072042.0,16075352.0,16072042.0,16075352.0,4286578688
2025-11-04 07:01:00,16088918.0,16088918.0,16088918.0,16088918.0,157261234176
2025-11-04 07:02:00,16089184.0,16089184.0,16089184.0,16089184.0,26825719808
2025-11-04 07:03:00,16106232.0,16106232.0,16105779.0,16105779.0,6034554880
2025-11-04 07:21:00,16058509.0,16058509.0,16052785.0,16052785.0,85917171712
2025-11-04 07:22:00,16056623.0,16056623.0,16055199.0,16055199.0,0
2025-11-04 07:24:00,16041834.0,16041834.0,16030696.0,16030696.0,130128281600
2025-11-04 07:26:00,16034412.0,16034412.0,16034412.0,16034412.0,2803892224
2025-11-04 07:27:00,16039880.0,16039880.0,16039880.0,16039880.0,1898971136
2025-11-04 07:28:00,16045544.0,16045544.0,16028106.0,16028106.0,0
2025-11-04 07:29:00,16031372.0,16031372.0,16017932.0,16017932.0,12168724480
2025-11-04 07:30:00,16009637.0,16009637.0,16009637.0,16009637.0,0
2025-11-04 07:31:00,16017870.0,16017870.0,16017870.0,16017870.0,222790942720
2025-11-04 07:32:00,16024266.0,16024266.0,16024266.0,16024266.0,0
2025-11-04 07:34:00,16025877.0,16025877.0,16024434.0,16024434.0,0
2025-11-04 07:36:00,16027289.0,16027289.0,16027289.0,16027289.0,44060114944
2025-11-04 07:37:00,16034842.0,16034842.0,16034842.0,16034842.0,0
2025-11-04 07:38:00,16034964.0,16034964.0,16034964.0,16034964.0,12483297280
2025-11-04 07:39:00,16046918.0,16046918.0,16039124.0,16039124.0,0
2025-11-04 07:40:00,16038820.0,16043034.0,16038820.0,16043034.0,95436144640
2025-11-04 07:41:00,16052507.0,16052507.0,16052507.0,16052507.0,0
2025-11-04 07:43:00,16042431.0,16042431.0,16026826.0,16026826.0,12020875264
2025-11-04 07:44:00,16027019.0,16027019.0,16004101.0,16004101.0,0
2025-11-04 07:45:00,16005728.0,16005728.0,16005728.0,16005728.0,0
2025-11-04 07:47:00,16010623.0,16010623.0,16010623.0,16010623.0,60952674304
2025-11-04 07:48:00,16016828.0,16016828.0,16015366.0,16015366.0,0
2025-11-04 07:49:00,16004060.0,16004060.0,16004060.0,16004060.0,0
2025-11-04 07:51:00,16010029.0,16010029.0,16010029.0,16010029.0,9156165632
2025-11-04 07:52:00,16022134.0,16037654.0,16022134.0,16037654.0,157389160448
2025-11-04 07:53:00,16045114.0,16045114.0,16045114.0,16045114.0,2877292544
2025-11-04 07:54:00,16048043.0,16048043.0,16048043.0,16048043.0,2220883968
2025-11-04 07:55:00,16053750.0,16053750.0,16053750.0,16053750.0,11793334272
2025-11-04 07:56:00,16039531.0,16039531.0,16039531.0,16039531.0,0
2025-11-04 07:57:00,16051026.0,16051026.0,16051026.0,16051026.0,10422845440
2025-11-04 07:59:00,16053280.0,16053280.0,16053280.0,16053280.0,0
2025-11-04 08:00:00,16049334.0,16049334.0,16049334.0,16049334.0,551550976
2025-11-04 08:01:00,16041909.0,16041909.0,16041909.0,16041909.0,0
2025-11-04 08:02:00,16045017.0,16045017.0,16034693.0,16034693.0,24202182656
2025-11-04 08:03:00,16026418.0,16026418.0,16026418.0,16026418.0,0
2025-11-04 08:04:00,16013972.0,16013972.0,16013972.0,16013972.0,0
2025-11-04 08:05:00,16011235.0,16011235.0,16011235.0,16011235.0,0
2025-11-04 08:06:00,16001595.0,16001595.0,16001595.0,16001595.0,0
2025-11-04 08:07:00,15995866.0,15995866.0,15995866.0,15995866.0,190166597632
2025-11-04 08:08:00,15981090.0,15981090.0,15981090.0,15981090.0,0
2025-11-04 08:09:00,15978972.0,15978972.0,15978972.0,15978972.0,44585451520
2025-11-04 08:11:00,15973324.0,15973324.0,15973324.0,15973324.0,0
2025-11-04 08:12:00,15978821.0,15978821.0,15978821.0,15978821.0,45184188416
2025-11-04 08:13:00,15984005.0,15984005.0,15984005.0,15984005.0,3288334336
2025-11-04 08:14:00,15987911.0,15987911.0,15987911.0,15987911.0,15806234624
2025-11-04 08:15:00,15985586.0,15985586.0,15985586.0,15985586.0,0
2025-11-04 08:16:00,15935990.0,15943548.0,15935990.0,15943548.0,39989542912
2025-11-04 08:17:00,15942536.0,15942536.0,15942536.0,15942536.0,0
2025-11-04 08:18:00,15923348.0,15923348.0,15923348.0,15923348.0,0
2025-11-04 08:19:00,15923386.0,15923386.0,15923386.0,15923386.0,29360128
2025-11-04 08:20:00,15924190.0,15924190.0,15924190.0,15924190.0,107822972928
2025-11-04 08:21:00,15920486.0,15920486.0,15920486.0,15920486.0,0
2025-11-04 08:23:00,15977797.0,15977797.0,15977797.0,15977797.0,316305047552
2025-11-04 08:24:00,16006954.0,16013366.0,16006954.0,16013366.0,99403956224
2025-11-04 08:25:00,16009107.0,16009107.0,16009107.0,16009107.0,0
2025-11-04 08:26:00,16010260.0,16010260.0,16010260.0,16010260.0,880803840
2025-11-04 08:27:00,15990937.0,15990937.0,15990937.0,15990937.0,0
2025-11-04 08:28:00,15996747.0,15996747.0,15996747.0,15996747.0,45837451264
2025-11-04 08:29:00,15999396.0,15999396.0,15999396.0,15999396.0,2024800256
2025-11-04 08:30:00,15994917.0,15994917.0,15994917.0,15994917.0,28174188544
2025-11-04 08:31:00,16001246.0,16001246.0,16001246.0,16001246.0,112732405760
2025-11-04 08:32:00,16044839.0,16044839.0,16044839.0,16044839.0,0
2025-11-04 08:34:00,16047299.0,16047299.0,16047299.0,16047299.0,0
2025-11-04 08:35:00,16047592.0,16047592.0,16047592.0,16047592.0,0
2025-11-04 08:36:00,16047386.0,16047386.0,16047386.0,16047386.0,7587495936
2025-11-04 08:37:00,16053285.0,16057106.0,16053285.0,16057106.0,192243826688
2025-11-04 08:39:00,16058860.0,16061669.0,16058860.0,16061669.0,0
2025-11-04 08:41:00,16055544.0,16055544.0,16055544.0,16055544.0,0
2025-11-04 08:42:00,16054856.0,16054856.0,16054856.0,16054856.0,174853193728
2025-11-04 08:43:00,16050757.0,16050757.0,16050757.0,16050757.0,0
2025-11-04 08:44:00,16046677.0,16046677.0,16045596.0,16045596.0,0
2025-11-04 08:45:00,16041940.0,16041940.0,16041940.0,16041940.0,3068133376
2025-11-04 08:46:00,16044985.0,16044985.0,16044985.0,16044985.0,181244264448
2025-11-04 08:47:00,16006888.0,16006888.0,16006888.0,16006888.0,1292894208
2025-11-04 08:48:00,16004287.0,16004287.0,16004287.0,16004287.0,0
2025-11-04 08:49:00,16005789.0,16005789.0,16005789.0,16005789.0,34191966208
2025-11-04 08:51:00,15996368.0,15996368.0,15996368.0,15996368.0,0
2025-11-04 08:52:00,15997422.0,15997422.0,15997422.0,15997422.0,813694976
2025-11-04 08:53:00,15981612.0,15981612.0,15981612.0,15981612.0,0
2025-11-04 08:54:00,15982774.0,15982774.0,15982774.0,15982774.0,896532480
2025-11-04 08:56:00,15974887.0,15974887.0,15974887.0,15974887.0,0
2025-11-04 08:57:00,15976350.0,15976350.0,15976350.0,15976350.0,1109393408
2025-11-04 08:58:00,15986708.0,15986708.0,15986708.0,15986708.0,217971687424
2025-11-04 08:59:00,15983642.0,15983642.0,15979643.0,15979643.0,0
2025-11-04 09:00:00,15982050.0,15982050.0,15982050.0,15982050.0,0
2025-11-04 09:01:00,15980575.0,15980575.0,15980575.0,15980575.0,0
2025-11-04 09:02:00,15978967.0,15978967.0,15978967.0,15978967.0,185996410880
2025-11-04 09:03:00,15978135.0,15978135.0,15978135.0,15978135.0,0
2025-11-04 09:04:00,15967275.0,15967275.0,15967275.0,15967275.0,1737490432
2025-11-04 09:06:00,15963248.0,15963248.0,15963248.0,15963248.0,0
2025-11-04 09:07:00,15968362.0,15968362.0,15968362.0,15968362.0,0
2025-11-04 09:09:00,15949621.0,15949621.0,15949621.0,15949621.0,0
2025-11-04 09:10:00,15949117.0,15949117.0,15949117.0,15949117.0,63091769344
2025-11-04 09:11:00,15945822.0,15945822.0,15945822.0,15945822.0,0
2025-11-04 09:13:00,15957875.0,15957875.0,15957875.0,15957875.0,12886999040
2025-11-04 09:15:00,15933374.0,15933374.0,15933374.0,15933374.0,0
2025-11-04 09:16:00,15946723.0,15946723.0,15946723.0,15946723.0,34565259264
2025-11-04 09:17:00,15945956.0,15962571.0,15945956.0,15962571.0,19854786560
2025-11-04 09:18:00,15963324.0,15963324.0,15963324.0,15963324.0,581959680
2025-11-04 09:19:00,15976493.0,15976493.0,15976493.0,15976493.0,0
2025-11-04 09:20:00,15963333.0,15963333.0,15963333.0,15963333.0,0
2025-11-04 09:21:00,15963539.0,15963539.0,15963539.0,15963539.0,156237824
2025-11-04 09:23:00,15959666.0,15959666.0,15959666.0,15959666.0,314207895552
2025-11-04 09:24:00,15949164.0,15949164.0,15949164.0,15949164.0,0
2025-11-04 09:25:00,15945345.0,15945345.0,15945345.0,15945345.0,0
2025-11-04 09:26:00,15931628.0,15931628.0,15930634.0,15930634.0,21223178240
2025-11-04 09:28:00,15927624.0,15935115.0,15927624.0,15935115.0,5162139648
2025-11-04 09:29:00,15962000.0,15962000.0,15962000.0,15962000.0,22467837952
2025-11-04 09:30:00,15961779.0,15961779.0,15961779.0,15961779.0,0
2025-11-04 09:32:00,15950645.0,15965371.0,15950645.0,15965371.0,538653491200
2025-11-04 09:33:00,15976097.0,15976097.0,15976097.0,15976097.0,0
2025-11-04 09:34:00,15970581.0,15970581.0,15970581.0,15970581.0,337214701568
2025-11-04 09:35:00,15973483.0,15973483.0,15973483.0,15973483.0,0
2025-11-04 09:36:00,15968489.0,15968489.0,15968489.0,15968489.0,160930201600
2025-11-04 09:37:00,15935447.0,15935447.0,15935447.0,15935447.0,0
2025-11-04 09:38:00,15948329.0,15948329.0,15948329.0,15948329.0,7929331712
2025-11-04 09:39:00,15945172.0,15945172.0,15945172.0,15945172.0,0
2025-11-04 09:41:00,15958660.0,15962244.0,15958660.0,15962244.0,12273582080
2025-11-04 09:42:00,15965025.0,15965025.0,15965025.0,15965025.0,2184183808
2025-11-04 09:43:00,15960693.0,15960693.0,15960693.0,15960693.0,10174332928
2025-11-04 09:44:00,15945731.0,15945731.0,15945731.0,15945731.0,174063616
2025-11-04 09:46:00,15942339.0,15942339.0,15942339.0,15942339.0,3179282432
2025-11-04 09:47:00,15951088.0,15954252.0,15951088.0,15954252.0,10443816960
2025-11-04 09:49:00,15939529.0,15939529.0,15939529.0,15939529.0,10286530560
2025-11-04 09:50:00,15941861.0,15941861.0,15941861.0,15941861.0,0
2025-11-04 09:51:00,15938034.0,15938034.0,15928592.0,15928592.0,11348738048
2025-11-04 09:54:00,15925853.0,15925853.0,15925853.0,15925853.0,0
2025-11-04 09:55:00,15927226.0,15927226.0,15909897.0,15909897.0,0
2025-11-04 09:57:00,15932603.0,15932603.0,15932603.0,15932603.0,40445673472
2025-11-04 09:59:00,15947574.0,15947574.0,15919282.0,15919282.0,4035969024
2025-11-04 10:04:00,15906662.0,15906662.0,15906662.0,15906662.0,0
2025-11-04 10:05:00,15895351.0,15900082.0,15895351.0,15900082.0,0
2025-11-04 10:07:00,15899554.0,15906598.0,15899554.0,15906598.0,12022972416
2025-11-04 10:11:00,15909588.0,15909588.0,15909588.0,15909588.0,156240969728
2025-11-04 10:12:00,15910564.0,15910564.0,15910564.0,15910564.0,775946240
2025-11-04 10:13:00,15916257.0,15916257.0,15916257.0,15916257.0,0
2025-11-04 10:15:00,15909386.0,15909386.0,15909386.0,15909386.0,16062087168
2025-11-04 10:16:00,15913796.0,15913796.0,15913796.0,15913796.0,0
2025-11-04 10:17:00,15912467.0,15919039.0,15912467.0,15915702.0,124703997952
2025-11-04 10:24:00,15920531.0,15920531.0,15920531.0,15920531.0,3846176768
2025-11-04 10:26:00,15907874.0,15925793.0,15907170.0,15911952.0,0
2025-11-04 10:27:00,15924151.0,15924151.0,15924151.0,15924151.0,95621742592
2025-11-04 10:31:00,15923990.0,15923990.0,15923990.0,15923990.0,23222812672
2025-11-04 10:32:00,15927746.0,15927746.0,15920599.0,15920599.0,0
2025-11-04 10:34:00,15920710.0,15920710.0,15920710.0,15920710.0,88080384
2025-11-04 10:35:00,15937991.0,15937991.0,15937991.0,15937991.0,109819461632
2025-11-04 10:37:00,15929392.0,15956801.0,15907980.0,15956801.0,17632854016
2025-11-04 10:44:00,15963691.0,15963691.0,15963691.0,15963691.0,8292139008
2025-11-04 10:45:00,15940635.0,15940635.0,15940635.0,15940635.0,9414115328
2025-11-04 10:47:00,15934356.0,15934356.0,15915312.0,15916721.0,0
2025-11-04 10:53:00,15909159.0,15935968.0,15909159.0,15935968.0,18410897408
2025-11-04 10:55:00,15928669.0,15936004.0,15916674.0,15936004.0,28311552
2025-11-04 10:56:00,15927957.0,15936244.0,15927957.0,15936244.0,62683873280
2025-11-04 11:03:00,15937658.0,15937658.0,15937658.0,15937658.0,0
2025-11-04 11:04:00,15958690.0,15961727.0,15958690.0,15961727.0,80390127616
2025-11-04 11:08:00,15970099.0,15980716.0,15970099.0,15980716.0,0
2025-11-04 11:11:00,15981431.0,15993767.0,15981431.0,15986674.0,0
2025-11-04 11:16:00,15984547.0,15984547.0,15984001.0,15984001.0,115407323136
2025-11-04 11:18:00,15987544.0,16017842.0,15987544.0,16017842.0,0
2025-11-04 11:23:00,16006997.0,16011428.0,16000821.0,16003613.0,13740539904
2025-11-04 11:29:00,16007718.0,16007718.0,16007226.0,16007226.0,7886340096
2025-11-04 11:30:00,16005689.0,16005689.0,16005393.0,16005393.0,0
2025-11-04 11:32:00,16001806.0,16035577.0,15997777.0,16035577.0,215594565632
2025-11-04 11:39:00,16038911.0,16040534.0,16037971.0,16040534.0,0
2025-11-04 11:42:00,16038664.0,16038664.0,16038664.0,16038664.0,5528092672
2025-11-04 11:43:00,16044237.0,16044237.0,16044237.0,16044237.0,208195813376
2025-11-04 11:44:00,16045278.0,16050067.0,16045278.0,16050067.0,11129585664
2025-11-04 11:48:00,16045892.0,16045892.0,16031448.0,16031448.0,0
2025-11-04 11:53:00,16044141.0,16044141.0,16044141.0,16044141.0,175014674432
2025-11-04 11:54:00,16045059.0,16045059.0,16045059.0,16045059.0,0
2025-11-04 11:55:00,16046718.0,16046718.0,16046718.0,16046718.0,1309671424
2025-11-04 11:56:00,16046863.0,16046863.0,16046863.0,16046863.0,8350859264
2025-11-04 11:57:00,16048253.0,16052151.0,16047603.0,16047889.0,0
2025-11-04 12:02:00,16052404.0,16052404.0,16052404.0,16052404.0,1215299584
2025-11-04 12:04:00,16050514.0,16053696.0,16050514.0,16053696.0,0
2025-11-04 12:08:00,16058968.0,16058968.0,16058968.0,16058968.0,0
2025-11-04 12:09:00,16046161.0,16046161.0,16046161.0,16046161.0,0
2025-11-04 12:11:00,16033369.0,16033369.0,16033369.0,16033369.0,168742092800
2025-11-04 12:12:00,16037403.0,16037403.0,16037403.0,16037403.0,17968398336
2025-11-04 12:13:00,16029200.0,16029200.0,16029200.0,16029200.0,0
2025-11-04 12:14:00,16011837.0,16011837.0,16011837.0,16011837.0,88126521344
2025-11-04 12:15:00,16011629.0,16011629.0,16006069.0,16006069.0,0
2025-11-04 12:17:00,16008828.0,16008828.0,15993567.0,15993567.0,337612111872
2025-11-04 12:21:00,16003050.0,16006325.0,15946119.0,15946119.0,0
2025-11-04 12:27:00,15969528.0,15985808.0,15969528.0,15985808.0,144137256960
2025-11-04 12:30:00,15976815.0,15976815.0,15976815.0,15976815.0,0
2025-11-04 12:33:00,15971539.0,15971539.0,15942633.0,15946622.0,0
2025-11-04 12:40:00,15951154.0,15980216.0,15951154.0,15980216.0,0
2025-11-04 12:51:00,15975069.0,15975069.0,15969611.0,15969611.0,162922496000
2025-11-04 12:53:00,15958384.0,15962486.0,15958384.0,15962486.0,20791164928
2025-11-04 12:55:00,15959238.0,15959238.0,15958898.0,15958898.0,0
2025-11-04 12:59:00,15957544.0,15963906.0,15947040.0,15948245.0,191389237248
2025-11-04 13:07:00,15941477.0,15941477.0,15926883.0,15929148.0,10745806848
2025-11-04 13:13:00,15944641.0,15944641.0,15933531.0,15939016.0,104584970240
2025-11-04 13:20:00,15944273.0,15944353.0,15938572.0,15938572.0,2666528768
2025-11-04 13:23:00,15930944.0,15930944.0,15930944.0,15930944.0,16984834048
2025-11-04 13:25:00,15934722.0,15934722.0,15921166.0,15921166.0,0
2025-11-04 13:26:00,15920362.0,15920362.0,15920362.0,15920362.0,0
2025-11-04 13:27:00,15903610.0,15903610.0,15903610.0,15903610.0,4008706048
2025-11-04 13:28:00,15890384.0,15890384.0,15890384.0,15890384.0,15724445696
2025-11-04 13:29:00,15891380.0,15903965.0,15891380.0,15903965.0,0
2025-11-04 13:34:00,15930008.0,15930008.0,15930008.0,15930008.0,113295491072
2025-11-04 13:35:00,15932579.0,15972987.0,15932579.0,15972987.0,18966642688
2025-11-04 13:43:00,15973371.0,15973371.0,15973371.0,15973371.0,0
2025-11-04 13:44:00,15972905.0,15972905.0,15972905.0,15972905.0,0
2025-11-04 13:46:00,15973240.0,15973240.0,15951413.0,15951413.0,6556745728
2025-11-04 13:49:00,15956547.0,15956547.0,15956547.0,15956547.0,28420603904
2025-11-04 13:50:00,15943929.0,15943929.0,15943929.0,15943929.0,936378368
2025-11-04 13:52:00,15930440.0,15947370.0,15930440.0,15945388.0,0
2025-11-04 13:55:00,15936235.0,15936235.0,15936235.0,15936235.0,0
2025-11-04 13:57:00,15939581.0,15939581.0,15939581.0,15939581.0,4650434560
2025-11-04 14:01:00,15932535.0,15932535.0,15922417.0,15922417.0,0
2025-11-04 14:03:00,15920610.0,15920610.0,15905006.0,15918190.0,0
2025-11-04 14:06:00,15922433.0,15943340.0,15922433.0,15943340.0,8036286464
2025-11-04 14:08:00,15947482.0,15949225.0,15941166.0,15945175.0,0
2025-11-04 14:13:00,15950188.0,15951723.0,15936252.0,15936252.0,0
2025-11-04 14:18:00,15942333.0,15942333.0,15942333.0,15942333.0,4915724288
2025-11-04 14:19:00,15943996.0,15943996.0,15943996.0,15943996.0,3868196864
2025-11-04 14:20:00,15946495.0,15946495.0,15934395.0,15938133.0,12396265472
2025-11-04 14:26:00,15932657.0,15932657.0,15932657.0,15932657.0,0
2025-11-04 14:27:00,15931846.0,15931846.0,15916515.0,15916515.0,0
2025-11-04 14:29:00,15913643.0,15915651.0,15913643.0,15915651.0,0
2025-11-04 14:30:00,15919599.0,15919599.0,15919599.0,15919599.0,108440584192
2025-11-04 14:33:00,15919422.0,15919422.0,15859139.0,15859139.0,0
2025-11-04 14:36:00,15862491.0,15875047.0,15862491.0,15875047.0,27372027904
2025-11-04 14:37:00,15844627.0,15940463.0,15803323.0,15940463.0,179824492544
2025-11-04 14:44:00,15920484.0,15946505.0,15920484.0,15946505.0,186748239872
2025-11-04 14:47:00,15941400.0,15996142.0,15941400.0,15963305.0,38705037312
2025-11-04 14:53:00,16006080.0,16006080.0,16006080.0,16006080.0,0
2025-11-04 14:55:00,16001092.0,16052500.0,16001092.0,16023302.0,86987767808
2025-11-04 14:56:00,16028207.0,16028207.0,16028207.0,16028207.0,0
2025-11-04 15:01:00,16046381.0,16049994.0,16046381.0,16049994.0,0
2025-11-04 15:03:00,16051193.0,16051193.0,16051193.0,16051193.0,995098624
2025-11-04 15:05:00,16051755.0,16051755.0,16051755.0,16051755.0,38165020672
2025-11-04 15:07:00,16067136.0,16067136.0,16035376.0,16035376.0,32808894464
2025-11-04 15:09:00,15998467.0,15998886.0,15990995.0,15990995.0,0
2025-11-04 15:14:00,16015552.0,16019445.0,15989371.0,15989371.0,678428672
2025-11-04 15:16:00,15992295.0,16059791.0,15992295.0,16059791.0,32939966464
2025-11-04 15:22:00,16046928.0,16046928.0,16046928.0,16046928.0,25511854080
2025-11-04 15:23:00,16060563.0,16060563.0,16060563.0,16060563.0,0
2025-11-04 15:25:00,16060738.0,16060738.0,16060738.0,16060738.0,145752064
2025-11-04 15:26:00,16065426.0,16071776.0,16065426.0,16071776.0,21621637120
2025-11-04 15:27:00,16072910.0,16072910.0,16072910.0,16072910.0,946864128
2025-11-04 15:28:00,16046598.0,16046598.0,16046598.0,16046598.0,0
2025-11-04 15:30:00,16029315.0,16029315.0,16020569.0,16020569.0,0
2025-11-04 15:33:00,15995812.0,16004350.0,15986637.0,15989424.0,0
2025-11-04 15:42:00,15993025.0,15993025.0,15963377.0,15963377.0,7289700352
2025-11-04 15:44:00,15954508.0,15963869.0,15939852.0,15939852.0,0
2025-11-04 15:49:00,15942238.0,15942238.0,15911369.0,15911369.0,0
2025-11-04 15:50:00,15909152.0,15909152.0,15909152.0,15909152.0,0
2025-11-04 15:51:00,15908511.0,15908511.0,15908511.0,15908511.0,2229272576
2025-11-04 15:52:00,15894557.0,15894557.0,15894557.0,15894557.0,18790481920
2025-11-04 15:53:00,15876667.0,15877173.0,15876667.0,15877173.0,6317670400
2025-11-04 15:56:00,15878342.0,15878342.0,15852022.0,15852022.0,0
2025-11-04 16:00:00,15854346.0,15866851.0,15832161.0,15832996.0,0
2025-11-04 16:06:00,15840598.0,15840598.0,15824343.0,15824343.0,0
2025-11-04 16:08:00,15811214.0,15840990.0,15811214.0,15833207.0,0
2025-11-04 16:11:00,15832887.0,15832887.0,15832887.0,15832887.0,0
2025-11-04 16:12:00,15826051.0,15827285.0,15801337.0,15827285.0,0
2025-11-04 16:15:00,15826378.0,15826378.0,15795735.0,15795735.0,2677014528
2025-11-04 16:18:00,15794396.0,15808521.0,15794396.0,15808521.0,18860736512
2025-11-04 16:20:00,15775537.0,15775537.0,15773190.0,15773190.0,0
2025-11-04 16:21:00,15732071.0,15732071.0,15732071.0,15732071.0,0
2025-11-04 16:23:00,15734828.0,15769781.0,15734828.0,15769781.0,56129224704
2025-11-04 16:28:00,15742710.0,15768529.0,15742710.0,15768529.0,51786022912
2025-11-04 16:31:00,15769644.0,15773718.0,15769644.0,15773718.0,0
2025-11-04 16:32:00,15772611.0,15772611.0,15772611.0,15772611.0,6113198080
2025-11-04 16:34:00,15778664.0,15778664.0,15778664.0,15778664.0,0
2025-11-04 16:35:00,15760476.0,15760476.0,15760476.0,15760476.0,87087382528
2025-11-04 16:36:00,15742477.0,15766904.0,15742477.0,15766904.0,0
2025-11-04 16:40:00,15753024.0,15785420.0,15753024.0,15754435.0,157010624512
2025-11-04 16:46:00,15756356.0,15766367.0,15731973.0,15731973.0,0
2025-11-04 16:51:00,15734358.0,15734358.0,15734358.0,15734358.0,1932525568
2025-11-04 16:52:00,15701153.0,15701153.0,15701153.0,15701153.0,54848913408
2025-11-04 16:53:00,15700273.0,15731845.0,15700273.0,15731845.0,48080355328
2025-11-04 16:55:00,15702370.0,15702370.0,15697129.0,15697129.0,15707668480
2025-11-04 16:56:00,15730431.0,15730431.0,15730431.0,15730431.0,0
2025-11-04 16:59:00,15697875.0,15697875.0,15683203.0,15683203.0,32004636672
2025-11-04 17:03:00,15664061.0,15664061.0,15664061.0,15664061.0,0
2025-11-04 17:04:00,15642488.0,15642488.0,15642488.0,15642488.0,0
2025-11-04 17:06:00,15619428.0,15622544.0,15619428.0,15622544.0,183717855232
2025-11-04 17:09:00,15624233.0,15624233.0,15545225.0,15555291.0,65263370240
2025-11-04 17:15:00,15556846.0,15556846.0,15556846.0,15556846.0,1302331392
2025-11-04 17:17:00,15531769.0,15531769.0,15495885.0,15495885.0,38165020672
2025-11-04 17:20:00,15566430.0,15566430.0,15497763.0,15547559.0,120609308672
2025-11-04 17:24:00,15578655.0,15578655.0,15578655.0,15578655.0,0
2025-11-04 17:25:00,15525147.0,15525147.0,15525147.0,15525147.0,28225568768
2025-11-04 17:27:00,15549709.0,15562541.0,15549709.0,15558097.0,67163389952
2025-11-04 17:32:00,15613135.0,15613135.0,15613135.0,15613135.0,206712078336
2025-11-04 17:33:00,15614039.0,15641436.0,15580336.0,15636277.0,0
2025-11-04 17:41:00,15622405.0,15622405.0,15601382.0,15601382.0,22185771008
2025-11-04 17:42:00,15577450.0,15577450.0,15553438.0,15553438.0,0
2025-11-04 17:45:00,15565281.0,15565281.0,15565281.0,15565281.0,42316333056
2025-11-04 17:48:00,15571454.0,15571454.0,15571454.0,15571454.0,13823377408
2025-11-04 17:49:00,15541466.0,15559667.0,15541466.0,15559667.0,21557673984
2025-11-04 17:53:00,15549778.0,15549778.0,15452676.0,15452676.0,186328809472
2025-11-04 17:55:00,15524786.0,15528170.0,15504925.0,15510932.0,17553162240
2025-11-04 17:56:00,15528515.0,15533228.0,15528515.0,15533228.0,0
2025-11-04 18:07:00,15503816.0,15503816.0,15471980.0,15471980.0,63656951808
2025-11-04 18:09:00,15471842.0,15515021.0,15447314.0,15447314.0,85143322624
2025-11-04 18:19:00,15441050.0,15441050.0,15441050.0,15441050.0,0
2025-11-04 18:20:00,15440194.0,15440194.0,15407295.0,15407295.0,128981139456
2025-11-04 18:23:00,15414887.0,15440335.0,15414887.0,15440335.0,108203606016
2025-11-04 18:26:00,15460856.0,15460856.0,15460856.0,15460856.0,0
2025-11-04 18:27:00,15440953.0,15465232.0,15375476.0,15375476.0,388072734720
2025-11-04 18:36:00,15363755.0,15363755.0,15363755.0,15363755.0,0
2025-11-04 18:38:00,15454584.0,15454584.0,15454584.0,15454584.0,88710578176
2025-11-04 18:39:00,15444803.0,15511889.0,15410778.0,15511889.0,21474836480
2025-11-04 18:45:00,15529702.0,15529702.0,15504588.0,15504588.0,22327328768
2025-11-04 18:48:00,15497507.0,15497507.0,15434719.0,15494493.0,61991813120
2025-11-04 18:53:00,15497867.0,15505815.0,15497867.0,15505815.0,0
2025-11-04 18:55:00,15507174.0,15560671.0,15507174.0,15560671.0,921698304
2025-11-04 18:56:00,15560013.0,15560013.0,15560013.0,15560013.0,0
2025-11-04 18:57:00,15573674.0,15573674.0,15573674.0,15573674.0,13960740864
2025-11-04 19:02:00,15565656.0,15565656.0,15565656.0,15565656.0,113201119232
2025-11-04 19:03:00,15567063.0,15567063.0,15566961.0,15566961.0,30341595136
2025-11-04 19:06:00,15546799.0,15572091.0,15515198.0,15572091.0,74077700096
2025-11-04 19:17:00,15571457.0,15578014.0,15557041.0,15557041.0,0
2025-11-04 19:22:00,15546632.0,15546632.0,15546632.0,15546632.0,25492979712
2025-11-04 19:24:00,15565572.0,15565572.0,15565572.0,15565572.0,0
2025-11-04 19:25:00,15593007.0,15593007.0,15593007.0,15593007.0,0
2025-11-04 19:26:00,15592863.0,15592863.0,15497841.0,15497841.0,0
2025-11-04 19:27:00,15583884.0,15583884.0,15526647.0,15526647.0,46287290368
2025-11-04 19:40:00,15493268.0,15506624.0,15493268.0,15506624.0,132053467136
2025-11-04 19:43:00,15504930.0,15504930.0,15463516.0,15463516.0,0
2025-11-04 19:45:00,15473735.0,15473735.0,15473735.0,15473735.0,30162288640
2025-11-04 19:46:00,15475286.0,15475286.0,15475286.0,15475286.0,5523898368
2025-11-04 19:47:00,15474077.0,15474077.0,15474077.0,15474077.0,0
2025-11-04 19:48:00,15476077.0,15497132.0,15458958.0,15458958.0,32967229440
2025-11-04 19:52:00,15442063.0,15479788.0,15442063.0,15479788.0,6636437504
2025-11-04 19:55:00,15459669.0,15459669.0,15459669.0,15459669.0,0
2025-11-04 19:56:00,15467138.0,15467138.0,15431211.0,15431211.0,249755074560
2025-11-04 20:00:00,15432901.0,15433754.0,15432901.0,15433754.0,0
2025-11-04 20:02:00,15455672.0,15455672.0,15455672.0,15455672.0,226099200000
2025-11-04 20:03:00,15463701.0,15463701.0,15417880.0,15442279.0,0
2025-11-04 20:10:00,15419127.0,15419127.0,15419127.0,15419127.0,0
2025-11-04 20:11:00,15433400.0,15433400.0,15417091.0,15417953.0,31412191232
2025-11-04 20:17:00,15433320.0,15433320.0,15320336.0,15320336.0,287128420352
2025-11-04 20:21:00,15388481.0,15442866.0,15339860.0,15418643.0,473687916544
2025-11-04 20:33:00,15418894.0,15418894.0,15418894.0,15418894.0,248512512
2025-11-04 20:34:00,15393432.0,15402609.0,15393432.0,15402609.0,0
2025-11-04 20:38:00,15418145.0,15512958.0,15404636.0,15512958.0,195078127616
2025-11-04 20:40:00,15471550.0,15507169.0,15471550.0,15507169.0,0
2025-11-04 20:47:00,15512907.0,15512907.0,15490989.0,15490989.0,175287304192
2025-11-04 20:50:00,15490649.0,15497707.0,15453012.0,15453012.0,59807629312
2025-11-04 20:53:00,15455148.0,15475747.0,15455148.0,15473213.0,0
2025-11-04 20:55:00,15454359.0,15470686.0,15454359.0,15460495.0,83260080128
2025-11-04 21:03:00,15434793.0,15463874.0,15434793.0,15463874.0,66292023296
2025-11-04 21:05:00,15464697.0,15464697.0,15464697.0,15464697.0,831520768
2025-11-04 21:06:00,15481557.0,15481557.0,15426355.0,15426355.0,0
2025-11-04 21:08:00,15430052.0,15437079.0,15430052.0,15437079.0,37051432960
2025-11-04 21:11:00,15449327.0,15449327.0,15438698.0,15440102.0,0
2025-11-04 21:15:00,15406695.0,15406695.0,15388385.0,15389276.0,19153289216
2025-11-04 21:22:00,15374404.0,15391721.0,15354549.0,15354549.0,0
2025-11-04 21:29:00,15324840.0,15357906.0,15305671.0,15305671.0,718798848000
2025-11-04 21:32:00,15266090.0,15266090.0,15266090.0,15266090.0,0
2025-11-04 21:33:00,15264266.0,15267965.0,15254925.0,15254925.0,0
2025-11-04 21:36:00,15219870.0,15219870.0,15219870.0,15219870.0,180017430528
2025-11-04 21:37:00,15219268.0,15243220.0,15219268.0,15243220.0,95434047488
2025-11-04 21:40:00,15228907.0,15260400.0,15228907.0,15244294.0,0
2025-11-04 21:47:00,15304652.0,15304652.0,15278249.0,15278249.0,89656393728
2025-11-04 21:49:00,15278591.0,15302296.0,15278591.0,15302296.0,222407163904
2025-11-04 21:51:00,15286055.0,15298257.0,15286055.0,15298257.0,0
2025-11-04 21:53:00,15275955.0,15408376.0,15275955.0,15408376.0,0
2025-11-04 21:55:00,15239936.0,15418792.0,15239936.0,15418792.0,234287529984
2025-11-04 22:05:00,15458231.0,15492067.0,15426564.0,15492067.0,19305332736
2025-11-04 22:11:00,15507370.0,15507370.0,15507370.0,15507370.0,66096988160
2025-11-04 22:12:00,15506966.0,15510928.0,15487886.0,15510928.0,61989715968
2025-11-04 22:18:00,15516732.0,15557163.0,15516732.0,15527047.0,77532758016
2025-11-04 22:26:00,15526643.0,15526643.0,15521574.0,15521574.0,13093568512
2025-11-04 22:28:00,15516723.0,15516723.0,15516723.0,15516723.0,0
2025-11-04 22:29:00,15531241.0,15531241.0,15530273.0,15530273.0,247463936
2025-11-04 22:32:00,15529768.0,15570127.0,15529768.0,15570127.0,48924459008
2025-11-04 22:35:00,15569924.0,15617352.0,15569924.0,15583791.0,131937075200
2025-11-04 22:40:00,15597461.0,15597461.0,15597461.0,15597461.0,0
2025-11-04 22:42:00,15597421.0,15597421.0,15539188.0,15561076.0,131182100480
2025-11-04 22:50:00,15564221.0,15564221.0,15517903.0,15519815.0,0
2025-11-04 22:54:00,15530658.0,15534141.0,15530658.0,15534141.0,4962910208
2025-11-04 22:56:00,15521493.0,15543119.0,15521493.0,15543119.0,202926718976
2025-11-04 23:02:00,15545830.0,15561922.0,15545830.0,15561922.0,0
2025-11-04 23:04:00,15549593.0,15594161.0,15549593.0,15594161.0,159383552
2025-11-04 23:07:00,15593501.0,15593501.0,15540201.0,15540201.0,0
2025-11-04 23:10:00,15540960.0,15540960.0,15513571.0,15513571.0,211763068928
2025-11-04 23:15:00,15532917.0,15532917.0,15532917.0,15532917.0,0
2025-11-04 23:17:00,15556197.0,15556197.0,15539073.0,15545367.0,119771496448
2025-11-04 23:21:00,15541406.0,15541406.0,15541406.0,15541406.0,0
2025-11-04 23:22:00,15527738.0,15557922.0,15527738.0,15557922.0,112948412416
2025-11-04 23:31:00,15556201.0,15556201.0,15545549.0,15545549.0,26314014720
2025-11-04 23:32:00,15543261.0,15543261.0,15542602.0,15542602.0,7879000064
2025-11-04 23:36:00,15536017.0,15546624.0,15536017.0,15546624.0,10048503808
2025-11-04 23:38:00,15546540.0,15558357.0,15546540.0,15558357.0,4885315584
2025-11-04 23:40:00,15547319.0,15547319.0,15547319.0,15547319.0,791674880
2025-11-04 23:42:00,15553511.0,15571869.0,15553511.0,15571869.0,0
2025-11-04 23:46:00,15570673.0,15570673.0,15570673.0,15570673.0,102123962368
2025-11-04 23:47:00,15594088.0,15600953.0,15594088.0,15594776.0,14560526336
2025-11-04 23:52:00,15601142.0,15610270.0,15601142.0,15610270.0,0
2025-11-04 23:55:00,15608034.0,15608034.0,15605926.0,15605926.0,57437847552
2025-11-04 23:56:00,15612111.0,15612111.0,15596806.0,15596806.0,40630222848
2025-11-05 00:01:00,15587306.0,15587306.0,15587306.0,15587306.0,0
2025-11-05 00:02:00,15598225.0,15626974.0,15598225.0,15626974.0,0
2025-11-05 00:04:00,15630449.0,15630449.0,15552922.0,15552922.0,0
2025-11-05 00:10:00,15542364.0,15545787.0,15535429.0,15545787.0,0
2025-11-05 00:15:00,15541893.0,15541893.0,15524269.0,15524269.0,10883170304
2025-11-05 00:19:00,15518587.0,15568191.0,15518587.0,15568191.0,66634907648
2025-11-05 00:22:00,15551963.0,15551963.0,15551963.0,15551963.0,33938210816
2025-11-05 00:23:00,15555227.0,15555227.0,15555227.0,15555227.0,3577741312
2025-11-05 00:24:00,15567460.0,15567460.0,15566705.0,15566705.0,0
2025-11-05 00:26:00,15544617.0,15544617.0,15544617.0,15544617.0,175130017792
2025-11-05 00:27:00,15544347.0,15544347.0,15515635.0,15520547.0,0
2025-11-05 00:32:00,15506299.0,15506299.0,15506299.0,15506299.0,0
2025-11-05 00:34:00,15496384.0,15496384.0,15478396.0,15478396.0,0
2025-11-05 00:36:00,15479062.0,15479062.0,15421046.0,15424595.0,22370320384
2025-11-05 00:49:00,15404174.0,15413606.0,15404174.0,15413606.0,5093982208
2025-11-05 00:53:00,15419607.0,15419607.0,15401363.0,15401363.0,18571329536
2025-11-05 00:55:00,15411992.0,15430449.0,15411992.0,15430449.0,3844079616
2025-11-05 00:57:00,15424511.0,15424511.0,15424511.0,15424511.0,0
2025-11-05 00:58:00,15416943.0,15416943.0,15416943.0,15416943.0,0
2025-11-05 00:59:00,15415270.0,15415270.0,15415270.0,15415270.0,0
2025-11-05 01:01:00,15410500.0,15410500.0,15408062.0,15408062.0,58588135424
2025-11-05 01:02:00,15404818.0,15404818.0,15402372.0,15402372.0,13529776128
2025-11-05 01:03:00,15375896.0,15375896.0,15375896.0,15375896.0,0
2025-11-05 01:05:00,15370445.0,15370445.0,15359684.0,15359684.0,126639669248
2025-11-05 01:07:00,15340474.0,15340474.0,15340474.0,15340474.0,0
2025-11-05 01:08:00,15330447.0,15330447.0,15330447.0,15330447.0,0
2025-11-05 01:09:00,15332194.0,15332194.0,15332194.0,15332194.0,1926234112
2025-11-05 01:10:00,15329513.0,15329513.0,15329513.0,15329513.0,39888879616
2025-11-05 01:12:00,15359574.0,15371163.0,15359574.0,15371163.0,0
2025-11-05 01:13:00,15369787.0,15369787.0,15360988.0,15360988.0,52128907264
2025-11-05 01:14:00,15363567.0,15363567.0,15363567.0,15363567.0,0
2025-11-05 01:15:00,15346900.0,15346900.0,15346900.0,15346900.0,39133904896
2025-11-05 01:16:00,15335701.0,15335701.0,15335701.0,15335701.0,93805608960
2025-11-05 01:18:00,15294122.0,15294122.0,15294122.0,15294122.0,0
2025-11-05 01:19:00,15293672.0,15293672.0,15293672.0,15293672.0,0
2025-11-05 01:20:00,15291120.0,15291120.0,15291120.0,15291120.0,0
2025-11-05 01:21:00,15259771.0,15259771.0,15259771.0,15259771.0,0
2025-11-05 01:22:00,15248834.0,15248834.0,15248834.0,15248834.0,48963256320
2025-11-05 01:23:00,15225662.0,15225662.0,15225662.0,15225662.0,0
2025-11-05 01:24:00,15208860.0,15208860.0,15208860.0,15208860.0,1263252013056
2025-11-05 01:26:00,15209345.0,15209345.0,15185734.0,15185734.0,30625759232
2025-11-05 01:27:00,15181360.0,15181360.0,15181360.0,15181360.0,33348911104
2025-11-05 01:28:00,15185188.0,15185188.0,15185188.0,15185188.0,4282384384
2025-11-05 01:29:00,15172091.0,15172091.0,15172091.0,15172091.0,16186867712
2025-11-05 01:31:00,15230580.0,15230580.0,15230580.0,15230580.0,89506447360
2025-11-05 01:32:00,15224348.0,15224348.0,15224348.0,15224348.0,0
2025-11-05 01:33:00,15217026.0,15217026.0,15203889.0,15203889.0,0
2025-11-05 01:35:00,15166806.0,15166806.0,15166806.0,15166806.0,256778436608
2025-11-05 01:36:00,15187867.0,15232836.0,15187867.0,15232836.0,0
2025-11-05 01:38:00,15211074.0,15211074.0,15211074.0,15211074.0,0
2025-11-05 01:40:00,15152255.0,15152255.0,15152255.0,15152255.0,178054496256
2025-11-05 01:41:00,15154865.0,15174686.0,15154865.0,15174686.0,0
2025-11-05 01:43:00,15174165.0,15174165.0,15174165.0,15174165.0,0
2025-11-05 01:44:00,15201650.0,15201650.0,15194341.0,15194341.0,49320820736
2025-11-05 01:46:00,15209946.0,15209946.0,15209946.0,15209946.0,25815941120
2025-11-05 01:47:00,15239685.0,15272115.0,15239685.0,15272115.0,41666215936
2025-11-05 01:49:00,15271926.0,15271926.0,15271926.0,15271926.0,0
2025-11-05 01:50:00,15280451.0,15280451.0,15280451.0,15280451.0,228680794112
2025-11-05 01:51:00,15280083.0,15443228.0,15273845.0,15429263.0,51838451712
2025-11-05 01:55:00,15395133.0,15469975.0,15395133.0,15469975.0,0
2025-11-05 02:03:00,15493575.0,15512473.0,15493575.0,15500193.0,76763103232
2025-11-05 02:08:00,15535378.0,15536280.0,15465851.0,15465851.0,136983871488
2025-11-05 02:15:00,15480752.0,15480752.0,15470695.0,15476755.0,0
2025-11-05 02:19:00,15472836.0,15530448.0,15472836.0,15530448.0,0
2025-11-05 02:22:00,15531045.0,15531045.0,15514539.0,15514539.0,111432171520
2025-11-05 02:24:00,15510660.0,15510660.0,15510660.0,15510660.0,0
2025-11-05 02:25:00,15511685.0,15536674.0,15485190.0,15485190.0,26363297792
2025-11-05 02:29:00,15486851.0,15509726.0,15486851.0,15509726.0,15005122560
2025-11-05 02:31:00,15505475.0,15529765.0,15505475.0,15529765.0,107667783680
2025-11-05 02:34:00,15500484.0,15500484.0,15500484.0,15500484.0,0
2025-11-05 02:35:00,15502530.0,15502530.0,15502530.0,15502530.0,2346713088
2025-11-05 02:36:00,15532610.0,15532610.0,15532610.0,15532610.0,161054982144
2025-11-05 02:39:00,15549096.0,15549096.0,15549096.0,15549096.0,0
2025-11-05 02:40:00,15550640.0,15564154.0,15550640.0,15557846.0,156692905984
2025-11-05 02:45:00,15576151.0,15576151.0,15567531.0,15567531.0,117612478464
2025-11-05 02:49:00,15570446.0,15572031.0,15570446.0,15572031.0,17274241024
2025-11-05 02:50:00,15567240.0,15567240.0,15567240.0,15567240.0,23660068864
2025-11-05 02:52:00,15539773.0,15549781.0,15539773.0,15541462.0,0
2025-11-05 02:54:00,15538588.0,15561292.0,15538588.0,15561292.0,354854895616
2025-11-05 02:55:00,15529601.0,15601636.0,15529601.0,15601636.0,0
2025-11-05 02:56:00,15587415.0,15587415.0,15570487.0,15570487.0,203989975040
2025-11-05 03:07:00,15609202.0,15609493.0,15607179.0,15609493.0,0
2025-11-05 03:10:00,15601125.0,15601780.0,15601125.0,15601780.0,18566086656
2025-11-05 03:13:00,15595989.0,15595989.0,15587829.0,15594269.0,134681198592
2025-11-05 03:16:00,15596023.0,15596023.0,15596023.0,15596023.0,35731275776
2025-11-05 03:17:00,15595474.0,15637207.0,15566197.0,15637207.0,0
2025-11-05 03:27:00,15636228.0,15636228.0,15636228.0,15636228.0,0
2025-11-05 03:28:00,15637966.0,15637966.0,15637966.0,15637966.0,31023169536
2025-11-05 03:29:00,15639993.0,15660529.0,15639993.0,15653636.0,0
2025-11-05 03:33:00,15649818.0,15649818.0,15649818.0,15649818.0,21040726016
2025-11-05 03:35:00,15662005.0,15662005.0,15662005.0,15662005.0,120286347264
2025-11-05 03:36:00,15662463.0,15672937.0,15660264.0,15660264.0,0
2025-11-05 03:40:00,15654005.0,15674067.0,15654005.0,15673702.0,32518438912
2025-11-05 03:47:00,15690040.0,15690040.0,15690040.0,15690040.0,49243226112
2025-11-05 03:49:00,15690708.0,15690708.0,15690708.0,15690708.0,780140544
2025-11-05 03:50:00,15695750.0,15695750.0,15667702.0,15676416.0,13421772800
2025-11-05 03:54:00,15675204.0,15675204.0,15675204.0,15675204.0,32652656640
2025-11-05 03:55:00,15680466.0,15680466.0,15680035.0,15680035.0,46368030720
2025-11-05 03:57:00,15675419.0,15685898.0,15664363.0,15664363.0,234239295488
2025-11-05 04:10:00,15660923.0,15672363.0,15653042.0,15656338.0,74981572608
2025-11-05 04:15:00,15648381.0,15648921.0,15643892.0,15648921.0,26042433536
2025-11-05 04:19:00,15628828.0,15630459.0,15627417.0,15630459.0,16580083712
2025-11-05 04:22:00,15634198.0,15634198.0,15634198.0,15634198.0,0
2025-11-05 04:23:00,15626713.0,15626713.0,15606488.0,15606488.0,37788581888
2025-11-05 04:27:00,15602315.0,15602315.0,15591389.0,15591389.0,0
2025-11-05 04:31:00,15585650.0,15590200.0,15585650.0,15590200.0,58181287936
2025-11-05 04:33:00,15607447.0,15614130.0,15604571.0,15604571.0,52927922176
2025-11-05 04:35:00,15603566.0,15611516.0,15599977.0,15611516.0,0
2025-11-05 04:38:00,15623176.0,15623176.0,15623176.0,15623176.0,22479372288
2025-11-05 04:39:00,15635769.0,15651350.0,15635769.0,15651350.0,0
2025-11-05 04:43:00,15651970.0,15651970.0,15651970.0,15651970.0,748683264
2025-11-05 04:44:00,15653680.0,15653680.0,15652955.0,15652955.0,120217141248
2025-11-05 04:46:00,15669539.0,15669539.0,15669539.0,15669539.0,35240542208
2025-11-05 04:47:00,15668547.0,15675666.0,15662529.0,15675666.0,19472056320
2025-11-05 04:53:00,15667840.0,15671140.0,15638948.0,15638948.0,18190696448
2025-11-05 04:55:00,15633309.0,15633309.0,15633309.0,15633309.0,0
2025-11-05 04:59:00,15638778.0,15646839.0,15638778.0,15646839.0,141903790080
2025-11-05 05:01:00,15651845.0,15651845.0,15651845.0,15651845.0,3531603968
2025-11-05 05:02:00,15654865.0,15655921.0,15654731.0,15655921.0,0
2025-11-05 05:06:00,15656345.0,15660777.0,15656345.0,15660777.0,6465519616
2025-11-05 05:08:00,15671876.0,15671876.0,15671876.0,15671876.0,0
2025-11-05 05:09:00,15679681.0,15683727.0,15679681.0,15683727.0,0
2025-11-05 05:11:00,15684310.0,15684310.0,15684310.0,15684310.0,704643072
2025-11-05 05:12:00,15692360.0,15692360.0,15692360.0,15692360.0,113357357056
2025-11-05 05:13:00,15692769.0,15692769.0,15692769.0,15692769.0,497025024
2025-11-05 05:15:00,15697283.0,15701259.0,15694076.0,15694532.0,0
2025-11-05 05:19:00,15690225.0,15690225.0,15690225.0,15690225.0,0
2025-11-05 05:21:00,15692434.0,15692434.0,15679406.0,15679406.0,111243427840
2025-11-05 05:24:00,15648343.0,15648343.0,15642917.0,15642917.0,0
2025-11-05 05:27:00,15624790.0,15624790.0,15617600.0,15617600.0,0
2025-11-05 05:29:00,15625387.0,15642605.0,15625387.0,15642605.0,36727422976
2025-11-05 05:31:00,15649178.0,15649178.0,15649178.0,15649178.0,21787312128
2025-11-05 05:33:00,15656663.0,15656663.0,15656663.0,15656663.0,0
2025-11-05 05:34:00,15656353.0,15656353.0,15656353.0,15656353.0,0
2025-11-05 05:35:00,15663077.0,15663077.0,15663077.0,15663077.0,6215958528
2025-11-05 05:36:00,15633448.0,15633448.0,15633448.0,15633448.0,0
2025-11-05 05:38:00,15630338.0,15639253.0,15630338.0,15639253.0,0
2025-11-05 05:41:00,15641170.0,15645889.0,15641170.0,15645889.0,246488760320
2025-11-05 05:42:00,15647629.0,15649636.0,15618774.0,15618774.0,0
2025-11-05 05:48:00,15611938.0,15611938.0,15600511.0,15605437.0,124598091776
2025-11-05 05:53:00,15600103.0,15600103.0,15600103.0,15600103.0,0
2025-11-05 05:55:00,15610085.0,15610085.0,15610085.0,15610085.0,204159844352
2025-11-05 05:56:00,15610861.0,15610861.0,15610861.0,15610861.0,0
2025-11-05 05:57:00,15621178.0,15621178.0,15621178.0,15621178.0,1168113664
2025-11-05 05:58:00,15623958.0,15623958.0,15621886.0,15621886.0,0
2025-11-05 05:59:00,15626415.0,15626415.0,15626415.0,15626415.0,209809571840
2025-11-05 06:01:00,15624022.0,15624022.0,15624022.0,15624022.0,0
2025-11-05 06:02:00,15620875.0,15624444.0,15611734.0,15611734.0,22357737472
2025-11-05 06:07:00,15598860.0,15598860.0,15598860.0,15598860.0,0
2025-11-05 06:10:00,15598816.0,15598816.0,15596481.0,15596481.0,2948595712
2025-11-05 06:11:00,15597768.0,15597768.0,15591165.0,15591165.0,0
2025-11-05 06:15:00,15606829.0,15606829.0,15606829.0,15606829.0,5660213248
2025-11-05 06:16:00,15610297.0,15610297.0,15591292.0,15591292.0,0
2025-11-05 06:20:00,15610961.0,15632973.0,15610961.0,15632973.0,91729428480
2025-11-05 06:21:00,15650127.0,15650127.0,15650127.0,15650127.0,7205814272
2025-11-05 06:22:00,15648497.0,15648497.0,15633615.0,15633615.0,0
2025-11-05 06:23:00,15632912.0,15648094.0,15632912.0,15648094.0,159888965632
2025-11-05 06:26:00,15646853.0,15646853.0,15641979.0,15643393.0,0
2025-11-05 06:29:00,15642589.0,15653700.0,15642589.0,15653700.0,135719288832
2025-11-05 06:31:00,15657767.0,15657767.0,15657767.0,15657767.0,0
2025-11-05 06:32:00,15656612.0,15656612.0,15656612.0,15656612.0,0
2025-11-05 06:33:00,15661776.0,15661776.0,15661776.0,15661776.0,119426514944
2025-11-05 06:35:00,15678305.0,15678755.0,15678305.0,15678755.0,0
2025-11-05 06:37:00,15677522.0,15678126.0,15677522.0,15678126.0,24268242944
2025-11-05 06:39:00,15676369.0,15676369.0,15636754.0,15636754.0,83779125248
2025-11-05 06:44:00,15644489.0,15649738.0,15644489.0,15649738.0,3841982464
2025-11-05 06:45:00,15650985.0,15662368.0,15650985.0,15662368.0,0
2025-11-05 06:46:00,15661334.0,15661334.0,15661334.0,15661334.0,82374033408
2025-11-05 06:48:00,15655473.0,15671286.0,15655473.0,15671286.0,0
2025-11-05 06:53:00,15682904.0,15682904.0,15682904.0,15682904.0,0
2025-11-05 06:54:00,15689926.0,15689926.0,15686960.0,15686960.0,0
2025-11-05 06:56:00,15683641.0,15688032.0,15683641.0,15688032.0,111633498112
2025-11-05 06:59:00,15693454.0,15693454.0,15692519.0,15692519.0,0
2025-11-05 07:02:00,15689854.0,15689854.0,15689854.0,15689854.0,0
2025-11-05 07:03:00,15689395.0,15689395.0,15675767.0,15675767.0,0
2025-11-05 07:06:00,15663281.0,15663281.0,15663281.0,15663281.0,102101942272
2025-11-05 07:07:00,15662348.0,15662348.0,15662348.0,15662348.0,0
2025-11-05 07:08:00,15649408.0,15649408.0,15649408.0,15649408.0,0
2025-11-05 07:11:00,15657029.0,15657029.0,15637186.0,15646710.0,534059679744
2025-11-05 07:16:00,15651485.0,15652461.0,15651485.0,15652461.0,67817701376
2025-11-05 07:19:00,15657926.0,15657926.0,15657926.0,15657926.0,0
2025-11-05 07:20:00,15655353.0,15655353.0,15619680.0,15619680.0,0
2025-11-05 07:25:00,15622710.0,15633315.0,15622710.0,15633315.0,4397727744
2025-11-05 07:27:00,15630609.0,15637264.0,15630609.0,15637264.0,0
2025-11-05 07:29:00,15632799.0,15638170.0,15632799.0,15638170.0,0
2025-11-05 07:33:00,15628270.0,15628270.0,15628270.0,15628270.0,6889144320
2025-11-05 07:34:00,15631662.0,15635131.0,15631662.0,15635131.0,0
2025-11-05 07:36:00,15637586.0,15637586.0,15626349.0,15636199.0,12868124672
2025-11-05 07:39:00,15635015.0,15642007.0,15635015.0,15641227.0,0
2025-11-05 07:44:00,15640132.0,15640132.0,15640132.0,15640132.0,0
2025-11-05 07:46:00,15643063.0,15647565.0,15643063.0,15647565.0,0
2025-11-05 07:48:00,15649599.0,15649599.0,15648614.0,15648614.0,0
2025-11-05 07:51:00,15648984.0,15648984.0,15645928.0,15645928.0,21397241856
2025-11-05 07:54:00,15655872.0,15671921.0,15654534.0,15671921.0,0
2025-11-05 07:55:00,15673746.0,15673746.0,15671303.0,15671303.0,135631208448
2025-11-05 07:59:00,15671456.0,15673672.0,15618097.0,15627245.0,0
2025-11-05 08:09:00,15627586.0,15627586.0,15618589.0,15618589.0,0
2025-11-05 08:15:00,15623463.0,15623463.0,15614596.0,15614596.0,124216410112
2025-11-05 08:18:00,15604540.0,15604540.0,15604540.0,15604540.0,0
2025-11-05 08:19:00,15597337.0,15599297.0,15596587.0,15596587.0,497162387456
2025-11-05 08:23:00,15590068.0,15615702.0,15541827.0,15615702.0,0
2025-11-05 08:27:00,15570429.0,15617725.0,15570429.0,15617725.0,2251292672
2025-11-05 08:39:00,15614145.0,15614145.0,15574461.0,15574461.0,108048416768
2025-11-05 08:48:00,15571085.0,15571085.0,15571085.0,15571085.0,0
2025-11-05 08:51:00,15556061.0,15616822.0,15556061.0,15606906.0,0
2025-11-05 08:54:00,15595391.0,15623031.0,15595391.0,15623031.0,0
2025-11-05 08:55:00,15602536.0,15613964.0,15602140.0,15602140.0,97701068800
2025-11-05 08:56:00,15613368.0,15613368.0,15597378.0,15597378.0,312475648
2025-11-05 09:06:00,15630919.0,15640540.0,15630919.0,15640540.0,82276515840
2025-11-05 09:09:00,15649314.0,15673074.0,15649314.0,15673074.0,0
2025-11-05 09:11:00,15680061.0,15680061.0,15644005.0,15647676.0,119905714176
2025-11-05 09:17:00,15646883.0,15654132.0,15645231.0,15654132.0,53346304000
2025-11-05 09:21:00,15641059.0,15641059.0,15606921.0,15606921.0,19051577344
2025-11-05 09:23:00,15608458.0,15636921.0,15608458.0,15632294.0,0
2025-11-05 09:27:00,15644602.0,15644602.0,15644602.0,15644602.0,99309584384
2025-11-05 09:28:00,15641401.0,15641401.0,15641401.0,15641401.0,0
2025-11-05 09:29:00,15641615.0,15641615.0,15641615.0,15641615.0,239075328
2025-11-05 09:30:00,15641884.0,15641884.0,15641884.0,15641884.0,4703911936
2025-11-05 09:32:00,15637384.0,15637384.0,15637384.0,15637384.0,0
2025-11-05 09:33:00,15639032.0,15639032.0,15632495.0,15632495.0,0
2025-11-05 09:36:00,15630535.0,15642545.0,15630535.0,15638046.0,0
2025-11-05 09:40:00,15648035.0,15656725.0,15648035.0,15653078.0,0
2025-11-05 09:45:00,15659984.0,15660112.0,15659984.0,15660112.0,0
2025-11-05 09:47:00,15656626.0,15656626.0,15656626.0,15656626.0,25084035072
2025-11-05 09:48:00,15656234.0,15656234.0,15656234.0,15656234.0,6764363776
2025-11-05 09:49:00,15657335.0,15663921.0,15641570.0,15663921.0,176160768
2025-11-05 09:55:00,15665085.0,15674737.0,15659178.0,15671908.0,0
2025-11-05 09:59:00,15673186.0,15673186.0,15668855.0,15668855.0,0
2025-11-05 10:03:00,15655415.0,15673733.0,15655415.0,15673733.0,13860077568
2025-11-05 10:06:00,15671281.0,15671281.0,15671281.0,15671281.0,0
2025-11-05 10:07:00,15678050.0,15678050.0,15678050.0,15678050.0,0
2025-11-05 10:08:00,15677757.0,15677757.0,15674532.0,15674532.0,119015473152
2025-11-05 10:10:00,15670966.0,15670966.0,15663246.0,15663246.0,15679356928
2025-11-05 10:13:00,15653426.0,15653426.0,15647723.0,15647723.0,0
2025-11-05 10:17:00,15643717.0,15644657.0,15643717.0,15644657.0,8776581120
2025-11-05 10:20:00,15641181.0,15641181.0,15637414.0,15637414.0,1713373184
2025-11-05 10:22:00,15634461.0,15634461.0,15633281.0,15633281.0,0
2025-11-05 10:24:00,15643805.0,15643805.0,15643805.0,15643805.0,8195670016
2025-11-05 10:25:00,15645191.0,15653988.0,15645191.0,15649132.0,96843333632
2025-11-05 10:29:00,15643927.0,15643927.0,15643927.0,15643927.0,0
2025-11-05 10:30:00,15648080.0,15648080.0,15644271.0,15644271.0,0
2025-11-05 10:31:00,15647113.0,15649971.0,15647113.0,15649971.0,91626668032
2025-11-05 10:33:00,15635622.0,15635622.0,15635622.0,15635622.0,0
2025-11-05 10:34:00,15635943.0,15635943.0,15635943.0,15635943.0,0
2025-11-05 10:35:00,15631210.0,15631735.0,15631210.0,15631735.0,7665090560
2025-11-05 10:38:00,15633657.0,15641011.0,15621774.0,15621774.0,0
2025-11-05 10:41:00,15637368.0,15637368.0,15634724.0,15634724.0,0
2025-11-05 10:43:00,15634622.0,15634622.0,15634622.0,15634622.0,37757124608
2025-11-05 10:45:00,15633762.0,15633762.0,15633762.0,15633762.0,0
2025-11-05 10:46:00,15631403.0,15631403.0,15604560.0,15607555.0,0
2025-11-05 10:51:00,15593443.0,15593443.0,15592361.0,15592361.0,40772829184
2025-11-05 10:53:00,15589414.0,15589414.0,15586435.0,15586435.0,0
2025-11-05 10:55:00,15584144.0,15584144.0,15584144.0,15584144.0,0
2025-11-05 10:57:00,15568920.0,15587633.0,15568920.0,15587633.0,654311424
2025-11-05 11:05:00,15595365.0,15619435.0,15595365.0,15616645.0,0
2025-11-05 11:10:00,15615078.0,15615078.0,15615078.0,15615078.0,11370758144
2025-11-05 11:11:00,15614737.0,15614737.0,15612522.0,15612522.0,0
2025-11-05 11:14:00,15612979.0,15617737.0,15611539.0,15617737.0,30723276800
2025-11-05 11:17:00,15615451.0,15630509.0,15603126.0,15603126.0,0
2025-11-05 11:20:00,15602917.0,15602917.0,15602917.0,15602917.0,0
2025-11-05 11:21:00,15597733.0,15605522.0,15597733.0,15605522.0,40054554624
2025-11-05 11:24:00,15602350.0,15602350.0,15602350.0,15602350.0,0
2025-11-05 11:25:00,15615036.0,15615036.0,15615036.0,15615036.0,8719958016
2025-11-05 11:26:00,15615555.0,15615555.0,15615555.0,15615555.0,567279616
2025-11-05 11:27:00,15610332.0,15610332.0,15610332.0,15610332.0,0
2025-11-05 11:29:00,15604669.0,15607548.0,15604669.0,15607548.0,0
2025-11-05 11:31:00,15611274.0,15625873.0,15611274.0,15625873.0,0
2025-11-05 11:32:00,15626217.0,15626217.0,15626217.0,15626217.0,10146021376
2025-11-05 11:34:00,15617385.0,15617385.0,15617385.0,15617385.0,7770996736
2025-11-05 11:35:00,15616775.0,15616775.0,15616775.0,15616775.0,0
2025-11-05 11:37:00,15626289.0,15626289.0,15626289.0,15626289.0,0
2025-11-05 11:38:00,15639606.0,15639606.0,15639606.0,15639606.0,0
2025-11-05 11:39:00,15638065.0,15638065.0,15638065.0,15638065.0,0
2025-11-05 11:40:00,15636684.0,15636684.0,15636684.0,15636684.0,23138926592
2025-11-05 11:41:00,15641364.0,15641364.0,15641364.0,15641364.0,32557236224
2025-11-05 11:43:00,15641360.0,15641360.0,15635250.0,15635250.0,0
2025-11-05 11:44:00,15628699.0,15628699.0,15628699.0,15628699.0,836763648
2025-11-05 11:46:00,15632859.0,15632859.0,15632859.0,15632859.0,0
2025-11-05 11:47:00,15635603.0,15635603.0,15635603.0,15635603.0,0
2025-11-05 11:48:00,15634370.0,15634370.0,15634370.0,15634370.0,25481445376
2025-11-05 11:49:00,15647490.0,15647490.0,15647490.0,15647490.0,117480357888
2025-11-05 11:50:00,15644000.0,15644000.0,15644000.0,15644000.0,0
2025-11-05 11:51:00,15649931.0,15649931.0,15649931.0,15649931.0,2966421504
2025-11-05 11:53:00,15658262.0,15669915.0,15658262.0,15669915.0,0
2025-11-05 11:54:00,15680789.0,15680789.0,15680789.0,15680789.0,0
2025-11-05 11:55:00,15679178.0,15679178.0,15679178.0,15679178.0,0
2025-11-05 11:56:00,15666610.0,15666610.0,15666610.0,15666610.0,0
2025-11-05 11:57:00,15672275.0,15672275.0,15672275.0,15672275.0,112096968704
2025-11-05 11:58:00,15674230.0,15674230.0,15674230.0,15674230.0,17090740224
2025-11-05 11:59:00,15668033.0,15668033.0,15668033.0,15668033.0,0
2025-11-05 12:01:00,15678816.0,15678816.0,15678816.0,15678816.0,6165626880
2025-11-05 12:02:00,15671851.0,15671851.0,15671851.0,15671851.0,0
2025-11-05 12:03:00,15675990.0,15675990.0,15675990.0,15675990.0,0
2025-11-05 12:05:00,15670011.0,15670011.0,15662571.0,15662571.0,5134876672
2025-11-05 12:07:00,15663599.0,15663599.0,15663599.0,15663599.0,0
2025-11-05 12:08:00,15666020.0,15669827.0,15666020.0,15669827.0,2711617536
2025-11-05 12:09:00,15671034.0,15671034.0,15671034.0,15671034.0,1322254336
2025-11-05 12:10:00,15672477.0,15672477.0,15672477.0,15672477.0,0
2025-11-05 12:12:00,15669869.0,15669869.0,15669869.0,15669869.0,100671684608
2025-11-05 12:13:00,15664280.0,15664280.0,15664280.0,15664280.0,0
2025-11-05 12:14:00,15670496.0,15670496.0,15670496.0,15670496.0,118673637376
2025-11-05 12:15:00,15674476.0,15674476.0,15674476.0,15674476.0,1607467008
2025-11-05 12:16:00,15672696.0,15672696.0,15672374.0,15672374.0,0
2025-11-05 12:17:00,15676861.0,15676861.0,15676861.0,15676861.0,3955228672
2025-11-05 12:18:00,15679051.0,15679051.0,15679051.0,15679051.0,104689827840
2025-11-05 12:19:00,15700026.0,15700026.0,15700026.0,15700026.0,0
2025-11-05 12:21:00,15700883.0,15700883.0,15700883.0,15700883.0,0
2025-11-05 12:22:00,15707559.0,15734993.0,15707559.0,15734993.0,36951818240
2025-11-05 12:24:00,15732694.0,15742257.0,15732694.0,15742257.0,0
2025-11-05 12:25:00,15742465.0,15742465.0,15742465.0,15742465.0,20253245440
2025-11-05 12:26:00,15765897.0,15765897.0,15765897.0,15765897.0,5802819584
2025-11-05 12:27:00,15762614.0,15762614.0,15762614.0,15762614.0,0
2025-11-05 12:29:00,15732417.0,15732417.0,15732417.0,15732417.0,0
2025-11-05 12:31:00,15754636.0,15754636.0,15754636.0,15754636.0,45444235264
2025-11-05 12:32:00,15755064.0,15755064.0,15729508.0,15729508.0,141940490240
2025-11-05 12:33:00,15732088.0,15732088.0,15732088.0,15732088.0,0
2025-11-05 12:34:00,15747530.0,15747530.0,15747530.0,15747530.0,1863319552
2025-11-05 12:36:00,15731970.0,15731970.0,15731970.0,15731970.0,0
2025-11-05 12:37:00,15736707.0,15736707.0,15736707.0,15736707.0,9909043200
2025-11-05 12:38:00,15736306.0,15736306.0,15736306.0,15736306.0,0
2025-11-05 12:39:00,15752076.0,15752076.0,15752076.0,15752076.0,49925849088
2025-11-05 12:40:00,15753410.0,15753410.0,15753410.0,15753410.0,0
2025-11-05 12:42:00,15761212.0,15761212.0,15761212.0,15761212.0,0
2025-11-05 12:43:00,15762103.0,15762103.0,15762103.0,15762103.0,0
2025-11-05 12:45:00,15784451.0,15784451.0,15784451.0,15784451.0,0
2025-11-05 12:46:00,15785866.0,15785866.0,15785866.0,15785866.0,0
2025-11-05 12:47:00,15784204.0,15784204.0,15763038.0,15763038.0,48324673536
2025-11-05 12:48:00,15775402.0,15775402.0,15775402.0,15775402.0,21767389184
2025-11-05 12:49:00,15780285.0,15780285.0,15780285.0,15780285.0,0
2025-11-05 12:50:00,15782241.0,15782241.0,15782241.0,15782241.0,2116026368
2025-11-05 12:51:00,15785350.0,15785350.0,15785350.0,15785350.0,18342739968
2025-11-05 12:52:00,15780538.0,15780538.0,15780538.0,15780538.0,729808896
2025-11-05 12:54:00,15767182.0,15767182.0,15767182.0,15767182.0,125821779968
2025-11-05 12:55:00,15768167.0,15768167.0,15768167.0,15768167.0,0
2025-11-05 12:57:00,15760900.0,15760900.0,15760900.0,15760900.0,0
2025-11-05 12:58:00,15769399.0,15780323.0,15769399.0,15780323.0,0
2025-11-05 12:59:00,15774930.0,15774930.0,15774930.0,15774930.0,6225395712
2025-11-05 13:00:00,15779152.0,15779152.0,15779152.0,15779152.0,353370112
2025-11-05 13:01:00,15784153.0,15784153.0,15784153.0,15784153.0,0
2025-11-05 13:02:00,15789012.0,15789012.0,15789012.0,15789012.0,0
2025-11-05 13:03:00,15788677.0,15788677.0,15788677.0,15788677.0,0
2025-11-05 13:05:00,15794509.0,15794509.0,15792058.0,15792058.0,473071353856
2025-11-05 13:07:00,15773860.0,15773860.0,15773860.0,15773860.0,151033741312
2025-11-05 13:09:00,15773307.0,15773307.0,15773307.0,15773307.0,0
2025-11-05 13:10:00,15774426.0,15774426.0,15774426.0,15774426.0,1206910976
2025-11-05 13:11:00,15775012.0,15775012.0,15761001.0,15761001.0,155020427264
2025-11-05 13:12:00,15757260.0,15757260.0,15757260.0,15757260.0,0
2025-11-05 13:13:00,15759569.0,15759569.0,15759569.0,15759569.0,316942581760
2025-11-05 13:14:00,15759558.0,15759558.0,15759558.0,15759558.0,157488775168
2025-11-05 13:15:00,15756546.0,15756546.0,15756546.0,15756546.0,1649410048
2025-11-05 13:16:00,15749987.0,15749987.0,15749987.0,15749987.0,45833256960
2025-11-05 13:17:00,15765418.0,15765418.0,15765418.0,15765418.0,0
2025-11-05 13:19:00,15758159.0,15758159.0,15758159.0,15758159.0,0
2025-11-05 13:21:00,15739776.0,15739776.0,15739776.0,15739776.0,40849375232
2025-11-05 13:22:00,15738626.0,15738626.0,15738626.0,15738626.0,0
2025-11-05 13:23:00,15743534.0,15743534.0,15743534.0,15743534.0,53126103040
2025-11-05 13:24:00,15757028.0,15768558.0,15757028.0,15768558.0,80127983616
2025-11-05 13:25:00,15769439.0,15769439.0,15769439.0,15769439.0,960495616
2025-11-05 13:26:00,15773764.0,15773764.0,15773764.0,15773764.0,37901828096
2025-11-05 13:27:00,15765962.0,15765962.0,15765962.0,15765962.0,0
2025-11-05 13:29:00,15770389.0,15770389.0,15770389.0,15770389.0,0
2025-11-05 13:31:00,15774329.0,15774329.0,15774329.0,15774329.0,1732247552
2025-11-05 13:32:00,15771837.0,15771837.0,15769894.0,15769894.0,0
2025-11-05 13:33:00,15760782.0,15760782.0,15760782.0,15760782.0,0
2025-11-05 13:34:00,15760728.0,15760728.0,15760728.0,15760728.0,0
2025-11-05 13:36:00,15757795.0,15757795.0,15757795.0,15757795.0,76399247360
2025-11-05 13:37:00,15757266.0,15758182.0,15757266.0,15758182.0,0
2025-11-05 13:39:00,15773705.0,15773705.0,15773705.0,15773705.0,0
2025-11-05 13:40:00,15799946.0,15799946.0,15799946.0,15799946.0,19633537024
2025-11-05 13:41:00,15809417.0,15809417.0,15809417.0,15809417.0,0
2025-11-05 13:43:00,15834043.0,15834043.0,15834043.0,15834043.0,0
2025-11-05 13:45:00,15839128.0,15839128.0,15839128.0,15839128.0,100403249152
2025-11-05 13:46:00,15849165.0,15849165.0,15849165.0,15849165.0,0
2025-11-05 13:47:00,15832654.0,15832654.0,15832654.0,15832654.0,24220008448
2025-11-05 13:48:00,15845333.0,15845333.0,15845333.0,15845333.0,470816915456
2025-11-05 13:49:00,15865053.0,15865053.0,15865053.0,15865053.0,20768096256
2025-11-05 13:50:00,15849378.0,15849378.0,15849378.0,15849378.0,0
2025-11-05 13:51:00,15848572.0,15848572.0,15848572.0,15848572.0,0
2025-11-05 13:53:00,15862949.0,15879072.0,15862949.0,15879072.0,0
2025-11-05 13:54:00,15886158.0,15886158.0,15886158.0,15886158.0,60650684416
2025-11-05 13:56:00,15886763.0,15886763.0,15882655.0,15882655.0,48680140800
2025-11-05 13:57:00,15864481.0,15864481.0,15864481.0,15864481.0,33926676480
2025-11-05 13:58:00,15852446.0,15852446.0,15852446.0,15852446.0,0
2025-11-05 13:59:00,15853712.0,15853712.0,15853712.0,15853712.0,0
2025-11-05 14:00:00,15855969.0,15855969.0,15855969.0,15855969.0,45421166592
2025-11-05 14:01:00,15840853.0,15840853.0,15840853.0,15840853.0,51456770048
2025-11-05 14:02:00,15853757.0,15853757.0,15853757.0,15853757.0,0
2025-11-05 14:03:00,15857575.0,15857575.0,15857575.0,15857575.0,4119855104
2025-11-05 14:05:00,15857921.0,15857921.0,15857921.0,15857921.0,0
2025-11-05 14:07:00,15854945.0,15854945.0,15854945.0,15854945.0,5076156416
2025-11-05 14:08:00,15846452.0,15846452.0,15846452.0,15846452.0,0
2025-11-05 14:09:00,15845552.0,15845552.0,15845552.0,15845552.0,0
2025-11-05 14:10:00,15823348.0,15823348.0,15823348.0,15823348.0,3502243840
2025-11-05 14:11:00,15821384.0,15821384.0,15821384.0,15821384.0,0
2025-11-05 14:12:00,15824775.0,15824775.0,15824775.0,15824775.0,6059720704
2025-11-05 14:14:00,15816128.0,15816128.0,15816128.0,15816128.0,7626293248
2025-11-05 14:15:00,15806671.0,15806671.0,15806671.0,15806671.0,0
2025-11-05 14:16:00,15804158.0,15804158.0,15804158.0,15804158.0,0
2025-11-05 14:18:00,15807437.0,15807437.0,15807437.0,15807437.0,3541041152
2025-11-05 14:19:00,15819024.0,15819024.0,15819024.0,15819024.0,0
2025-11-05 14:20:00,15813287.0,15813287.0,15813287.0,15813287.0,21088960512
2025-11-05 14:21:00,15814518.0,15814518.0,15814518.0,15814518.0,0
2025-11-05 14:23:00,15813421.0,15816384.0,15813421.0,15816384.0,10377756672
2025-11-05 14:25:00,15805038.0,15805038.0,15805038.0,15805038.0,0
2025-11-05 14:26:00,15797722.0,15797722.0,15797722.0,15797722.0,122638303232
2025-11-05 14:27:00,15796193.0,15796193.0,15796193.0,15796193.0,654311424
2025-11-05 14:28:00,15795598.0,15803407.0,15795598.0,15803407.0,10144972800
2025-11-05 14:29:00,15804054.0,15804054.0,15804054.0,15804054.0,704643072
2025-11-05 14:30:00,15808017.0,15808017.0,15808017.0,15808017.0,0
2025-11-05 14:31:00,15809771.0,15809771.0,15809771.0,15809771.0,1897922560
2025-11-05 14:33:00,15801734.0,15801734.0,15783883.0,15783883.0,72714551296
2025-11-05 14:35:00,15779668.0,15779668.0,15779668.0,15779668.0,0
2025-11-05 14:36:00,15751649.0,15751649.0,15751649.0,15751649.0,0
2025-11-05 14:37:00,15757180.0,15757180.0,15757180.0,15757180.0,0
2025-11-05 14:38:00,15749690.0,15749690.0,15749690.0,15749690.0,0
2025-11-05 14:39:00,15763929.0,15763929.0,15763929.0,15763929.0,0
2025-11-05 14:40:00,15765967.0,15804642.0,15765967.0,15804642.0,0
2025-11-05 14:41:00,15861312.0,15861312.0,15861312.0,15861312.0,107053318144
2025-11-05 14:42:00,15868122.0,15868122.0,15868122.0,15868122.0,0
2025-11-05 14:43:00,15866689.0,15866689.0,15866689.0,15866689.0,0
2025-11-05 14:45:00,15873765.0,15873765.0,15873765.0,15873765.0,119537664
2025-11-05 14:46:00,15853012.0,15853012.0,15853012.0,15853012.0,3296722944
2025-11-05 14:47:00,15867056.0,15867056.0,15867056.0,15867056.0,0
2025-11-05 14:48:00,15851373.0,15868869.0,15851373.0,15868869.0,0
2025-11-05 14:49:00,15874305.0,15874305.0,15874305.0,15874305.0,4540334080
2025-11-05 14:50:00,15874047.0,15874047.0,15874047.0,15874047.0,0
2025-11-05 14:51:00,15885549.0,15885549.0,15885549.0,15885549.0,0
2025-11-05 14:53:00,15902504.0,15902504.0,15902504.0,15902504.0,0
2025-11-05 14:54:00,15916419.0,15916419.0,15916419.0,15916419.0,9448718336
2025-11-05 14:55:00,15913683.0,15913683.0,15912222.0,15912222.0,0
2025-11-05 14:56:00,15886680.0,15886680.0,15886680.0,15886680.0,62854791168
2025-11-05 14:57:00,15889708.0,15889708.0,15889708.0,15889708.0,0
2025-11-05 14:58:00,15898167.0,15898167.0,15898167.0,15898167.0,0
2025-11-05 15:00:00,15884225.0,15884225.0,15884225.0,15884225.0,405943615488
2025-11-05 15:01:00,15919178.0,15919178.0,15919178.0,15919178.0,37460377600
2025-11-05 15:02:00,15903842.0,15903842.0,15903842.0,15903842.0,115370622976
2025-11-05 15:03:00,15889584.0,15889584.0,15883424.0,15883424.0,0
2025-11-05 15:05:00,15870136.0,15870136.0,15870136.0,15870136.0,13154385920
2025-11-05 15:06:00,15865349.0,15865349.0,15865349.0,15865349.0,17448304640
2025-11-05 15:07:00,15882596.0,15882596.0,15882596.0,15882596.0,103214481408
2025-11-05 15:08:00,15913713.0,15913713.0,15913713.0,15913713.0,0
2025-11-05 15:09:00,15916655.0,15916655.0,15916655.0,15916655.0,3099590656
2025-11-05 15:10:00,15946904.0,15946904.0,15946904.0,15946904.0,88823824384
2025-11-05 15:11:00,15932907.0,15932907.0,15932907.0,15932907.0,0
2025-11-05 15:12:00,15912781.0,15912781.0,15912781.0,15912781.0,0
2025-11-05 15:13:00,15911566.0,15911566.0,15911566.0,15911566.0,78310801408
2025-11-05 15:14:00,15912718.0,15912718.0,15912718.0,15912718.0,1218445312
2025-11-05 15:15:00,15897396.0,15897396.0,15897396.0,15897396.0,0
2025-11-05 15:17:00,15897949.0,15897949.0,15897949.0,15897949.0,446460592128
2025-11-05 15:18:00,15919472.0,15919472.0,15919472.0,15919472.0,20107493376
2025-11-05 15:19:00,15919469.0,15919469.0,15919469.0,15919469.0,0
2025-11-05 15:20:00,15919935.0,15919935.0,15919935.0,15919935.0,0
2025-11-05 15:21:00,15925342.0,15925342.0,15925342.0,15925342.0,69068652544
2025-11-05 15:22:00,15926323.0,15926323.0,15926323.0,15926323.0,1034944512
2025-11-05 15:24:00,15898595.0,15898595.0,15898595.0,15898595.0,34062991360
2025-11-05 15:25:00,15925473.0,15925473.0,15925473.0,15925473.0,17936941056
2025-11-05 15:26:00,15931333.0,15931333.0,15931333.0,15931333.0,20468203520
2025-11-05 15:28:00,15924011.0,15924011.0,15924011.0,15924011.0,61122543616
2025-11-05 15:29:00,15931828.0,15931828.0,15931828.0,15931828.0,0
2025-11-05 15:30:00,15932810.0,15937591.0,15932810.0,15937591.0,11698962432
2025-11-05 15:31:00,15932475.0,15932475.0,15932475.0,15932475.0,0
2025-11-05 15:32:00,15935826.0,15935826.0,15935826.0,15935826.0,791674880
2025-11-05 15:33:00,15934444.0,15934444.0,15934444.0,15934444.0,0
2025-11-05 15:34:00,15942950.0,15942950.0,15942950.0,15942950.0,0
2025-11-05 15:36:00,15945752.0,15945752.0,15945752.0,15945752.0,0
2025-11-05 15:37:00,15955898.0,15955898.0,15955898.0,15955898.0,68093476864
2025-11-05 15:38:00,15957672.0,15957672.0,15957672.0,15957672.0,0
2025-11-05 15:39:00,15954353.0,15954353.0,15954353.0,15954353.0,7617904640
2025-11-05 15:41:00,15959190.0,15959190.0,15959190.0,15959190.0,4205838336
2025-11-05 15:42:00,15993923.0,15993923.0,15993923.0,15993923.0,0
2025-11-05 15:43:00,15995232.0,15995232.0,15995232.0,15995232.0,1374683136
2025-11-05 15:44:00,16005246.0,16005246.0,16005246.0,16005246.0,72510078976
2025-11-05 15:45:00,15987151.0,15987151.0,15987151.0,15987151.0,77043073024
2025-11-05 15:47:00,15983667.0,15983667.0,15983667.0,15983667.0,0
2025-11-05 15:48:00,16000925.0,16000925.0,16000925.0,16000925.0,41366323200
2025-11-05 15:49:00,15995746.0,15998420.0,15995746.0,15998420.0,0
2025-11-05 15:50:00,15997206.0,15997206.0,15997206.0,15997206.0,0
2025-11-05 15:51:00,15997396.0,15997396.0,15997396.0,15997396.0,200278016
2025-11-05 15:52:00,15981101.0,15981101.0,15981101.0,15981101.0,25918701568
2025-11-05 15:53:00,15980315.0,15980315.0,15980315.0,15980315.0,0
2025-11-05 15:54:00,15981033.0,15981033.0,15981033.0,15981033.0,759169024
2025-11-05 15:55:00,15980471.0,15980471.0,15980471.0,15980471.0,0
2025-11-05 15:57:00,15992610.0,15992610.0,15992610.0,15992610.0,0
2025-11-05 15:58:00,15992235.0,15992235.0,15992235.0,15992235.0,16753098752
2025-11-05 15:59:00,15991797.0,15991797.0,15991797.0,15991797.0,0
2025-11-05 16:00:00,15999492.0,16002947.0,15999492.0,16002947.0,2354053120
2025-11-05 16:01:00,15997799.0,15997799.0,15997799.0,15997799.0,0
2025-11-05 16:03:00,16004763.0,16004763.0,16004763.0,16004763.0,25721569280
2025-11-05 16:05:00,15984184.0,15984184.0,15984184.0,15984184.0,0
2025-11-05 16:06:00,15988026.0,15988026.0,15981521.0,15981521.0,0
2025-11-05 16:07:00,15979364.0,15979364.0,15979364.0,15979364.0,0
2025-11-05 16:08:00,15958656.0,15958656.0,15958656.0,15958656.0,0
2025-11-05 16:09:00,15957945.0,15957945.0,15957945.0,15957945.0,0
2025-11-05 16:11:00,15981387.0,15981387.0,15981387.0,15981387.0,0
2025-11-05 16:13:00,15967264.0,15967264.0,15967264.0,15967264.0,122460045312
2025-11-05 16:14:00,15956310.0,15956310.0,15956310.0,15956310.0,0
2025-11-05 16:15:00,15945728.0,15945728.0,15945728.0,15945728.0,0
2025-11-05 16:16:00,15932934.0,15944517.0,15932934.0,15944517.0,35227959296
2025-11-05 16:17:00,15937586.0,15937586.0,15937586.0,15937586.0,0
2025-11-05 16:18:00,15937509.0,15937509.0,15937509.0,15937509.0,0
2025-11-05 16:19:00,15935016.0,15935016.0,15935016.0,15935016.0,0
2025-11-05 16:20:00,15935506.0,15935506.0,15935506.0,15935506.0,14263779328
2025-11-05 16:21:00,15906883.0,15906883.0,15906883.0,15906883.0,7613710336
2025-11-05 16:22:00,15914564.0,15914564.0,15914564.0,15914564.0,0
2025-11-05 16:24:00,15912263.0,15912263.0,15912263.0,15912263.0,0
2025-11-05 16:25:00,15914664.0,15914664.0,15914664.0,15914664.0,0
2025-11-05 16:26:00,15921523.0,15921523.0,15921523.0,15921523.0,0
2025-11-05 16:27:00,15939604.0,15950374.0,15939604.0,15950374.0,6025117696
2025-11-05 16:28:00,15947950.0,15947950.0,15947950.0,15947950.0,0
2025-11-05 16:29:00,15949442.0,15949442.0,15949442.0,15949442.0,0
2025-11-05 16:30:00,15962710.0,15962710.0,15962710.0,15962710.0,86581968896
2025-11-05 16:31:00,15964340.0,15964340.0,15964340.0,15964340.0,1696595968
2025-11-05 16:32:00,15974687.0,15974687.0,15974687.0,15974687.0,0
2025-11-05 16:34:00,15980790.0,15980790.0,15980790.0,15980790.0,2790260736
2025-11-05 16:36:00,15982898.0,15982898.0,15982898.0,15982898.0,0
2025-11-05 16:37:00,15979566.0,15979566.0,15979566.0,15979566.0,19169017856
2025-11-05 16:38:00,15990338.0,15990338.0,15990338.0,15990338.0,0
2025-11-05 16:39:00,16001386.0,16001386.0,16001386.0,16001386.0,0
2025-11-05 16:40:00,16000085.0,16000085.0,16000085.0,16000085.0,0
2025-11-05 16:41:00,16009086.0,16009086.0,15998863.0,15998863.0,0
2025-11-05 16:42:00,15977595.0,15977595.0,15977595.0,15977595.0,17103323136
2025-11-05 16:43:00,15975369.0,15975369.0,15975369.0,15975369.0,0
2025-11-05 16:44:00,15974209.0,15974209.0,15974209.0,15974209.0,0
2025-11-05 16:46:00,15975006.0,15984570.0,15975006.0,15984570.0,0
2025-11-05 16:48:00,15981688.0,15981688.0,15981688.0,15981688.0,0
2025-11-05 16:49:00,15999808.0,15999808.0,15999808.0,15999808.0,454582861824
2025-11-05 16:50:00,16008875.0,16008875.0,16008875.0,16008875.0,0
2025-11-05 16:51:00,16005034.0,16012878.0,16005034.0,16012878.0,0
2025-11-05 16:52:00,16026205.0,16026205.0,16026205.0,16026205.0,36341547008
2025-11-05 16:53:00,16019119.0,16019119.0,16019119.0,16019119.0,8190427136
2025-11-05 16:54:00,16017930.0,16017930.0,16017930.0,16017930.0,0
2025-11-05 16:55:00,16013871.0,16013871.0,16013871.0,16013871.0,2993684480
2025-11-05 16:56:00,16025882.0,16025882.0,16025882.0,16025882.0,0
2025-11-05 16:58:00,16023786.0,16023786.0,16023786.0,16023786.0,54978936832
2025-11-05 16:59:00,16015601.0,16015601.0,16015601.0,16015601.0,0
2025-11-05 17:00:00,16014104.0,16014104.0,16014104.0,16014104.0,3061841920
2025-11-05 17:01:00,16016703.0,16016703.0,16016703.0,16016703.0,0
2025-11-05 17:03:00,16000209.0,16000209.0,16000209.0,16000209.0,0
2025-11-05 17:04:00,15991957.0,15991957.0,15991957.0,15991957.0,0
2025-11-05 17:05:00,15982635.0,15982635.0,15982635.0,15982635.0,0
2025-11-05 17:07:00,15978518.0,15978518.0,15978518.0,15978518.0,0
2025-11-05 17:08:00,15978621.0,15978621.0,15978621.0,15978621.0,105906176
2025-11-05 17:09:00,15965981.0,15965981.0,15965981.0,15965981.0,0
2025-11-05 17:10:00,15952648.0,15952648.0,15952648.0,15952648.0,0
2025-11-05 17:11:00,15936778.0,15936778.0,15936778.0,15936778.0,0
2025-11-05 17:12:00,15935620.0,15935620.0,15935620.0,15935620.0,11255414784
2025-11-05 17:13:00,15948942.0,15948942.0,15948942.0,15948942.0,0
2025-11-05 17:15:00,15952000.0,15952000.0,15952000.0,15952000.0,0
2025-11-05 17:17:00,15952445.0,15952445.0,15952445.0,15952445.0,0
2025-11-05 17:19:00,15968913.0,15968913.0,15968913.0,15968913.0,0
2025-11-05 17:21:00,15967389.0,15981932.0,15967389.0,15981932.0,0
2025-11-05 17:22:00,15981201.0,15981201.0,15981201.0,15981201.0,0
2025-11-05 17:23:00,15989840.0,15989840.0,15989840.0,15989840.0,0
2025-11-05 17:24:00,15997108.0,15997108.0,15997108.0,15997108.0,0
2025-11-05 17:26:00,16002250.0,16002250.0,16000722.0,16000722.0,65775075328
2025-11-05 17:27:00,16010619.0,16010619.0,16010619.0,16010619.0,0
2025-11-05 17:29:00,16020472.0,16020472.0,16020472.0,16020472.0,0
2025-11-05 17:31:00,16020329.0,16020329.0,16020329.0,16020329.0,81310777344
2025-11-05 17:32:00,16014392.0,16014392.0,16014392.0,16014392.0,18105761792
2025-11-05 17:34:00,16008260.0,16008260.0,16008260.0,16008260.0,1805647872
2025-11-05 17:35:00,16008181.0,16008181.0,16008181.0,16008181.0,0
2025-11-05 17:36:00,16006866.0,16006866.0,16006866.0,16006866.0,0
2025-11-05 17:37:00,16004119.0,16004119.0,16000397.0,16000397.0,0
2025-11-05 17:38:00,16003294.0,16003294.0,16003294.0,16003294.0,0
2025-11-05 17:39:00,16003276.0,16003276.0,16003276.0,16003276.0,0
2025-11-05 17:40:00,16004693.0,16004693.0,16004693.0,16004693.0,42724229120
2025-11-05 17:41:00,16002495.0,16002495.0,16002495.0,16002495.0,0
2025-11-05 17:43:00,15996582.0,15996582.0,15996582.0,15996582.0,13590593536
2025-11-05 17:44:00,16017388.0,16017388.0,16017388.0,16017388.0,0
2025-11-05 17:46:00,16014656.0,16014656.0,15999880.0,15999880.0,18469617664
2025-11-05 17:47:00,15993899.0,15993899.0,15993899.0,15993899.0,0
2025-11-05 17:48:00,15969601.0,15969601.0,15969601.0,15969601.0,0
2025-11-05 17:49:00,15962943.0,15962943.0,15962943.0,15962943.0,0
2025-11-05 17:50:00,15955745.0,15955745.0,15955745.0,15955745.0,27428651008
2025-11-05 17:51:00,15955260.0,15955260.0,15955260.0,15955260.0,0
2025-11-05 17:53:00,15957465.0,15962746.0,15957465.0,15962746.0,6618611712
2025-11-05 17:55:00,15968038.0,15968038.0,15968038.0,15968038.0,17228103680
2025-11-05 17:56:00,15968188.0,16001140.0,15968188.0,16001140.0,1262485504
2025-11-05 17:57:00,15995822.0,15995822.0,15995822.0,15995822.0,0
2025-11-05 17:58:00,16002296.0,16002296.0,16002296.0,16002296.0,63650660352
2025-11-05 17:59:00,15996496.0,15996496.0,15996496.0,15996496.0,0
2025-11-05 18:00:00,15997430.0,15997430.0,15997430.0,15997430.0,916455424
2025-11-05 18:01:00,15993352.0,15993352.0,15993352.0,15993352.0,0
2025-11-05 18:02:00,15991237.0,15991237.0,15991237.0,15991237.0,0
2025-11-05 18:03:00,15988175.0,15988175.0,15988175.0,15988175.0,0
2025-11-05 18:05:00,15984339.0,15984339.0,15984339.0,15984339.0,0
2025-11-05 18:06:00,15993373.0,16004735.0,15993373.0,16004735.0,0
2025-11-05 18:07:00,16005687.0,16005687.0,16005687.0,16005687.0,930086912
2025-11-05 18:08:00,16007870.0,16007870.0,16007870.0,16007870.0,0
2025-11-05 18:09:00,16008561.0,16008561.0,16008561.0,16008561.0,672137216
2025-11-05 18:10:00,15990322.0,15990322.0,15990322.0,15990322.0,0
2025-11-05 18:11:00,15995258.0,15995258.0,15995258.0,15995258.0,2916089856
2025-11-05 18:12:00,16003538.0,16003538.0,16003538.0,16003538.0,0
2025-11-05 18:13:00,15998466.0,15998466.0,15998466.0,15998466.0,0
2025-11-05 18:15:00,16001881.0,16001881.0,16001881.0,16001881.0,0
2025-11-05 18:17:00,16013036.0,16013036.0,16013036.0,16013036.0,0
2025-11-05 18:18:00,16014716.0,16014716.0,16014716.0,16014716.0,0
2025-11-05 18:19:00,16026055.0,16026055.0,16026055.0,16026055.0,387747676160
2025-11-05 18:20:00,16023084.0,16023084.0,16023084.0,16023084.0,0
2025-11-05 18:21:00,16013936.0,16013936.0,16013936.0,16013936.0,477547724800
2025-11-05 18:23:00,16012718.0,16012718.0,16009647.0,16009647.0,0
2025-11-05 18:25:00,16011935.0,16011935.0,16011935.0,16011935.0,0
2025-11-05 18:26:00,16023537.0,16023537.0,16023537.0,16023537.0,0
2025-11-05 18:27:00,16023574.0,16023574.0,16023574.0,16023574.0,1214251008
2025-11-05 18:28:00,16028682.0,16028682.0,16028682.0,16028682.0,0
2025-11-05 18:29:00,16030061.0,16030061.0,16030061.0,16030061.0,1321205760
2025-11-05 18:30:00,16037160.0,16037160.0,16037160.0,16037160.0,0
2025-11-05 18:31:00,16039363.0,16039363.0,16039363.0,16039363.0,2101346304
2025-11-05 18:32:00,16037927.0,16037927.0,16037927.0,16037927.0,41696624640
2025-11-05 18:34:00,16036824.0,16036824.0,16036824.0,16036824.0,1541406720
2025-11-05 18:35:00,16035933.0,16035933.0,16035933.0,16035933.0,0
2025-11-05 18:36:00,16034932.0,16038788.0,16034932.0,16038788.0,0
2025-11-05 18:37:00,16059740.0,16059740.0,16059740.0,16059740.0,0
2025-11-05 18:38:00,16060567.0,16060567.0,16060567.0,16060567.0,22067281920
2025-11-05 18:39:00,16059281.0,16059281.0,16059281.0,16059281.0,0
2025-11-05 18:40:00,16062972.0,16062972.0,16062972.0,16062972.0,9729736704
2025-11-05 18:41:00,16068049.0,16068049.0,16068049.0,16068049.0,0
2025-11-05 18:43:00,16060394.0,16060394.0,16060394.0,16060394.0,0
2025-11-05 18:45:00,16061260.0,16061260.0,16061260.0,16061260.0,0
2025-11-05 18:46:00,16056169.0,16056169.0,16054288.0,16054288.0,0
2025-11-05 18:47:00,16066660.0,16066660.0,16066660.0,16066660.0,0
2025-11-05 18:48:00,16067763.0,16067763.0,16067763.0,16067763.0,1031798784
2025-11-05 18:49:00,16071690.0,16071690.0,16071690.0,16071690.0,0
2025-11-05 18:51:00,16072953.0,16072953.0,16072953.0,16072953.0,27295481856
2025-11-05 18:52:00,16074954.0,16074954.0,16074954.0,16074954.0,0
2025-11-05 18:54:00,16076143.0,16076143.0,16076143.0,16076143.0,28775022592
2025-11-05 18:55:00,16076268.0,16076268.0,16076268.0,16076268.0,0
2025-11-05 18:56:00,16091076.0,16091076.0,16091076.0,16091076.0,400033841152
2025-11-05 18:57:00,16084550.0,16084550.0,16084550.0,16084550.0,2815426560
2025-11-05 18:59:00,16076916.0,16076916.0,16076916.0,16076916.0,0
2025-11-05 19:00:00,16076738.0,16076738.0,16076738.0,16076738.0,0
2025-11-05 19:01:00,16081186.0,16081186.0,16074779.0,16074779.0,0
2025-11-05 19:02:00,16074177.0,16074177.0,16074177.0,16074177.0,0
2025-11-05 19:03:00,16072039.0,16072039.0,16072039.0,16072039.0,0
2025-11-05 19:04:00,16073197.0,16073197.0,16073197.0,16073197.0,0
2025-11-05 19:05:00,16067231.0,16067231.0,16067231.0,16067231.0,3335520256
2025-11-05 19:07:00,16060316.0,16060316.0,16060316.0,16060316.0,0
2025-11-05 19:08:00,16058839.0,16058839.0,16058839.0,16058839.0,0
2025-11-05 19:09:00,16058498.0,16058498.0,16058498.0,16058498.0,0
2025-11-05 19:10:00,16049584.0,16049584.0,16049584.0,16049584.0,0
2025-11-05 19:11:00,16042254.0,16042254.0,16042254.0,16042254.0,0
2025-11-05 19:12:00,16048146.0,16048146.0,16048146.0,16048146.0,387822125056
2025-11-05 19:14:00,16048919.0,16048919.0,16048919.0,16048919.0,715128832
2025-11-05 19:15:00,16050879.0,16050879.0,16050879.0,16050879.0,1642070016
2025-11-05 19:17:00,16063461.0,16063461.0,16063461.0,16063461.0,0
2025-11-05 19:18:00,16093486.0,16093486.0,16093486.0,16093486.0,0
2025-11-05 19:19:00,16087561.0,16087561.0,16087561.0,16087561.0,0
2025-11-05 19:20:00,16087561.0,16087561.0,16068405.0,16077902.0,34120663040
2025-11-05 19:23:00,16069280.0,16069280.0,16067137.0,16067137.0,0
2025-11-05 19:24:00,16063430.0,16063430.0,16063430.0,16063430.0,0
2025-11-05 19:26:00,16065827.0,16065827.0,16065827.0,16065827.0,81734402048
2025-11-05 19:27:00,16068064.0,16068064.0,16068064.0,16068064.0,0
2025-11-05 19:29:00,16077422.0,16077422.0,16077422.0,16077422.0,0
2025-11-05 19:31:00,16064275.0,16064275.0,16064275.0,16064275.0,13615759360
2025-11-05 19:32:00,16064271.0,16064271.0,16064271.0,16064271.0,0
2025-11-05 19:33:00,16071025.0,16071025.0,16071025.0,16071025.0,0
2025-11-05 19:34:00,16076593.0,16076593.0,16076593.0,16076593.0,0
2025-11-05 19:35:00,16074198.0,16074721.0,16074198.0,16074721.0,13062111232
2025-11-05 19:36:00,16077803.0,16077803.0,16077803.0,16077803.0,0
2025-11-05 19:37:00,16092551.0,16092551.0,16092551.0,16092551.0,0
2025-11-05 19:39:00,16088195.0,16088195.0,16088195.0,16088195.0,0
2025-11-05 19:40:00,16089805.0,16089805.0,16089805.0,16089805.0,440253022208
2025-11-05 19:41:00,16092107.0,16092107.0,16092107.0,16092107.0,0
2025-11-05 19:42:00,16093270.0,16093270.0,16093270.0,16093270.0,1062207488
2025-11-05 19:44:00,16093414.0,16093414.0,16093414.0,16093414.0,0
2025-11-05 19:45:00,16085855.0,16085855.0,16074707.0,16074707.0,0
2025-11-05 19:46:00,16069851.0,16069851.0,16069851.0,16069851.0,0
2025-11-05 19:47:00,16062884.0,16062884.0,16062884.0,16062884.0,0
2025-11-05 19:49:00,16059934.0,16059934.0,16059934.0,16059934.0,40265318400
2025-11-05 19:50:00,16030600.0,16030600.0,16030600.0,16030600.0,21739077632
2025-11-05 19:51:00,16028986.0,16028986.0,16028986.0,16028986.0,0
2025-11-05 19:53:00,16042922.0,16042922.0,16042922.0,16042922.0,45693796352
2025-11-05 19:54:00,16043282.0,16043282.0,16040871.0,16040871.0,0
2025-11-05 19:55:00,16041059.0,16041059.0,16041059.0,16041059.0,170917888
2025-11-05 19:56:00,16044475.0,16044475.0,16044475.0,16044475.0,0
2025-11-05 19:57:00,16042729.0,16042729.0,16042729.0,16042729.0,63806898176
2025-11-05 19:58:00,16042393.0,16042393.0,16042393.0,16042393.0,0
2025-11-05 19:59:00,16042355.0,16042355.0,16042355.0,16042355.0,0
2025-11-05 20:00:00,16040521.0,16040521.0,16040521.0,16040521.0,0
2025-11-05 20:02:00,16025100.0,16025100.0,16025100.0,16025100.0,0
2025-11-05 20:03:00,16037842.0,16037842.0,16037842.0,16037842.0,4356833280
2025-11-05 20:05:00,16040245.0,16040245.0,16040245.0,16040245.0,0
2025-11-05 20:06:00,16041059.0,16047712.0,16041059.0,16047712.0,13852737536
2025-11-05 20:07:00,16046613.0,16046613.0,16046613.0,16046613.0,0
2025-11-05 20:08:00,16058157.0,16058157.0,16058157.0,16058157.0,0
2025-11-05 20:09:00,16057946.0,16057946.0,16057946.0,16057946.0,0
2025-11-05 20:10:00,16052958.0,16052958.0,16052958.0,16052958.0,8413773824
2025-11-05 20:11:00,16060063.0,16060063.0,16060063.0,16060063.0,0
2025-11-05 20:12:00,16059786.0,16059786.0,16059786.0,16059786.0,0
2025-11-05 20:13:00,16080307.0,16080307.0,16080307.0,16080307.0,0
2025-11-05 20:15:00,16102110.0,16102110.0,16102110.0,16102110.0,0
2025-11-05 20:17:00,16103031.0,16103031.0,16103031.0,16103031.0,50996445184
2025-11-05 20:18:00,16091288.0,16091288.0,16079548.0,16079548.0,378893500416
2025-11-05 20:19:00,16079209.0,16079209.0,16079209.0,16079209.0,0
2025-11-05 20:20:00,16072842.0,16072842.0,16072842.0,16072842.0,0
2025-11-05 20:21:00,16072581.0,16072581.0,16072581.0,16072581.0,0
2025-11-05 20:23:00,16086226.0,16087838.0,16086226.0,16087838.0,0
2025-11-05 20:25:00,16072709.0,16072709.0,16072709.0,16072709.0,17413701632
2025-11-05 20:26:00,16077645.0,16077645.0,16066397.0,16066397.0,0
2025-11-05 20:27:00,16051798.0,16051798.0,16051798.0,16051798.0,0
2025-11-05 20:28:00,16044873.0,16044873.0,16044873.0,16044873.0,0
2025-11-05 20:29:00,16051512.0,16051512.0,16051512.0,16051512.0,0
2025-11-05 20:31:00,16035936.0,16035936.0,16035936.0,16035936.0,0
2025-11-05 20:32:00,16034566.0,16034566.0,16034566.0,16034566.0,0
2025-11-05 20:33:00,16008627.0,16008627.0,16008627.0,16008627.0,0
2025-11-05 20:34:00,16017814.0,16017814.0,16017814.0,16017814.0,0
2025-11-05 20:35:00,16021700.0,16021700.0,16021700.0,16021700.0,3758096384
2025-11-05 20:36:00,16017774.0,16017774.0,16017774.0,16017774.0,0
2025-11-05 20:37:00,16020929.0,16020929.0,16020929.0,16020929.0,0
2025-11-05 20:39:00,16002899.0,16002899.0,16002899.0,16002899.0,0
2025-11-05 20:41:00,16007274.0,16014822.0,16007274.0,16014822.0,0
2025-11-05 20:43:00,16021281.0,16021281.0,16021281.0,16021281.0,0
2025-11-05 20:44:00,16017139.0,16017139.0,16009323.0,16009323.0,0
2025-11-05 20:45:00,16014134.0,16014134.0,16014134.0,16014134.0,4929355776
2025-11-05 20:47:00,16009351.0,16009351.0,16009351.0,16009351.0,0
2025-11-05 20:48:00,15996507.0,15996507.0,15996507.0,15996507.0,0
2025-11-05 20:49:00,15996356.0,15996356.0,15996356.0,15996356.0,0
2025-11-05 20:50:00,15990426.0,15990426.0,15990426.0,15990426.0,0
2025-11-05 20:51:00,16001167.0,16001167.0,16001167.0,16001167.0,0
2025-11-05 20:52:00,16002798.0,16002798.0,16002798.0,16002798.0,66350743552
2025-11-05 20:53:00,15998142.0,15998142.0,15998142.0,15998142.0,0
2025-11-05 20:54:00,16000024.0,16000024.0,16000024.0,16000024.0,1623195648
2025-11-05 20:55:00,16002691.0,16002691.0,16002691.0,16002691.0,0
2025-11-05 20:57:00,16013104.0,16013104.0,16013104.0,16013104.0,0
2025-11-05 20:58:00,16019844.0,16019844.0,16012350.0,16012350.0,0
2025-11-05 20:59:00,16003311.0,16003311.0,16003311.0,16003311.0,677380096
2025-11-05 21:00:00,16007660.0,16007660.0,16007660.0,16007660.0,0
2025-11-05 21:01:00,16008399.0,16008399.0,16008399.0,16008399.0,634388480
2025-11-05 21:02:00,15976967.0,15976967.0,15976967.0,15976967.0,0
2025-11-05 21:03:00,15976846.0,15976846.0,15976846.0,15976846.0,0
2025-11-05 21:05:00,15984467.0,15984467.0,15984467.0,15984467.0,42422239232
2025-11-05 21:07:00,15988875.0,15988875.0,15988875.0,15988875.0,0
2025-11-05 21:08:00,15987506.0,15987506.0,15981660.0,15981660.0,0
2025-11-05 21:09:00,15982334.0,15982334.0,15982334.0,15982334.0,571473920
2025-11-05 21:10:00,15979572.0,15979572.0,15979572.0,15979572.0,0
2025-11-05 21:11:00,15982245.0,15982245.0,15982245.0,15982245.0,0
2025-11-05 21:13:00,15981441.0,15981441.0,15981441.0,15981441.0,0
2025-11-05 21:14:00,15976995.0,15976995.0,15976995.0,15976995.0,0
2025-11-05 21:15:00,15971108.0,15971108.0,15971108.0,15971108.0,0
2025-11-05 21:16:00,15971328.0,15971328.0,15971328.0,15971328.0,0
2025-11-05 21:17:00,15978752.0,15978752.0,15978752.0,15978752.0,0
2025-11-05 21:18:00,15983688.0,15983688.0,15979590.0,15979590.0,5795479552
2025-11-05 21:19:00,15980160.0,15980160.0,15980160.0,15980160.0,481296384
2025-11-05 21:20:00,15980455.0,15980455.0,15980455.0,15980455.0,0
2025-11-05 21:21:00,15997369.0,15997369.0,15997369.0,15997369.0,31496077312
2025-11-05 21:22:00,15996039.0,15996039.0,15996039.0,15996039.0,0
2025-11-05 21:24:00,15996568.0,15996568.0,15996568.0,15996568.0,0
2025-11-05 21:26:00,15991367.0,15991367.0,15991367.0,15991367.0,21580742656
2025-11-05 21:27:00,15986277.0,15986277.0,15986277.0,15986277.0,0
2025-11-05 21:28:00,15986204.0,15986204.0,15972258.0,15972258.0,0
2025-11-05 21:29:00,15968460.0,15968460.0,15968460.0,15968460.0,0
2025-11-05 21:30:00,15969017.0,15969017.0,15969017.0,15969017.0,465567744
2025-11-05 21:31:00,15963632.0,15963632.0,15963632.0,15963632.0,0
2025-11-05 21:33:00,15962234.0,15962234.0,15962234.0,15962234.0,0
2025-11-05 21:35:00,15969800.0,15969800.0,15969800.0,15969800.0,0
2025-11-05 21:36:00,15969243.0,15981127.0,15969243.0,15981127.0,1931476992
2025-11-05 21:37:00,15974599.0,15974599.0,15974599.0,15974599.0,0
2025-11-05 21:38:00,15965853.0,15965853.0,15965853.0,15965853.0,0
2025-11-05 21:39:00,15965879.0,15965879.0,15965879.0,15965879.0,20971520
2025-11-05 21:40:00,15974458.0,15974458.0,15974458.0,15974458.0,1464860672
2025-11-05 21:41:00,15974774.0,15974774.0,15974774.0,15974774.0,0
2025-11-05 21:43:00,15975058.0,15975058.0,15975058.0,15975058.0,0
2025-11-05 21:44:00,15974626.0,15974626.0,15967780.0,15967780.0,0
2025-11-05 21:45:00,15968315.0,15968315.0,15968315.0,15968315.0,433061888
2025-11-05 21:46:00,15963975.0,15963975.0,15963975.0,15963975.0,0
2025-11-05 21:47:00,15963878.0,15963878.0,15963878.0,15963878.0,0
2025-11-05 21:48:00,15972902.0,15972902.0,15972902.0,15972902.0,0
2025-11-05 21:49:00,15971116.0,15971116.0,15971116.0,15971116.0,0
2025-11-05 21:51:00,15969911.0,15969911.0,15969911.0,15969911.0,0
2025-11-05 21:52:00,15981307.0,15981307.0,15981307.0,15981307.0,643825664
2025-11-05 21:53:00,15988334.0,15988334.0,15988334.0,15988334.0,0
2025-11-05 21:55:00,15983803.0,15983803.0,15983803.0,15983803.0,0
2025-11-05 21:56:00,15979355.0,15979355.0,15979355.0,15979355.0,56073650176
2025-11-05 21:57:00,15981162.0,15981162.0,15981162.0,15981162.0,0
2025-11-05 21:58:00,15982118.0,15982118.0,15982118.0,15982118.0,0
2025-11-05 21:59:00,15977569.0,15977569.0,15977569.0,15977569.0,0
2025-11-05 22:01:00,15977576.0,15977576.0,15977576.0,15977576.0,1614807040
2025-11-05 22:02:00,15977905.0,15977905.0,15977905.0,15977905.0,0
2025-11-05 22:03:00,15972277.0,15972277.0,15972277.0,15972277.0,0
2025-11-05 22:04:00,15969512.0,15969512.0,15969512.0,15969512.0,0
2025-11-05 22:05:00,15959818.0,15959818.0,15959818.0,15959818.0,0
2025-11-05 22:06:00,15949351.0,15949351.0,15940833.0,15940833.0,0
2025-11-05 22:08:00,15944316.0,15944316.0,15944316.0,15944316.0,2619342848
2025-11-05 22:09:00,15946701.0,15946701.0,15946701.0,15946701.0,1530920960
2025-11-05 22:10:00,15945977.0,15945977.0,15945977.0,15945977.0,0
2025-11-05 22:12:00,15945703.0,15945703.0,15943932.0,15943932.0,0
2025-11-05 22:13:00,15944645.0,15944645.0,15944645.0,15944645.0,0
2025-11-05 22:14:00,15943217.0,15943217.0,15943217.0,15943217.0,10349445120
2025-11-05 22:15:00,15923953.0,15923953.0,15923953.0,15923953.0,0
2025-11-05 22:16:00,15924281.0,15924281.0,15924281.0,15924281.0,255852544
2025-11-05 22:17:00,15932770.0,15932770.0,15932770.0,15932770.0,0
2025-11-05 22:19:00,15933410.0,15933410.0,15933410.0,15933410.0,0
2025-11-05 22:21:00,15928556.0,15928556.0,15928556.0,15928556.0,0
2025-11-05 22:22:00,15931329.0,15931329.0,15931329.0,15931329.0,0
2025-11-05 22:23:00,15931391.0,15931391.0,15931391.0,15931391.0,0
2025-11-05 22:24:00,15942696.0,15942696.0,15942696.0,15942696.0,0
2025-11-05 22:26:00,15941800.0,15941800.0,15941800.0,15941800.0,6461325312
2025-11-05 22:27:00,15943606.0,15943606.0,15943606.0,15943606.0,2846883840
2025-11-05 22:28:00,15938024.0,15938024.0,15938024.0,15938024.0,5378146304
2025-11-05 22:29:00,15940671.0,15940671.0,15940671.0,15940671.0,0
2025-11-05 22:31:00,15927894.0,15927894.0,15927894.0,15927894.0,0
2025-11-05 22:32:00,15931194.0,15931194.0,15931194.0,15931194.0,2556428288
2025-11-05 22:33:00,15922720.0,15922720.0,15922720.0,15922720.0,0
2025-11-05 22:34:00,15929199.0,15929199.0,15929199.0,15929199.0,0
2025-11-05 22:35:00,15936947.0,15936947.0,15936947.0,15936947.0,0
2025-11-05 22:36:00,15933441.0,15933441.0,15933441.0,15933441.0,0
2025-11-05 22:37:00,15935535.0,15935535.0,15935535.0,15935535.0,0
2025-11-05 22:38:00,15931459.0,15931459.0,15931459.0,15931459.0,3640655872
2025-11-05 22:39:00,15931339.0,15931339.0,15931339.0,15931339.0,0
2025-11-05 22:40:00,15927872.0,15927872.0,15927872.0,15927872.0,0
2025-11-05 22:42:00,15931007.0,15931007.0,15931007.0,15931007.0,920649728
2025-11-05 22:43:00,15935540.0,15935540.0,15935540.0,15935540.0,0
2025-11-05 22:44:00,15956543.0,15956543.0,15956543.0,15956543.0,0
2025-11-05 22:46:00,15955940.0,15955940.0,15955940.0,15955940.0,0
2025-11-05 22:47:00,15964817.0,15964817.0,15962692.0,15962692.0,0
2025-11-05 22:48:00,15958334.0,15958334.0,15958334.0,15958334.0,0
2025-11-05 22:49:00,15958269.0,15958269.0,15958269.0,15958269.0,0
2025-11-05 22:50:00,15963601.0,15963601.0,15963601.0,15963601.0,0
2025-11-05 22:51:00,15978674.0,15978674.0,15978674.0,15978674.0,0
2025-11-05 22:52:00,15983139.0,15983139.0,15983139.0,15983139.0,81016127488
2025-11-05 22:54:00,15986811.0,15986811.0,15986811.0,15986811.0,0
2025-11-05 22:55:00,15986802.0,15986802.0,15983356.0,15983356.0,0
2025-11-05 22:57:00,15985421.0,15985421.0,15985421.0,15985421.0,5295308800
2025-11-05 22:58:00,15985109.0,15986342.0,15985109.0,15986342.0,0
2025-11-05 22:59:00,15986619.0,15986619.0,15986619.0,15986619.0,210763776
2025-11-05 23:00:00,15988316.0,15988316.0,15988316.0,15988316.0,6816792576
2025-11-05 23:01:00,15987598.0,15987598.0,15987598.0,15987598.0,0
2025-11-05 23:02:00,15994820.0,15994820.0,15994820.0,15994820.0,0
2025-11-05 23:03:00,15989205.0,15989205.0,15989205.0,15989205.0,31526486016
2025-11-05 23:05:00,15982293.0,15982293.0,15982293.0,15982293.0,0
2025-11-05 23:06:00,15978442.0,15978442.0,15978442.0,15978442.0,0
2025-11-05 23:07:00,15972953.0,15972953.0,15972953.0,15972953.0,0
2025-11-05 23:09:00,15977439.0,15977439.0,15977439.0,15977439.0,0
2025-11-05 23:11:00,15974353.0,15974353.0,15974353.0,15974353.0,597688320
2025-11-05 23:12:00,15978745.0,15978745.0,15978745.0,15978745.0,0
2025-11-05 23:13:00,15980489.0,15980489.0,15980489.0,15980489.0,0
2025-11-05 23:14:00,15982305.0,15982305.0,15982305.0,15982305.0,0
2025-11-05 23:15:00,15983358.0,15983358.0,15983358.0,15983358.0,0
2025-11-05 23:16:00,15991814.0,15991814.0,15991814.0,15991814.0,0
2025-11-05 23:17:00,15995413.0,15995413.0,15995413.0,15995413.0,0
2025-11-05 23:19:00,15992076.0,15992076.0,15991004.0,15991004.0,97271152640
2025-11-05 23:20:00,15992687.0,15992687.0,15992687.0,15992687.0,4412407808
2025-11-05 23:21:00,15996052.0,15996052.0,15996052.0,15996052.0,0
2025-11-05 23:22:00,15998498.0,15998498.0,15998498.0,15998498.0,0
2025-11-05 23:24:00,16005332.0,16005332.0,16005332.0,16005332.0,72047656960
2025-11-05 23:25:00,16002061.0,16002061.0,16002061.0,16002061.0,0
2025-11-05 23:26:00,16008007.0,16008007.0,16008007.0,16008007.0,81982914560
2025-11-05 23:27:00,16010869.0,16010869.0,16010869.0,16010869.0,7563378688
2025-11-05 23:29:00,16010725.0,16010725.0,16010725.0,16010725.0,0
2025-11-05 23:30:00,16010590.0,16010590.0,16010590.0,16010590.0,0
2025-11-05 23:31:00,16013642.0,16013642.0,16013642.0,16013642.0,322270396416
2025-11-05 23:32:00,16012344.0,16012344.0,16012344.0,16012344.0,0
2025-11-05 23:33:00,16012396.0,16012396.0,16012396.0,16012396.0,39845888
2025-11-05 23:35:00,16008866.0,16009975.0,16008866.0,16009975.0,0
2025-11-05 23:37:00,16003434.0,16003434.0,16003434.0,16003434.0,5781848064
2025-11-05 23:38:00,16007001.0,16007001.0,16007001.0,16007001.0,0
2025-11-05 23:39:00,16012797.0,16012797.0,16012797.0,16012797.0,53477376
2025-11-05 23:40:00,16010493.0,16010493.0,16010493.0,16010493.0,1123024896
2025-11-05 23:41:00,16011281.0,16011281.0,16008950.0,16008950.0,0
2025-11-05 23:42:00,16014965.0,16014965.0,16014965.0,16014965.0,0
2025-11-05 23:43:00,16015380.0,16015380.0,16015380.0,16015380.0,312475648
2025-11-05 23:44:00,16022157.0,16022157.0,16022157.0,16022157.0,0
2025-11-05 23:45:00,16032405.0,16032405.0,16032405.0,16032405.0,4206886912
2025-11-05 23:47:00,16030579.0,16030579.0,16030579.0,16030579.0,0
2025-11-05 23:48:00,16030224.0,16030224.0,16030224.0,16030224.0,0
2025-11-05 23:49:00,16030439.0,16030439.0,16028752.0,16028752.0,93929340928
2025-11-05 23:50:00,16024314.0,16024314.0,16024314.0,16024314.0,5345640448
2025-11-05 23:51:00,16022962.0,16022962.0,16022962.0,16022962.0,0
2025-11-05 23:52:00,16018305.0,16018305.0,16018305.0,16018305.0,0
2025-11-05 23:54:00,16021101.0,16021101.0,16021101.0,16021101.0,272629760
2025-11-05 23:55:00,16009662.0,16009662.0,16009662.0,16009662.0,0
2025-11-05 23:57:00,16004340.0,16004340.0,16004340.0,16004340.0,0
2025-11-05 23:58:00,16005739.0,16011625.0,16005739.0,16011625.0,0
2025-11-06 00:00:00,16009484.0,16009484.0,16009484.0,16009484.0,5731516416
2025-11-06 00:01:00,16006343.0,16006343.0,16006343.0,16006343.0,0
2025-11-06 00:02:00,16004179.0,16004179.0,16004179.0,16004179.0,0
2025-11-06 00:03:00,15970179.0,15970179.0,15970179.0,15970179.0,0
2025-11-06 00:04:00,15972442.0,15972442.0,15972442.0,15972442.0,1688207360
2025-11-06 00:05:00,15967818.0,15967818.0,15967818.0,15967818.0,0
2025-11-06 00:07:00,15957261.0,15957261.0,15957261.0,15957261.0,0
2025-11-06 00:08:00,15957235.0,15957235.0,15943940.0,15943940.0,0
2025-11-06 00:09:00,15944484.0,15944484.0,15944484.0,15944484.0,402653184
2025-11-06 00:11:00,15964065.0,15985018.0,15964065.0,15985018.0,0
2025-11-06 00:12:00,15980564.0,15980564.0,15980564.0,15980564.0,0
2025-11-06 00:13:00,15980743.0,15980743.0,15980743.0,15980743.0,50060066816
2025-11-06 00:15:00,15971186.0,15971186.0,15971186.0,15971186.0,20230176768
2025-11-06 00:16:00,15972464.0,15972464.0,15972464.0,15972464.0,75991351296
2025-11-06 00:17:00,15964852.0,15970467.0,15964852.0,15970467.0,0
2025-11-06 00:19:00,15968164.0,15968164.0,15968164.0,15968164.0,3562012672
2025-11-06 00:20:00,15951411.0,15951411.0,15951411.0,15951411.0,0
2025-11-06 00:21:00,15940207.0,15940207.0,15940207.0,15940207.0,0
2025-11-06 00:23:00,15932896.0,15932896.0,15932896.0,15932896.0,81173413888
2025-11-06 00:24:00,15930411.0,15930411.0,15930411.0,15930411.0,0
2025-11-06 00:25:00,15921304.0,15921304.0,15921304.0,15921304.0,76943458304
2025-11-06 00:26:00,15918014.0,15918014.0,15918014.0,15918014.0,0
2025-11-06 00:27:00,15919234.0,15919234.0,15919234.0,15919234.0,4594860032
2025-11-06 00:28:00,15906818.0,15906818.0,15906818.0,15906818.0,13118734336
2025-11-06 00:29:00,15912821.0,15912821.0,15912821.0,15912821.0,106954752
2025-11-06 00:30:00,15913023.0,15913023.0,15913023.0,15913023.0,148897792
2025-11-06 00:31:00,15915062.0,15915062.0,15915062.0,15915062.0,0
2025-11-06 00:32:00,15915959.0,15915959.0,15914606.0,15914606.0,8293187584
2025-11-06 00:33:00,15913541.0,15913541.0,15913541.0,15913541.0,0
2025-11-06 00:34:00,15921579.0,15921579.0,15921579.0,15921579.0,11257511936
2025-11-06 00:35:00,15918010.0,15918010.0,15918010.0,15918010.0,5555355648
2025-11-06 00:37:00,15923705.0,15923705.0,15923705.0,15923705.0,0
2025-11-06 00:38:00,15932565.0,15932565.0,15932565.0,15932565.0,76935069696
2025-11-06 00:39:00,15927630.0,15927630.0,15927630.0,15927630.0,0
2025-11-06 00:40:00,15928113.0,15928113.0,15920294.0,15920294.0,0
2025-11-06 00:41:00,15918781.0,15918781.0,15918781.0,15918781.0,0
2025-11-06 00:42:00,15924654.0,15924654.0,15924654.0,15924654.0,1659895808
2025-11-06 00:43:00,15923506.0,15923506.0,15923506.0,15923506.0,0
2025-11-06 00:44:00,15916375.0,15916375.0,15916375.0,15916375.0,0
2025-11-06 00:45:00,15918077.0,15918077.0,15918077.0,15918077.0,0
2025-11-06 00:46:00,15913769.0,15913769.0,15913769.0,15913769.0,0
2025-11-06 00:48:00,15914553.0,15915031.0,15914553.0,15915031.0,0
2025-11-06 00:50:00,15924569.0,15924569.0,15924569.0,15924569.0,427819008
2025-11-06 00:52:00,15936855.0,15936855.0,15936855.0,15936855.0,0
2025-11-06 00:53:00,15941041.0,15941041.0,15937070.0,15937070.0,0
2025-11-06 00:54:00,15945736.0,15945736.0,15945736.0,15945736.0,0
2025-11-06 00:55:00,15947042.0,15947042.0,15947042.0,15947042.0,960495616
2025-11-06 00:56:00,15958295.0,15958295.0,15958295.0,15958295.0,0
2025-11-06 00:58:00,15957629.0,15957629.0,15957629.0,15957629.0,0
2025-11-06 00:59:00,15953948.0,15953948.0,15953948.0,15953948.0,0
2025-11-06 01:00:00,15950696.0,15954057.0,15950696.0,15954057.0,0
2025-11-06 01:02:00,15943071.0,15943071.0,15938564.0,15938564.0,0
2025-11-06 01:03:00,15929960.0,15929960.0,15929960.0,15929960.0,0
2025-11-06 01:04:00,15928950.0,15928950.0,15928950.0,15928950.0,0
2025-11-06 01:05:00,15928653.0,15928653.0,15928653.0,15928653.0,0
2025-11-06 01:06:00,15922109.0,15922109.0,15922109.0,15922109.0,0
2025-11-06 01:07:00,15918249.0,15918249.0,15918249.0,15918249.0,0
2025-11-06 01:09:00,15906742.0,15906742.0,15906742.0,15906742.0,0
2025-11-06 01:10:00,15886574.0,15886574.0,15886574.0,15886574.0,0
2025-11-06 01:12:00,15877051.0,15877051.0,15877051.0,15877051.0,0
2025-11-06 01:13:00,15875111.0,15875111.0,15875111.0,15875111.0,3707764736
2025-11-06 01:14:00,15877895.0,15877895.0,15877895.0,15877895.0,0
2025-11-06 01:15:00,15879236.0,15879236.0,15879236.0,15879236.0,953155584
2025-11-06 01:16:00,15887533.0,15887533.0,15886371.0,15886371.0,0
2025-11-06 01:17:00,15881686.0,15881686.0,15881686.0,15881686.0,327272103936
2025-11-06 01:18:00,15876255.0,15876255.0,15876255.0,15876255.0,2041577472
2025-11-06 01:19:00,15873789.0,15873789.0,15873789.0,15873789.0,0
2025-11-06 01:20:00,15848381.0,15848381.0,15848381.0,15848381.0,0
2025-11-06 01:21:00,15848360.0,15848360.0,15848360.0,15848360.0,0
2025-11-06 01:23:00,15844293.0,15844293.0,15844293.0,15844293.0,0
2025-11-06 01:24:00,15838959.0,15842780.0,15838959.0,15842780.0,0
2025-11-06 01:25:00,15840060.0,15840060.0,15840060.0,15840060.0,5961154560
2025-11-06 01:27:00,15834963.0,15834963.0,15829135.0,15829135.0,0
2025-11-06 01:28:00,15832225.0,15832225.0,15832225.0,15832225.0,0
2025-11-06 01:29:00,15830125.0,15830125.0,15830125.0,15830125.0,0
2025-11-06 01:30:00,15824009.0,15824009.0,15824009.0,15824009.0,0
2025-11-06 01:31:00,15822960.0,15822960.0,15822960.0,15822960.0,0
2025-11-06 01:33:00,15838297.0,15838297.0,15838297.0,15838297.0,0
2025-11-06 01:34:00,15846682.0,15846682.0,15846682.0,15846682.0,3354394624
2025-11-06 01:35:00,15853290.0,15866292.0,15853290.0,15866292.0,0
2025-11-06 01:36:00,15867237.0,15867237.0,15867237.0,15867237.0,680525824
2025-11-06 01:37:00,15890326.0,15890326.0,15890326.0,15890326.0,23214424064
2025-11-06 01:38:00,15896034.0,15896034.0,15896034.0,15896034.0,0
2025-11-06 01:39:00,15895089.0,15895089.0,15895089.0,15895089.0,0
2025-11-06 01:40:00,15904389.0,15904389.0,15904389.0,15904389.0,0
2025-11-06 01:42:00,15899867.0,15899867.0,15899867.0,15899867.0,51068796928
2025-11-06 01:43:00,15907154.0,15907154.0,15907154.0,15907154.0,490733568
2025-11-06 01:44:00,15902228.0,15902228.0,15902228.0,15902228.0,0
2025-11-06 01:45:00,15900700.0,15900700.0,15900700.0,15900700.0,0
2025-11-06 01:46:00,15902370.0,15902370.0,15902370.0,15902370.0,0
2025-11-06 01:47:00,15914295.0,15927554.0,15914295.0,15927554.0,0
2025-11-06 01:48:00,15924191.0,15924191.0,15924191.0,15924191.0,0
2025-11-06 01:49:00,15910819.0,15910819.0,15910819.0,15910819.0,0
2025-11-06 01:50:00,15914107.0,15914107.0,15914107.0,15914107.0,0
2025-11-06 01:51:00,15913950.0,15913950.0,15913950.0,15913950.0,0
2025-11-06 01:52:00,15920674.0,15920674.0,15920674.0,15920674.0,0
2025-11-06 01:53:00,15923192.0,15923192.0,15923192.0,15923192.0,0
2025-11-06 01:55:00,15924388.0,15924388.0,15924388.0,15924388.0,0
2025-11-06 01:57:00,15918050.0,15918050.0,15918050.0,15918050.0,270106886144
2025-11-06 01:58:00,15914916.0,15914916.0,15914916.0,15914916.0,0
2025-11-06 01:59:00,15913915.0,15913915.0,15912606.0,15912606.0,0
2025-11-06 02:00:00,15905518.0,15905518.0,15905518.0,15905518.0,0
2025-11-06 02:01:00,15903647.0,15903647.0,15903647.0,15903647.0,0
2025-11-06 02:02:00,15902817.0,15902817.0,15902817.0,15902817.0,0
2025-11-06 02:04:00,15898954.0,15898954.0,15887347.0,15887347.0,0
2025-11-06 02:05:00,15882649.0,15882649.0,15882649.0,15882649.0,11604590592
2025-11-06 02:07:00,15884879.0,15884879.0,15880973.0,15880973.0,0
2025-11-06 02:09:00,15882665.0,15882665.0,15882665.0,15882665.0,4404019200
2025-11-06 02:11:00,15877599.0,15877599.0,15877599.0,15877599.0,0
2025-11-06 02:12:00,15868135.0,15868135.0,15868135.0,15868135.0,296158756864
2025-11-06 02:13:00,15848236.0,15853671.0,15848236.0,15853671.0,0
2025-11-06 02:14:00,15851919.0,15851919.0,15851919.0,15851919.0,0
2025-11-06 02:15:00,15838565.0,15838565.0,15838565.0,15838565.0,0
2025-11-06 02:16:00,15848210.0,15848210.0,15848210.0,15848210.0,0
2025-11-06 02:18:00,15861510.0,15861510.0,15861510.0,15861510.0,6952058880
2025-11-06 02:19:00,15865575.0,15865575.0,15865575.0,15865575.0,0
2025-11-06 02:21:00,15860245.0,15860245.0,15858287.0,15858287.0,0
2025-11-06 02:23:00,15853272.0,15853272.0,15853272.0,15853272.0,0
2025-11-06 02:24:00,15846602.0,15846602.0,15846602.0,15846602.0,761266176
2025-11-06 02:25:00,15845836.0,15845836.0,15845836.0,15845836.0,0
2025-11-06 02:26:00,15841254.0,15841254.0,15841254.0,15841254.0,0
2025-11-06 02:27:00,15840662.0,15840662.0,15827807.0,15827807.0,0
2025-11-06 02:28:00,15828101.0,15828101.0,15828101.0,15828101.0,12686721024
2025-11-06 02:29:00,15829284.0,15829284.0,15829284.0,15829284.0,810549248
2025-11-06 02:31:00,15843292.0,15843292.0,15843292.0,15843292.0,6668943360
2025-11-06 02:33:00,15851026.0,15851026.0,15851026.0,15851026.0,0
2025-11-06 02:34:00,15856276.0,15856276.0,15856276.0,15856276.0,0
2025-11-06 02:35:00,15864072.0,15864072.0,15864072.0,15864072.0,0
2025-11-06 02:36:00,15867784.0,15867784.0,15867784.0,15867784.0,8057257984
2025-11-06 02:37:00,15874917.0,15874917.0,15874917.0,15874917.0,1096810496
2025-11-06 02:38:00,15878779.0,15878779.0,15878779.0,15878779.0,0
2025-11-06 02:39:00,15882953.0,15882953.0,15882953.0,15882953.0,0
2025-11-06 02:40:00,15887493.0,15887493.0,15887493.0,15887493.0,0
2025-11-06 02:41:00,15905383.0,15905383.0,15905383.0,15905383.0,0
2025-11-06 02:42:00,15909932.0,15909932.0,15909932.0,15909932.0,0
2025-11-06 02:43:00,15925727.0,15925727.0,15925727.0,15925727.0,0
2025-11-06 02:45:00,15924849.0,15924849.0,15924849.0,15924849.0,0
2025-11-06 02:46:00,15922945.0,15935719.0,15922945.0,15935719.0,265503637504
2025-11-06 02:48:00,15934042.0,15934042.0,15934042.0,15934042.0,0
2025-11-06 02:49:00,15932868.0,15932868.0,15932868.0,15932868.0,0
2025-11-06 02:50:00,15933765.0,15933765.0,15933765.0,15933765.0,590348288
2025-11-06 02:51:00,15933903.0,15933903.0,15933903.0,15933903.0,91226112
2025-11-06 02:52:00,15935296.0,15935296.0,15935296.0,15935296.0,917504000
2025-11-06 02:54:00,15929479.0,15929479.0,15929479.0,15929479.0,6764363776
2025-11-06 02:55:00,15926107.0,15926107.0,15926107.0,15926107.0,0
2025-11-06 02:56:00,15927019.0,15936779.0,15927019.0,15936779.0,0
2025-11-06 02:59:00,15932352.0,15932352.0,15932352.0,15932352.0,0
2025-11-06 03:00:00,15928304.0,15928304.0,15928304.0,15928304.0,0
2025-11-06 03:02:00,15916688.0,15916688.0,15916688.0,15916688.0,0
2025-11-06 03:03:00,15921279.0,15921279.0,15921279.0,15921279.0,0
2025-11-06 03:04:00,15921756.0,15928926.0,15921756.0,15928926.0,0
2025-11-06 03:07:00,15935426.0,15935426.0,15935426.0,15935426.0,0
2025-11-06 03:08:00,15932141.0,15932141.0,15932141.0,15932141.0,0
2025-11-06 03:09:00,15916197.0,15916197.0,15916197.0,15916197.0,0
2025-11-06 03:10:00,15914142.0,15914142.0,15914142.0,15914142.0,0
2025-11-06 03:11:00,15934925.0,15934925.0,15934925.0,15934925.0,0
2025-11-06 03:12:00,15936873.0,15936873.0,15936873.0,15936873.0,0
2025-11-06 03:14:00,15933607.0,15933607.0,15933607.0,15933607.0,15404630016
2025-11-06 03:15:00,15932459.0,15932459.0,15930648.0,15930648.0,0
2025-11-06 03:16:00,15934961.0,15934961.0,15934961.0,15934961.0,0
2025-11-06 03:17:00,15936810.0,15936810.0,15936810.0,15936810.0,0
2025-11-06 03:18:00,15962082.0,15962082.0,15962082.0,15962082.0,2518679552
2025-11-06 03:19:00,15972022.0,15972022.0,15972022.0,15972022.0,0
2025-11-06 03:20:00,15990351.0,15990351.0,15977312.0,15977312.0,26244808704
2025-11-06 03:23:00,15965496.0,15965496.0,15965496.0,15965496.0,0
2025-11-06 03:24:00,15964589.0,15964589.0,15964589.0,15964589.0,0
2025-11-06 03:25:00,15963051.0,15963051.0,15962124.0,15962124.0,0
2025-11-06 03:26:00,15962076.0,15962076.0,15962076.0,15962076.0,269126467584
2025-11-06 03:27:00,15966040.0,15966040.0,15966040.0,15966040.0,0
2025-11-06 03:29:00,15962972.0,15962972.0,15962972.0,15962972.0,0
2025-11-06 03:31:00,15945413.0,15945413.0,15945413.0,15945413.0,3921674240
2025-11-06 03:32:00,15954011.0,15954011.0,15950535.0,15950535.0,0
2025-11-06 03:33:00,15951035.0,15951035.0,15951035.0,15951035.0,24109907968
2025-11-06 03:34:00,15941913.0,15941913.0,15941913.0,15941913.0,0
2025-11-06 03:35:00,15942250.0,15942250.0,15942250.0,15942250.0,213909504
2025-11-06 03:36:00,15947952.0,15947952.0,15947952.0,15947952.0,0
2025-11-06 03:37:00,15951828.0,15951828.0,15951828.0,15951828.0,0
2025-11-06 03:38:00,15955501.0,15955501.0,15955501.0,15955501.0,0
2025-11-06 03:40:00,15962476.0,15962476.0,15962476.0,15962476.0,372244480
2025-11-06 03:41:00,15963733.0,15963733.0,15963733.0,15963733.0,0
2025-11-06 03:42:00,15959985.0,15959985.0,15959985.0,15959985.0,0
2025-11-06 03:43:00,15959985.0,15959985.0,15947132.0,15947132.0,0
2025-11-06 03:44:00,15950258.0,15950258.0,15950258.0,15950258.0,0
2025-11-06 03:45:00,15947563.0,15947563.0,15947563.0,15947563.0,0
2025-11-06 03:47:00,15950096.0,15952682.0,15950096.0,15952682.0,0
2025-11-06 03:48:00,15953020.0,15953020.0,15953020.0,15953020.0,295698432
2025-11-06 03:51:00,15953462.0,15953462.0,15952511.0,15952511.0,0
2025-11-06 03:52:00,15953398.0,15953398.0,15953398.0,15953398.0,0
2025-11-06 03:53:00,15955401.0,15955401.0,15955401.0,15955401.0,0
2025-11-06 03:55:00,15949492.0,15951407.0,15949492.0,15951407.0,0
2025-11-06 03:57:00,15948998.0,15948998.0,15948998.0,15948998.0,0
2025-11-06 03:58:00,15949386.0,15949386.0,15949386.0,15949386.0,0
2025-11-06 03:59:00,15956303.0,15956303.0,15956303.0,15956303.0,0
2025-11-06 04:00:00,15953651.0,15953651.0,15953651.0,15953651.0,0
2025-11-06 04:01:00,15943799.0,15943799.0,15943799.0,15943799.0,0
2025-11-06 04:02:00,15948140.0,15948140.0,15938359.0,15938359.0,0
2025-11-06 04:04:00,15945127.0,15945127.0,15945127.0,15945127.0,0
2025-11-06 04:05:00,15943182.0,15943182.0,15943182.0,15943182.0,0
2025-11-06 04:06:00,15943544.0,15950100.0,15943544.0,15950100.0,0
2025-11-06 04:07:00,15951624.0,15951624.0,15951624.0,15951624.0,937426944
2025-11-06 04:08:00,15945296.0,15945296.0,15945296.0,15945296.0,0
2025-11-06 04:09:00,15943485.0,15943485.0,15943485.0,15943485.0,0
2025-11-06 04:10:00,15943416.0,15943416.0,15943416.0,15943416.0,0
2025-11-06 04:11:00,15949237.0,15949237.0,15949237.0,15949237.0,0
2025-11-06 04:13:00,15949063.0,15949063.0,15949063.0,15949063.0,0
2025-11-06 04:14:00,15955453.0,15955453.0,15955453.0,15955453.0,0
2025-11-06 04:16:00,15970738.0,15970738.0,15970738.0,15970738.0,0
2025-11-06 04:17:00,15975862.0,15975862.0,15975862.0,15975862.0,10190061568
2025-11-06 04:19:00,15969391.0,15969391.0,15969391.0,15969391.0,0
2025-11-06 04:20:00,15979360.0,15979360.0,15973260.0,15973260.0,0
2025-11-06 04:21:00,15977992.0,15977992.0,15977992.0,15977992.0,0
2025-11-06 04:22:00,15972657.0,15972657.0,15972657.0,15972657.0,0
2025-11-06 04:24:00,15967398.0,15967398.0,15967398.0,15967398.0,0
2025-11-06 04:25:00,15970052.0,15970052.0,15970052.0,15970052.0,4109369344
2025-11-06 04:26:00,15978281.0,15978281.0,15978281.0,15978281.0,113246208
2025-11-06 04:27:00,15974376.0,15974376.0,15974376.0,15974376.0,0
2025-11-06 04:28:00,15972915.0,15972915.0,15972915.0,15972915.0,0
2025-11-06 04:29:00,15975489.0,15975489.0,15975489.0,15975489.0,0
2025-11-06 04:30:00,15975358.0,15975358.0,15975358.0,15975358.0,0
2025-11-06 04:31:00,15969749.0,15969749.0,15969749.0,15969749.0,0
2025-11-06 04:32:00,15966169.0,15966169.0,15966169.0,15966169.0,0
2025-11-06 04:34:00,15966526.0,15966526.0,15966526.0,15966526.0,0
2025-11-06 04:35:00,15971600.0,15971600.0,15971600.0,15971600.0,0
2025-11-06 04:36:00,15971481.0,15971481.0,15971481.0,15971481.0,0
2025-11-06 04:37:00,15973053.0,15973053.0,15973053.0,15973053.0,181403648
2025-11-06 04:38:00,15970526.0,15970526.0,15970526.0,15970526.0,0
2025-11-06 04:39:00,15979979.0,15979979.0,15979979.0,15979979.0,0
2025-11-06 04:40:00,15980660.0,15980660.0,15980660.0,15980660.0,0
2025-11-06 04:41:00,15981298.0,15981298.0,15981298.0,15981298.0,8566865920
2025-11-06 04:42:00,15984050.0,15984050.0,15984050.0,15984050.0,0
2025-11-06 04:43:00,15984974.0,15984974.0,15984974.0,15984974.0,548405248
2025-11-06 04:45:00,15988948.0,15988948.0,15988948.0,15988948.0,2632974336
2025-11-06 04:46:00,15995276.0,15995276.0,15995276.0,15995276.0,0
2025-11-06 04:47:00,16040282.0,16040282.0,16040282.0,16040282.0,0
2025-11-06 04:48:00,16033597.0,16033597.0,16033597.0,16033597.0,5939134464
2025-11-06 04:49:00,16031822.0,16031822.0,16031822.0,16031822.0,0
2025-11-06 04:50:00,16028019.0,16029417.0,16028019.0,16029417.0,31462522880
2025-11-06 04:52:00,16014331.0,16014331.0,16014331.0,16014331.0,29611786240
2025-11-06 04:53:00,16014094.0,16014094.0,16014094.0,16014094.0,0
2025-11-06 04:54:00,16017650.0,16017650.0,16013471.0,16013471.0,0
2025-11-06 04:56:00,16011362.0,16011362.0,16011362.0,16011362.0,0
2025-11-06 04:57:00,16005333.0,16005333.0,16003115.0,16003115.0,0
2025-11-06 04:58:00,15999867.0,15999867.0,15999867.0,15999867.0,0
2025-11-06 04:59:00,16000931.0,16000931.0,16000931.0,16000931.0,629145600
2025-11-06 05:00:00,16011653.0,16011653.0,16011653.0,16011653.0,7797211136
2025-11-06 05:01:00,16015847.0,16015847.0,16015847.0,16015847.0,0
2025-11-06 05:03:00,16010566.0,16010566.0,15997722.0,15997722.0,7095713792
2025-11-06 05:05:00,15999182.0,15999182.0,15999182.0,15999182.0,0
2025-11-06 05:06:00,15995222.0,15995222.0,15995222.0,15995222.0,2844786688
2025-11-06 05:07:00,15988556.0,15988556.0,15988556.0,15988556.0,6402605056
2025-11-06 05:08:00,15987614.0,15987614.0,15987614.0,15987614.0,0
2025-11-06 05:09:00,15987096.0,15987096.0,15980378.0,15980378.0,0
2025-11-06 05:10:00,15979936.0,15979936.0,15979936.0,15979936.0,0
2025-11-06 05:12:00,15956618.0,15956618.0,15956618.0,15956618.0,0
2025-11-06 05:13:00,15921588.0,15921588.0,15918363.0,15918363.0,14430502912
2025-11-06 05:14:00,15918828.0,15918828.0,15918828.0,15918828.0,276824064
2025-11-06 05:16:00,15925933.0,15925933.0,15925933.0,15925933.0,0
2025-11-06 05:17:00,15918233.0,15919218.0,15918233.0,15919218.0,36154900480
2025-11-06 05:18:00,15918175.0,15918175.0,15918175.0,15918175.0,0
2025-11-06 05:20:00,15924422.0,15924422.0,15924422.0,15924422.0,247503781888
2025-11-06 05:21:00,15931111.0,15933887.0,15931111.0,15933887.0,0
2025-11-06 05:22:00,15930884.0,15930884.0,15930884.0,15930884.0,0
2025-11-06 05:23:00,15936163.0,15936163.0,15936163.0,15936163.0,14072938496
2025-11-06 05:24:00,15938691.0,15938691.0,15938691.0,15938691.0,0
2025-11-06 05:25:00,15939001.0,15939001.0,15939001.0,15939001.0,183500800
2025-11-06 05:27:00,15944061.0,15944061.0,15944061.0,15944061.0,0
2025-11-06 05:29:00,15936293.0,15936293.0,15936293.0,15936293.0,0
2025-11-06 05:30:00,15936867.0,15936867.0,15926231.0,15926231.0,0
2025-11-06 05:31:00,15929473.0,15929473.0,15929473.0,15929473.0,0
2025-11-06 05:32:00,15929226.0,15929226.0,15929226.0,15929226.0,0
2025-11-06 05:34:00,15903159.0,15903159.0,15903159.0,15903159.0,0
2025-11-06 05:35:00,15897329.0,15897329.0,15897329.0,15897329.0,1578106880
2025-11-06 05:36:00,15904403.0,15904403.0,15904403.0,15904403.0,0
2025-11-06 05:37:00,15908834.0,15908834.0,15908834.0,15908834.0,0
2025-11-06 05:38:00,15902434.0,15902434.0,15892498.0,15892498.0,0
2025-11-06 05:39:00,15871199.0,15871199.0,15871199.0,15871199.0,0
2025-11-06 05:40:00,15866433.0,15866433.0,15866433.0,15866433.0,0
2025-11-06 05:41:00,15876456.0,15876456.0,15876456.0,15876456.0,246261219328
2025-11-06 05:42:00,15879086.0,15879086.0,15879086.0,15879086.0,2097152
2025-11-06 05:43:00,15887035.0,15887035.0,15887035.0,15887035.0,21637365760
2025-11-06 05:44:00,15887465.0,15887465.0,15887465.0,15887465.0,253755392
2025-11-06 05:46:00,15888441.0,15888441.0,15888441.0,15888441.0,0
2025-11-06 05:47:00,15893438.0,15893438.0,15893438.0,15893438.0,14266925056
2025-11-06 05:48:00,15895749.0,15895749.0,15895749.0,15895749.0,0
2025-11-06 05:49:00,15891364.0,15891364.0,15881231.0,15881231.0,265556066304
2025-11-06 05:50:00,15884225.0,15884225.0,15884225.0,15884225.0,0
2025-11-06 05:51:00,15877336.0,15877336.0,15877336.0,15877336.0,1021313024
2025-11-06 05:52:00,15874716.0,15874716.0,15874716.0,15874716.0,0
2025-11-06 05:53:00,15881799.0,15881799.0,15881799.0,15881799.0,0
2025-11-06 05:54:00,15867861.0,15867861.0,15867861.0,15867861.0,0
2025-11-06 05:56:00,15868530.0,15868530.0,15868530.0,15868530.0,0
2025-11-06 05:58:00,15866881.0,15866881.0,15866881.0,15866881.0,0
2025-11-06 05:59:00,15865471.0,15865471.0,15864444.0,15864444.0,191137579008
2025-11-06 06:00:00,15869244.0,15869244.0,15869244.0,15869244.0,1765801984
2025-11-06 06:01:00,15872465.0,15872465.0,15872465.0,15872465.0,35651584
2025-11-06 06:02:00,15884079.0,15884079.0,15884079.0,15884079.0,0
2025-11-06 06:04:00,15872503.0,15872503.0,15872503.0,15872503.0,0
2025-11-06 06:06:00,15877763.0,15877763.0,15877763.0,15877763.0,29920067584
2025-11-06 06:08:00,15877114.0,15877114.0,15877114.0,15877114.0,0
2025-11-06 06:09:00,15868359.0,15868359.0,15868359.0,15868359.0,2507145216
2025-11-06 06:10:00,15867001.0,15867001.0,15859546.0,15859546.0,0
2025-11-06 06:12:00,15870394.0,15870394.0,15870394.0,15870394.0,0
2025-11-06 06:14:00,15877583.0,15880046.0,15877583.0,15880046.0,0
2025-11-06 06:15:00,15884231.0,15884231.0,15884231.0,15884231.0,13502513152
2025-11-06 06:17:00,15900492.0,15900492.0,15900492.0,15900492.0,2076180480
2025-11-06 06:18:00,15901267.0,15901267.0,15901267.0,15901267.0,452984832
2025-11-06 06:19:00,15900446.0,15916011.0,15900446.0,15916011.0,0
2025-11-06 06:20:00,15899980.0,15899980.0,15899980.0,15899980.0,4965007360
2025-11-06 06:21:00,15901819.0,15901819.0,15901819.0,15901819.0,18895339520
2025-11-06 06:22:00,15912976.0,15912976.0,15912976.0,15912976.0,0
2025-11-06 06:24:00,15927503.0,15927503.0,15927503.0,15927503.0,0
2025-11-06 06:25:00,15926956.0,15926956.0,15926956.0,15926956.0,0
2025-11-06 06:26:00,15924084.0,15924084.0,15922649.0,15922649.0,10213130240
2025-11-06 06:28:00,15922351.0,15922351.0,15922351.0,15922351.0,0
2025-11-06 06:29:00,15920697.0,15920697.0,15920697.0,15920697.0,0
2025-11-06 06:31:00,15920773.0,15934870.0,15920773.0,15934870.0,24806162432
2025-11-06 06:32:00,15937105.0,15937105.0,15937105.0,15937105.0,1301282816
2025-11-06 06:33:00,15908298.0,15908298.0,15908298.0,15908298.0,0
2025-11-06 06:34:00,15907890.0,15907890.0,15907890.0,15907890.0,0
2025-11-06 06:35:00,15906609.0,15906609.0,15906609.0,15906609.0,0
2025-11-06 06:37:00,15901962.0,15901962.0,15901962.0,15901962.0,0
2025-11-06 06:38:00,15913616.0,15913616.0,15913616.0,15913616.0,19144900608
2025-11-06 06:39:00,15909298.0,15909298.0,15909298.0,15909298.0,1629487104
2025-11-06 06:40:00,15916949.0,15916949.0,15916949.0,15916949.0,0
2025-11-06 06:41:00,15910718.0,15910718.0,15910718.0,15910718.0,5088739328
2025-11-06 06:42:00,15915066.0,15915066.0,15915066.0,15915066.0,0
2025-11-06 06:43:00,15911404.0,15911404.0,15911404.0,15911404.0,254767267840
2025-11-06 06:44:00,15909751.0,15909751.0,15909751.0,15909751.0,0
2025-11-06 06:45:00,15910191.0,15910191.0,15910191.0,15910191.0,0
2025-11-06 06:47:00,15907820.0,15907820.0,15907820.0,15907820.0,12778995712
2025-11-06 06:48:00,15912400.0,15912400.0,15912400.0,15912400.0,2771386368
2025-11-06 06:49:00,15920883.0,15920883.0,15920883.0,15920883.0,0
2025-11-06 06:50:00,15920883.0,15923172.0,15920883.0,15923172.0,19623051264
2025-11-06 06:51:00,15923732.0,15923732.0,15923732.0,15923732.0,325058560
2025-11-06 06:52:00,15912311.0,15912311.0,15912311.0,15912311.0,0
2025-11-06 06:54:00,15907086.0,15907086.0,15907086.0,15907086.0,2847932416
2025-11-06 06:55:00,15909687.0,15909687.0,15909687.0,15909687.0,0
2025-11-06 06:56:00,15909222.0,15916009.0,15909222.0,15916009.0,29444014080
2025-11-06 06:57:00,15920001.0,15920001.0,15920001.0,15920001.0,0
2025-11-06 06:58:00,15918420.0,15918420.0,15918420.0,15918420.0,4271898624
2025-11-06 06:59:00,15910643.0,15910643.0,15910643.0,15910643.0,0
2025-11-06 07:00:00,15912800.0,15912800.0,15912800.0,15912800.0,0
2025-11-06 07:01:00,15908426.0,15908426.0,15908426.0,15908426.0,0
2025-11-06 07:02:00,15907655.0,15907655.0,15907655.0,15907655.0,0
2025-11-06 07:04:00,15895744.0,15895744.0,15895744.0,15895744.0,5291114496
2025-11-06 07:05:00,15890810.0,15890810.0,15890810.0,15890810.0,0
2025-11-06 07:07:00,15900164.0,15909800.0,15900164.0,15909800.0,57293144064
2025-11-06 07:08:00,15918017.0,15918017.0,15918017.0,15918017.0,0
2025-11-06 07:09:00,15932315.0,15932315.0,15921659.0,15921659.0,0
2025-11-06 07:11:00,15923971.0,15923971.0,15923971.0,15923971.0,0
2025-11-06 07:12:00,15907743.0,15907743.0,15907743.0,15907743.0,29454499840
2025-11-06 07:13:00,15908506.0,15908506.0,15908506.0,15908506.0,0
2025-11-06 07:15:00,15905232.0,15905232.0,15905232.0,15905232.0,11163140096
2025-11-06 07:16:00,15891619.0,15891619.0,15891619.0,15891619.0,4573888512
2025-11-06 07:17:00,15892799.0,15892799.0,15892799.0,15892799.0,686817280
2025-11-06 07:18:00,15863265.0,15863265.0,15849502.0,15849502.0,4697620480
2025-11-06 07:20:00,15847764.0,15847764.0,15847311.0,15847311.0,0
2025-11-06 07:21:00,15845651.0,15845651.0,15845651.0,15845651.0,0
2025-11-06 07:22:00,15867787.0,15867787.0,15867787.0,15867787.0,0
2025-11-06 07:23:00,15891438.0,15891438.0,15891438.0,15891438.0,255329304576
2025-11-06 07:25:00,15921721.0,15921721.0,15921721.0,15921721.0,2387607552
2025-11-06 07:26:00,15921212.0,15921212.0,15921212.0,15921212.0,0
2025-11-06 07:27:00,15924629.0,15924629.0,15924629.0,15924629.0,1815085056
2025-11-06 07:29:00,15914280.0,15914280.0,15914280.0,15914280.0,32319209472
2025-11-06 07:30:00,15913843.0,15913843.0,15913843.0,15913843.0,180762968064
2025-11-06 07:32:00,15902009.0,15902009.0,15900848.0,15900848.0,12648972288
2025-11-06 07:34:00,15897062.0,15897062.0,15883777.0,15883777.0,8070889472
2025-11-06 07:35:00,15876894.0,15876894.0,15876894.0,15876894.0,0
2025-11-06 07:36:00,15890181.0,15890181.0,15890181.0,15890181.0,0
2025-11-06 07:37:00,15898376.0,15898376.0,15898376.0,15898376.0,0
2025-11-06 07:38:00,15897442.0,15897442.0,15897442.0,15897442.0,0
2025-11-06 07:39:00,15903021.0,15903021.0,15903021.0,15903021.0,18215862272
2025-11-06 07:41:00,15872243.0,15872243.0,15872243.0,15872243.0,5117050880
2025-11-06 07:43:00,15855113.0,15855113.0,15855113.0,15855113.0,0
2025-11-06 07:44:00,15854839.0,15854839.0,15854839.0,15854839.0,12221153280
2025-11-06 07:45:00,15857199.0,15857199.0,15857199.0,15857199.0,1377828864
2025-11-06 07:46:00,15873142.0,15873142.0,15873142.0,15873142.0,0
2025-11-06 07:47:00,15858769.0,15858769.0,15858769.0,15858769.0,52438237184
2025-11-06 07:49:00,15844451.0,15844451.0,15844451.0,15844451.0,0
2025-11-06 07:50:00,15845921.0,15845921.0,15845921.0,15845921.0,21228421120
2025-11-06 07:52:00,15848308.0,15848308.0,15848308.0,15848308.0,276824064
2025-11-06 07:53:00,15858643.0,15858643.0,15858643.0,15858643.0,8317304832
2025-11-06 07:54:00,15857180.0,15859360.0,15857180.0,15859360.0,0
2025-11-06 07:56:00,15859949.0,15859949.0,15857997.0,15857997.0,0
2025-11-06 07:57:00,15864431.0,15864431.0,15864431.0,15864431.0,19566428160
2025-11-06 07:58:00,15884005.0,15884005.0,15884005.0,15884005.0,0
2025-11-06 07:59:00,15884369.0,15884369.0,15884369.0,15884369.0,213909504
2025-11-06 08:00:00,15877236.0,15877236.0,15877236.0,15877236.0,0
2025-11-06 08:01:00,15855470.0,15855470.0,15855470.0,15855470.0,0
2025-11-06 08:03:00,15857948.0,15857948.0,15857948.0,15857948.0,0
2025-11-06 08:04:00,15862588.0,15862588.0,15862588.0,15862588.0,247734468608
2025-11-06 08:05:00,15838177.0,15838177.0,15838177.0,15838177.0,0
2025-11-06 08:06:00,15838246.0,15838246.0,15838246.0,15838246.0,40894464
2025-11-06 08:07:00,15836167.0,15836167.0,15836167.0,15836167.0,0
2025-11-06 08:08:00,15848778.0,15848778.0,15848778.0,15848778.0,21965570048
2025-11-06 08:10:00,15842189.0,15842189.0,15842189.0,15842189.0,19421724672
2025-11-06 08:11:00,15847019.0,15847019.0,15847019.0,15847019.0,3061841920
2025-11-06 08:12:00,15852681.0,15852681.0,15852681.0,15852681.0,0
2025-11-06 08:13:00,15846261.0,15846261.0,15846261.0,15846261.0,15279849472
2025-11-06 08:14:00,15854737.0,15854737.0,15854737.0,15854737.0,0
2025-11-06 08:15:00,15871176.0,15871176.0,15871176.0,15871176.0,4932501504
2025-11-06 08:16:00,15875280.0,15875280.0,15875280.0,15875280.0,0
2025-11-06 08:17:00,15883755.0,15883755.0,15880780.0,15880780.0,0
2025-11-06 08:18:00,15887581.0,15887581.0,15887581.0,15887581.0,0
2025-11-06 08:19:00,15893583.0,15893583.0,15893583.0,15893583.0,38118883328
2025-11-06 08:20:00,15893107.0,15893107.0,15893107.0,15893107.0,0
2025-11-06 08:21:00,15890029.0,15890029.0,15890029.0,15890029.0,0
2025-11-06 08:22:00,15884981.0,15884981.0,15884981.0,15884981.0,13453230080
2025-11-06 08:23:00,15885155.0,15885155.0,15885155.0,15885155.0,0
2025-11-06 08:24:00,15886131.0,15886131.0,15886131.0,15886131.0,0
2025-11-06 08:25:00,15884047.0,15884047.0,15884047.0,15884047.0,0
2025-11-06 08:26:00,15885775.0,15885775.0,15885775.0,15885775.0,15645802496
2025-11-06 08:27:00,15877714.0,15877714.0,15877714.0,15877714.0,0
2025-11-06 08:28:00,15886219.0,15886219.0,15886219.0,15886219.0,12519997440
2025-11-06 08:29:00,15887329.0,15887329.0,15887329.0,15887329.0,644874240
2025-11-06 08:30:00,15878413.0,15878413.0,15878413.0,15878413.0,1580204032
2025-11-06 08:32:00,15884364.0,15884364.0,15867017.0,15867017.0,5301600256
2025-11-06 08:34:00,15869457.0,15869457.0,15869457.0,15869457.0,0
2025-11-06 08:35:00,15867943.0,15867943.0,15867943.0,15867943.0,0
2025-11-06 08:36:00,15870568.0,15870568.0,15870255.0,15870255.0,7244611584
2025-11-06 08:37:00,15871522.0,15871522.0,15871522.0,15871522.0,3167748096
2025-11-06 08:38:00,15867267.0,15867267.0,15867267.0,15867267.0,2622488576
2025-11-06 08:39:00,15875508.0,15875508.0,15875508.0,15875508.0,0
2025-11-06 08:56:00,15854930.0,15854930.0,15854930.0,15854930.0,0
2025-11-06 08:58:00,15852747.0,15852747.0,15852747.0,15852747.0,0
2025-11-06 08:59:00,15859414.0,15859414.0,15859414.0,15859414.0,0
2025-11-06 09:00:00,15861282.0,15861282.0,15861282.0,15861282.0,0
2025-11-06 09:01:00,15850978.0,15859597.0,15850978.0,15859597.0,185868484608
2025-11-06 09:02:00,15860775.0,15860775.0,15860775.0,15860775.0,685768704
2025-11-06 09:03:00,15845353.0,15845353.0,15823749.0,15823749.0,8534360064
2025-11-06 09:04:00,15821048.0,15821048.0,15821048.0,15821048.0,0
2025-11-06 09:05:00,15807854.0,15807854.0,15805522.0,15805522.0,0
2025-11-06 09:06:00,15808056.0,15808056.0,15808056.0,15808056.0,1456472064
2025-11-06 09:07:00,15809974.0,15809974.0,15807571.0,15807571.0,20245905408
2025-11-06 09:08:00,15808697.0,15812679.0,15808697.0,15812679.0,0
2025-11-06 09:09:00,15811210.0,15811210.0,15811210.0,15811210.0,0
2025-11-06 09:10:00,15812529.0,15812529.0,15812529.0,15812529.0,115197607936
2025-11-06 09:12:00,15827574.0,15827574.0,15827574.0,15827574.0,239354249216
2025-11-06 09:13:00,15832217.0,15832217.0,15832217.0,15832217.0,0
2025-11-06 09:14:00,15826864.0,15831393.0,15826864.0,15831393.0,0
2025-11-06 09:15:00,15843680.0,15843680.0,15843680.0,15843680.0,115271008256
2025-11-06 09:16:00,15845347.0,15845347.0,15845347.0,15845347.0,969932800
2025-11-06 09:17:00,15840244.0,15840244.0,15840244.0,15840244.0,0
2025-11-06 09:18:00,15840431.0,15840431.0,15840431.0,15840431.0,106954752
2025-11-06 09:20:00,15854329.0,15854329.0,15854329.0,15854329.0,125540761600
2025-11-06 09:21:00,15846143.0,15846143.0,15846143.0,15846143.0,0
2025-11-06 09:23:00,15838981.0,15838981.0,15838981.0,15838981.0,133151326208
2025-11-06 09:24:00,15839506.0,15839506.0,15839506.0,15839506.0,0
2025-11-06 09:25:00,15833977.0,15833977.0,15833977.0,15833977.0,102792953856
2025-11-06 09:26:00,15833860.0,15837100.0,15833860.0,15837100.0,0
2025-11-06 09:27:00,15836787.0,15836787.0,15836787.0,15836787.0,0
2025-11-06 09:28:00,15836425.0,15836425.0,15836425.0,15836425.0,0
2025-11-06 09:29:00,15835282.0,15835282.0,15835282.0,15835282.0,0
2025-11-06 09:30:00,15834741.0,15834741.0,15834741.0,15834741.0,0
2025-11-06 09:32:00,15825198.0,15825448.0,15825198.0,15825448.0,0
2025-11-06 09:34:00,15827742.0,15827742.0,15827742.0,15827742.0,114553782272
2025-11-06 09:36:00,15828662.0,15828662.0,15828662.0,15828662.0,0
2025-11-06 09:37:00,15825516.0,15829059.0,15825516.0,15829059.0,0
2025-11-06 09:38:00,15838333.0,15838333.0,15838333.0,15838333.0,4605345792
2025-11-06 09:39:00,15838178.0,15838178.0,15838178.0,15838178.0,0
2025-11-06 09:40:00,15841937.0,15841937.0,15841937.0,15841937.0,7725907968
2025-11-06 09:42:00,15833562.0,15833562.0,15833562.0,15833562.0,0
2025-11-06 09:43:00,15821713.0,15821713.0,15821713.0,15821713.0,137901375488
2025-11-06 09:44:00,15823406.0,15823406.0,15823406.0,15823406.0,0
2025-11-06 09:45:00,15827392.0,15827392.0,15824481.0,15824481.0,0
2025-11-06 09:46:00,15830742.0,15830742.0,15830742.0,15830742.0,90325385216
2025-11-06 09:47:00,15836114.0,15836114.0,15836114.0,15836114.0,5423235072
2025-11-06 09:48:00,15829644.0,15829644.0,15829644.0,15829644.0,14071889920
2025-11-06 09:49:00,15829844.0,15829844.0,15829844.0,15829844.0,115343360
2025-11-06 09:50:00,15826167.0,15826167.0,15826167.0,15826167.0,0
2025-11-06 09:51:00,15813792.0,15813792.0,15813792.0,15813792.0,0
2025-11-06 09:52:00,15815231.0,15815231.0,15815231.0,15815231.0,818937856
2025-11-06 09:54:00,15823722.0,15827595.0,15823722.0,15827595.0,132557832192
2025-11-06 09:56:00,15825910.0,15825910.0,15825910.0,15825910.0,0
2025-11-06 09:57:00,15825362.0,15829125.0,15825362.0,15829125.0,136262451200
2025-11-06 09:58:00,15821967.0,15821967.0,15821967.0,15821967.0,986710016
2025-11-06 09:59:00,15819422.0,15819422.0,15819422.0,15819422.0,0
2025-11-06 10:00:00,15818744.0,15818744.0,15818744.0,15818744.0,0
2025-11-06 10:01:00,15809354.0,15809354.0,15809354.0,15809354.0,9173991424
2025-11-06 10:02:00,15812176.0,15812176.0,15812176.0,15812176.0,1607467008
2025-11-06 10:04:00,15805132.0,15805132.0,15805132.0,15805132.0,0
2025-11-06 10:05:00,15802901.0,15802901.0,15802901.0,15802901.0,5681184768
2025-11-06 10:07:00,15795985.0,15795985.0,15795985.0,15795985.0,0
2025-11-06 10:08:00,15795783.0,15795783.0,15795783.0,15795783.0,45149585408
2025-11-06 10:09:00,15796179.0,15796179.0,15796179.0,15796179.0,226492416
2025-11-06 10:10:00,15788309.0,15792106.0,15788309.0,15792106.0,0
2025-11-06 10:11:00,15804990.0,15804990.0,15804990.0,15804990.0,169194029056
2025-11-06 10:12:00,15805104.0,15805104.0,15805104.0,15805104.0,66060288
2025-11-06 10:13:00,15815074.0,15815074.0,15815074.0,15815074.0,0
2025-11-06 10:14:00,15819481.0,15819481.0,15819481.0,15819481.0,0
2025-11-06 10:16:00,15814887.0,15814887.0,15814887.0,15814887.0,10459545600
2025-11-06 10:17:00,15811741.0,15811741.0,15811741.0,15811741.0,0
2025-11-06 10:18:00,15820076.0,15820076.0,15820076.0,15820076.0,0
2025-11-06 10:19:00,15833609.0,15835912.0,15833609.0,15835912.0,16246636544
2025-11-06 10:20:00,15839907.0,15839907.0,15839907.0,15839907.0,3261071360
2025-11-06 10:21:00,15837933.0,15837933.0,15837933.0,15837933.0,0
2025-11-06 10:22:00,15844407.0,15844407.0,15844407.0,15844407.0,22382903296
2025-11-06 10:24:00,15837714.0,15837714.0,15837714.0,15837714.0,0
2025-11-06 10:25:00,15827573.0,15827573.0,15827573.0,15827573.0,0
2025-11-06 10:26:00,15830343.0,15830343.0,15830343.0,15830343.0,218208665600
2025-11-06 10:27:00,15830708.0,15830708.0,15830708.0,15830708.0,209715200
2025-11-06 10:29:00,15835148.0,15835148.0,15835148.0,15835148.0,23299358720
2025-11-06 10:30:00,15836992.0,15836992.0,15836992.0,15836992.0,0
2025-11-06 10:31:00,15838425.0,15838425.0,15838425.0,15838425.0,0
2025-11-06 10:32:00,15840372.0,15840372.0,15840372.0,15840372.0,0
2025-11-06 10:33:00,15842700.0,15846820.0,15842700.0,15846820.0,16909336576
2025-11-06 10:34:00,15847822.0,15847822.0,15847822.0,15847822.0,572522496
2025-11-06 10:35:00,15860910.0,15860910.0,15860910.0,15860910.0,86623911936
2025-11-06 10:36:00,15860910.0,15860910.0,15860910.0,15860910.0,0
2025-11-06 10:37:00,15864271.0,15864271.0,15864271.0,15864271.0,0
2025-11-06 10:38:00,15863574.0,15863574.0,15863574.0,15863574.0,26931625984
2025-11-06 10:39:00,15866258.0,15866258.0,15866258.0,15866258.0,0
2025-11-06 10:40:00,15872830.0,15872830.0,15872830.0,15872830.0,13982760960
2025-11-06 10:42:00,15870306.0,15870306.0,15870306.0,15870306.0,2685403136
2025-11-06 10:43:00,15876681.0,15876681.0,15876681.0,15876681.0,0
2025-11-06 10:44:00,15876882.0,15876882.0,15876882.0,15876882.0,0
2025-11-06 10:45:00,15867599.0,15867599.0,15867599.0,15867599.0,17313038336
2025-11-06 10:46:00,15855135.0,15855135.0,15855135.0,15855135.0,0
2025-11-06 10:47:00,15857637.0,15857637.0,15857637.0,15857637.0,0
2025-11-06 10:48:00,15858125.0,15858125.0,15858125.0,15858125.0,281018368
2025-11-06 10:49:00,15851205.0,15851205.0,15851205.0,15851205.0,14163116032
2025-11-06 10:50:00,15839744.0,15839744.0,15839744.0,15839744.0,0
2025-11-06 10:51:00,15844250.0,15844250.0,15844250.0,15844250.0,0
2025-11-06 10:52:00,15843426.0,15843426.0,15843426.0,15843426.0,0
2025-11-06 11:09:00,15805669.0,15805669.0,15805669.0,15805669.0,0
2025-11-06 11:10:00,15806614.0,15806614.0,15806614.0,15806614.0,27537702912
2025-11-06 11:12:00,15813683.0,15813683.0,15813683.0,15813683.0,0
2025-11-06 11:13:00,15813863.0,15813863.0,15813863.0,15813863.0,0
2025-11-06 11:14:00,15812543.0,15814076.0,15812543.0,15814076.0,7839154176
2025-11-06 11:16:00,15811679.0,15811679.0,15811083.0,15811083.0,0
2025-11-06 11:18:00,15813784.0,15826583.0,15813784.0,15826583.0,114994184192
2025-11-06 11:20:00,15827761.0,15835004.0,15827761.0,15835004.0,0
2025-11-06 11:21:00,15835004.0,15844961.0,15835004.0,15844961.0,0
2025-11-06 11:22:00,15857947.0,15857947.0,15857947.0,15857947.0,201611804672
2025-11-06 11:24:00,15845307.0,15845307.0,15844210.0,15844210.0,0
2025-11-06 11:26:00,15846323.0,15846323.0,15842524.0,15842524.0,35389440000
2025-11-06 11:28:00,15841399.0,15845679.0,15841399.0,15845679.0,0
2025-11-06 11:29:00,15846728.0,15849613.0,15846728.0,15849613.0,90912587776
2025-11-06 11:30:00,15850429.0,15852942.0,15850429.0,15852942.0,19401801728
2025-11-06 11:32:00,15855937.0,15855937.0,15855937.0,15855937.0,0
2025-11-06 11:33:00,15858669.0,15858669.0,15858068.0,15858068.0,3948937216
2025-11-06 11:35:00,15845285.0,15845285.0,15845285.0,15845285.0,0
2025-11-06 11:36:00,15846187.0,15846187.0,15846187.0,15846187.0,0
2025-11-06 11:37:00,15850301.0,15850301.0,15849906.0,15849906.0,37413191680
2025-11-06 11:38:00,15850628.0,15850628.0,15849000.0,15849000.0,0
2025-11-06 11:39:00,15845621.0,15845621.0,15845621.0,15845621.0,0
2025-11-06 11:40:00,15844835.0,15844835.0,15844835.0,15844835.0,0
2025-11-06 11:42:00,15848521.0,15848521.0,15848521.0,15848521.0,9403629568
2025-11-06 11:43:00,15850368.0,15850368.0,15850368.0,15850368.0,0
2025-11-06 11:44:00,15851845.0,15851845.0,15851845.0,15851845.0,108079874048
2025-11-06 11:45:00,15861911.0,15861911.0,15861911.0,15861911.0,0
2025-11-06 11:46:00,15857943.0,15857943.0,15852837.0,15852837.0,0
2025-11-06 11:47:00,15854384.0,15854384.0,15854384.0,15854384.0,12832473088
2025-11-06 11:48:00,15854470.0,15854470.0,15854470.0,15854470.0,49283072
2025-11-06 11:49:00,15858716.0,15858716.0,15858716.0,15858716.0,0
2025-11-06 11:50:00,15863248.0,15863248.0,15863248.0,15863248.0,15791554560
2025-11-06 11:51:00,15853957.0,15853957.0,15853957.0,15853957.0,142522449920
2025-11-06 11:52:00,15852547.0,15852547.0,15852547.0,15852547.0,0
2025-11-06 11:54:00,15858214.0,15861577.0,15858214.0,15861577.0,0
2025-11-06 11:55:00,15858901.0,15858901.0,15858901.0,15858901.0,150458073088
2025-11-06 11:56:00,15854386.0,15854386.0,15854386.0,15854386.0,0
2025-11-06 11:58:00,15855680.0,15855680.0,15855680.0,15855680.0,23676846080
2025-11-06 11:59:00,15856516.0,15856516.0,15856516.0,15856516.0,0
2025-11-06 12:01:00,15854361.0,15854446.0,15854361.0,15854446.0,2400190464
2025-11-06 12:02:00,15852872.0,15852872.0,15852872.0,15852872.0,83988840448
2025-11-06 12:03:00,15855334.0,15855334.0,15855334.0,15855334.0,1418723328
2025-11-06 12:04:00,15846728.0,15846728.0,15846728.0,15846728.0,4894752768
2025-11-06 12:05:00,15822491.0,15822491.0,15822491.0,15822491.0,0
2025-11-06 12:06:00,15825509.0,15825509.0,15825509.0,15825509.0,16512974848
2025-11-06 12:08:00,15837348.0,15837348.0,15837348.0,15837348.0,154630356992
2025-11-06 12:09:00,15840596.0,15840596.0,15840596.0,15840596.0,0
2025-11-06 12:10:00,15865019.0,15865019.0,15865019.0,15865019.0,119470555136
2025-11-06 12:11:00,15853492.0,15853492.0,15853492.0,15853492.0,0
2025-11-06 12:12:00,15853915.0,15853915.0,15853915.0,15853915.0,243269632
2025-11-06 12:13:00,15852808.0,15852808.0,15852808.0,15852808.0,26232225792
2025-11-06 12:14:00,15848750.0,15848750.0,15848750.0,15848750.0,0
2025-11-06 12:15:00,15848428.0,15848428.0,15848428.0,15848428.0,0
2025-11-06 12:16:00,15821331.0,15821331.0,15821331.0,15821331.0,0
2025-11-06 12:18:00,15821054.0,15821054.0,15821054.0,15821054.0,1372585984
2025-11-06 12:19:00,15818735.0,15818735.0,15818735.0,15818735.0,15728640
2025-11-06 12:20:00,15813669.0,15813669.0,15813669.0,15813669.0,24691867648
2025-11-06 12:21:00,15813316.0,15813316.0,15812558.0,15812558.0,0
2025-11-06 12:22:00,15812231.0,15812231.0,15812231.0,15812231.0,3730833408
2025-11-06 12:23:00,15802268.0,15802268.0,15802268.0,15802268.0,0
2025-11-06 12:24:00,15811401.0,15811401.0,15811401.0,15811401.0,15777923072
2025-11-06 12:25:00,15807754.0,15807754.0,15807754.0,15807754.0,0
2025-11-06 12:27:00,15806761.0,15806761.0,15806761.0,15806761.0,0
2025-11-06 12:28:00,15800255.0,15800255.0,15800255.0,15800255.0,763363328
2025-11-06 12:29:00,15800426.0,15800915.0,15800426.0,15800915.0,0
2025-11-06 12:30:00,15806689.0,15806689.0,15806689.0,15806689.0,183500800
2025-11-06 12:32:00,15806110.0,15806110.0,15806110.0,15806110.0,0
2025-11-06 12:33:00,15796222.0,15796222.0,15796222.0,15796222.0,0
2025-11-06 12:36:00,15802487.0,15802487.0,15802487.0,15802487.0,0
2025-11-06 12:37:00,15810116.0,15810116.0,15807154.0,15807154.0,0
2025-11-06 12:38:00,15805087.0,15805087.0,15805087.0,15805087.0,0
2025-11-06 12:39:00,15801220.0,15801220.0,15801220.0,15801220.0,0
2025-11-06 12:40:00,15802730.0,15802730.0,15802730.0,15802730.0,25284313088
2025-11-06 12:42:00,15785818.0,15785818.0,15785818.0,15785818.0,5606735872
2025-11-06 12:44:00,15766803.0,15766803.0,15766803.0,15766803.0,0
2025-11-06 12:46:00,15760808.0,15760808.0,15745435.0,15745435.0,650251337728
2025-11-06 12:47:00,15737948.0,15737948.0,15737948.0,15737948.0,21633171456
2025-11-06 12:48:00,15732884.0,15732884.0,15732884.0,15732884.0,0
2025-11-06 12:50:00,15744906.0,15744906.0,15744906.0,15744906.0,32809943040
2025-11-06 12:51:00,15762256.0,15762256.0,15762256.0,15762256.0,0
2025-11-06 12:52:00,15763350.0,15763350.0,15763350.0,15763350.0,622854144
2025-11-06 12:54:00,15748379.0,15748379.0,15748379.0,15748379.0,0
2025-11-06 12:55:00,15749928.0,15749928.0,15749928.0,15749928.0,55834574848
2025-11-06 12:56:00,15744808.0,15744808.0,15744808.0,15744808.0,143654912
2025-11-06 12:57:00,15748075.0,15748075.0,15748075.0,15748075.0,0
2025-11-06 12:58:00,15746495.0,15746495.0,15746495.0,15746495.0,0
2025-11-06 12:59:00,15746568.0,15746568.0,15746568.0,15746568.0,980418560
2025-11-06 13:00:00,15751294.0,15751294.0,15751294.0,15751294.0,0
2025-11-06 13:01:00,15762059.0,15762059.0,15762059.0,15762059.0,16136536064
2025-11-06 13:02:00,15761147.0,15761147.0,15761147.0,15761147.0,0
2025-11-06 13:03:00,15759679.0,15759679.0,15759679.0,15759679.0,0
2025-11-06 13:04:00,15763058.0,15763058.0,15763058.0,15763058.0,0
2025-11-06 13:06:00,15759842.0,15759842.0,15759842.0,15759842.0,25794969600
2025-11-06 13:07:00,15760317.0,15760317.0,15760317.0,15760317.0,14120124416
2025-11-06 13:08:00,15761811.0,15761811.0,15761811.0,15761811.0,0
2025-11-06 13:10:00,15774565.0,15774565.0,15774565.0,15774565.0,15378415616
2025-11-06 13:11:00,15783797.0,15783797.0,15783797.0,15783797.0,97609842688
2025-11-06 13:12:00,15805233.0,15805233.0,15795495.0,15795495.0,13671333888
2025-11-06 13:14:00,15792905.0,15792905.0,15792905.0,15792905.0,0
2025-11-06 13:16:00,15800359.0,15800359.0,15800359.0,15800359.0,0
2025-11-06 13:17:00,15799864.0,15799864.0,15799864.0,15799864.0,17123246080
2025-11-06 13:18:00,15823548.0,15823548.0,15823548.0,15823548.0,15971909632
2025-11-06 13:19:00,15832419.0,15832419.0,15832419.0,15832419.0,0
2025-11-06 13:20:00,15834154.0,15834154.0,15834154.0,15834154.0,978321408
2025-11-06 13:21:00,15832152.0,15832152.0,15831502.0,15831502.0,14820573184
2025-11-06 13:22:00,15833518.0,15833518.0,15833518.0,15833518.0,9499049984
2025-11-06 13:23:00,15853888.0,15853888.0,15853888.0,15853888.0,3912237056
2025-11-06 13:24:00,15851181.0,15851181.0,15851181.0,15851181.0,0
2025-11-06 13:25:00,15850247.0,15850247.0,15850247.0,15850247.0,0
2025-11-06 13:26:00,15892493.0,15892493.0,15892493.0,15892493.0,37475057664
2025-11-06 13:28:00,15901315.0,15901315.0,15901315.0,15901315.0,0
2025-11-06 13:29:00,15901063.0,15901063.0,15891797.0,15891797.0,5862588416
2025-11-06 13:30:00,15885934.0,15885934.0,15885934.0,15885934.0,20003684352
2025-11-06 13:31:00,15887538.0,15887538.0,15887538.0,15887538.0,28372369408
2025-11-06 13:32:00,15872967.0,15872967.0,15872967.0,15872967.0,0
2025-11-06 13:33:00,15871406.0,15871406.0,15871406.0,15871406.0,0
2025-11-06 13:34:00,15855323.0,15855323.0,15855323.0,15855323.0,20344471552
2025-11-06 13:36:00,15851197.0,15851197.0,15851197.0,15851197.0,0
2025-11-06 13:37:00,15847452.0,15847452.0,15847452.0,15847452.0,0
2025-11-06 13:39:00,15841670.0,15841670.0,15827915.0,15827915.0,3922722816
2025-11-06 13:41:00,15834702.0,15834702.0,15833285.0,15833285.0,0
2025-11-06 13:42:00,15831798.0,15831798.0,15831798.0,15831798.0,959447040
2025-11-06 13:44:00,15838584.0,15848910.0,15838584.0,15848910.0,10862198784
2025-11-06 13:46:00,15849896.0,15849896.0,15848841.0,15848841.0,0
2025-11-06 13:47:00,15865698.0,15865698.0,15865698.0,15865698.0,0
2025-11-06 13:48:00,15865568.0,15865568.0,15865568.0,15865568.0,0
2025-11-06 13:49:00,15865568.0,15865568.0,15865568.0,15865568.0,0
2025-11-06 13:50:00,15859751.0,15859751.0,15859751.0,15859751.0,11986272256
2025-11-06 13:51:00,15869009.0,15869009.0,15869009.0,15869009.0,4449107968
2025-11-06 13:52:00,15870800.0,15870800.0,15870800.0,15870800.0,1009778688
2025-11-06 14:09:00,15799593.0,15799593.0,15799593.0,15799593.0,0
2025-11-06 14:10:00,15772896.0,15772896.0,15772896.0,15772896.0,0
2025-11-06 14:12:00,15781162.0,15783908.0,15781162.0,15783908.0,4271898624
2025-11-06 14:13:00,15803515.0,15803515.0,15803515.0,15803515.0,2165309440
2025-11-06 14:14:00,15812045.0,15812045.0,15812045.0,15812045.0,0
2025-11-06 14:16:00,15812692.0,15812692.0,15812692.0,15812692.0,0
2025-11-06 14:17:00,15802744.0,15802744.0,15796844.0,15796844.0,6060769280
2025-11-06 14:18:00,15796609.0,15813068.0,15796609.0,15813068.0,22353543168
2025-11-06 14:19:00,15826473.0,15826473.0,15826473.0,15826473.0,116002914304
2025-11-06 14:20:00,15816719.0,15816719.0,15816719.0,15816719.0,0
2025-11-06 14:22:00,15810099.0,15810099.0,15799224.0,15799224.0,0
2025-11-06 14:23:00,15783041.0,15783041.0,15783041.0,15783041.0,157691150336
2025-11-06 14:25:00,15781109.0,15781109.0,15776547.0,15776547.0,0
2025-11-06 14:26:00,15776530.0,15781124.0,15776530.0,15781124.0,0
2025-11-06 14:27:00,15781439.0,15781439.0,15781439.0,15781439.0,18311282688
2025-11-06 14:28:00,15794093.0,15794093.0,15794093.0,15794093.0,0
2025-11-06 14:29:00,15781307.0,15781307.0,15781307.0,15781307.0,0
2025-11-06 14:31:00,15789298.0,15789298.0,15789298.0,15789298.0,22826450944
2025-11-06 14:32:00,15780948.0,15780948.0,15780948.0,15780948.0,0
2025-11-06 14:33:00,15761482.0,15761482.0,15761482.0,15761482.0,133262475264
2025-11-06 14:34:00,15777774.0,15777774.0,15777774.0,15777774.0,0
2025-11-06 14:35:00,15745557.0,15745557.0,15745557.0,15745557.0,0
2025-11-06 14:36:00,15756467.0,15756467.0,15756467.0,15756467.0,33918287872
2025-11-06 14:37:00,15719389.0,15736979.0,15719389.0,15736979.0,29347545088
2025-11-06 14:38:00,15740361.0,15765572.0,15740361.0,15765572.0,131349348352
2025-11-06 14:39:00,15758513.0,15758513.0,15758513.0,15758513.0,0
2025-11-06 14:40:00,15760731.0,15760731.0,15760731.0,15760731.0,1235222528
2025-11-06 14:42:00,15733465.0,15733465.0,15733465.0,15733465.0,36216766464
2025-11-06 14:43:00,15712157.0,15712157.0,15712157.0,15712157.0,0
2025-11-06 14:44:00,15745013.0,15745013.0,15745013.0,15745013.0,70102024192
2025-11-06 14:46:00,15725850.0,15725850.0,15725850.0,15725850.0,0
2025-11-06 14:47:00,15770915.0,15770915.0,15770915.0,15770915.0,113338482688
2025-11-06 14:48:00,15775684.0,15775684.0,15775684.0,15775684.0,0
2025-11-06 14:49:00,15783261.0,15783261.0,15783261.0,15783261.0,0
2025-11-06 14:50:00,15779968.0,15779968.0,15732358.0,15732358.0,178330271744
2025-11-06 14:52:00,15705068.0,15705068.0,15705068.0,15705068.0,0
2025-11-06 14:53:00,15687909.0,15687909.0,15687909.0,15687909.0,0
2025-11-06 14:54:00,15692916.0,15692916.0,15692916.0,15692916.0,25535447040
2025-11-06 14:56:00,15664687.0,15664687.0,15664687.0,15664687.0,0
2025-11-06 14:58:00,15677065.0,15677065.0,15677065.0,15677065.0,99298050048
2025-11-06 14:59:00,15657020.0,15657020.0,15657020.0,15657020.0,9059696640
2025-11-06 15:00:00,15654622.0,15654622.0,15654622.0,15654622.0,0
2025-11-06 15:01:00,15648844.0,15648844.0,15648844.0,15648844.0,0
2025-11-06 15:02:00,15641944.0,15641944.0,15641944.0,15641944.0,0
2025-11-06 15:03:00,15637080.0,15637080.0,15637080.0,15637080.0,0
2025-11-06 15:04:00,15632238.0,15632238.0,15632238.0,15632238.0,205831798784
2025-11-06 15:05:00,15642674.0,15642674.0,15642674.0,15642674.0,3511681024
2025-11-06 15:06:00,15666306.0,15666306.0,15666306.0,15666306.0,0
2025-11-06 15:08:00,15689825.0,15689825.0,15689825.0,15689825.0,191806046208
2025-11-06 15:09:00,15670469.0,15670469.0,15670469.0,15670469.0,20994588672
2025-11-06 15:10:00,15662377.0,15662377.0,15662377.0,15662377.0,3315597312
2025-11-06 15:11:00,15674282.0,15674282.0,15674282.0,15674282.0,15825108992
2025-11-06 15:12:00,15675214.0,15675214.0,15675214.0,15675214.0,531628032
2025-11-06 15:13:00,15685140.0,15685140.0,15675068.0,15675068.0,0
2025-11-06 15:14:00,15673953.0,15673953.0,15673953.0,15673953.0,0
2025-11-06 15:15:00,15669584.0,15669584.0,15669584.0,15669584.0,0
2025-11-06 15:16:00,15669327.0,15669327.0,15669327.0,15669327.0,0
2025-11-06 15:17:00,15661561.0,15661561.0,15661561.0,15661561.0,0
2025-11-06 15:18:00,15679263.0,15679263.0,15679263.0,15679263.0,114613551104
2025-11-06 15:19:00,15692345.0,15692345.0,15692345.0,15692345.0,27626831872
2025-11-06 15:21:00,15697814.0,15697814.0,15697814.0,15697814.0,0
2025-11-06 15:22:00,15765281.0,15765281.0,15765281.0,15765281.0,0
2025-11-06 15:23:00,15752540.0,15752540.0,15752540.0,15752540.0,0
2025-11-06 15:24:00,15772306.0,15772306.0,15772306.0,15772306.0,7007109120
2025-11-06 15:25:00,15774041.0,15774041.0,15774041.0,15774041.0,965214208
2025-11-06 15:26:00,15751513.0,15751513.0,15751513.0,15751513.0,6866075648
2025-11-06 15:27:00,15749406.0,15749406.0,15749406.0,15749406.0,0
2025-11-06 15:28:00,15731775.0,15731775.0,15731775.0,15731775.0,0
2025-11-06 15:29:00,15732992.0,15732992.0,15732992.0,15732992.0,676855808
2025-11-06 15:30:00,15720979.0,15720979.0,15720979.0,15720979.0,48006955008
2025-11-06 15:31:00,15704078.0,15704078.0,15704078.0,15704078.0,107085824000
2025-11-06 15:32:00,15693514.0,15693601.0,15693514.0,15693601.0,100773396480
2025-11-06 15:33:00,15686576.0,15686576.0,15686576.0,15686576.0,0
2025-11-06 15:34:00,15685234.0,15685234.0,15685234.0,15685234.0,0
2025-11-06 15:35:00,15666515.0,15666515.0,15666515.0,15666515.0,146931187712
2025-11-06 15:36:00,15657370.0,15657370.0,15657370.0,15657370.0,0
2025-11-06 15:37:00,15655430.0,15655430.0,15655430.0,15655430.0,0
2025-11-06 15:38:00,15641732.0,15641732.0,15641732.0,15641732.0,11961106432
2025-11-06 15:39:00,15627057.0,15627057.0,15627057.0,15627057.0,21217935360
2025-11-06 15:40:00,15633275.0,15633275.0,15633275.0,15633275.0,0
2025-11-06 15:42:00,15599500.0,15599500.0,15599500.0,15599500.0,0
2025-11-06 15:43:00,15605594.0,15605594.0,15605594.0,15605594.0,1728053248
2025-11-06 15:44:00,15612745.0,15612745.0,15612745.0,15612745.0,50162827264
2025-11-06 15:45:00,15628851.0,15628851.0,15628851.0,15628851.0,0
2025-11-06 15:46:00,15628711.0,15628711.0,15628711.0,15628711.0,0
2025-11-06 15:47:00,15605635.0,15605635.0,15595257.0,15595257.0,0
2025-11-06 15:48:00,15597005.0,15597005.0,15597005.0,15597005.0,999292928
2025-11-06 15:49:00,15588125.0,15588125.0,15588125.0,15588125.0,20281556992
2025-11-06 15:50:00,15576796.0,15576796.0,15576796.0,15576796.0,25840058368
2025-11-06 15:51:00,15581774.0,15581774.0,15581774.0,15581774.0,4785700864
2025-11-06 15:52:00,15583034.0,15583034.0,15583034.0,15583034.0,724566016
2025-11-06 15:53:00,15590629.0,15590629.0,15590629.0,15590629.0,5485101056
2025-11-06 15:54:00,15621286.0,15621286.0,15621286.0,15621286.0,7812939776
2025-11-06 15:56:00,15633731.0,15633731.0,15619916.0,15619916.0,37314625536
2025-11-06 15:57:00,15602528.0,15602528.0,15602528.0,15602528.0,16627269632
2025-11-06 15:58:00,15599909.0,15599909.0,15599909.0,15599909.0,0
2025-11-06 16:00:00,15610427.0,15610427.0,15610427.0,15610427.0,0
2025-11-06 16:01:00,15607675.0,15607675.0,15607675.0,15607675.0,38067503104
2025-11-06 16:02:00,15616096.0,15616096.0,15616096.0,15616096.0,0
2025-11-06 16:03:00,15612323.0,15612323.0,15612323.0,15612323.0,0
2025-11-06 16:04:00,15613566.0,15613566.0,15613566.0,15613566.0,547356672
2025-11-06 16:05:00,15616708.0,15616708.0,15616708.0,15616708.0,1814036480
2025-11-06 16:06:00,15625321.0,15652218.0,15625321.0,15652218.0,76459016192
2025-11-06 16:08:00,15653342.0,15653342.0,15653342.0,15653342.0,29183967232
2025-11-06 16:09:00,15643788.0,15643788.0,15643788.0,15643788.0,33603715072
2025-11-06 16:10:00,15633500.0,15633500.0,15633500.0,15633500.0,11508121600
2025-11-06 16:11:00,15620950.0,15620950.0,15620950.0,15620950.0,0
2025-11-06 16:12:00,15623445.0,15623445.0,15623445.0,15623445.0,1463812096
2025-11-06 16:14:00,15594740.0,15594740.0,15594740.0,15594740.0,0
2025-11-06 16:15:00,15591481.0,15591481.0,15591481.0,15591481.0,0
2025-11-06 16:16:00,15580251.0,15580251.0,15580251.0,15580251.0,32340180992
2025-11-06 16:17:00,15580264.0,15580264.0,15580264.0,15580264.0,195079176192
2025-11-06 16:18:00,15569103.0,15569103.0,15569103.0,15569103.0,20174602240
2025-11-06 16:19:00,15569016.0,15569016.0,15569016.0,15569016.0,0
2025-11-06 16:20:00,15558029.0,15558029.0,15558029.0,15558029.0,0
2025-11-06 16:21:00,15550137.0,15552053.0,15550137.0,15552053.0,193056473088
2025-11-06 16:22:00,15560208.0,15560208.0,15560208.0,15560208.0,28916580352
2025-11-06 16:23:00,15537649.0,15537649.0,15537649.0,15537649.0,29295116288
2025-11-06 16:24:00,15546821.0,15546821.0,15546821.0,15546821.0,0
2025-11-06 16:26:00,15553300.0,15553300.0,15553300.0,15553300.0,0
2025-11-06 16:27:00,15562783.0,15562783.0,15562783.0,15562783.0,136664055808
2025-11-06 16:28:00,15573547.0,15573547.0,15573547.0,15573547.0,0
2025-11-06 16:29:00,15577544.0,15577544.0,15577544.0,15577544.0,41626370048
2025-11-06 16:30:00,15580120.0,15582656.0,15580120.0,15582656.0,118541516800
2025-11-06 16:31:00,15555108.0,15555108.0,15555108.0,15555108.0,0
2025-11-06 16:33:00,15549529.0,15549529.0,15536844.0,15536844.0,0
2025-11-06 16:34:00,15542291.0,15542291.0,15542291.0,15542291.0,32911654912
2025-11-06 16:35:00,15532974.0,15532974.0,15532974.0,15532974.0,0
2025-11-06 16:36:00,15527887.0,15527887.0,15527887.0,15527887.0,0
2025-11-06 16:38:00,15503915.0,15503915.0,15503915.0,15503915.0,0
2025-11-06 16:39:00,15496224.0,15496224.0,15496224.0,15496224.0,7957643264
2025-11-06 16:40:00,15493339.0,15493339.0,15493339.0,15493339.0,22344105984
2025-11-06 16:41:00,15458220.0,15458220.0,15458220.0,15458220.0,60427337728
2025-11-06 16:42:00,15436559.0,15436559.0,15412051.0,15412051.0,0
2025-11-06 16:43:00,15375619.0,15375619.0,15375619.0,15375619.0,68079845376
2025-11-06 16:44:00,15355786.0,15355786.0,15355786.0,15355786.0,0
2025-11-06 16:45:00,15385961.0,15385961.0,15385961.0,15385961.0,33449574400
2025-11-06 16:46:00,15378353.0,15378353.0,15378353.0,15378353.0,70326943744
2025-11-06 16:47:00,15408981.0,15408981.0,15408981.0,15408981.0,0
2025-11-06 16:48:00,15402478.0,15402478.0,15402478.0,15402478.0,0
2025-11-06 16:50:00,15398840.0,15398840.0,15398840.0,15398840.0,68894588928
2025-11-06 16:51:00,15399868.0,15399868.0,15357164.0,15357164.0,0
2025-11-06 16:52:00,15391837.0,15391837.0,15391837.0,15391837.0,286864179200
2025-11-06 16:53:00,15439923.0,15439923.0,15439923.0,15439923.0,0
2025-11-06 16:54:00,15438397.0,15438397.0,15438397.0,15438397.0,0
2025-11-06 16:56:00,15463825.0,15463825.0,15431980.0,15431980.0,22705864704
2025-11-06 16:57:00,15405196.0,15405196.0,15405196.0,15405196.0,0
2025-11-06 16:58:00,15420732.0,15420732.0,15420732.0,15420732.0,33144438784
2025-11-06 16:59:00,15430777.0,15430777.0,15430777.0,15430777.0,13609467904
2025-11-06 17:00:00,15428370.0,15428370.0,15428370.0,15428370.0,0
2025-11-06 17:01:00,15442796.0,15442796.0,15442796.0,15442796.0,48779755520
2025-11-06 17:02:00,15443957.0,15443957.0,15443957.0,15443957.0,691011584
2025-11-06 17:04:00,15452128.0,15452128.0,15452128.0,15452128.0,23549968384
2025-11-06 17:05:00,15454336.0,15454336.0,15454336.0,15454336.0,1317011456
2025-11-06 17:06:00,15455092.0,15455092.0,15453324.0,15453324.0,0
2025-11-06 17:07:00,15454321.0,15454321.0,15454321.0,15454321.0,0
2025-11-06 17:08:00,15432705.0,15432705.0,15432705.0,15432705.0,161713487872
2025-11-06 17:09:00,15416905.0,15416905.0,15416905.0,15416905.0,0
2025-11-06 17:10:00,15458480.0,15458480.0,15458480.0,15458480.0,326612549632
2025-11-06 17:12:00,15501935.0,15501935.0,15501935.0,15501935.0,0
2025-11-06 17:13:00,15501044.0,15501044.0,15501044.0,15501044.0,0
2025-11-06 17:14:00,15468336.0,15468336.0,15468336.0,15468336.0,135902789632
2025-11-06 17:15:00,15466086.0,15466086.0,15435148.0,15435148.0,12789481472
2025-11-06 17:16:00,15429243.0,15429243.0,15429243.0,15429243.0,0
2025-11-06 17:17:00,15444349.0,15444349.0,15444349.0,15444349.0,0
2025-11-06 17:18:00,15437956.0,15437956.0,15437956.0,15437956.0,0
2025-11-06 17:19:00,15437981.0,15437981.0,15437981.0,15437981.0,14680064
2025-11-06 17:20:00,15440037.0,15440037.0,15440037.0,15440037.0,102792953856
2025-11-06 17:22:00,15434646.0,15434646.0,15434646.0,15434646.0,87709188096
2025-11-06 17:24:00,15433161.0,15433161.0,15433161.0,15433161.0,112331849728
2025-11-06 17:25:00,15433133.0,15433133.0,15433133.0,15433133.0,0
2025-11-06 17:26:00,15448385.0,15448385.0,15448385.0,15448385.0,0
2025-11-06 17:27:00,15457626.0,15457626.0,15457626.0,15457626.0,32774291456
2025-11-06 17:28:00,15468575.0,15468575.0,15468575.0,15468575.0,14852030464
2025-11-06 17:29:00,15494686.0,15494686.0,15494686.0,15494686.0,0
2025-11-06 17:30:00,15495591.0,15495591.0,15495591.0,15495591.0,542113792
2025-11-06 17:31:00,15498484.0,15498484.0,15498484.0,15498484.0,0
2025-11-06 17:32:00,15476291.0,15476291.0,15476291.0,15476291.0,0
2025-11-06 17:34:00,15495799.0,15495799.0,15495799.0,15495799.0,57402195968
2025-11-06 17:35:00,15492276.0,15492276.0,15492276.0,15492276.0,0
2025-11-06 17:36:00,15510133.0,15510133.0,15504029.0,15504029.0,23933747200
2025-11-06 17:37:00,15513326.0,15513326.0,15513326.0,15513326.0,5833228288
2025-11-06 17:38:00,15510468.0,15510468.0,15510468.0,15510468.0,0
2025-11-06 17:39:00,15490283.0,15490283.0,15490283.0,15490283.0,0
2025-11-06 17:40:00,15474076.0,15474076.0,15474076.0,15474076.0,18243125248
2025-11-06 17:42:00,15472922.0,15472922.0,15472922.0,15472922.0,0
2025-11-06 17:43:00,15474373.0,15474373.0,15474373.0,15474373.0,6765412352
2025-11-06 17:44:00,15475939.0,15491099.0,15475939.0,15491099.0,21536702464
2025-11-06 17:45:00,15488163.0,15488163.0,15488163.0,15488163.0,0
2025-11-06 17:46:00,15501768.0,15501768.0,15501768.0,15501768.0,11694768128
2025-11-06 17:47:00,15501768.0,15501768.0,15501768.0,15501768.0,0
2025-11-06 17:48:00,15528932.0,15528932.0,15528932.0,15528932.0,0
2025-11-06 17:49:00,15532820.0,15532820.0,15532820.0,15532820.0,2340421632
2025-11-06 17:50:00,15555180.0,15555180.0,15555180.0,15555180.0,0
2025-11-06 17:51:00,15576744.0,15576744.0,15576744.0,15576744.0,0
2025-11-06 17:52:00,15577001.0,15577001.0,15577001.0,15577001.0,155189248
2025-11-06 17:54:00,15574967.0,15574967.0,15574967.0,15574967.0,18226348032
2025-11-06 17:55:00,15577280.0,15577280.0,15577280.0,15577280.0,1388314624
2025-11-06 17:56:00,15576759.0,15576759.0,15576759.0,15576759.0,0
2025-11-06 17:57:00,15574754.0,15574754.0,15574754.0,15574754.0,0
2025-11-06 17:58:00,15561686.0,15561686.0,15561686.0,15561686.0,0
2025-11-06 17:59:00,15561317.0,15561317.0,15561317.0,15561317.0,2327838720
2025-11-06 18:00:00,15569426.0,15569426.0,15569426.0,15569426.0,28676456448
2025-11-06 18:01:00,15557255.0,15557255.0,15557255.0,15557255.0,248512512
2025-11-06 18:02:00,15562076.0,15562076.0,15562076.0,15562076.0,2897215488
2025-11-06 18:04:00,15562912.0,15562912.0,15562912.0,15562912.0,0
2025-11-06 18:06:00,15526282.0,15526282.0,15526282.0,15526282.0,242915213312
2025-11-06 18:07:00,15513709.0,15513709.0,15505695.0,15505695.0,105057878016
2025-11-06 18:08:00,15519176.0,15519176.0,15519176.0,15519176.0,0
2025-11-06 18:09:00,15512491.0,15512491.0,15512491.0,15512491.0,12975079424
2025-11-06 18:10:00,15510296.0,15510296.0,15510296.0,15510296.0,0
2025-11-06 18:11:00,15491788.0,15491788.0,15491788.0,15491788.0,109786955776
2025-11-06 18:12:00,15491471.0,15491471.0,15491471.0,15491471.0,0
2025-11-06 18:13:00,15493552.0,15493552.0,15493552.0,15493552.0,17366515712
2025-11-06 18:14:00,15495271.0,15495271.0,15495271.0,15495271.0,1045430272
2025-11-06 18:16:00,15499914.0,15499914.0,15499914.0,15499914.0,0
2025-11-06 18:17:00,15495635.0,15495635.0,15495635.0,15495635.0,114376572928
2025-11-06 18:18:00,15469495.0,15469495.0,15469495.0,15469495.0,0
2025-11-06 18:19:00,15451439.0,15451439.0,15451439.0,15451439.0,0
2025-11-06 18:20:00,15442520.0,15442520.0,15442520.0,15442520.0,20319305728
2025-11-06 18:21:00,15456165.0,15456165.0,15456165.0,15456165.0,0
2025-11-06 18:22:00,15456165.0,15456165.0,15456165.0,15456165.0,0
2025-11-06 18:23:00,15456557.0,15456557.0,15456557.0,15456557.0,10799284224
2025-11-06 18:24:00,15478959.0,15478959.0,15478959.0,15478959.0,0
2025-11-06 18:26:00,15490447.0,15490447.0,15490447.0,15490447.0,22473080832
2025-11-06 18:28:00,15500194.0,15524836.0,15500194.0,15524836.0,0
2025-11-06 18:29:00,15510656.0,15510656.0,15510656.0,15510656.0,15179186176
2025-11-06 18:30:00,15503948.0,15503948.0,15503948.0,15503948.0,4842323968
2025-11-06 18:32:00,15521751.0,15521751.0,15521751.0,15521751.0,0
2025-11-06 18:34:00,15523086.0,15538154.0,15523086.0,15538154.0,0
2025-11-06 18:35:00,15537390.0,15537390.0,15537390.0,15537390.0,14865661952
2025-11-06 18:36:00,15541663.0,15541663.0,15541663.0,15541663.0,10537140224
2025-11-06 18:37:00,15566486.0,15566486.0,15566486.0,15566486.0,0
2025-11-06 18:38:00,15567787.0,15567787.0,15567787.0,15567787.0,779091968
2025-11-06 18:40:00,15557882.0,15557882.0,15557882.0,15557882.0,15406727168
2025-11-06 18:41:00,15570292.0,15570292.0,15570292.0,15570292.0,0
2025-11-06 18:42:00,15552560.0,15552560.0,15552560.0,15552560.0,0
2025-11-06 18:43:00,15564766.0,15564766.0,15564766.0,15564766.0,11223957504
2025-11-06 18:44:00,15565500.0,15565500.0,15565500.0,15565500.0,440401920
2025-11-06 18:46:00,15555396.0,15555396.0,15555396.0,15555396.0,0
2025-11-06 18:48:00,15554098.0,15554098.0,15554098.0,15554098.0,9711910912
2025-11-06 18:49:00,15560321.0,15560321.0,15560321.0,15560321.0,0
2025-11-06 18:51:00,15616625.0,15616625.0,15616625.0,15616625.0,0
2025-11-06 18:52:00,15648213.0,15648213.0,15623826.0,15623826.0,12815695872
2025-11-06 18:53:00,15624249.0,15624249.0,15624249.0,15624249.0,252706816
2025-11-06 18:54:00,15624482.0,15624482.0,15624482.0,15624482.0,0
2025-11-06 18:55:00,15613749.0,15613749.0,15613749.0,15613749.0,2012217344
2025-11-06 18:56:00,15613980.0,15613980.0,15613980.0,15613980.0,137363456
2025-11-06 18:57:00,15572496.0,15572496.0,15572496.0,15572496.0,0
2025-11-06 18:58:00,15571755.0,15571755.0,15571755.0,15571755.0,0
2025-11-06 18:59:00,15576602.0,15576602.0,15576602.0,15576602.0,35517366272
2025-11-06 19:00:00,15565461.0,15565461.0,15565461.0,15565461.0,2624585728
2025-11-06 19:02:00,15554256.0,15566265.0,15554256.0,15566265.0,0
2025-11-06 19:04:00,15567382.0,15567382.0,15567382.0,15567382.0,650117120
2025-11-06 19:05:00,15562150.0,15562150.0,15562150.0,15562150.0,263756709888
2025-11-06 19:06:00,15562375.0,15562375.0,15562375.0,15562375.0,134217728
2025-11-06 19:07:00,15584238.0,15584238.0,15584238.0,15584238.0,1965031424
2025-11-06 19:08:00,15584190.0,15584190.0,15584190.0,15584190.0,0
2025-11-06 19:09:00,15582519.0,15582519.0,15582519.0,15582519.0,0
2025-11-06 19:10:00,15575798.0,15575798.0,15575798.0,15575798.0,0
2025-11-06 19:12:00,15574472.0,15582911.0,15574472.0,15582911.0,20769144832
2025-11-06 19:13:00,15583901.0,15583901.0,15583901.0,15583901.0,11040456704
2025-11-06 19:14:00,15584759.0,15584759.0,15584759.0,15584759.0,513802240
2025-11-06 19:16:00,15600076.0,15600076.0,15600076.0,15600076.0,0
2025-11-06 19:17:00,15605782.0,15605782.0,15605782.0,15605782.0,0
2025-11-06 19:18:00,15592197.0,15592197.0,15592197.0,15592197.0,140957974528
2025-11-06 19:19:00,15591995.0,15591995.0,15591995.0,15591995.0,0
2025-11-06 19:20:00,15581835.0,15581835.0,15581835.0,15581835.0,0
2025-11-06 19:21:00,15580456.0,15580456.0,15580456.0,15580456.0,142244577280
2025-11-06 19:22:00,15581563.0,15581563.0,15581563.0,15581563.0,671088640
2025-11-06 19:23:00,15576117.0,15576117.0,15576117.0,15576117.0,0
2025-11-06 19:24:00,15574077.0,15574077.0,15574077.0,15574077.0,12286164992
2025-11-06 19:25:00,15573807.0,15573807.0,15573807.0,15573807.0,0
2025-11-06 19:26:00,15573637.0,15573637.0,15573637.0,15573637.0,0
2025-11-06 19:28:00,15570817.0,15574739.0,15570817.0,15574739.0,248094130176
2025-11-06 19:30:00,15586547.0,15586547.0,15586547.0,15586547.0,0
2025-11-06 19:31:00,15572028.0,15572028.0,15572028.0,15572028.0,102976454656
2025-11-06 19:32:00,15571194.0,15571194.0,15566764.0,15566764.0,9008316416
2025-11-06 19:34:00,15576145.0,15576145.0,15576145.0,15576145.0,3436183552
2025-11-06 19:36:00,15564409.0,15564409.0,15562145.0,15562145.0,0
2025-11-06 19:38:00,15577364.0,15588475.0,15577364.0,15588475.0,0
2025-11-06 19:39:00,15591092.0,15591092.0,15591092.0,15591092.0,1583349760
2025-11-06 19:40:00,15590431.0,15590431.0,15590431.0,15590431.0,8012169216
2025-11-06 19:41:00,15542462.0,15542462.0,15542462.0,15542462.0,19650314240
2025-11-06 19:43:00,15508782.0,15508782.0,15508782.0,15508782.0,0
2025-11-06 19:44:00,15501557.0,15501557.0,15501557.0,15501557.0,0
2025-11-06 19:46:00,15528366.0,15528366.0,15528366.0,15528366.0,4665114624
2025-11-06 19:47:00,15528798.0,15528798.0,15528798.0,15528798.0,0
2025-11-06 19:49:00,15525023.0,15525023.0,15525023.0,15525023.0,6098518016
2025-11-06 19:50:00,15527419.0,15527419.0,15527419.0,15527419.0,1887436800
2025-11-06 19:51:00,15510842.0,15510842.0,15497927.0,15497927.0,0
2025-11-06 19:52:00,15511553.0,15511553.0,15511553.0,15511553.0,38643171328
2025-11-06 19:53:00,15510350.0,15510350.0,15510350.0,15510350.0,0
2025-11-06 19:54:00,15499467.0,15499467.0,15499467.0,15499467.0,0
2025-11-06 19:55:00,15502038.0,15502038.0,15502038.0,15502038.0,6584008704
2025-11-06 19:56:00,15512087.0,15512087.0,15512087.0,15512087.0,16618881024
2025-11-06 19:57:00,15506511.0,15506511.0,15506511.0,15506511.0,0
2025-11-06 19:58:00,15531043.0,15531043.0,15531043.0,15531043.0,9834594304
2025-11-06 19:59:00,15532250.0,15532250.0,15532250.0,15532250.0,727711744
2025-11-06 20:00:00,15542061.0,15542061.0,15542061.0,15542061.0,0
2025-11-06 20:01:00,15522095.0,15522095.0,15522095.0,15522095.0,48751443968
2025-11-06 20:02:00,15536522.0,15536522.0,15536522.0,15536522.0,103256424448
2025-11-06 20:04:00,15535884.0,15535884.0,15535884.0,15535884.0,0
2025-11-06 20:05:00,15536151.0,15536151.0,15536151.0,15536151.0,8501854208
2025-11-06 20:06:00,15533782.0,15533782.0,15533782.0,15533782.0,0
2025-11-06 20:07:00,15540339.0,15546864.0,15540339.0,15546864.0,7584350208
2025-11-06 20:08:00,15535825.0,15535825.0,15535825.0,15535825.0,0
2025-11-06 20:09:00,15532070.0,15538487.0,15532070.0,15538487.0,4909432832
2025-11-06 20:10:00,15525212.0,15525212.0,15525212.0,15525212.0,136565489664
2025-11-06 20:12:00,15525298.0,15525298.0,15525298.0,15525298.0,0
2025-11-06 20:13:00,15528814.0,15528814.0,15528814.0,15528814.0,20469252096
2025-11-06 20:14:00,15541727.0,15541727.0,15522098.0,15522098.0,0
2025-11-06 20:16:00,15504872.0,15504872.0,15504872.0,15504872.0,0
2025-11-06 20:17:00,15502356.0,15502356.0,15502356.0,15502356.0,4680843264
2025-11-06 20:18:00,15491535.0,15491535.0,15491535.0,15491535.0,0
2025-11-06 20:19:00,15482211.0,15482211.0,15482211.0,15482211.0,0
2025-11-06 20:20:00,15479762.0,15479762.0,15479762.0,15479762.0,0
2025-11-06 20:22:00,15483853.0,15483853.0,15483853.0,15483853.0,22461546496
2025-11-06 20:23:00,15494780.0,15494780.0,15494780.0,15494780.0,115791101952
2025-11-06 20:24:00,15496850.0,15501897.0,15496850.0,15501897.0,0
2025-11-06 20:25:00,15514235.0,15514235.0,15514235.0,15514235.0,74158440448
2025-11-06 20:26:00,15514335.0,15514335.0,15514335.0,15514335.0,2334130176
2025-11-06 20:27:00,15518917.0,15518917.0,15518917.0,15518917.0,0
2025-11-06 20:28:00,15522239.0,15522239.0,15522239.0,15522239.0,5684330496
2025-11-06 20:29:00,15501441.0,15501441.0,15501441.0,15501441.0,0
2025-11-06 20:30:00,15497835.0,15497835.0,15497835.0,15497835.0,23696769024
2025-11-06 20:31:00,15472670.0,15472670.0,15472670.0,15472670.0,0
2025-11-06 20:32:00,15472160.0,15472160.0,15453463.0,15453463.0,0
2025-11-06 20:34:00,15454596.0,15454596.0,15454596.0,15454596.0,0
2025-11-06 20:35:00,15459257.0,15459257.0,15459257.0,15459257.0,26133659648
2025-11-06 20:36:00,15477011.0,15477011.0,15477011.0,15477011.0,0
2025-11-06 20:37:00,15470553.0,15470553.0,15470553.0,15470553.0,0
2025-11-06 20:38:00,15462375.0,15462375.0,15462375.0,15462375.0,0
2025-11-06 20:39:00,15475329.0,15475329.0,15475329.0,15475329.0,11634999296
2025-11-06 20:41:00,15476182.0,15476182.0,15456115.0,15456115.0,118062317568
2025-11-06 20:42:00,15444324.0,15444324.0,15444324.0,15444324.0,0
2025-11-06 20:43:00,15443840.0,15443840.0,15443840.0,15443840.0,0
2025-11-06 20:44:00,15435368.0,15435368.0,15435368.0,15435368.0,28812771328
2025-11-06 20:45:00,15422384.0,15422384.0,15422384.0,15422384.0,1327497216
2025-11-06 20:46:00,15417437.0,15417437.0,15417437.0,15417437.0,0
2025-11-06 20:47:00,15430157.0,15430157.0,15412220.0,15412220.0,46887075840
2025-11-06 20:49:00,15426290.0,15426290.0,15426290.0,15426290.0,0
2025-11-06 20:50:00,15428860.0,15428860.0,15428860.0,15428860.0,0
2025-11-06 20:51:00,15435083.0,15435083.0,15435083.0,15435083.0,14696841216
2025-11-06 20:53:00,15439642.0,15439642.0,15439642.0,15439642.0,0
2025-11-06 20:54:00,15430177.0,15430177.0,15430177.0,15430177.0,640679936
2025-11-06 20:55:00,15441527.0,15441527.0,15440160.0,15440160.0,0
2025-11-06 20:56:00,15440478.0,15440478.0,15440478.0,15440478.0,15415115776
2025-11-06 20:57:00,15448728.0,15448728.0,15448728.0,15448728.0,0
2025-11-06 20:58:00,15457715.0,15457715.0,15457715.0,15457715.0,0
2025-11-06 20:59:00,15444439.0,15444439.0,15443966.0,15443966.0,20308819968
2025-11-06 21:01:00,15434919.0,15434919.0,15434919.0,15434919.0,8164212736
2025-11-06 21:02:00,15440628.0,15445802.0,15440628.0,15445802.0,97301561344
2025-11-06 21:04:00,15447215.0,15447215.0,15447215.0,15447215.0,7642021888
2025-11-06 21:05:00,15427986.0,15427986.0,15427986.0,15427986.0,0
2025-11-06 21:06:00,15415896.0,15415896.0,15415896.0,15415896.0,0
2025-11-06 21:07:00,15411088.0,15411088.0,15411088.0,15411088.0,15898509312
2025-11-06 21:08:00,15417799.0,15417799.0,15417799.0,15417799.0,5141168128
2025-11-06 21:10:00,15429871.0,15429871.0,15429871.0,15429871.0,0
2025-11-06 21:11:00,15425359.0,15425359.0,15422501.0,15422501.0,0
2025-11-06 21:12:00,15420110.0,15420110.0,15420110.0,15420110.0,137580511232
2025-11-06 21:13:00,15422525.0,15422525.0,15416214.0,15416214.0,0
2025-11-06 21:15:00,15409024.0,15409024.0,15409024.0,15409024.0,112973578240
2025-11-06 21:16:00,15392615.0,15392615.0,15392615.0,15392615.0,0
2025-11-06 21:17:00,15388006.0,15391261.0,15388006.0,15391261.0,1704984576
2025-11-06 21:19:00,15401418.0,15401418.0,15394664.0,15394664.0,14422114304
2025-11-06 21:22:00,15394835.0,15395906.0,15394835.0,15395906.0,0
2025-11-06 21:23:00,15389789.0,15389789.0,15389789.0,15389789.0,48880418816
2025-11-06 21:24:00,15386369.0,15386369.0,15386369.0,15386369.0,115488063488
2025-11-06 21:25:00,15391997.0,15391997.0,15391997.0,15391997.0,0
2025-11-06 21:26:00,15398601.0,15398601.0,15398601.0,15398601.0,6664749056
2025-11-06 21:27:00,15394763.0,15394763.0,15394763.0,15394763.0,0
2025-11-06 21:28:00,15391196.0,15391196.0,15391196.0,15391196.0,11497635840
2025-11-06 21:29:00,15421060.0,15421060.0,15421060.0,15421060.0,0
2025-11-06 21:31:00,15425359.0,15425359.0,15425359.0,15425359.0,0
2025-11-06 21:32:00,15431506.0,15431506.0,15431169.0,15431169.0,30891048960
2025-11-06 21:33:00,15432009.0,15432009.0,15432009.0,15432009.0,1297088512
2025-11-06 21:34:00,15434295.0,15434295.0,15434295.0,15434295.0,0
2025-11-06 21:36:00,15436899.0,15436899.0,15436899.0,15436899.0,19525533696
2025-11-06 21:37:00,15443335.0,15443335.0,15438669.0,15438669.0,16931356672
2025-11-06 21:38:00,15443777.0,15443777.0,15443777.0,15443777.0,2057306112
2025-11-06 21:39:00,15448804.0,15448804.0,15448804.0,15448804.0,3248488448
2025-11-06 21:40:00,15446840.0,15446840.0,15446840.0,15446840.0,0
2025-11-06 21:41:00,15444736.0,15444736.0,15444736.0,15444736.0,25454182400
2025-11-06 21:42:00,15447266.0,15447266.0,15447266.0,15447266.0,2677014528
2025-11-06 21:43:00,15450809.0,15450809.0,15450809.0,15450809.0,1342177280
2025-11-06 21:44:00,15477552.0,15477552.0,15477552.0,15477552.0,0
2025-11-06 21:45:00,15476012.0,15476012.0,15476012.0,15476012.0,0
2025-11-06 21:46:00,15463359.0,15463359.0,15463359.0,15463359.0,23884464128
2025-11-06 21:47:00,15456747.0,15456747.0,15449989.0,15449989.0,0
2025-11-06 21:49:00,15450350.0,15450350.0,15450350.0,15450350.0,0
2025-11-06 21:50:00,15438199.0,15438199.0,15438199.0,15438199.0,35326525440
2025-11-06 21:51:00,15435407.0,15435407.0,15435407.0,15435407.0,572522496
2025-11-06 21:52:00,15439697.0,15439697.0,15439697.0,15439697.0,0
2025-11-06 21:53:00,15469078.0,15469078.0,15469078.0,15469078.0,11661213696
2025-11-06 21:55:00,15481831.0,15481831.0,15481831.0,15481831.0,0
2025-11-06 21:56:00,15485208.0,15485208.0,15485208.0,15485208.0,0
2025-11-06 21:57:00,15481203.0,15481203.0,15481203.0,15481203.0,38083231744
2025-11-06 21:58:00,15485909.0,15485909.0,15480858.0,15480858.0,8701083648
2025-11-06 21:59:00,15468080.0,15468080.0,15468080.0,15468080.0,8825864192
2025-11-06 22:00:00,15470227.0,15470227.0,15470227.0,15470227.0,0
2025-11-06 22:01:00,15469235.0,15469235.0,15469235.0,15469235.0,9096396800
2025-11-06 22:02:00,15472036.0,15472036.0,15471606.0,15471606.0,0
2025-11-06 22:04:00,15477119.0,15477119.0,15477119.0,15477119.0,7648313344
2025-11-06 22:05:00,15483713.0,15495461.0,15483713.0,15495461.0,276770586624
2025-11-06 22:07:00,15506053.0,15506053.0,15506053.0,15506053.0,97187266560
2025-11-06 22:08:00,15507579.0,15507579.0,15507579.0,15507579.0,26202865664
2025-11-06 22:09:00,15501674.0,15501674.0,15501674.0,15501674.0,878706688
2025-11-06 22:11:00,15498068.0,15498068.0,15495735.0,15495735.0,16201547776
2025-11-06 22:12:00,15488540.0,15488540.0,15488540.0,15488540.0,0
2025-11-06 22:14:00,15485104.0,15485104.0,15474886.0,15474886.0,4675600384
2025-11-06 22:16:00,15470515.0,15470515.0,15470515.0,15470515.0,0
2025-11-06 22:17:00,15457318.0,15457318.0,15457318.0,15457318.0,121375817728
2025-11-06 22:18:00,15473210.0,15475626.0,15473210.0,15475626.0,0
2025-11-06 22:19:00,15473371.0,15473371.0,15473371.0,15473371.0,0
2025-11-06 22:20:00,15477532.0,15477532.0,15477532.0,15477532.0,20201865216
2025-11-06 22:21:00,15484354.0,15484354.0,15484354.0,15484354.0,126507548672
2025-11-06 22:22:00,15482629.0,15482629.0,15482629.0,15482629.0,0
2025-11-06 22:23:00,15495507.0,15497936.0,15495507.0,15497936.0,31988908032
2025-11-06 22:25:00,15494413.0,15494413.0,15494413.0,15494413.0,0
2025-11-06 22:27:00,15497941.0,15497941.0,15497941.0,15497941.0,16370368512
2025-11-06 22:28:00,15493639.0,15493639.0,15493639.0,15493639.0,118480699392
2025-11-06 22:29:00,15495045.0,15495045.0,15495045.0,15495045.0,0
2025-11-06 22:30:00,15465034.0,15476824.0,15465034.0,15476824.0,0
2025-11-06 22:31:00,15476545.0,15476545.0,15476545.0,15476545.0,0
2025-11-06 22:32:00,15471395.0,15485485.0,15471395.0,15485485.0,35245785088
2025-11-06 22:34:00,15494832.0,15494832.0,15494832.0,15494832.0,0
2025-11-06 22:35:00,15496666.0,15496666.0,15496666.0,15496666.0,52653195264
2025-11-06 22:36:00,15494536.0,15494536.0,15494536.0,15494536.0,0
2025-11-06 22:37:00,15489180.0,15489180.0,15489180.0,15489180.0,3972005888
2025-11-06 22:38:00,15478609.0,15478609.0,15478609.0,15478609.0,0
2025-11-06 22:39:00,15470545.0,15470545.0,15470545.0,15470545.0,110593310720
2025-11-06 22:41:00,15476073.0,15476349.0,15476073.0,15476349.0,15513681920
2025-11-06 22:42:00,15480469.0,15480469.0,15480469.0,15480469.0,2295332864
2025-11-06 22:43:00,15479240.0,15479240.0,15479240.0,15479240.0,0
2025-11-06 22:44:00,15480929.0,15480929.0,15480929.0,15480929.0,367113797632
2025-11-06 22:45:00,15480727.0,15480727.0,15480727.0,15480727.0,0
2025-11-06 22:46:00,15484835.0,15484835.0,15484835.0,15484835.0,8527020032
2025-11-06 22:47:00,15488026.0,15488026.0,15482846.0,15482846.0,0
2025-11-06 22:49:00,15478217.0,15478217.0,15478217.0,15478217.0,0
2025-11-06 22:50:00,15486544.0,15486544.0,15486544.0,15486544.0,0
2025-11-06 22:52:00,15497133.0,15497133.0,15497133.0,15497133.0,0
2025-11-06 22:53:00,15499316.0,15499316.0,15499316.0,15499316.0,0
2025-11-06 22:54:00,15505112.0,15505112.0,15505112.0,15505112.0,0
2025-11-06 22:55:00,15501589.0,15501589.0,15501589.0,15501589.0,0
2025-11-06 22:56:00,15507596.0,15507596.0,15507596.0,15507596.0,18020827136
2025-11-06 22:57:00,15511771.0,15511771.0,15511771.0,15511771.0,800063488
2025-11-06 22:59:00,15509810.0,15518467.0,15508071.0,15518467.0,771751936
2025-11-06 23:01:00,15519530.0,15519530.0,15519530.0,15519530.0,0
2025-11-06 23:02:00,15490842.0,15490842.0,15490842.0,15490842.0,0
2025-11-06 23:04:00,15489012.0,15489012.0,15489012.0,15489012.0,0
2025-11-06 23:05:00,15484983.0,15484983.0,15484983.0,15484983.0,116013400064
2025-11-06 23:06:00,15487145.0,15487145.0,15487145.0,15487145.0,0
2025-11-06 23:08:00,15497313.0,15497313.0,15497313.0,15497313.0,12458131456
2025-11-06 23:09:00,15497262.0,15498792.0,15497262.0,15498792.0,0
2025-11-06 23:10:00,15489183.0,15489183.0,15489183.0,15489183.0,125140205568
2025-11-06 23:11:00,15485641.0,15485641.0,15485641.0,15485641.0,3075473408
2025-11-06 23:12:00,15487338.0,15506790.0,15487338.0,15506790.0,673185792
2025-11-06 23:14:00,15508134.0,15508134.0,15508134.0,15508134.0,0
2025-11-06 23:15:00,15514510.0,15514510.0,15514510.0,15514510.0,9641656320
2025-11-06 23:17:00,15510436.0,15510436.0,15497774.0,15497774.0,0
2025-11-06 23:19:00,15491695.0,15491695.0,15491695.0,15491695.0,373163032576
2025-11-06 23:20:00,15481924.0,15481924.0,15481924.0,15481924.0,2185232384
2025-11-06 23:21:00,15474333.0,15474333.0,15474333.0,15474333.0,0
2025-11-06 23:22:00,15479840.0,15479840.0,15479840.0,15479840.0,25421676544
2025-11-06 23:23:00,15471463.0,15482596.0,15471463.0,15482596.0,18253611008
2025-11-06 23:25:00,15488855.0,15488855.0,15488855.0,15488855.0,0
2025-11-06 23:26:00,15500127.0,15500127.0,15500127.0,15500127.0,171211489280
2025-11-06 23:27:00,15512851.0,15512851.0,15512851.0,15512851.0,1931476992
2025-11-06 23:28:00,15500493.0,15500493.0,15500493.0,15500493.0,0
2025-11-06 23:29:00,15484900.0,15484900.0,15484900.0,15484900.0,46285193216
2025-11-06 23:30:00,15481843.0,15481843.0,15481843.0,15481843.0,0
2025-11-06 23:31:00,15489927.0,15489927.0,15489927.0,15489927.0,0
2025-11-06 23:33:00,15489122.0,15489122.0,15477274.0,15477274.0,29408362496
2025-11-06 23:34:00,15475552.0,15484375.0,15475552.0,15484375.0,26730299392
2025-11-06 23:36:00,15481806.0,15481806.0,15481806.0,15481806.0,0
2025-11-06 23:37:00,15480138.0,15480138.0,15480138.0,15480138.0,3171942400
2025-11-06 23:38:00,15478943.0,15478943.0,15478943.0,15478943.0,0
2025-11-06 23:40:00,15481930.0,15481930.0,15481930.0,15481930.0,8363442176
2025-11-06 23:41:00,15464489.0,15465560.0,15464489.0,15465560.0,0
2025-11-06 23:43:00,15464817.0,15464817.0,15464817.0,15464817.0,0
2025-11-06 23:44:00,15465818.0,15465818.0,15465818.0,15465818.0,2222981120
2025-11-06 23:45:00,15466057.0,15466057.0,15466057.0,15466057.0,0
2025-11-06 23:46:00,15474573.0,15482113.0,15474573.0,15482113.0,17112760320
2025-11-06 23:47:00,15478825.0,15478825.0,15478825.0,15478825.0,0
2025-11-06 23:49:00,15479399.0,15479399.0,15479399.0,15479399.0,20271071232
2025-11-06 23:51:00,15479323.0,15479323.0,15476974.0,15476974.0,0
2025-11-06 23:52:00,15478541.0,15478541.0,15478541.0,15478541.0,12646875136
2025-11-06 23:53:00,15478621.0,15478621.0,15478621.0,15478621.0,4491051008
2025-11-06 23:54:00,15481786.0,15481786.0,15481786.0,15481786.0,5231345664
2025-11-06 23:55:00,15488257.0,15488257.0,15488257.0,15488257.0,3550478336
2025-11-06 23:56:00,15496812.0,15496812.0,15496812.0,15496812.0,7831814144
2025-11-06 23:57:00,15495948.0,15495948.0,15495948.0,15495948.0,0
2025-11-06 23:58:00,15494542.0,15494542.0,15494542.0,15494542.0,1477443584
2025-11-07 00:00:00,15491138.0,15491138.0,15491138.0,15491138.0,0
2025-11-07 00:02:00,15482367.0,15491616.0,15482367.0,15491616.0,0
2025-11-07 00:03:00,15491616.0,15491616.0,15491616.0,15491616.0,0
2025-11-07 00:04:00,15521789.0,15521789.0,15521789.0,15521789.0,0
2025-11-07 00:05:00,15525523.0,15525523.0,15525523.0,15525523.0,0
2025-11-07 00:07:00,15527979.0,15527979.0,15527979.0,15527979.0,238026752
2025-11-07 00:08:00,15541154.0,15541154.0,15541154.0,15541154.0,4003463168
2025-11-07 00:09:00,15540247.0,15548143.0,15540247.0,15548143.0,0
2025-11-07 00:11:00,15533661.0,15533661.0,15522716.0,15522716.0,276574502912
2025-11-07 00:12:00,15517975.0,15517975.0,15517975.0,15517975.0,0
2025-11-07 00:13:00,15517437.0,15517437.0,15517437.0,15517437.0,1453326336
2025-11-07 00:15:00,15478959.0,15489110.0,15478959.0,15489110.0,0
2025-11-07 00:16:00,15492435.0,15492435.0,15492435.0,15492435.0,2055208960
2025-11-07 00:17:00,15505596.0,15506589.0,15505596.0,15506589.0,17542676480
2025-11-07 00:19:00,15490900.0,15490900.0,15490900.0,15490900.0,132261085184
2025-11-07 00:20:00,15465786.0,15465786.0,15465786.0,15465786.0,0
2025-11-07 00:21:00,15455951.0,15455951.0,15455951.0,15455951.0,0
2025-11-07 00:23:00,15455752.0,15455752.0,15455752.0,15455752.0,0
2025-11-07 00:24:00,15452663.0,15452663.0,15452663.0,15452663.0,50467962880
2025-11-07 00:25:00,15452825.0,15457690.0,15452825.0,15457690.0,0
2025-11-07 00:27:00,15451630.0,15451630.0,15432441.0,15432441.0,0
2025-11-07 00:28:00,15434205.0,15434205.0,15434205.0,15434205.0,1094713344
2025-11-07 00:29:00,15426291.0,15426291.0,15426291.0,15426291.0,134592069632
2025-11-07 00:30:00,15417870.0,15417870.0,15417870.0,15417870.0,0
2025-11-07 00:31:00,15436778.0,15436778.0,15431026.0,15431026.0,0
2025-11-07 00:33:00,15428941.0,15428941.0,15428941.0,15428941.0,2181038080
2025-11-07 00:34:00,15445265.0,15445265.0,15445265.0,15445265.0,116980187136
2025-11-07 00:35:00,15464067.0,15490867.0,15464067.0,15490867.0,1167065088
2025-11-07 00:37:00,15509056.0,15509056.0,15509056.0,15509056.0,0
2025-11-07 00:38:00,15516778.0,15516778.0,15516778.0,15516778.0,0
2025-11-07 00:40:00,15517854.0,15517854.0,15517854.0,15517854.0,285069017088
2025-11-07 00:41:00,15500812.0,15501919.0,15500812.0,15501919.0,13181648896
2025-11-07 00:42:00,15505782.0,15505782.0,15505782.0,15505782.0,7047479296
2025-11-07 00:43:00,15508347.0,15508347.0,15508347.0,15508347.0,0
2025-11-07 00:44:00,15512679.0,15512679.0,15512679.0,15512679.0,0
2025-11-07 00:45:00,15516143.0,15516143.0,15516143.0,15516143.0,22922919936
2025-11-07 00:46:00,15515763.0,15515763.0,15515763.0,15515763.0,0
2025-11-07 00:47:00,15516063.0,15516063.0,15516063.0,15516063.0,24134025216
2025-11-07 00:49:00,15522095.0,15522095.0,15518930.0,15518930.0,3490709504
2025-11-07 00:50:00,15538643.0,15538643.0,15538643.0,15538643.0,12642680832
2025-11-07 00:51:00,15547593.0,15547593.0,15547593.0,15547593.0,0
2025-11-07 00:52:00,15542917.0,15542917.0,15542917.0,15542917.0,14193524736
2025-11-07 00:53:00,15546742.0,15546742.0,15546742.0,15546742.0,10876878848
2025-11-07 00:54:00,15549129.0,15549129.0,15549129.0,15549129.0,4358930432
2025-11-07 00:55:00,15544674.0,15544674.0,15544674.0,15544674.0,0
2025-11-07 00:56:00,15547999.0,15547999.0,15547999.0,15547999.0,14899216384
2025-11-07 00:57:00,15532076.0,15532076.0,15532076.0,15532076.0,16365125632
2025-11-07 00:58:00,15529775.0,15529775.0,15529775.0,15529775.0,119358357504
2025-11-07 01:00:00,15528201.0,15550423.0,15528201.0,15550423.0,0
2025-11-07 01:01:00,15540942.0,15540942.0,15540942.0,15540942.0,0
2025-11-07 01:02:00,15545548.0,15548242.0,15545548.0,15548242.0,1377828864
2025-11-07 01:04:00,15540789.0,15540789.0,15540789.0,15540789.0,0
2025-11-07 01:05:00,15545975.0,15545975.0,15545975.0,15545975.0,15274606592
2025-11-07 01:06:00,15545998.0,15545998.0,15545998.0,15545998.0,17088643072
2025-11-07 01:07:00,15534969.0,15534969.0,15534969.0,15534969.0,0
2025-11-07 01:08:00,15525462.0,15525462.0,15525462.0,15525462.0,201871851520
2025-11-07 01:10:00,15509185.0,15509185.0,15500005.0,15500005.0,0
2025-11-07 01:11:00,15494466.0,15494466.0,15487936.0,15487936.0,0
2025-11-07 01:13:00,15495114.0,15495114.0,15495114.0,15495114.0,96468992000
2025-11-07 01:14:00,15498891.0,15498891.0,15498891.0,15498891.0,0
2025-11-07 01:15:00,15526607.0,15526607.0,15526607.0,15526607.0,166225510400
2025-11-07 01:16:00,15525058.0,15525058.0,15525058.0,15525058.0,0
2025-11-07 01:17:00,15518349.0,15520396.0,15518349.0,15520396.0,296712404992
2025-11-07 01:20:00,15539373.0,15550700.0,15539373.0,15550700.0,3675258880
2025-11-07 01:21:00,15549067.0,15549067.0,15549067.0,15549067.0,0
2025-11-07 01:22:00,15554120.0,15554120.0,15554120.0,15554120.0,0
2025-11-07 01:23:00,15555780.0,15555780.0,15555780.0,15555780.0,0
2025-11-07 01:24:00,15557387.0,15557387.0,15557387.0,15557387.0,1005584384
2025-11-07 01:25:00,15610194.0,15610194.0,15610194.0,15610194.0,137693757440
2025-11-07 01:26:00,15609133.0,15609133.0,15609133.0,15609133.0,0
2025-11-07 01:27:00,15595933.0,15595933.0,15595933.0,15595933.0,0
2025-11-07 01:28:00,15590253.0,15590253.0,15590253.0,15590253.0,2543845376
2025-11-07 01:30:00,15577917.0,15577917.0,15577917.0,15577917.0,49770659840
2025-11-07 01:31:00,15580203.0,15580203.0,15580203.0,15580203.0,0
2025-11-07 01:32:00,15575153.0,15575153.0,15575153.0,15575153.0,133460656128
2025-11-07 01:33:00,15562035.0,15562035.0,15562035.0,15562035.0,0
2025-11-07 01:34:00,15552655.0,15552655.0,15552655.0,15552655.0,0
2025-11-07 01:35:00,15526099.0,15526099.0,15526099.0,15526099.0,189685301248
2025-11-07 01:36:00,15481851.0,15481851.0,15481851.0,15481851.0,0
2025-11-07 01:37:00,15460413.0,15460413.0,15460413.0,15460413.0,0
2025-11-07 01:38:00,15463516.0,15463516.0,15463516.0,15463516.0,15685648384
2025-11-07 01:39:00,15469102.0,15469102.0,15469102.0,15469102.0,0
2025-11-07 01:40:00,15486193.0,15486193.0,15486193.0,15486193.0,300884688896
2025-11-07 01:41:00,15496262.0,15496262.0,15496262.0,15496262.0,0
2025-11-07 01:43:00,15483624.0,15483624.0,15478894.0,15478894.0,0
2025-11-07 01:44:00,15485091.0,15485091.0,15485091.0,15485091.0,12527337472
2025-11-07 01:45:00,15489068.0,15489068.0,15489068.0,15489068.0,0
2025-11-07 01:46:00,15484445.0,15484445.0,15484445.0,15484445.0,216305500160
2025-11-07 01:47:00,15476908.0,15491664.0,15476908.0,15491664.0,0
2025-11-07 01:49:00,15473886.0,15473886.0,15473886.0,15473886.0,46666874880
2025-11-07 01:50:00,15468658.0,15468658.0,15468658.0,15468658.0,6042943488
2025-11-07 01:51:00,15462739.0,15462739.0,15462739.0,15462739.0,0
2025-11-07 01:52:00,15481183.0,15481183.0,15481183.0,15481183.0,176476389376
2025-11-07 01:53:00,15490767.0,15490767.0,15490767.0,15490767.0,37621858304
2025-11-07 01:55:00,15486911.0,15486911.0,15486911.0,15486911.0,2243952640
2025-11-07 01:56:00,15479761.0,15479761.0,15479761.0,15479761.0,0
2025-11-07 01:57:00,15489152.0,15495035.0,15489152.0,15495035.0,0
2025-11-07 01:58:00,15495612.0,15495612.0,15495612.0,15495612.0,17215520768
2025-11-07 01:59:00,15521316.0,15521316.0,15521316.0,15521316.0,384733020160
2025-11-07 02:00:00,15532524.0,15532524.0,15532524.0,15532524.0,0
2025-11-07 02:01:00,15539564.0,15539564.0,15539564.0,15539564.0,456257437696
2025-11-07 02:02:00,15541629.0,15541629.0,15541629.0,15541629.0,0
2025-11-07 02:04:00,15535043.0,15535043.0,15531236.0,15531236.0,247433527296
2025-11-07 02:05:00,15531538.0,15531538.0,15531538.0,15531538.0,10539237376
2025-11-07 02:06:00,15526957.0,15526957.0,15526957.0,15526957.0,0
2025-11-07 02:07:00,15523925.0,15523925.0,15523925.0,15523925.0,36220960768
2025-11-07 02:08:00,15532037.0,15532037.0,15532037.0,15532037.0,22517121024
2025-11-07 02:09:00,15535003.0,15535297.0,15535003.0,15535297.0,15728640
2025-11-07 02:11:00,15546519.0,15546519.0,15546519.0,15546519.0,0
2025-11-07 02:13:00,15535396.0,15535396.0,15535396.0,15535396.0,0
2025-11-07 02:14:00,15538562.0,15538562.0,15538562.0,15538562.0,0
2025-11-07 02:16:00,15542514.0,15542514.0,15542514.0,15542514.0,15976103936
2025-11-07 02:17:00,15540708.0,15540708.0,15540708.0,15540708.0,5910822912
2025-11-07 02:18:00,15533600.0,15533600.0,15533600.0,15533600.0,46137344
2025-11-07 02:19:00,15546750.0,15546750.0,15546750.0,15546750.0,0
2025-11-07 02:20:00,15545067.0,15545067.0,15542850.0,15542850.0,0
2025-11-07 02:22:00,15540747.0,15540747.0,15540747.0,15540747.0,0
2025-11-07 02:23:00,15500223.0,15500223.0,15500223.0,15500223.0,77847330816
2025-11-07 02:24:00,15497770.0,15497770.0,15497770.0,15497770.0,0
2025-11-07 02:25:00,15509809.0,15509809.0,15509809.0,15509809.0,0
2025-11-07 02:27:00,15510802.0,15510802.0,15510802.0,15510802.0,633339904
2025-11-07 02:28:00,15507598.0,15507598.0,15507598.0,15507598.0,0
2025-11-07 02:29:00,15506328.0,15506328.0,15493765.0,15493765.0,17792237568
2025-11-07 02:30:00,15496014.0,15496014.0,15496014.0,15496014.0,1440743424
2025-11-07 02:31:00,15490772.0,15490772.0,15490772.0,15490772.0,22118662144
2025-11-07 02:32:00,15490419.0,15507292.0,15490419.0,15507292.0,137030008832
2025-11-07 02:34:00,15512013.0,15512013.0,15512013.0,15512013.0,3070230528
2025-11-07 02:35:00,15530091.0,15530091.0,15530091.0,15530091.0,0
2025-11-07 02:36:00,15529272.0,15529272.0,15529272.0,15529272.0,0
2025-11-07 02:37:00,15529128.0,15529128.0,15529128.0,15529128.0,15245246464
2025-11-07 02:38:00,15531259.0,15531259.0,15531259.0,15531259.0,1379926016
2025-11-07 02:39:00,15536010.0,15536010.0,15536010.0,15536010.0,30194794496
2025-11-07 02:40:00,15534816.0,15534816.0,15534816.0,15534816.0,0
2025-11-07 02:41:00,15541945.0,15541945.0,15541945.0,15541945.0,0
2025-11-07 02:43:00,15541181.0,15541181.0,15541181.0,15541181.0,0
2025-11-07 02:44:00,15540856.0,15540856.0,15540856.0,15540856.0,28410118144
2025-11-07 02:45:00,15543704.0,15543704.0,15543704.0,15543704.0,18618515456
2025-11-07 02:46:00,15545633.0,15545633.0,15545633.0,15545633.0,1257242624
2025-11-07 02:47:00,15552709.0,15552709.0,15552709.0,15552709.0,8550088704
2025-11-07 02:49:00,15558414.0,15558414.0,15558414.0,15558414.0,0
2025-11-07 02:50:00,15558203.0,15558203.0,15558203.0,15558203.0,0
2025-11-07 02:51:00,15566032.0,15566032.0,15566032.0,15566032.0,20137902080
2025-11-07 02:52:00,15566147.0,15566147.0,15566147.0,15566147.0,73400320
2025-11-07 02:53:00,15577105.0,15577105.0,15577105.0,15577105.0,0
2025-11-07 02:54:00,15575440.0,15575440.0,15575440.0,15575440.0,0
2025-11-07 02:55:00,15587891.0,15587891.0,15587891.0,15587891.0,197132288
2025-11-07 02:56:00,15588807.0,15588807.0,15588807.0,15588807.0,588251136
2025-11-07 02:57:00,15591215.0,15591215.0,15591215.0,15591215.0,10136584192
2025-11-07 03:00:00,15591111.0,15591111.0,15591111.0,15591111.0,11690573824
2025-11-07 03:01:00,15590561.0,15603562.0,15590561.0,15603562.0,24593301504
2025-11-07 03:02:00,15604713.0,15627115.0,15604713.0,15627115.0,4760535040
2025-11-07 03:04:00,15626515.0,15626515.0,15626515.0,15626515.0,0
2025-11-07 03:05:00,15642157.0,15642157.0,15642157.0,15642157.0,27433893888
2025-11-07 03:07:00,15648584.0,15648584.0,15648584.0,15648584.0,14797504512
2025-11-07 03:10:00,15662335.0,15662335.0,15662335.0,15662335.0,4380950528
2025-11-07 03:11:00,15661826.0,15661826.0,15660262.0,15660262.0,18692964352
2025-11-07 03:12:00,15659064.0,15659064.0,15659064.0,15659064.0,0
2025-11-07 03:13:00,15655267.0,15655267.0,15655267.0,15655267.0,38538313728
2025-11-07 03:14:00,15655446.0,15655446.0,15655446.0,15655446.0,115343360
2025-11-07 03:15:00,15667673.0,15667673.0,15667673.0,15667673.0,7111442432
2025-11-07 03:16:00,15667328.0,15667328.0,15667328.0,15667328.0,0
2025-11-07 03:17:00,15651232.0,15651232.0,15651232.0,15651232.0,20358103040
2025-11-07 03:19:00,15644321.0,15644321.0,15644321.0,15644321.0,5383389184
2025-11-07 03:20:00,15644336.0,15644336.0,15644336.0,15644336.0,9437184
2025-11-07 03:21:00,15650316.0,15650316.0,15650316.0,15650316.0,0
2025-11-07 03:22:00,15652606.0,15652606.0,15652606.0,15652606.0,1491075072
2025-11-07 03:23:00,15636241.0,15636241.0,15636241.0,15636241.0,3462397952
2025-11-07 03:24:00,15636304.0,15636304.0,15636304.0,15636304.0,40894464
2025-11-07 03:25:00,15645333.0,15645333.0,15645333.0,15645333.0,0
2025-11-07 03:26:00,15643436.0,15643436.0,15643436.0,15643436.0,0
2025-11-07 03:27:00,15643712.0,15645337.0,15643712.0,15645337.0,214026944512
2025-11-07 03:29:00,15644650.0,15644650.0,15644650.0,15644650.0,3682598912
2025-11-07 03:31:00,15643524.0,15643524.0,15643524.0,15643524.0,0
2025-11-07 03:32:00,15652275.0,15652275.0,15648578.0,15648578.0,4914675712
2025-11-07 03:34:00,15649452.0,15649452.0,15649452.0,15649452.0,569376768
2025-11-07 03:35:00,15633093.0,15633093.0,15633093.0,15633093.0,0
2025-11-07 03:36:00,15631779.0,15631779.0,15631779.0,15631779.0,0
2025-11-07 03:37:00,15639662.0,15639662.0,15639662.0,15639662.0,226933866496
2025-11-07 03:38:00,15638130.0,15638130.0,15638130.0,15638130.0,0
2025-11-07 03:39:00,15625514.0,15625514.0,15625514.0,15625514.0,0
2025-11-07 03:40:00,15624901.0,15624901.0,15624901.0,15624901.0,0
2025-11-07 03:41:00,15629046.0,15629046.0,15629046.0,15629046.0,23068672000
2025-11-07 03:42:00,15629190.0,15629190.0,15629190.0,15629190.0,92274688
2025-11-07 03:43:00,15626682.0,15626682.0,15626682.0,15626682.0,68115496960
2025-11-07 03:44:00,15624318.0,15624318.0,15624318.0,15624318.0,0
2025-11-07 03:45:00,15623786.0,15623786.0,15623786.0,15623786.0,138752819200
2025-11-07 03:46:00,15622659.0,15622659.0,15622659.0,15622659.0,0
2025-11-07 03:47:00,15605833.0,15605833.0,15605833.0,15605833.0,0
2025-11-07 03:49:00,15606027.0,15611846.0,15606027.0,15611846.0,9348055040
2025-11-07 03:50:00,15613747.0,15613747.0,15613747.0,15613747.0,1242562560
2025-11-07 03:51:00,15611446.0,15611446.0,15611446.0,15611446.0,0
2025-11-07 03:53:00,15603281.0,15603281.0,15603281.0,15603281.0,28228714496
2025-11-07 03:54:00,15603934.0,15603934.0,15603934.0,15603934.0,426770432
2025-11-07 03:55:00,15599771.0,15599771.0,15599771.0,15599771.0,3768582144
2025-11-07 03:56:00,15600763.0,15600763.0,15600763.0,15600763.0,649068544
2025-11-07 03:57:00,15599891.0,15599891.0,15599891.0,15599891.0,2413821952
2025-11-07 03:58:00,15597871.0,15597871.0,15597871.0,15597871.0,0
2025-11-07 03:59:00,15594766.0,15594766.0,15594766.0,15594766.0,0
2025-11-07 04:00:00,15595909.0,15595909.0,15595909.0,15595909.0,734003200
2025-11-07 04:02:00,15592124.0,15599311.0,15592124.0,15599311.0,393579855872
2025-11-07 04:04:00,15595308.0,15595308.0,15595308.0,15595308.0,0
2025-11-07 04:05:00,15582718.0,15582718.0,15582718.0,15582718.0,0
2025-11-07 04:06:00,15582591.0,15582591.0,15582591.0,15582591.0,0
2025-11-07 04:07:00,15558056.0,15558056.0,15558056.0,15558056.0,41949331456
2025-11-07 04:08:00,15559222.0,15559222.0,15559222.0,15559222.0,772800512
2025-11-07 04:09:00,15552994.0,15552994.0,15552994.0,15552994.0,0
2025-11-07 04:10:00,15556420.0,15556420.0,15556420.0,15556420.0,2268069888
2025-11-07 04:11:00,15549279.0,15549279.0,15549279.0,15549279.0,18374197248
2025-11-07 04:12:00,15548204.0,15548204.0,15548204.0,15548204.0,0
2025-11-07 04:13:00,15547950.0,15547950.0,15547950.0,15547950.0,8551137280
2025-11-07 04:14:00,15547168.0,15547168.0,15547168.0,15547168.0,0
2025-11-07 04:15:00,15542476.0,15542476.0,15542476.0,15542476.0,0
2025-11-07 04:16:00,15546222.0,15546222.0,15546222.0,15546222.0,2487222272
2025-11-07 04:17:00,15568774.0,15568774.0,15568774.0,15568774.0,13981712384
2025-11-07 04:19:00,15594043.0,15594043.0,15594043.0,15594043.0,30355226624
2025-11-07 04:20:00,15594077.0,15594077.0,15594077.0,15594077.0,23068672
2025-11-07 04:22:00,15586636.0,15586636.0,15586636.0,15586636.0,0
2025-11-07 04:23:00,15586497.0,15603896.0,15586497.0,15603896.0,24350031872
2025-11-07 04:24:00,15614499.0,15614499.0,15614499.0,15614499.0,0
2025-11-07 04:26:00,15613111.0,15613111.0,15613111.0,15613111.0,0
2025-11-07 04:27:00,15614754.0,15614754.0,15614754.0,15614754.0,101859721216
2025-11-07 04:28:00,15615419.0,15615419.0,15615419.0,15615419.0,445644800
2025-11-07 04:29:00,15614031.0,15614031.0,15614031.0,15614031.0,0
2025-11-07 04:30:00,15611779.0,15611779.0,15611779.0,15611779.0,0
2025-11-07 04:31:00,15607651.0,15607651.0,15607651.0,15607651.0,6991904768
2025-11-07 04:32:00,15606629.0,15606629.0,15606629.0,15606629.0,0
2025-11-07 04:33:00,15592593.0,15592593.0,15592593.0,15592593.0,0
2025-11-07 04:34:00,15592343.0,15592343.0,15592343.0,15592343.0,0
2025-11-07 04:35:00,15580443.0,15580443.0,15580443.0,15580443.0,25412239360
2025-11-07 04:36:00,15578113.0,15578113.0,15578113.0,15578113.0,0
2025-11-07 04:37:00,15580154.0,15580154.0,15580154.0,15580154.0,0
2025-11-07 04:38:00,15578036.0,15578036.0,15578036.0,15578036.0,0
2025-11-07 04:39:00,15575688.0,15575688.0,15575688.0,15575688.0,0
2025-11-07 04:40:00,15577337.0,15577337.0,15577337.0,15577337.0,1073741824
2025-11-07 04:41:00,15572825.0,15572825.0,15572825.0,15572825.0,149623406592
2025-11-07 04:42:00,15577175.0,15577306.0,15577175.0,15577306.0,103112769536
2025-11-07 04:44:00,15588893.0,15588893.0,15588893.0,15588893.0,170957733888
2025-11-07 04:46:00,15588198.0,15588198.0,15588198.0,15588198.0,0
2025-11-07 04:47:00,15586075.0,15586075.0,15584765.0,15584765.0,105189998592
2025-11-07 04:49:00,15582669.0,15582669.0,15582669.0,15582669.0,0
2025-11-07 04:50:00,15580323.0,15580323.0,15580323.0,15580323.0,117827436544
2025-11-07 04:51:00,15580300.0,15580300.0,15580300.0,15580300.0,0
2025-11-07 04:52:00,15582740.0,15582740.0,15582740.0,15582740.0,0
2025-11-07 04:53:00,15590670.0,15590670.0,15590670.0,15590670.0,0
2025-11-07 04:54:00,15586970.0,15586970.0,15586970.0,15586970.0,117415346176
2025-11-07 04:55:00,15584915.0,15584915.0,15584915.0,15584915.0,0
2025-11-07 04:56:00,15583569.0,15583569.0,15583569.0,15583569.0,0
2025-11-07 04:57:00,15592629.0,15592629.0,15592629.0,15592629.0,16148070400
2025-11-07 04:58:00,15599624.0,15599624.0,15599624.0,15599624.0,135371161600
2025-11-07 05:01:00,15614930.0,15614930.0,15614930.0,15614930.0,0
2025-11-07 05:02:00,15616289.0,15619605.0,15616289.0,15619605.0,0
2025-11-07 05:04:00,15625797.0,15625797.0,15625797.0,15625797.0,10022289408
2025-11-07 05:05:00,15625639.0,15625639.0,15625639.0,15625639.0,13051625472
2025-11-07 05:06:00,15646886.0,15646886.0,15646886.0,15646886.0,0
2025-11-07 05:07:00,15655301.0,15655301.0,15655301.0,15655301.0,10280239104
2025-11-07 05:08:00,15671782.0,15671782.0,15671782.0,15671782.0,17273192448
2025-11-07 05:09:00,15673444.0,15673444.0,15673444.0,15673444.0,1108344832
2025-11-07 05:10:00,15686152.0,15686152.0,15686152.0,15686152.0,0
2025-11-07 05:11:00,15684427.0,15684427.0,15684427.0,15684427.0,22316843008
2025-11-07 05:13:00,15683253.0,15683253.0,15679783.0,15679783.0,0
2025-11-07 05:14:00,15678004.0,15678004.0,15678004.0,15678004.0,0
2025-11-07 05:15:00,15672818.0,15672818.0,15672818.0,15672818.0,21008220160
2025-11-07 05:16:00,15680609.0,15680609.0,15680609.0,15680609.0,0
2025-11-07 05:17:00,15679811.0,15679811.0,15675103.0,15675103.0,0
2025-11-07 05:19:00,15677139.0,15677139.0,15677139.0,15677139.0,0
2025-11-07 05:20:00,15679442.0,15679442.0,15679442.0,15679442.0,31435259904
2025-11-07 05:21:00,15685365.0,15685365.0,15685365.0,15685365.0,227540992
2025-11-07 05:22:00,15671370.0,15671370.0,15671370.0,15671370.0,3968860160
2025-11-07 05:23:00,15664394.0,15664394.0,15664394.0,15664394.0,0
2025-11-07 05:25:00,15665671.0,15665671.0,15665671.0,15665671.0,64214794240
2025-11-07 05:26:00,15676165.0,15676165.0,15673275.0,15673275.0,0
2025-11-07 05:27:00,15667352.0,15667352.0,15667352.0,15667352.0,0
2025-11-07 05:29:00,15665332.0,15669287.0,15665332.0,15669287.0,0
2025-11-07 05:30:00,15669287.0,15669287.0,15669287.0,15669287.0,0
2025-11-07 05:31:00,15680736.0,15680736.0,15680736.0,15680736.0,56198430720
2025-11-07 05:32:00,15672177.0,15672177.0,15665016.0,15665016.0,100260642816
2025-11-07 05:34:00,15668838.0,15668838.0,15668838.0,15668838.0,11368660992
2025-11-07 05:36:00,15675066.0,15675066.0,15673899.0,15673899.0,17864589312
2025-11-07 05:37:00,15672647.0,15672647.0,15672647.0,15672647.0,0
2025-11-07 05:38:00,15670284.0,15670284.0,15670284.0,15670284.0,25474105344
2025-11-07 05:39:00,15674490.0,15674490.0,15674490.0,15674490.0,0
2025-11-07 05:40:00,15675416.0,15675416.0,15675416.0,15675416.0,0
2025-11-07 05:41:00,15676329.0,15676329.0,15676329.0,15676329.0,144941514752
2025-11-07 05:42:00,15677868.0,15677868.0,15677868.0,15677868.0,0
2025-11-07 05:43:00,15677638.0,15677638.0,15677638.0,15677638.0,0
2025-11-07 05:44:00,15677225.0,15677225.0,15677225.0,15677225.0,0
2025-11-07 05:46:00,15676903.0,15676903.0,15675636.0,15675636.0,23424139264
2025-11-07 05:47:00,15671190.0,15671190.0,15671190.0,15671190.0,0
2025-11-07 05:48:00,15671408.0,15671408.0,15671408.0,15671408.0,680525824
2025-11-07 05:49:00,15670143.0,15670143.0,15670143.0,15670143.0,0
2025-11-07 05:50:00,15671306.0,15671306.0,15671306.0,15671306.0,0
2025-11-07 05:51:00,15668510.0,15668510.0,15668510.0,15668510.0,0
2025-11-07 05:52:00,15675612.0,15675612.0,15675612.0,15675612.0,0
2025-11-07 05:53:00,15680154.0,15680154.0,15680154.0,15680154.0,10820255744
2025-11-07 05:54:00,15697950.0,15697950.0,15697950.0,15697950.0,0
2025-11-07 05:55:00,15699267.0,15699267.0,15699267.0,15699267.0,0
2025-11-07 05:56:00,15690986.0,15690986.0,15690986.0,15690986.0,174351974400
2025-11-07 05:58:00,15694575.0,15694575.0,15689211.0,15689211.0,0
2025-11-07 05:59:00,15701085.0,15701085.0,15701085.0,15701085.0,0
2025-11-07 06:00:00,15698572.0,15698572.0,15698572.0,15698572.0,124820389888
2025-11-07 06:01:00,15704291.0,15704291.0,15704291.0,15704291.0,0
2025-11-07 06:02:00,15703455.0,15703455.0,15703455.0,15703455.0,126877696
2025-11-07 06:03:00,15710946.0,15710946.0,15710946.0,15710946.0,20794310656
2025-11-07 06:04:00,15704826.0,15704826.0,15704826.0,15704826.0,127400935424
2025-11-07 06:05:00,15705828.0,15705828.0,15705828.0,15705828.0,0
2025-11-07 06:06:00,15700671.0,15700671.0,15700671.0,15700671.0,0
2025-11-07 06:07:00,15700686.0,15700686.0,15700686.0,15700686.0,10485760
2025-11-07 06:08:00,15690113.0,15690113.0,15690113.0,15690113.0,0
2025-11-07 06:10:00,15685505.0,15685505.0,15685049.0,15685049.0,0
2025-11-07 06:11:00,15683558.0,15683558.0,15683558.0,15683558.0,0
2025-11-07 06:12:00,15683658.0,15683658.0,15683658.0,15683658.0,284681043968
2025-11-07 06:13:00,15694405.0,15694405.0,15694405.0,15694405.0,7192182784
2025-11-07 06:14:00,15705076.0,15705076.0,15705076.0,15705076.0,31392268288
2025-11-07 06:15:00,15701480.0,15701480.0,15701480.0,15701480.0,0
2025-11-07 06:16:00,15695567.0,15695567.0,15695567.0,15695567.0,0
2025-11-07 06:17:00,15693305.0,15693305.0,15687084.0,15687084.0,2388656128
2025-11-07 06:20:00,15694008.0,15695422.0,15693673.0,15695422.0,0
2025-11-07 06:22:00,15699124.0,15699124.0,15699124.0,15699124.0,34721497088
2025-11-07 06:23:00,15700022.0,15700022.0,15700022.0,15700022.0,9540993024
2025-11-07 06:24:00,15710517.0,15710517.0,15710517.0,15710517.0,18324914176
2025-11-07 06:25:00,15715764.0,15715764.0,15715764.0,15715764.0,1240465408
2025-11-07 06:26:00,15710012.0,15710012.0,15710012.0,15710012.0,0
2025-11-07 06:27:00,15702404.0,15702404.0,15702404.0,15702404.0,149202927616
2025-11-07 06:29:00,15700394.0,15700394.0,15696032.0,15696032.0,1242562560
2025-11-07 06:30:00,15692521.0,15692521.0,15692521.0,15692521.0,0
2025-11-07 06:31:00,15683939.0,15683939.0,15683939.0,15683939.0,17948475392
2025-11-07 06:32:00,15673037.0,15673037.0,15673037.0,15673037.0,0
2025-11-07 06:33:00,15663139.0,15663139.0,15663139.0,15663139.0,0
2025-11-07 06:34:00,15669134.0,15669134.0,15669134.0,15669134.0,0
2025-11-07 06:35:00,15665967.0,15665967.0,15665967.0,15665967.0,157319954432
2025-11-07 06:36:00,15667305.0,15667305.0,15667305.0,15667305.0,0
2025-11-07 06:37:00,15664778.0,15664778.0,15664778.0,15664778.0,8334082048
2025-11-07 06:39:00,15668306.0,15668306.0,15668306.0,15668306.0,128277544960
2025-11-07 06:40:00,15666262.0,15666262.0,15666262.0,15666262.0,0
2025-11-07 06:41:00,15661838.0,15661838.0,15661838.0,15661838.0,1903165440
2025-11-07 06:42:00,15659251.0,15661650.0,15659251.0,15661650.0,121372672000
2025-11-07 06:43:00,15660035.0,15660035.0,15660035.0,15660035.0,0
2025-11-07 06:44:00,15658144.0,15658144.0,15658144.0,15658144.0,0
2025-11-07 06:45:00,15658144.0,15658144.0,15658144.0,15658144.0,0
2025-11-07 06:47:00,15659625.0,15659625.0,15656498.0,15656498.0,11855200256
2025-11-07 06:49:00,15656164.0,15656164.0,15656164.0,15656164.0,21600665600
2025-11-07 06:50:00,15659748.0,15659748.0,15659096.0,15659096.0,9085911040
2025-11-07 06:52:00,15653516.0,15653516.0,15653516.0,15653516.0,0
2025-11-07 06:53:00,15652412.0,15652412.0,15652412.0,15652412.0,0
2025-11-07 06:54:00,15651789.0,15651789.0,15651789.0,15651789.0,0
2025-11-07 06:55:00,15647405.0,15647405.0,15647405.0,15647405.0,17122197504
2025-11-07 06:56:00,15641105.0,15641105.0,15641105.0,15641105.0,0
2025-11-07 06:57:00,15638085.0,15638085.0,15638085.0,15638085.0,0
2025-11-07 06:58:00,15632597.0,15632597.0,15632597.0,15632597.0,0
2025-11-07 06:59:00,15635409.0,15635409.0,15635409.0,15635409.0,44427116544
2025-11-07 07:01:00,15633810.0,15633810.0,15631710.0,15631710.0,22676504576
2025-11-07 07:02:00,15628936.0,15642277.0,15628936.0,15642277.0,118070706176
2025-11-07 07:04:00,15641752.0,15641752.0,15641752.0,15641752.0,0
2025-11-07 07:05:00,15638685.0,15638685.0,15638685.0,15638685.0,0
2025-11-07 07:06:00,15634344.0,15634344.0,15634344.0,15634344.0,137585754112
2025-11-07 07:07:00,15627864.0,15627864.0,15627864.0,15627864.0,0
2025-11-07 07:08:00,15632260.0,15632260.0,15632260.0,15632260.0,138879696896
2025-11-07 07:09:00,15642751.0,15642751.0,15642751.0,15642751.0,3673161728
2025-11-07 07:10:00,15639761.0,15639761.0,15639761.0,15639761.0,0
2025-11-07 07:12:00,15641598.0,15641953.0,15641598.0,15641953.0,42742054912
2025-11-07 07:13:00,15638710.0,15638710.0,15638710.0,15638710.0,0
2025-11-07 07:14:00,15636664.0,15636664.0,15636664.0,15636664.0,0
2025-11-07 07:15:00,15634542.0,15634542.0,15634542.0,15634542.0,0
2025-11-07 07:16:00,15627920.0,15627920.0,15627920.0,15627920.0,0
2025-11-07 07:17:00,15637134.0,15637417.0,15637134.0,15637417.0,101958287360
2025-11-07 07:20:00,15639331.0,15639331.0,15638802.0,15638802.0,18469617664
2025-11-07 07:21:00,15636855.0,15636855.0,15636855.0,15636855.0,8327790592
2025-11-07 07:22:00,15640182.0,15640182.0,15640182.0,15640182.0,0
2025-11-07 07:23:00,15641364.0,15641364.0,15641364.0,15641364.0,0
2025-11-07 07:24:00,15635791.0,15635791.0,15635791.0,15635791.0,12831424512
2025-11-07 07:25:00,15630472.0,15630472.0,15630472.0,15630472.0,130166030336
2025-11-07 07:27:00,15614919.0,15614919.0,15606805.0,15606805.0,6658457600
2025-11-07 07:28:00,15601128.0,15601128.0,15601128.0,15601128.0,0
2025-11-07 07:29:00,15604151.0,15604151.0,15604151.0,15604151.0,52448722944
2025-11-07 07:30:00,15616939.0,15616939.0,15616939.0,15616939.0,8430551040
2025-11-07 07:31:00,15617626.0,15617626.0,15617626.0,15617626.0,0
2025-11-07 07:32:00,15618076.0,15618076.0,15618076.0,15618076.0,14640218112
2025-11-07 07:33:00,15616598.0,15616598.0,15616598.0,15616598.0,139056906240
2025-11-07 07:34:00,15608481.0,15608481.0,15608481.0,15608481.0,3106930688
2025-11-07 07:35:00,15590626.0,15590626.0,15590626.0,15590626.0,0
2025-11-07 07:36:00,15598882.0,15598882.0,15598882.0,15598882.0,8689549312
2025-11-07 07:37:00,15592481.0,15592481.0,15592481.0,15592481.0,1106247680
2025-11-07 07:38:00,15606025.0,15606025.0,15606025.0,15606025.0,8787066880
2025-11-07 07:39:00,15606699.0,15606699.0,15606699.0,15606699.0,0
2025-11-07 07:40:00,15610329.0,15610329.0,15610329.0,15610329.0,4903141376
2025-11-07 07:41:00,15614121.0,15614121.0,15614121.0,15614121.0,18584961024
2025-11-07 07:42:00,15610923.0,15610923.0,15610923.0,15610923.0,0
2025-11-07 07:44:00,15614900.0,15614900.0,15614900.0,15614900.0,0
2025-11-07 07:45:00,15620363.0,15620363.0,15620363.0,15620363.0,2250244096
2025-11-07 07:46:00,15619567.0,15619567.0,15619567.0,15619567.0,0
2025-11-07 07:47:00,15615297.0,15615297.0,15615297.0,15615297.0,0
2025-11-07 07:48:00,15617649.0,15617649.0,15617649.0,15617649.0,1900019712
2025-11-07 07:49:00,15624909.0,15626259.0,15624909.0,15626259.0,0
2025-11-07 07:51:00,15633792.0,15633792.0,15633792.0,15633792.0,125453729792
2025-11-07 07:52:00,15638851.0,15638851.0,15638851.0,15638851.0,1541406720
2025-11-07 07:53:00,15638423.0,15638423.0,15638423.0,15638423.0,0
2025-11-07 07:55:00,15638593.0,15638593.0,15638593.0,15638593.0,14562623488
2025-11-07 07:56:00,15646770.0,15646770.0,15640536.0,15640536.0,0
2025-11-07 07:57:00,15639004.0,15639004.0,15639004.0,15639004.0,0
2025-11-07 07:58:00,15638597.0,15638597.0,15638597.0,15638597.0,0
2025-11-07 07:59:00,15641448.0,15641448.0,15641448.0,15641448.0,67038609408
2025-11-07 08:00:00,15641218.0,15641218.0,15641218.0,15641218.0,1894776832
2025-11-07 08:02:00,15641236.0,15641236.0,15641236.0,15641236.0,90177536
2025-11-07 08:03:00,15639259.0,15639259.0,15636668.0,15636668.0,5366611968
2025-11-07 08:04:00,15630998.0,15630998.0,15630998.0,15630998.0,1149239296
2025-11-07 08:05:00,15636563.0,15636563.0,15636563.0,15636563.0,0
2025-11-07 08:06:00,15637314.0,15637314.0,15637314.0,15637314.0,0
2025-11-07 08:07:00,15637813.0,15637813.0,15637813.0,15637813.0,0
2025-11-07 08:08:00,15639795.0,15639795.0,15639795.0,15639795.0,34644951040
2025-11-07 08:09:00,15635692.0,15635692.0,15635692.0,15635692.0,0
2025-11-07 08:10:00,15636534.0,15636534.0,15636534.0,15636534.0,0
2025-11-07 08:11:00,15628795.0,15628795.0,15628795.0,15628795.0,135699365888
2025-11-07 08:12:00,15633436.0,15633436.0,15633436.0,15633436.0,0
2025-11-07 08:14:00,15629668.0,15629668.0,15628681.0,15628681.0,113540857856
2025-11-07 08:15:00,15625191.0,15625191.0,15625191.0,15625191.0,0
2025-11-07 08:16:00,15630012.0,15630012.0,15630012.0,15630012.0,374341632
2025-11-07 08:17:00,15633362.0,15633362.0,15629084.0,15629084.0,0
2025-11-07 08:19:00,15622890.0,15622890.0,15622890.0,15622890.0,0
2025-11-07 08:20:00,15626914.0,15626914.0,15626914.0,15626914.0,6261047296
2025-11-07 08:22:00,15621732.0,15621732.0,15615688.0,15615688.0,3433037824
2025-11-07 08:23:00,15612501.0,15612501.0,15603347.0,15603347.0,34402729984
2025-11-07 08:25:00,15603280.0,15603280.0,15603280.0,15603280.0,0
2025-11-07 08:26:00,15615737.0,15615737.0,15615737.0,15615737.0,36944478208
2025-11-07 08:27:00,15616104.0,15616104.0,15616104.0,15616104.0,0
2025-11-07 08:28:00,15621923.0,15621923.0,15621923.0,15621923.0,0
2025-11-07 08:29:00,15625465.0,15625465.0,15625465.0,15625465.0,49224351744
2025-11-07 08:30:00,15623826.0,15623826.0,15623826.0,15623826.0,0
2025-11-07 08:31:00,15622590.0,15622590.0,15622590.0,15622590.0,11391729664
2025-11-07 08:33:00,15617365.0,15617365.0,15613614.0,15613614.0,0
2025-11-07 08:34:00,15609148.0,15609148.0,15609148.0,15609148.0,0
2025-11-07 08:35:00,15594950.0,15594950.0,15594950.0,15594950.0,0
2025-11-07 08:36:00,15592180.0,15592180.0,15592180.0,15592180.0,0
2025-11-07 08:37:00,15588076.0,15588076.0,15588076.0,15588076.0,0
2025-11-07 08:38:00,15585233.0,15585233.0,15585233.0,15585233.0,15373172736
2025-11-07 08:40:00,15585553.0,15585553.0,15583786.0,15583786.0,23758635008
2025-11-07 08:41:00,15571848.0,15571848.0,15571848.0,15571848.0,1973420032
2025-11-07 08:42:00,15572410.0,15572410.0,15572410.0,15572410.0,0
2025-11-07 08:44:00,15576341.0,15576341.0,15576341.0,15576341.0,12896436224
2025-11-07 08:45:00,15575878.0,15575878.0,15575878.0,15575878.0,13612613632
2025-11-07 08:46:00,15585120.0,15585120.0,15585120.0,15585120.0,0
2025-11-07 08:47:00,15579718.0,15579718.0,15579718.0,15579718.0,22048407552
2025-11-07 08:49:00,15574414.0,15575068.0,15574414.0,15575068.0,171966464
2025-11-07 08:50:00,15574126.0,15574126.0,15574126.0,15574126.0,0
2025-11-07 08:51:00,15578402.0,15578402.0,15578402.0,15578402.0,7924088832
2025-11-07 08:52:00,15573875.0,15573875.0,15573875.0,15573875.0,1311768576
2025-11-07 08:53:00,15570021.0,15570021.0,15570021.0,15570021.0,0
2025-11-07 08:54:00,15571519.0,15571519.0,15571519.0,15571519.0,382730240
2025-11-07 08:55:00,15576258.0,15576258.0,15576258.0,15576258.0,22430089216
2025-11-07 08:57:00,15578669.0,15578669.0,15578669.0,15578669.0,0
2025-11-07 08:58:00,15575288.0,15576042.0,15575288.0,15576042.0,33682358272
2025-11-07 08:59:00,15575966.0,15575966.0,15575966.0,15575966.0,0
2025-11-07 09:00:00,15577486.0,15577486.0,15574627.0,15574627.0,117934391296
2025-11-07 09:02:00,15563330.0,15563330.0,15553139.0,15553139.0,0
2025-11-07 09:04:00,15553721.0,15553721.0,15553721.0,15553721.0,0
2025-11-07 09:05:00,15547411.0,15547411.0,15547411.0,15547411.0,0
2025-11-07 09:07:00,15544950.0,15548789.0,15544950.0,15548789.0,0
2025-11-07 09:08:00,15550212.0,15550212.0,15550212.0,15550212.0,21801992192
2025-11-07 09:09:00,15546686.0,15546686.0,15546686.0,15546686.0,0
2025-11-07 09:10:00,15533126.0,15533126.0,15533126.0,15533126.0,5322571776
2025-11-07 09:11:00,15530176.0,15530176.0,15530176.0,15530176.0,0
2025-11-07 09:12:00,15546081.0,15546081.0,15546081.0,15546081.0,0
2025-11-07 09:13:00,15556543.0,15556543.0,15556543.0,15556543.0,15582887936
2025-11-07 09:14:00,15556899.0,15556899.0,15552867.0,15552867.0,819986432
2025-11-07 09:16:00,15551486.0,15551486.0,15551486.0,15551486.0,0
2025-11-07 09:17:00,15552437.0,15555755.0,15552437.0,15555755.0,18200133632
2025-11-07 09:19:00,15560871.0,15560871.0,15560871.0,15560871.0,0
2025-11-07 09:20:00,15556814.0,15556814.0,15556814.0,15556814.0,0
2025-11-07 09:22:00,15555162.0,15567952.0,15555162.0,15567952.0,25843204096
2025-11-07 09:23:00,15546889.0,15546889.0,15546889.0,15546889.0,0
2025-11-07 09:24:00,15536038.0,15536038.0,15510190.0,15510190.0,0
2025-11-07 09:26:00,15507397.0,15507397.0,15507397.0,15507397.0,52515831808
2025-11-07 09:27:00,15501493.0,15501493.0,15501493.0,15501493.0,0
2025-11-07 09:28:00,15500584.0,15500584.0,15500584.0,15500584.0,0
2025-11-07 09:29:00,15497798.0,15497798.0,15497798.0,15497798.0,38813040640
2025-11-07 09:30:00,15494976.0,15494976.0,15494976.0,15494976.0,0
2025-11-07 09:32:00,15495260.0,15503446.0,15495260.0,15503446.0,47454355456
2025-11-07 09:34:00,15509966.0,15509966.0,15509966.0,15509966.0,0
2025-11-07 09:35:00,15505582.0,15505582.0,15505582.0,15505582.0,13496221696
2025-11-07 09:36:00,15495294.0,15495294.0,15495294.0,15495294.0,13694402560
2025-11-07 09:37:00,15487365.0,15487365.0,15487365.0,15487365.0,0
2025-11-07 09:38:00,15484238.0,15484238.0,15484238.0,15484238.0,18749587456
2025-11-07 09:39:00,15490258.0,15490258.0,15490258.0,15490258.0,21768437760
2025-11-07 09:40:00,15491781.0,15491781.0,15491781.0,15491781.0,0
2025-11-07 09:41:00,15479628.0,15479628.0,15479628.0,15479628.0,0
2025-11-07 09:42:00,15479546.0,15479546.0,15479546.0,15479546.0,0
2025-11-07 09:43:00,15482554.0,15482554.0,15482554.0,15482554.0,58317602816
2025-11-07 09:45:00,15476304.0,15485995.0,15476304.0,15485995.0,13533970432
2025-11-07 09:46:00,15485813.0,15485813.0,15485813.0,15485813.0,0
2025-11-07 09:47:00,15486393.0,15486393.0,15484432.0,15484432.0,8901361664
2025-11-07 09:49:00,15487391.0,15487391.0,15487391.0,15487391.0,0
2025-11-07 09:50:00,15487227.0,15489835.0,15487227.0,15489835.0,44279267328
2025-11-07 09:52:00,15490366.0,15490366.0,15490366.0,15490366.0,1203765248
2025-11-07 09:53:00,15480532.0,15480532.0,15480532.0,15480532.0,9196011520
2025-11-07 09:54:00,15481120.0,15481120.0,15481120.0,15481120.0,420478976
2025-11-07 09:55:00,15475970.0,15475970.0,15475970.0,15475970.0,1866465280
2025-11-07 09:56:00,15468397.0,15468397.0,15468397.0,15468397.0,0
2025-11-07 09:57:00,15478594.0,15478594.0,15478594.0,15478594.0,19508756480
2025-11-07 09:58:00,15489362.0,15489362.0,15489362.0,15489362.0,12383682560
2025-11-07 09:59:00,15487942.0,15487942.0,15487942.0,15487942.0,29527900160
2025-11-07 10:01:00,15483223.0,15494238.0,15483223.0,15494238.0,0
2025-11-07 10:02:00,15490709.0,15490709.0,15490709.0,15490709.0,7973371904
2025-11-07 10:03:00,15496669.0,15496669.0,15496669.0,15496669.0,0
2025-11-07 10:04:00,15521717.0,15521717.0,15521717.0,15521717.0,180330954752
2025-11-07 10:05:00,15520424.0,15520424.0,15520424.0,15520424.0,0
2025-11-07 10:06:00,15527650.0,15527650.0,15527650.0,15527650.0,0
2025-11-07 10:08:00,15527005.0,15527005.0,15527005.0,15527005.0,31566331904
2025-11-07 10:09:00,15510508.0,15510508.0,15506077.0,15506077.0,0
2025-11-07 10:10:00,15501564.0,15501564.0,15501564.0,15501564.0,0
2025-11-07 10:11:00,15499224.0,15499224.0,15496300.0,15496300.0,11306795008
2025-11-07 10:13:00,15493676.0,15493676.0,15493676.0,15493676.0,3524263936
2025-11-07 10:14:00,15492857.0,15492857.0,15492857.0,15492857.0,0
2025-11-07 10:15:00,15493125.0,15493125.0,15493125.0,15493125.0,0
2025-11-07 10:16:00,15489469.0,15489469.0,15489469.0,15489469.0,5074059264
2025-11-07 10:17:00,15470685.0,15470685.0,15464219.0,15464219.0,139252989952
2025-11-07 10:19:00,15454469.0,15454469.0,15454469.0,15454469.0,0
2025-11-07 10:20:00,15456304.0,15456304.0,15456304.0,15456304.0,54564749312
2025-11-07 10:22:00,15456968.0,15464867.0,15456968.0,15457315.0,119159128064
2025-11-07 10:24:00,15445108.0,15445108.0,15443910.0,15443910.0,0
2025-11-07 10:26:00,15437951.0,15437951.0,15437951.0,15437951.0,159437029376
2025-11-07 10:27:00,15437966.0,15437966.0,15437966.0,15437966.0,0
2025-11-07 10:28:00,15439328.0,15439328.0,15439328.0,15439328.0,8367636480
2025-11-07 10:29:00,15442412.0,15442412.0,15442412.0,15442412.0,11365515264
2025-11-07 10:30:00,15443877.0,15443877.0,15443877.0,15443877.0,4730126336
2025-11-07 10:31:00,15432445.0,15432445.0,15432445.0,15432445.0,0
2025-11-07 10:33:00,15434463.0,15434463.0,15434463.0,15434463.0,0
2025-11-07 10:34:00,15429451.0,15431933.0,15429451.0,15431933.0,56169070592
2025-11-07 10:35:00,15431808.0,15431808.0,15431808.0,15431808.0,0
2025-11-07 10:36:00,15438535.0,15438535.0,15438535.0,15438535.0,0
2025-11-07 10:37:00,15440214.0,15440214.0,15440214.0,15440214.0,0
2025-11-07 10:38:00,15448398.0,15448398.0,15448398.0,15448398.0,23599251456
2025-11-07 10:39:00,15448830.0,15448830.0,15448830.0,15448830.0,0
2025-11-07 10:41:00,15448944.0,15448944.0,15448944.0,15448944.0,13116637184
2025-11-07 10:42:00,15452516.0,15452516.0,15450472.0,15450472.0,0
2025-11-07 10:44:00,15452068.0,15452068.0,15452068.0,15452068.0,26736590848
2025-11-07 10:45:00,15455224.0,15455224.0,15455224.0,15455224.0,5239734272
2025-11-07 10:46:00,15470855.0,15470855.0,15470855.0,15470855.0,0
2025-11-07 10:47:00,15458020.0,15458020.0,15458020.0,15458020.0,11740905472
2025-11-07 10:48:00,15455294.0,15455294.0,15455294.0,15455294.0,0
2025-11-07 10:49:00,15460667.0,15460667.0,15460667.0,15460667.0,40746614784
2025-11-07 10:51:00,15457656.0,15457656.0,15441936.0,15441936.0,0
2025-11-07 10:52:00,15442410.0,15442410.0,15442410.0,15442410.0,342884352
2025-11-07 10:53:00,15443041.0,15443041.0,15443041.0,15443041.0,31308382208
2025-11-07 10:54:00,15416850.0,15416850.0,15416850.0,15416850.0,0
2025-11-07 10:55:00,15424041.0,15424041.0,15424041.0,15424041.0,61910024192
2025-11-07 10:56:00,15426751.0,15426751.0,15426751.0,15426751.0,35997614080
2025-11-07 10:57:00,15428508.0,15428508.0,15428508.0,15428508.0,0
2025-11-07 10:58:00,15437865.0,15437865.0,15437865.0,15437865.0,0
2025-11-07 10:59:00,15435493.0,15435493.0,15435493.0,15435493.0,38627442688
2025-11-07 11:01:00,15443365.0,15449105.0,15443365.0,15449105.0,0
2025-11-07 11:02:00,15441844.0,15441844.0,15441844.0,15441844.0,178415206400
2025-11-07 11:03:00,15436494.0,15436494.0,15436494.0,15436494.0,3098542080
2025-11-07 11:04:00,15430006.0,15430006.0,15430006.0,15430006.0,0
2025-11-07 11:05:00,15418876.0,15418876.0,15418876.0,15418876.0,150610116608
2025-11-07 11:06:00,15400445.0,15400445.0,15400445.0,15400445.0,0
2025-11-07 11:07:00,15399467.0,15399467.0,15399467.0,15399467.0,0
2025-11-07 11:08:00,15407645.0,15407645.0,15407645.0,15407645.0,134207242240
2025-11-07 11:09:00,15391234.0,15391234.0,15391234.0,15391234.0,0
2025-11-07 11:10:00,15390602.0,15390602.0,15390602.0,15390602.0,0
2025-11-07 11:12:00,15383106.0,15388529.0,15383106.0,15388529.0,25330450432
2025-11-07 11:13:00,15379359.0,15379359.0,15379359.0,15379359.0,3537895424
2025-11-07 11:14:00,15373186.0,15373186.0,15373186.0,15373186.0,14153678848
2025-11-07 11:15:00,15345105.0,15345105.0,15345105.0,15345105.0,0
2025-11-07 11:16:00,15329285.0,15329285.0,15329285.0,15329285.0,15781068800
2025-11-07 11:17:00,15314708.0,15314708.0,15314708.0,15314708.0,37792776192
2025-11-07 11:18:00,15319113.0,15319113.0,15319113.0,15319113.0,16876830720
2025-11-07 11:20:00,15344544.0,15344544.0,15339092.0,15339092.0,50691309568
2025-11-07 11:21:00,15332110.0,15332110.0,15332110.0,15332110.0,0
2025-11-07 11:22:00,15316492.0,15316492.0,15316492.0,15316492.0,0
2025-11-07 11:23:00,15336829.0,15336829.0,15318862.0,15318862.0,0
2025-11-07 11:24:00,15314851.0,15314851.0,15314851.0,15314851.0,16020144128
2025-11-07 11:26:00,15310302.0,15310302.0,15310302.0,15310302.0,21702377472
2025-11-07 11:27:00,15306882.0,15306882.0,15293667.0,15293667.0,0
2025-11-07 11:30:00,15285677.0,15285677.0,15285677.0,15285677.0,84066435072
2025-11-07 11:31:00,15301847.0,15306608.0,15301847.0,15306608.0,5298454528
2025-11-07 11:32:00,15317436.0,15317436.0,15317436.0,15317436.0,103682146304
2025-11-07 11:33:00,15299170.0,15299170.0,15299170.0,15299170.0,4691329024
2025-11-07 11:34:00,15290850.0,15292339.0,15290850.0,15292339.0,45490372608
2025-11-07 11:35:00,15293790.0,15293790.0,15293790.0,15293790.0,29254221824
2025-11-07 11:37:00,15303246.0,15303246.0,15303246.0,15303246.0,0
2025-11-07 11:38:00,15294984.0,15300090.0,15294984.0,15300090.0,43134222336
2025-11-07 11:40:00,15300861.0,15300861.0,15300861.0,15300861.0,0
2025-11-07 11:42:00,15306302.0,15306302.0,15306302.0,15306302.0,20402143232
2025-11-07 11:43:00,15332772.0,15334319.0,15319533.0,15334319.0,176943005696
2025-11-07 11:44:00,15331472.0,15331472.0,15331472.0,15331472.0,0
2025-11-07 11:46:00,15319915.0,15319915.0,15319915.0,15319915.0,0
2025-11-07 11:47:00,15333918.0,15333918.0,15333918.0,15333918.0,34412167168
2025-11-07 11:48:00,15334212.0,15334212.0,15334212.0,15334212.0,121785810944
2025-11-07 11:49:00,15326285.0,15326285.0,15326285.0,15326285.0,0
2025-11-07 11:50:00,15330150.0,15337391.0,15330150.0,15337391.0,154360872960
2025-11-07 11:53:00,15372536.0,15372536.0,15367730.0,15367730.0,25957498880
2025-11-07 11:54:00,15388565.0,15388565.0,15371811.0,15371811.0,13310623744
2025-11-07 11:56:00,15371086.0,15371086.0,15371086.0,15371086.0,35143024640
2025-11-07 11:57:00,15382030.0,15382030.0,15380311.0,15380311.0,0
2025-11-07 11:59:00,15365707.0,15365707.0,15365707.0,15365707.0,53093597184
2025-11-07 12:01:00,15361146.0,15361146.0,15361146.0,15361146.0,0
2025-11-07 12:02:00,15368340.0,15368340.0,15368340.0,15368340.0,8416919552
2025-11-07 12:03:00,15365971.0,15367794.0,15365971.0,15367794.0,260349886464
2025-11-07 12:04:00,15362256.0,15362256.0,15362256.0,15362256.0,24381489152
2025-11-07 12:05:00,15369445.0,15369445.0,15369445.0,15369445.0,0
2025-11-07 12:06:00,15379724.0,15379724.0,15379724.0,15379724.0,129074462720
2025-11-07 12:07:00,15393727.0,15393727.0,15391681.0,15391681.0,33532411904
2025-11-07 12:09:00,15389576.0,15389576.0,15388753.0,15388753.0,0
2025-11-07 12:12:00,15378023.0,15378023.0,15378023.0,15378023.0,0
2025-11-07 12:13:00,15376281.0,15376281.0,15356308.0,15356308.0,123536932864
2025-11-07 12:15:00,15348550.0,15348550.0,15348550.0,15348550.0,0
2025-11-07 12:16:00,15347115.0,15347115.0,15347115.0,15347115.0,0
2025-11-07 12:17:00,15348171.0,15348171.0,15346205.0,15346205.0,30804017152
2025-11-07 12:19:00,15343254.0,15343254.0,15336603.0,15336603.0,124543565824
2025-11-07 12:22:00,15328784.0,15328784.0,15316130.0,15316130.0,525336576
2025-11-07 12:24:00,15314664.0,15314664.0,15314562.0,15314562.0,0
2025-11-07 12:25:00,15302712.0,15302712.0,15302712.0,15302712.0,10649337856
2025-11-07 12:27:00,15307742.0,15307742.0,15307742.0,15307742.0,0
2025-11-07 12:28:00,15303952.0,15305505.0,15303952.0,15305505.0,125744185344
2025-11-07 12:30:00,15286741.0,15286741.0,15286741.0,15286741.0,0
2025-11-07 12:32:00,15294486.0,15294486.0,15271564.0,15273187.0,31299993600
2025-11-07 12:33:00,15268068.0,15268068.0,15268068.0,15268068.0,9369026560
2025-11-07 12:35:00,15270651.0,15279396.0,15270651.0,15279396.0,30261903360
2025-11-07 12:37:00,15280392.0,15280392.0,15272423.0,15272423.0,119388766208
2025-11-07 12:38:00,15275240.0,15275240.0,15275240.0,15275240.0,0
2025-11-07 12:39:00,15261725.0,15261725.0,15261725.0,15261725.0,0
2025-11-07 12:40:00,15269095.0,15269095.0,15269095.0,15269095.0,41041264640
2025-11-07 12:43:00,15271396.0,15275316.0,15256075.0,15275316.0,315725185024
2025-11-07 12:44:00,15260130.0,15260130.0,15260130.0,15260130.0,0
2025-11-07 12:46:00,15265003.0,15265003.0,15265003.0,15265003.0,131890937856
2025-11-07 12:47:00,15249344.0,15249344.0,15221994.0,15221994.0,3872391168
2025-11-07 12:49:00,15212963.0,15212963.0,15206911.0,15206911.0,0
2025-11-07 12:50:00,15221175.0,15221175.0,15221175.0,15221175.0,117887205376
2025-11-07 12:52:00,15220258.0,15220258.0,15220258.0,15220258.0,0
2025-11-07 12:53:00,15221010.0,15221010.0,15221010.0,15221010.0,10524557312
2025-11-07 12:54:00,15220322.0,15220322.0,15220322.0,15220322.0,0
2025-11-07 12:55:00,15217368.0,15217368.0,15217368.0,15217368.0,0
2025-11-07 12:57:00,15200706.0,15248902.0,15200706.0,15248902.0,156633137152
2025-11-07 12:59:00,15249213.0,15249213.0,15246414.0,15246414.0,15309209600
2025-11-07 13:01:00,15242249.0,15242249.0,15242249.0,15242249.0,0
2025-11-07 13:02:00,15236972.0,15236972.0,15232161.0,15232161.0,4502585344
2025-11-07 13:04:00,15231890.0,15231890.0,15231890.0,15231890.0,115535249408
2025-11-07 13:05:00,15216312.0,15226005.0,15216312.0,15226005.0,0
2025-11-07 13:07:00,15254623.0,15254623.0,15254623.0,15254623.0,120338776064
2025-11-07 13:08:00,15255698.0,15255865.0,15255698.0,15255865.0,44792020992
2025-11-07 13:09:00,15257082.0,15257082.0,15257082.0,15257082.0,0
2025-11-07 13:10:00,15272646.0,15272646.0,15272646.0,15272646.0,14864613376
2025-11-07 13:12:00,15314912.0,15314912.0,15297776.0,15297776.0,0
2025-11-07 13:13:00,15297915.0,15297915.0,15297915.0,15297915.0,111149056
2025-11-07 13:14:00,15300136.0,15300136.0,15300136.0,15300136.0,0
2025-11-07 13:16:00,15309865.0,15309865.0,15309865.0,15309865.0,471859200
2025-11-07 13:17:00,15308071.0,15308071.0,15289253.0,15289253.0,190850269184
2025-11-07 13:19:00,15289945.0,15289945.0,15289945.0,15289945.0,0
2025-11-07 13:21:00,15327471.0,15327471.0,15327471.0,15327471.0,30661410816
2025-11-07 13:22:00,15366791.0,15374427.0,15366791.0,15374427.0,28331474944
2025-11-07 13:24:00,15355024.0,15355024.0,15335721.0,15335721.0,0
2025-11-07 13:25:00,15340221.0,15340221.0,15340221.0,15340221.0,33554432000
2025-11-07 13:27:00,15342553.0,15361398.0,15342553.0,15361398.0,24729616384
2025-11-07 13:28:00,15346498.0,15346498.0,15346498.0,15346498.0,1317011456
2025-11-07 13:31:00,15331492.0,15331492.0,15323174.0,15323174.0,1330642944
2025-11-07 13:32:00,15336714.0,15336714.0,15336714.0,15336714.0,6624903168
2025-11-07 13:33:00,15335283.0,15339232.0,15335283.0,15339232.0,0
2025-11-07 13:34:00,15330664.0,15330664.0,15330664.0,15330664.0,506405584896
2025-11-07 13:35:00,15334831.0,15334831.0,15334831.0,15334831.0,0
2025-11-07 13:37:00,15346543.0,15350888.0,15346543.0,15350888.0,0
2025-11-07 13:39:00,15355289.0,15364251.0,15355289.0,15363501.0,0
2025-11-07 13:41:00,15350293.0,15350293.0,15350293.0,15350293.0,430155235328
2025-11-07 13:42:00,15349373.0,15349373.0,15349373.0,15349373.0,0
2025-11-07 13:44:00,15329576.0,15333629.0,15329576.0,15333629.0,166429982720
2025-11-07 13:46:00,15342332.0,15342332.0,15342332.0,15342332.0,0
2025-11-07 13:47:00,15355964.0,15355964.0,15355964.0,15355964.0,23528996864
2025-11-07 13:48:00,15371595.0,15371595.0,15371595.0,15371595.0,0
2025-11-07 13:49:00,15373840.0,15373840.0,15373840.0,15373840.0,5895094272
2025-11-07 13:50:00,15392767.0,15392767.0,15392523.0,15392523.0,17154703360
2025-11-07 13:52:00,15392036.0,15392036.0,15392036.0,15392036.0,0
2025-11-07 13:53:00,15405071.0,15405071.0,15399194.0,15399194.0,54443114496
2025-11-07 13:55:00,15411004.0,15411004.0,15405725.0,15405725.0,54443114496
2025-11-07 13:57:00,15393908.0,15393908.0,15393908.0,15393908.0,0
2025-11-07 13:58:00,15387962.0,15387962.0,15383105.0,15383105.0,17202937856
2025-11-07 13:59:00,15375340.0,15375340.0,15375340.0,15375340.0,0
2025-11-07 14:01:00,15377095.0,15377095.0,15377095.0,15377095.0,12802064384
2025-11-07 14:02:00,15385289.0,15385289.0,15368536.0,15368536.0,126437294080
2025-11-07 14:04:00,15364065.0,15364065.0,15364065.0,15364065.0,0
2025-11-07 14:05:00,15367110.0,15367110.0,15367110.0,15367110.0,6021971968
2025-11-07 14:07:00,15345877.0,15345877.0,15345877.0,15345877.0,0
2025-11-07 14:08:00,15331172.0,15331172.0,15328930.0,15328930.0,0
2025-11-07 14:09:00,15336836.0,15336836.0,15336836.0,15336836.0,37265342464
2025-11-07 14:10:00,15346135.0,15346135.0,15346135.0,15346135.0,137926541312
2025-11-07 14:12:00,15382935.0,15382935.0,15379397.0,15379397.0,0
2025-11-07 14:15:00,15387847.0,15387847.0,15387847.0,15387847.0,62046339072
2025-11-07 14:16:00,15397286.0,15397286.0,15380996.0,15380996.0,128863698944
2025-11-07 14:17:00,15357806.0,15357806.0,15357806.0,15357806.0,0
2025-11-07 14:18:00,15363545.0,15363545.0,15363545.0,15363545.0,0
2025-11-07 14:19:00,15363671.0,15363671.0,15363671.0,15363671.0,0
2025-11-07 14:20:00,15356740.0,15356972.0,15356740.0,15356972.0,6564085760
2025-11-07 14:22:00,15345755.0,15353301.0,15345755.0,15353301.0,0
2025-11-07 14:23:00,15353598.0,15353598.0,15353598.0,15353598.0,0
2025-11-07 14:25:00,15371017.0,15371017.0,15371017.0,15371017.0,145397645312
2025-11-07 14:27:00,15361467.0,15361467.0,15361467.0,15361467.0,12567183360
2025-11-07 14:28:00,15369011.0,15380261.0,15369011.0,15380261.0,8100249600
2025-11-07 14:29:00,15381383.0,15381383.0,15381383.0,15381383.0,0
2025-11-07 14:31:00,15375003.0,15375003.0,15375003.0,15375003.0,38202769408
2025-11-07 14:32:00,15349547.0,15349547.0,15349547.0,15349547.0,22235054080
2025-11-07 14:33:00,15362527.0,15362527.0,15362527.0,15362527.0,1599078400
2025-11-07 14:34:00,15361232.0,15361232.0,15330601.0,15330601.0,0
2025-11-07 14:36:00,15334598.0,15334598.0,15334598.0,15334598.0,0
2025-11-07 14:37:00,15318858.0,15318858.0,15318858.0,15318858.0,87072702464
2025-11-07 14:38:00,15286915.0,15286915.0,15260655.0,15260655.0,0
2025-11-07 14:40:00,15280464.0,15302210.0,15280464.0,15302210.0,247468130304
2025-11-07 14:42:00,15303313.0,15303313.0,15303313.0,15303313.0,924844032
2025-11-07 14:43:00,15307001.0,15307001.0,15307001.0,15307001.0,0
2025-11-07 14:44:00,15347579.0,15347579.0,15347579.0,15347579.0,549224185856
2025-11-07 14:46:00,15386331.0,15414850.0,15386331.0,15414850.0,0
2025-11-07 14:47:00,15425270.0,15425270.0,15425270.0,15425270.0,0
2025-11-07 14:48:00,15384954.0,15399173.0,15384954.0,15399173.0,253112614912
2025-11-07 14:49:00,15431791.0,15431791.0,15431791.0,15431791.0,160835829760
2025-11-07 14:51:00,15393154.0,15393154.0,15393154.0,15393154.0,15363735552
2025-11-07 14:52:00,15396658.0,15396658.0,15396658.0,15396658.0,0
2025-11-07 14:53:00,15387570.0,15387570.0,15387570.0,15387570.0,18785239040
2025-11-07 14:54:00,15422047.0,15422047.0,15422047.0,15422047.0,0
2025-11-07 14:55:00,15398090.0,15413090.0,15398090.0,15413090.0,46504345600
2025-11-07 14:57:00,15421150.0,15421150.0,15421150.0,15421150.0,0
2025-11-07 14:58:00,15438793.0,15438793.0,15438793.0,15438793.0,138139402240
2025-11-07 15:00:00,15433974.0,15436588.0,15433974.0,15436588.0,95811534848
2025-11-07 15:01:00,15425076.0,15425076.0,15425076.0,15425076.0,0
2025-11-07 15:02:00,15421863.0,15421863.0,15421863.0,15421863.0,0
2025-11-07 15:03:00,15392124.0,15392124.0,15392124.0,15392124.0,0
2025-11-07 15:04:00,15416803.0,15416803.0,15416803.0,15416803.0,14270070784
2025-11-07 15:06:00,15419306.0,15419306.0,15419306.0,15419306.0,11286872064
2025-11-07 15:07:00,15397283.0,15410594.0,15397283.0,15410594.0,0
2025-11-07 15:08:00,15374778.0,15374778.0,15374778.0,15374778.0,474032898048
2025-11-07 15:09:00,15368188.0,15368188.0,15368188.0,15368188.0,7849639936
2025-11-07 15:10:00,15386646.0,15438686.0,15386646.0,15438686.0,32201768960
2025-11-07 15:12:00,15477567.0,15477567.0,15454354.0,15454354.0,0
2025-11-07 15:14:00,15452729.0,15452729.0,15452729.0,15452729.0,0
2025-11-07 15:16:00,15485816.0,15485816.0,15485816.0,15485816.0,227185524736
2025-11-07 15:17:00,15499256.0,15499256.0,15499256.0,15499256.0,3361734656
2025-11-07 15:18:00,15482907.0,15482907.0,15464269.0,15464269.0,0
2025-11-07 15:20:00,15443972.0,15443972.0,15429736.0,15429736.0,134878330880
2025-11-07 15:22:00,15433558.0,15433961.0,15433558.0,15433961.0,15817768960
2025-11-07 15:23:00,15443133.0,15443133.0,15443133.0,15443133.0,4301258752
2025-11-07 15:25:00,15406670.0,15406670.0,15403439.0,15403439.0,38169214976
2025-11-07 15:27:00,15433906.0,15433906.0,15433906.0,15433906.0,8896118784
2025-11-07 15:28:00,15465470.0,15465470.0,15465470.0,15465470.0,0
2025-11-07 15:29:00,15471650.0,15471650.0,15471650.0,15471650.0,16434331648
2025-11-07 15:30:00,15461724.0,15461724.0,15461724.0,15461724.0,12255756288
2025-11-07 15:31:00,15457360.0,15457360.0,15457360.0,15457360.0,15651045376
2025-11-07 15:32:00,15455862.0,15457318.0,15455862.0,15457318.0,0
2025-11-07 15:34:00,15435826.0,15435826.0,15435826.0,15435826.0,0
2025-11-07 15:35:00,15416829.0,15416829.0,15410867.0,15410867.0,1596981248
2025-11-07 15:38:00,15421944.0,15421944.0,15421944.0,15421944.0,140506038272
2025-11-07 15:39:00,15423998.0,15423998.0,15408591.0,15408591.0,16421748736
2025-11-07 15:40:00,15364534.0,15364534.0,15364534.0,15364534.0,0
2025-11-07 15:41:00,15371935.0,15371935.0,15371935.0,15371935.0,0
2025-11-07 15:42:00,15397328.0,15397328.0,15389628.0,15389628.0,297172729856
2025-11-07 15:44:00,15389920.0,15389920.0,15386054.0,15386054.0,10870587392
2025-11-07 15:46:00,15408464.0,15408464.0,15408464.0,15408464.0,0
2025-11-07 15:47:00,15400381.0,15400381.0,15400381.0,15400381.0,42830135296
2025-11-07 15:48:00,15399566.0,15420215.0,15399566.0,15420215.0,128704315392
2025-11-07 15:50:00,15402929.0,15458198.0,15402929.0,15458198.0,0
2025-11-07 15:52:00,15459701.0,15459701.0,15458339.0,15458339.0,0
2025-11-07 15:53:00,15462435.0,15462435.0,15462435.0,15462435.0,0
2025-11-07 15:55:00,15452815.0,15452815.0,15452815.0,15452815.0,8885633024
2025-11-07 15:56:00,15459762.0,15459762.0,15459762.0,15459762.0,0
2025-11-07 15:57:00,15452449.0,15452449.0,15452449.0,15452449.0,22426943488
2025-11-07 15:58:00,15452712.0,15452712.0,15447345.0,15447345.0,200272773120
2025-11-07 15:59:00,15450078.0,15450078.0,15450078.0,15450078.0,1378877440
2025-11-07 16:01:00,15430749.0,15430749.0,15430749.0,15430749.0,0
2025-11-07 16:02:00,15426000.0,15426000.0,15426000.0,15426000.0,0
2025-11-07 16:03:00,15442004.0,15442004.0,15442004.0,15442004.0,6369050624
2025-11-07 16:05:00,15407045.0,15407045.0,15407045.0,15407045.0,6847201280
2025-11-07 16:06:00,15416076.0,15416076.0,15416076.0,15416076.0,0
2025-11-07 16:07:00,15436439.0,15436439.0,15436439.0,15436439.0,16349396992
2025-11-07 16:08:00,15430669.0,15430669.0,15418435.0,15418435.0,0
2025-11-07 16:10:00,15409691.0,15409691.0,15409691.0,15409691.0,0
2025-11-07 16:11:00,15413616.0,15433724.0,15413616.0,15433724.0,0
2025-11-07 16:13:00,15395639.0,15395639.0,15395639.0,15395639.0,813110919168
2025-11-07 16:14:00,15387374.0,15387374.0,15381513.0,15381513.0,0
2025-11-07 16:16:00,15382184.0,15382184.0,15382184.0,15382184.0,573571072
2025-11-07 16:17:00,15384077.0,15384077.0,15380349.0,15380349.0,4843372544
2025-11-07 16:18:00,15396266.0,15396266.0,15396266.0,15396266.0,7870611456
2025-11-07 16:20:00,15403341.0,15415452.0,15403341.0,15415452.0,29431431168
2025-11-07 16:22:00,15462390.0,15462390.0,15462390.0,15462390.0,10619977728
2025-11-07 16:23:00,15476766.0,15488054.0,15476766.0,15488054.0,0
2025-11-07 16:24:00,15509940.0,15509940.0,15509940.0,15509940.0,12940476416
2025-11-07 16:26:00,15503406.0,15503406.0,15503406.0,15503406.0,0
2025-11-07 16:27:00,15513826.0,15513826.0,15513826.0,15513826.0,52632223744
2025-11-07 16:28:00,15531500.0,15531500.0,15531500.0,15531500.0,0
2025-11-07 16:29:00,15524590.0,15537988.0,15524590.0,15537988.0,41192259584
2025-11-07 16:31:00,15532879.0,15532879.0,15532879.0,15532879.0,0
2025-11-07 16:32:00,15535423.0,15543004.0,15535423.0,15543004.0,66589818880
2025-11-07 16:33:00,15506152.0,15506152.0,15506152.0,15506152.0,0
2025-11-07 16:34:00,15496677.0,15496677.0,15496677.0,15496677.0,4566548480
2025-11-07 16:37:00,15507137.0,15507137.0,15473654.0,15473654.0,43774902272
2025-11-07 16:39:00,15473313.0,15474914.0,15473313.0,15474914.0,8969519104
2025-11-07 16:40:00,15476001.0,15476001.0,15476001.0,15476001.0,924844032
2025-11-07 16:42:00,15467413.0,15467413.0,15467413.0,15467413.0,0
2025-11-07 16:43:00,15469480.0,15482119.0,15469480.0,15482119.0,0
2025-11-07 16:46:00,15508413.0,15508413.0,15508413.0,15508413.0,0
2025-11-07 16:47:00,15508787.0,15508787.0,15505523.0,15505523.0,0
2025-11-07 16:48:00,15485047.0,15485906.0,15485047.0,15485906.0,0
2025-11-07 16:49:00,15485987.0,15485987.0,15485987.0,15485987.0,69206016
2025-11-07 16:51:00,15490114.0,15490114.0,15490114.0,15490114.0,19497222144
2025-11-07 16:52:00,15488744.0,15488744.0,15488744.0,15488744.0,8557428736
2025-11-07 16:53:00,15500043.0,15513392.0,15500043.0,15513392.0,0
2025-11-07 16:55:00,15512549.0,15512549.0,15512549.0,15512549.0,0
2025-11-07 16:57:00,15500673.0,15500673.0,15457916.0,15457916.0,0
2025-11-07 16:59:00,15449902.0,15449902.0,15449902.0,15449902.0,2992635904
2025-11-07 17:00:00,15453125.0,15453125.0,15453125.0,15453125.0,0
2025-11-07 17:01:00,15473362.0,15473362.0,15473362.0,15473362.0,145708023808
2025-11-07 17:02:00,15461085.0,15462436.0,15461085.0,15462436.0,0
2025-11-07 17:03:00,15479506.0,15479506.0,15479506.0,15479506.0,10633609216
2025-11-07 17:04:00,15476081.0,15476081.0,15476081.0,15476081.0,0
2025-11-07 17:05:00,15464561.0,15464561.0,15464561.0,15464561.0,40110129152
2025-11-07 17:07:00,15455946.0,15455946.0,15455883.0,15455883.0,0
2025-11-07 17:09:00,15444248.0,15444248.0,15444248.0,15444248.0,3193962496
2025-11-07 17:11:00,15458068.0,15458068.0,15458068.0,15458068.0,155189248
2025-11-07 17:12:00,15470221.0,15504654.0,15470221.0,15504654.0,135027228672
2025-11-07 17:13:00,15499154.0,15499154.0,15499154.0,15499154.0,0
2025-11-07 17:15:00,15533348.0,15533348.0,15533348.0,15533348.0,151524474880
2025-11-07 17:16:00,15554362.0,15554362.0,15554362.0,15554362.0,0
2025-11-07 17:17:00,15574499.0,15574499.0,15574499.0,15574499.0,0
2025-11-07 17:19:00,15581974.0,15581974.0,15581974.0,15581974.0,37054578688
2025-11-07 17:20:00,15580490.0,15580490.0,15563572.0,15563572.0,33260830720
2025-11-07 17:22:00,15568238.0,15568238.0,15568238.0,15568238.0,0
2025-11-07 17:23:00,15597420.0,15605366.0,15597420.0,15605366.0,33771487232
2025-11-07 17:24:00,15635002.0,15635002.0,15635002.0,15635002.0,0
2025-11-07 17:26:00,15643452.0,15643452.0,15643452.0,15643452.0,32620150784
2025-11-07 17:27:00,15654025.0,15670993.0,15654025.0,15670993.0,50694455296
2025-11-07 17:28:00,15672170.0,15672170.0,15672170.0,15672170.0,984612864
2025-11-07 17:31:00,15646011.0,15666218.0,15646011.0,15666218.0,0
2025-11-07 17:32:00,15674728.0,15683135.0,15674728.0,15683135.0,0
2025-11-07 17:33:00,15718697.0,15718697.0,15718697.0,15718697.0,2226126848
2025-11-07 17:34:00,15710558.0,15710558.0,15710558.0,15710558.0,66129494016
2025-11-07 17:35:00,15715744.0,15715744.0,15715744.0,15715744.0,11911823360
2025-11-07 17:37:00,15693428.0,15693428.0,15693428.0,15693428.0,0
2025-11-07 17:38:00,15685867.0,15685867.0,15685867.0,15685867.0,33954988032
2025-11-07 17:40:00,15690937.0,15690937.0,15662202.0,15662202.0,520788901888
2025-11-07 17:41:00,15643519.0,15643519.0,15643519.0,15643519.0,0
2025-11-07 17:42:00,15642429.0,15642429.0,15626067.0,15626067.0,0
2025-11-07 17:44:00,15633077.0,15633077.0,15629440.0,15629440.0,28787605504
2025-11-07 17:46:00,15627414.0,15627414.0,15627414.0,15627414.0,0
2025-11-07 17:47:00,15624966.0,15624966.0,15624966.0,15624966.0,45097156608
2025-11-07 17:48:00,15621006.0,15621006.0,15621006.0,15621006.0,6868172800
2025-11-07 17:49:00,15613208.0,15613208.0,15613208.0,15613208.0,202492608512
2025-11-07 17:50:00,15592915.0,15592915.0,15592915.0,15592915.0,10084155392
2025-11-07 17:52:00,15593900.0,15612275.0,15593900.0,15612275.0,0
2025-11-07 17:53:00,15599221.0,15599221.0,15599221.0,15599221.0,203363975168
2025-11-07 17:54:00,15609564.0,15609564.0,15609564.0,15609564.0,442499072
2025-11-07 17:55:00,15623852.0,15623852.0,15623852.0,15623852.0,0
2025-11-07 17:57:00,15649455.0,15652183.0,15649455.0,15652183.0,0
2025-11-07 17:58:00,15663246.0,15663246.0,15663246.0,15663246.0,251300675584
2025-11-07 18:01:00,15660324.0,15660324.0,15660324.0,15660324.0,0
2025-11-07 18:02:00,15664366.0,15664366.0,15663718.0,15663718.0,10218373120
2025-11-07 18:03:00,15674958.0,15674958.0,15674958.0,15674958.0,0
2025-11-07 18:04:00,15681251.0,15688258.0,15681251.0,15688258.0,213060157440
2025-11-07 18:05:00,15683127.0,15683127.0,15683127.0,15683127.0,126406885376
2025-11-07 18:07:00,15678679.0,15678679.0,15676071.0,15676071.0,20741881856
2025-11-07 18:10:00,15710083.0,15710904.0,15710083.0,15710904.0,0
2025-11-07 18:11:00,15710904.0,15710904.0,15710904.0,15710904.0,0
2025-11-07 18:12:00,15718754.0,15718754.0,15708626.0,15708626.0,307439337472
2025-11-07 18:14:00,15709692.0,15709692.0,15709692.0,15709692.0,52764344320
2025-11-07 18:16:00,15711170.0,15711170.0,15700994.0,15700994.0,235929600
2025-11-07 18:17:00,15673848.0,15673848.0,15673678.0,15673678.0,168388722688
2025-11-07 18:18:00,15690851.0,15690851.0,15690851.0,15690851.0,0
2025-11-07 18:19:00,15703592.0,15703592.0,15703592.0,15703592.0,19400753152
2025-11-07 18:20:00,15731715.0,15731715.0,15731715.0,15731715.0,0
2025-11-07 18:22:00,15733120.0,15733120.0,15699562.0,15699562.0,27376222208
2025-11-07 18:23:00,15678726.0,15678726.0,15678726.0,15678726.0,0
2025-11-07 18:25:00,15703631.0,15724252.0,15703631.0,15724252.0,0
2025-11-07 18:27:00,15716826.0,15716826.0,15716826.0,15716826.0,33126612992
2025-11-07 18:28:00,15720047.0,15720047.0,15718235.0,15718235.0,8838447104
2025-11-07 18:30:00,15718953.0,15718953.0,15718953.0,15718953.0,618659840
2025-11-07 18:31:00,15719108.0,15719108.0,15719108.0,15719108.0,0
2025-11-07 18:32:00,15717966.0,15718503.0,15717966.0,15718503.0,9679405056
2025-11-07 18:33:00,15735967.0,15735967.0,15735967.0,15735967.0,0
2025-11-07 18:35:00,15725824.0,15730224.0,15725824.0,15730224.0,84541440000
2025-11-07 18:37:00,15713582.0,15713582.0,15698436.0,15698436.0,97704214528
2025-11-07 18:39:00,15715667.0,15717177.0,15715667.0,15717177.0,0
2025-11-07 18:40:00,15718614.0,15718614.0,15718614.0,15718614.0,1245708288
2025-11-07 18:42:00,15724278.0,15724278.0,15716392.0,15716392.0,19008585728
2025-11-07 18:43:00,15715945.0,15715945.0,15715945.0,15715945.0,0
2025-11-07 18:45:00,15710117.0,15710117.0,15710117.0,15710117.0,127725993984
2025-11-07 18:46:00,15714365.0,15714365.0,15714365.0,15714365.0,0
2025-11-07 18:47:00,15707519.0,15707519.0,15692495.0,15692495.0,145700683776
2025-11-07 18:49:00,15680538.0,15688064.0,15680538.0,15686897.0,0
2025-11-07 18:52:00,15682036.0,15682036.0,15662272.0,15662272.0,31322013696
2025-11-07 18:53:00,15680851.0,15680851.0,15680851.0,15680851.0,0
2025-11-07 18:54:00,15684453.0,15684453.0,15684453.0,15684453.0,0
2025-11-07 18:55:00,15712662.0,15712662.0,15712662.0,15712662.0,17656971264
2025-11-07 18:57:00,15718321.0,15718321.0,15718321.0,15718321.0,0
2025-11-07 18:59:00,15715488.0,15716635.0,15715488.0,15716635.0,94999937024
2025-11-07 19:00:00,15724973.0,15724973.0,15706462.0,15706462.0,18601738240
2025-11-07 19:02:00,15708954.0,15724508.0,15708954.0,15724508.0,0
2025-11-07 19:04:00,15717949.0,15723856.0,15717949.0,15723856.0,5621415936
2025-11-07 19:06:00,15716954.0,15716954.0,15716954.0,15716954.0,3377463296
2025-11-07 19:07:00,15703751.0,15714039.0,15703751.0,15714039.0,0
2025-11-07 19:09:00,15711335.0,15711595.0,15711335.0,15711595.0,1678770176
2025-11-07 19:10:00,15704518.0,15704518.0,15704518.0,15704518.0,2024800256
2025-11-07 19:13:00,15704920.0,15723682.0,15702725.0,15723682.0,7014973440
2025-11-07 19:14:00,15728728.0,15728728.0,15728728.0,15728728.0,0
2025-11-07 19:16:00,15748493.0,15748493.0,15748493.0,15748493.0,13047431168
2025-11-07 19:17:00,15758110.0,15762949.0,15758110.0,15762949.0,0
2025-11-07 19:18:00,15745290.0,15745290.0,15745290.0,15745290.0,141580828672
2025-11-07 19:19:00,15756877.0,15756877.0,15756877.0,15756877.0,6021971968
2025-11-07 19:20:00,15743831.0,15743831.0,15743831.0,15743831.0,9555673088
2025-11-07 19:22:00,15760103.0,15760103.0,15760103.0,15760103.0,231735296
2025-11-07 19:23:00,15753574.0,15753574.0,15747682.0,15747682.0,5276434432
2025-11-07 19:25:00,15758064.0,15758980.0,15758064.0,15758980.0,2052063232
2025-11-07 19:27:00,15753213.0,15753213.0,15753213.0,15753213.0,0
2025-11-07 19:29:00,15762402.0,15765264.0,15762019.0,15765264.0,0
2025-11-07 19:31:00,15758736.0,15758736.0,15758736.0,15758736.0,24653070336
2025-11-07 19:32:00,15783513.0,15783513.0,15775775.0,15775775.0,0
2025-11-07 19:34:00,15779436.0,15779436.0,15770002.0,15770002.0,93424975872
2025-11-07 19:35:00,15780794.0,15780794.0,15780794.0,15780794.0,7448035328
2025-11-07 19:37:00,15778273.0,15778273.0,15778273.0,15778273.0,0
2025-11-07 19:38:00,15785562.0,15785562.0,15785562.0,15785562.0,0
2025-11-07 19:39:00,15797528.0,15797528.0,15797528.0,15797528.0,9525264384
2025-11-07 19:41:00,15828812.0,15828812.0,15828812.0,15828812.0,0
2025-11-07 19:42:00,15838815.0,15839477.0,15838815.0,15839477.0,489684992
2025-11-07 19:43:00,15830340.0,15830340.0,15830340.0,15830340.0,51160023040
2025-11-07 19:44:00,15842006.0,15842006.0,15842006.0,15842006.0,2744123392
2025-11-07 19:46:00,15844095.0,15844095.0,15844095.0,15844095.0,1835008000
2025-11-07 19:48:00,15844883.0,15844883.0,15843372.0,15843372.0,44475351040
2025-11-07 19:49:00,15833586.0,15840004.0,15833586.0,15840004.0,2580545536
2025-11-07 19:50:00,15833443.0,15833443.0,15833443.0,15833443.0,145900961792
2025-11-07 19:52:00,15825734.0,15826737.0,15825734.0,15826737.0,0
2025-11-07 19:53:00,15833384.0,15833384.0,15833384.0,15833384.0,14903410688
2025-11-07 19:54:00,15837810.0,15837810.0,15837810.0,15837810.0,0
2025-11-07 19:56:00,15836936.0,15836936.0,15836936.0,15836936.0,24354226176
2025-11-07 19:57:00,15838167.0,15838167.0,15838167.0,15838167.0,0
2025-11-07 19:58:00,15846844.0,15848378.0,15846844.0,15848378.0,140285837312
2025-11-07 20:00:00,15854589.0,15854589.0,15854589.0,15854589.0,0
2025-11-07 20:01:00,15870770.0,15870770.0,15870770.0,15870770.0,0
2025-11-07 20:02:00,15862908.0,15862908.0,15859881.0,15859881.0,0
2025-11-07 20:04:00,15866492.0,15867273.0,15866492.0,15867273.0,0
2025-11-07 20:06:00,15868524.0,15868524.0,15868524.0,15868524.0,0
2025-11-07 20:07:00,15826313.0,15826313.0,15820875.0,15820875.0,177361387520
2025-11-07 20:09:00,15797044.0,15823447.0,15797044.0,15823447.0,0
2025-11-07 20:10:00,15838892.0,15838892.0,15838892.0,15838892.0,170202759168
2025-11-07 20:12:00,15846948.0,15846948.0,15845554.0,15845554.0,0
2025-11-07 20:13:00,15858036.0,15858036.0,15858036.0,15858036.0,10775166976
2025-11-07 20:14:00,15853411.0,15853411.0,15853411.0,15853411.0,0
2025-11-07 20:17:00,15850245.0,15856581.0,15850245.0,15856581.0,0
2025-11-07 20:19:00,15842346.0,15842346.0,15838156.0,15838156.0,26781679616
2025-11-07 20:20:00,15840002.0,15840002.0,15840002.0,15840002.0,0
2025-11-07 20:22:00,15840107.0,15840107.0,15840107.0,15840107.0,10405019648
2025-11-07 20:23:00,15823964.0,15828075.0,15823964.0,15828075.0,0
2025-11-07 20:25:00,15827946.0,15827946.0,15819755.0,15819755.0,12658409472
2025-11-07 20:27:00,15801670.0,15801670.0,15801670.0,15801670.0,0
2025-11-07 20:28:00,15813562.0,15829872.0,15813562.0,15829872.0,10386145280
2025-11-07 20:30:00,15837416.0,15837416.0,15837416.0,15837416.0,0
2025-11-07 20:32:00,15846395.0,15856765.0,15846395.0,15856765.0,9287237632
2025-11-07 20:33:00,15861771.0,15861771.0,15861771.0,15861771.0,0
2025-11-07 20:35:00,15867903.0,15867903.0,15867903.0,15867903.0,0
2025-11-07 20:36:00,15876932.0,15876932.0,15876932.0,15876932.0,347171979264
2025-11-07 20:37:00,15872819.0,15873995.0,15872819.0,15873995.0,0
2025-11-07 20:38:00,15874794.0,15874794.0,15874794.0,15874794.0,674234368
2025-11-07 20:40:00,15873185.0,15873185.0,15873185.0,15873185.0,130857041920
2025-11-07 20:42:00,15879648.0,15893661.0,15879648.0,15893661.0,273883856896
2025-11-07 20:44:00,15908896.0,15908896.0,15904148.0,15904148.0,117466726400
2025-11-07 20:46:00,15920688.0,15920688.0,15920688.0,15920688.0,0
2025-11-07 20:47:00,15926793.0,15928066.0,15926793.0,15928066.0,56267636736
2025-11-07 20:48:00,15929018.0,15929018.0,15929018.0,15929018.0,831520768
2025-11-07 20:49:00,15915681.0,15915681.0,15915681.0,15915681.0,12521046016
2025-11-07 20:51:00,15906699.0,15906699.0,15906699.0,15906699.0,0
2025-11-07 20:53:00,15918469.0,15920470.0,15918020.0,15918020.0,0
2025-11-07 20:54:00,15916516.0,15916516.0,15916516.0,15916516.0,110974992384
2025-11-07 20:55:00,15906465.0,15906465.0,15906465.0,15906465.0,236516802560
2025-11-07 20:57:00,15913357.0,15922894.0,15913357.0,15922894.0,0
2025-11-07 20:58:00,15918979.0,15918979.0,15918979.0,15918979.0,1753219072
2025-11-07 20:59:00,15917423.0,15917423.0,15917423.0,15917423.0,0
2025-11-07 21:01:00,15920968.0,15920968.0,15920968.0,15920968.0,8791261184
2025-11-07 21:03:00,15892653.0,15895256.0,15892653.0,15895256.0,271290728448
2025-11-07 21:04:00,15890880.0,15890880.0,15887368.0,15887368.0,57726205952
2025-11-07 21:06:00,15866562.0,15866562.0,15866562.0,15866562.0,0
2025-11-07 21:07:00,15871962.0,15871962.0,15868106.0,15868106.0,0
2025-11-07 21:08:00,15870389.0,15870389.0,15870389.0,15870389.0,0
2025-11-07 21:09:00,15869153.0,15869153.0,15869153.0,15869153.0,753926144
2025-11-07 21:12:00,15863490.0,15867262.0,15863490.0,15867262.0,19793969152
2025-11-07 21:13:00,15864134.0,15867327.0,15864134.0,15867327.0,335835824128
2025-11-07 21:15:00,15866221.0,15866221.0,15866221.0,15866221.0,0
2025-11-07 21:17:00,15869034.0,15879664.0,15869034.0,15879664.0,0
2025-11-07 21:18:00,15881619.0,15881619.0,15881619.0,15881619.0,0
2025-11-07 21:19:00,15880202.0,15880202.0,15880202.0,15880202.0,0
2025-11-07 21:22:00,15881757.0,15881757.0,15875837.0,15876095.0,51048873984
2025-11-07 21:23:00,15878836.0,15878836.0,15878836.0,15878836.0,1047527424
2025-11-07 21:24:00,15875670.0,15875670.0,15875670.0,15875670.0,2733637632
2025-11-07 21:27:00,15863275.0,15868746.0,15863275.0,15868746.0,0
2025-11-07 21:30:00,15865694.0,15866486.0,15865694.0,15866486.0,1292894208
2025-11-07 21:31:00,15869090.0,15869090.0,15869090.0,15869090.0,3840933888
2025-11-07 21:32:00,15869665.0,15873608.0,15869665.0,15873608.0,0
2025-11-07 21:34:00,15875470.0,15877547.0,15875470.0,15877547.0,64035487744
2025-11-07 21:35:00,15874844.0,15874844.0,15874844.0,15874844.0,0
2025-11-07 21:38:00,15879830.0,15883197.0,15879830.0,15880052.0,0
2025-11-07 21:40:00,15876532.0,15876532.0,15876532.0,15876532.0,6197084160
2025-11-07 21:41:00,15869049.0,15869049.0,15869049.0,15869049.0,139745820672
2025-11-07 21:42:00,15865593.0,15865593.0,15865593.0,15865593.0,0
2025-11-07 21:43:00,15870843.0,15870843.0,15870843.0,15870843.0,0
2025-11-07 21:44:00,15877990.0,15877990.0,15877990.0,15877990.0,0
2025-11-07 21:46:00,15877923.0,15877923.0,15877923.0,15877923.0,0
2025-11-07 21:47:00,15873221.0,15874961.0,15873221.0,15874961.0,13065256960
2025-11-07 21:49:00,15871680.0,15871680.0,15869063.0,15869063.0,121596018688
2025-11-07 21:50:00,15877598.0,15877598.0,15877598.0,15877598.0,0
2025-11-07 21:52:00,15882544.0,15882544.0,15882544.0,15882544.0,1746927616
2025-11-07 21:53:00,15882298.0,15888706.0,15882298.0,15888706.0,0
2025-11-07 21:55:00,15888136.0,15888136.0,15888136.0,15888136.0,0
2025-11-07 21:56:00,15891345.0,15891345.0,15891345.0,15891345.0,0
2025-11-07 21:57:00,15907755.0,15923213.0,15907755.0,15923213.0,403168034816
2025-11-07 21:58:00,15929762.0,15929762.0,15929762.0,15929762.0,42701160448
2025-11-07 21:59:00,15928257.0,15928257.0,15928257.0,15928257.0,0
2025-11-07 22:01:00,15931803.0,15931803.0,15931803.0,15931803.0,0
2025-11-07 22:02:00,15935419.0,15935419.0,15935419.0,15935419.0,236003000320
2025-11-07 22:04:00,15921938.0,15930427.0,15921938.0,15929829.0,115084361728
2025-11-07 22:05:00,15923211.0,15923211.0,15923211.0,15923211.0,922746880
2025-11-07 22:07:00,15925292.0,15938330.0,15925292.0,15938330.0,0
2025-11-07 22:08:00,15961614.0,15961614.0,15961614.0,15961614.0,0
2025-11-07 22:10:00,15956129.0,15956129.0,15956129.0,15956129.0,135731871744
2025-11-07 22:11:00,15951819.0,15951819.0,15951819.0,15951819.0,0
2025-11-07 22:12:00,15944292.0,15944292.0,15944292.0,15944292.0,12625903616
2025-11-07 22:14:00,15944292.0,15946926.0,15944292.0,15945554.0,16776167424
2025-11-07 22:16:00,15909738.0,15909738.0,15909738.0,15909738.0,0
2025-11-07 22:17:00,15914675.0,15923953.0,15914675.0,15923953.0,16699621376
2025-11-07 22:18:00,15931163.0,15931163.0,15931163.0,15931163.0,135751794688
2025-11-07 22:19:00,15932875.0,15932875.0,15932875.0,15932875.0,0
2025-11-07 22:21:00,15924527.0,15924527.0,15924527.0,15924527.0,132163567616
2025-11-07 22:22:00,15950838.0,15950838.0,15950838.0,15950838.0,0
2025-11-07 22:23:00,15957940.0,15964078.0,15957940.0,15964078.0,0
2025-11-07 22:25:00,15962802.0,15962802.0,15962802.0,15962802.0,7873757184
2025-11-07 22:27:00,15962155.0,15962155.0,15962155.0,15962155.0,5172625408
2025-11-07 22:28:00,15962305.0,15962659.0,15962305.0,15962659.0,63654854656
2025-11-07 22:29:00,15963257.0,15963257.0,15963257.0,15963257.0,0
2025-11-07 22:31:00,15958896.0,15958896.0,15958896.0,15958896.0,325363695616
2025-11-07 22:32:00,15935141.0,15935141.0,15935141.0,15935141.0,125452681216
2025-11-07 22:34:00,15943313.0,15943313.0,15938535.0,15938535.0,0
2025-11-07 22:35:00,15929688.0,15931199.0,15929688.0,15931199.0,0
2025-11-07 22:37:00,15937916.0,15937916.0,15937916.0,15937916.0,8127512576
2025-11-07 22:38:00,15934253.0,15934253.0,15934253.0,15934253.0,0
2025-11-07 22:39:00,15928744.0,15928744.0,15928744.0,15928744.0,1404043264
2025-11-07 22:41:00,15923445.0,15923772.0,15923445.0,15923772.0,3539992576
2025-11-07 22:42:00,15924309.0,15924309.0,15924309.0,15924309.0,2401239040
2025-11-07 22:43:00,15909363.0,15909363.0,15909363.0,15909363.0,0
2025-11-07 22:44:00,15924905.0,15924905.0,15922186.0,15922186.0,24074256384
2025-11-07 22:46:00,15920397.0,15920397.0,15920397.0,15920397.0,0
2025-11-07 22:47:00,15926718.0,15934970.0,15926718.0,15934970.0,312579457024
2025-11-07 22:49:00,15942882.0,15942882.0,15935157.0,15935157.0,158275207168
2025-11-07 22:50:00,15934689.0,15934689.0,15934689.0,15934689.0,0
2025-11-07 22:52:00,15931020.0,15931020.0,15931020.0,15931020.0,0
2025-11-07 22:53:00,15926532.0,15926532.0,15926532.0,15926532.0,11518607360
2025-11-07 22:54:00,15911415.0,15911650.0,15911415.0,15911650.0,0
2025-11-07 22:55:00,15921950.0,15921950.0,15921950.0,15921950.0,10380902400
2025-11-07 22:57:00,15920410.0,15920410.0,15920410.0,15920410.0,0
2025-11-07 22:58:00,15915486.0,15915486.0,15915486.0,15915486.0,4611637248
2025-11-07 23:00:00,15913427.0,15913427.0,15908559.0,15908559.0,127606456320
2025-11-07 23:02:00,15902819.0,15902819.0,15899634.0,15899634.0,7063207936
2025-11-07 23:05:00,15893761.0,15893761.0,15874303.0,15889878.0,0
2025-11-07 23:07:00,15902534.0,15913421.0,15902534.0,15913421.0,149036204032
2025-11-07 23:09:00,15915254.0,15915254.0,15912024.0,15912024.0,0
2025-11-07 23:10:00,15913989.0,15913989.0,15913989.0,15913989.0,163952197632
2025-11-07 23:12:00,15913989.0,15913989.0,15910051.0,15910051.0,13996392448
2025-11-07 23:13:00,15901528.0,15901528.0,15901528.0,15901528.0,0
2025-11-07 23:14:00,15903316.0,15903316.0,15903316.0,15903316.0,0
2025-11-07 23:16:00,15909980.0,15909980.0,15909980.0,15909980.0,0
2025-11-07 23:18:00,15896413.0,15896413.0,15889422.0,15891519.0,159084707840
2025-11-07 23:20:00,15887541.0,15891356.0,15887541.0,15891356.0,0
2025-11-07 23:22:00,15891356.0,15893057.0,15891356.0,15893057.0,0
2025-11-07 23:23:00,15893506.0,15893506.0,15893506.0,15893506.0,0
2025-11-07 23:25:00,15892257.0,15892523.0,15892257.0,15892523.0,0
2025-11-07 23:27:00,15888959.0,15888959.0,15888959.0,15888959.0,0
2025-11-07 23:28:00,15885798.0,15885798.0,15885798.0,15885798.0,0
2025-11-07 23:29:00,15871945.0,15881950.0,15871945.0,15881950.0,11464081408
2025-11-07 23:31:00,15889521.0,15889521.0,15889521.0,15889521.0,111726821376
2025-11-07 23:32:00,15898753.0,15898753.0,15898753.0,15898753.0,0
2025-11-07 23:34:00,15893912.0,15898077.0,15893912.0,15897296.0,0
2025-11-07 23:35:00,15892416.0,15892416.0,15892416.0,15892416.0,1137704960
2025-11-07 23:37:00,15894283.0,15894283.0,15891467.0,15891467.0,0
2025-11-07 23:38:00,15892449.0,15892449.0,15892449.0,15892449.0,16279142400
2025-11-07 23:39:00,15879818.0,15879818.0,15879818.0,15879818.0,0
2025-11-07 23:40:00,15904560.0,15904560.0,15904560.0,15904560.0,7563378688
2025-11-07 23:42:00,15902494.0,15902494.0,15902494.0,15902494.0,4505731072
2025-11-07 23:43:00,15894622.0,15894622.0,15877727.0,15877727.0,0
2025-11-07 23:45:00,15876837.0,15876837.0,15876837.0,15876837.0,4046454784
2025-11-07 23:46:00,15877142.0,15877142.0,15877142.0,15877142.0,0
2025-11-07 23:48:00,15881590.0,15882363.0,15881272.0,15881272.0,137488236544
2025-11-07 23:49:00,15882177.0,15882177.0,15882177.0,15882177.0,0
2025-11-07 23:51:00,15868348.0,15868348.0,15868348.0,15868348.0,0
2025-11-07 23:52:00,15886192.0,15886192.0,15886192.0,15886192.0,144084828160
2025-11-07 23:53:00,15877029.0,15877029.0,15877029.0,15877029.0,0
2025-11-07 23:54:00,15879514.0,15879514.0,15879514.0,15879514.0,0
2025-11-07 23:55:00,15875307.0,15875307.0,15875307.0,15875307.0,0
2025-11-07 23:58:00,15869209.0,15872461.0,15869209.0,15872461.0,0
2025-11-08 00:01:00,15864004.0,15864004.0,15864004.0,15864004.0,0
2025-11-08 00:02:00,15867987.0,15867987.0,15848433.0,15848433.0,0
2025-11-08 00:03:00,15844841.0,15844841.0,15844841.0,15844841.0,0
2025-11-08 00:04:00,15830322.0,15830322.0,15830322.0,15830322.0,0
2025-11-08 00:07:00,15835881.0,15849796.0,15835881.0,15849796.0,0
2025-11-08 00:08:00,15837924.0,15837924.0,15837924.0,15837924.0,15324938240
2025-11-08 00:09:00,15838917.0,15838917.0,15838917.0,15838917.0,285212672
2025-11-08 00:10:00,15834819.0,15834819.0,15834819.0,15834819.0,0
2025-11-08 00:12:00,15834201.0,15834201.0,15834201.0,15834201.0,3908042752
2025-11-08 00:14:00,15833137.0,15834651.0,15833137.0,15834651.0,0
2025-11-08 00:15:00,15853435.0,15853435.0,15853435.0,15853435.0,20789067776
2025-11-08 00:16:00,15861330.0,15861330.0,15861330.0,15861330.0,0
2025-11-08 00:17:00,15855972.0,15855972.0,15855972.0,15855972.0,10197401600
2025-11-08 00:18:00,15854416.0,15865780.0,15854416.0,15865780.0,0
2025-11-08 00:20:00,15870264.0,15870264.0,15864064.0,15864064.0,0
2025-11-08 00:22:00,15862670.0,15862670.0,15844175.0,15844175.0,158281498624
2025-11-08 00:24:00,15833553.0,15838547.0,15833553.0,15838547.0,0
2025-11-08 00:25:00,15843965.0,15843965.0,15843965.0,15843965.0,23196598272
2025-11-08 00:27:00,15825577.0,15825577.0,15825413.0,15825413.0,0
2025-11-08 00:30:00,15821677.0,15821677.0,15821677.0,15821677.0,717225984
2025-11-08 00:31:00,15819419.0,15819419.0,15819419.0,15819419.0,0
2025-11-08 00:32:00,15822334.0,15822334.0,15814989.0,15817836.0,0
2025-11-08 00:33:00,15814801.0,15814801.0,15814801.0,15814801.0,0
2025-11-08 00:35:00,15797917.0,15806117.0,15797917.0,15806117.0,0
2025-11-08 00:37:00,15801237.0,15801237.0,15784101.0,15784101.0,9321840640
2025-11-08 00:38:00,15755826.0,15755826.0,15755826.0,15755826.0,0
2025-11-08 00:39:00,15761341.0,15761341.0,15761341.0,15761341.0,0
2025-11-08 00:40:00,15777229.0,15777229.0,15777229.0,15777229.0,8999927808
2025-11-08 00:42:00,15784456.0,15784456.0,15781419.0,15781419.0,156920446976
2025-11-08 00:44:00,15791384.0,15791384.0,15790864.0,15790864.0,0
2025-11-08 00:46:00,15788165.0,15788165.0,15788165.0,15788165.0,0
2025-11-08 00:47:00,15784559.0,15806640.0,15784559.0,15806640.0,117668052992
2025-11-08 00:48:00,15812436.0,15812436.0,15812436.0,15812436.0,0
2025-11-08 00:49:00,15827829.0,15827829.0,15827829.0,15827829.0,110251474944
2025-11-08 00:51:00,15805807.0,15805807.0,15805807.0,15805807.0,32071745536
2025-11-08 00:52:00,15793432.0,15793432.0,15793432.0,15793432.0,0
2025-11-08 00:53:00,15782136.0,15782136.0,15779641.0,15779641.0,0
2025-11-08 00:55:00,15776535.0,15776535.0,15773218.0,15773218.0,142196342784
2025-11-08 00:57:00,15757900.0,15757900.0,15757900.0,15757900.0,0
2025-11-08 00:58:00,15758234.0,15758234.0,15758234.0,15758234.0,0
2025-11-08 00:59:00,15768456.0,15768456.0,15768456.0,15768456.0,11136925696
2025-11-08 01:02:00,15756431.0,15768517.0,15756431.0,15768517.0,117022130176
2025-11-08 01:03:00,15777669.0,15786258.0,15777669.0,15786258.0,0
2025-11-08 01:04:00,15796105.0,15796105.0,15796105.0,15796105.0,0
2025-11-08 01:06:00,15811552.0,15811552.0,15811552.0,15811552.0,0
2025-11-08 01:07:00,15815820.0,15816851.0,15815820.0,15816851.0,18465423360
2025-11-08 01:08:00,15805793.0,15805793.0,15805793.0,15805793.0,0
2025-11-08 01:09:00,15808624.0,15808624.0,15808624.0,15808624.0,21955084288
2025-11-08 01:12:00,15793895.0,15797148.0,15793895.0,15797148.0,106338189312
2025-11-08 01:13:00,15795756.0,15795756.0,15795756.0,15795756.0,0
2025-11-08 01:14:00,15789419.0,15789419.0,15789419.0,15789419.0,3579838464
2025-11-08 01:16:00,15802589.0,15802589.0,15802589.0,15802589.0,0
2025-11-08 01:17:00,15814763.0,15814763.0,15809926.0,15809926.0,0
2025-11-08 01:18:00,15809329.0,15809329.0,15809329.0,15809329.0,23503831040
2025-11-08 01:21:00,15802649.0,15802649.0,15799972.0,15799972.0,0
2025-11-08 01:22:00,15812428.0,15812428.0,15807241.0,15807241.0,0
2025-11-08 01:23:00,15802479.0,15802479.0,15802479.0,15802479.0,392167424
2025-11-08 01:24:00,15802915.0,15802915.0,15802915.0,15802915.0,0
2025-11-08 01:25:00,15806677.0,15806677.0,15806677.0,15806677.0,0
2025-11-08 01:27:00,15808745.0,15808745.0,15802526.0,15802526.0,140630818816
2025-11-08 01:28:00,15804145.0,15804145.0,15804145.0,15804145.0,0
2025-11-08 01:29:00,15803388.0,15803388.0,15803388.0,15803388.0,0
2025-11-08 01:31:00,15806907.0,15806907.0,15806907.0,15806907.0,135910129664
2025-11-08 01:33:00,15784728.0,15795564.0,15784728.0,15795564.0,0
2025-11-08 01:34:00,15793714.0,15793714.0,15793714.0,15793714.0,9559867392
2025-11-08 01:36:00,15796275.0,15796275.0,15796275.0,15796275.0,0
2025-11-08 01:37:00,15800418.0,15804469.0,15800418.0,15804469.0,0
2025-11-08 01:39:00,15819451.0,15819451.0,15819451.0,15819451.0,17330864128
2025-11-08 01:40:00,15819451.0,15819451.0,15819451.0,15819451.0,0
2025-11-08 01:42:00,15837725.0,15837725.0,15809950.0,15809950.0,107227381760
2025-11-08 01:43:00,15817297.0,15817297.0,15817297.0,15817297.0,0
2025-11-08 01:44:00,15812803.0,15812803.0,15812803.0,15812803.0,0
2025-11-08 01:46:00,15811922.0,15811922.0,15811922.0,15811922.0,0
2025-11-08 01:47:00,15812145.0,15812145.0,15812145.0,15812145.0,290147270656
2025-11-08 01:48:00,15812338.0,15812338.0,15812338.0,15812338.0,11164188672
2025-11-08 01:50:00,15818721.0,15818721.0,15818721.0,15818721.0,0
2025-11-08 01:52:00,15819805.0,15819805.0,15818440.0,15819082.0,0
2025-11-08 01:53:00,15808008.0,15808008.0,15808008.0,15808008.0,0
2025-11-08 01:55:00,15815299.0,15815299.0,15814483.0,15814483.0,13130268672
2025-11-08 01:57:00,15806206.0,15806206.0,15802437.0,15802437.0,0
2025-11-08 01:58:00,15805182.0,15805182.0,15805182.0,15805182.0,0
2025-11-08 01:59:00,15805182.0,15805182.0,15805182.0,15805182.0,0
2025-11-08 02:01:00,15805301.0,15805301.0,15805301.0,15805301.0,139069489152
2025-11-08 02:02:00,15802225.0,15802907.0,15802225.0,15802907.0,0
2025-11-08 02:03:00,15809205.0,15809205.0,15809205.0,15809205.0,0
2025-11-08 02:06:00,15814915.0,15814915.0,15814915.0,15814915.0,13497270272
2025-11-08 02:07:00,15815465.0,15815465.0,15815465.0,15815465.0,0
2025-11-08 02:08:00,15801052.0,15801052.0,15801052.0,15801052.0,45205159936
2025-11-08 02:09:00,15799059.0,15799059.0,15799059.0,15799059.0,0
2025-11-08 02:10:00,15800200.0,15800200.0,15799551.0,15799551.0,0
2025-11-08 02:12:00,15811909.0,15820820.0,15811909.0,15820820.0,144770596864
2025-11-08 02:13:00,15821758.0,15821758.0,15821758.0,15821758.0,0
2025-11-08 02:14:00,15826868.0,15826868.0,15826868.0,15826868.0,37721473024
2025-11-08 02:16:00,15825227.0,15825227.0,15825227.0,15825227.0,0
2025-11-08 02:17:00,15812432.0,15822929.0,15812432.0,15822929.0,0
2025-11-08 02:20:00,15831646.0,15840480.0,15831646.0,15840480.0,0
2025-11-08 02:22:00,15842889.0,15842889.0,15842889.0,15842889.0,4654628864
2025-11-08 02:23:00,15847344.0,15847344.0,15847344.0,15847344.0,130753232896
2025-11-08 02:25:00,15841939.0,15841939.0,15841939.0,15841939.0,0
2025-11-08 02:26:00,15843113.0,15843113.0,15843113.0,15843113.0,141959364608
2025-11-08 02:27:00,15836208.0,15836208.0,15836208.0,15836208.0,0
2025-11-08 02:28:00,15848912.0,15849328.0,15848912.0,15849328.0,0
2025-11-08 02:29:00,15845212.0,15845212.0,15845212.0,15845212.0,135241138176
2025-11-08 02:31:00,15845063.0,15845063.0,15845063.0,15845063.0,0
2025-11-08 02:32:00,15841222.0,15841222.0,15838558.0,15838558.0,0
2025-11-08 02:34:00,15838558.0,15843792.0,15838558.0,15843792.0,0
2025-11-08 02:36:00,15846052.0,15846052.0,15846052.0,15846052.0,1420820480
2025-11-08 02:37:00,15848175.0,15848175.0,15846755.0,15846755.0,0
2025-11-08 02:38:00,15841680.0,15841680.0,15841680.0,15841680.0,2290089984
2025-11-08 02:41:00,15854221.0,15854221.0,15854221.0,15854221.0,0
2025-11-08 02:42:00,15851656.0,15851656.0,15842971.0,15842971.0,8272216064
2025-11-08 02:43:00,15842971.0,15842971.0,15842971.0,15842971.0,0
2025-11-08 02:44:00,15834196.0,15834196.0,15834196.0,15834196.0,0
2025-11-08 02:46:00,15826034.0,15826034.0,15826034.0,15826034.0,0
2025-11-08 02:47:00,15826034.0,15826034.0,15826034.0,15826034.0,0
2025-11-08 02:48:00,15828810.0,15829676.0,15828810.0,15829676.0,0
2025-11-08 02:51:00,15829437.0,15829437.0,15829437.0,15829437.0,0
2025-11-08 02:52:00,15792567.0,15792567.0,15788571.0,15788571.0,0
2025-11-08 02:54:00,15773390.0,15773390.0,15773390.0,15773390.0,11253317632
2025-11-08 02:55:00,15776461.0,15778344.0,15776461.0,15778344.0,0
2025-11-08 02:57:00,15778324.0,15778324.0,15778324.0,15778324.0,0
2025-11-08 02:58:00,15780488.0,15780488.0,15780488.0,15780488.0,9631170560
2025-11-08 02:59:00,15789266.0,15789923.0,15789266.0,15789923.0,0
2025-11-08 03:02:00,15787715.0,15810183.0,15787715.0,15810183.0,7713325056
2025-11-08 03:03:00,15811938.0,15811938.0,15811938.0,15811938.0,0
2025-11-08 03:04:00,15819648.0,15819648.0,15819648.0,15819648.0,125812342784
2025-11-08 03:05:00,15824994.0,15824994.0,15824994.0,15824994.0,0
2025-11-08 03:07:00,15831812.0,15832548.0,15831812.0,15832548.0,0
2025-11-08 03:08:00,15832548.0,15832548.0,15832548.0,15832548.0,0
2025-11-08 03:10:00,15822247.0,15822247.0,15816541.0,15816541.0,0
2025-11-08 03:12:00,15816541.0,15816541.0,15814991.0,15814991.0,105246621696
2025-11-08 03:13:00,15820751.0,15820751.0,15820751.0,15820751.0,7297040384
2025-11-08 03:14:00,15819722.0,15819722.0,15819722.0,15819722.0,0
2025-11-08 03:16:00,15823333.0,15823333.0,15823333.0,15823333.0,0
2025-11-08 03:17:00,15822903.0,15822903.0,15822903.0,15822903.0,0
2025-11-08 03:18:00,15838946.0,15838946.0,15838946.0,15838946.0,0
2025-11-08 03:20:00,15846761.0,15846761.0,15846761.0,15846761.0,126492868608
2025-11-08 03:22:00,15843302.0,15843302.0,15834611.0,15839588.0,0
2025-11-08 03:24:00,15844052.0,15844052.0,15844052.0,15844052.0,13324255232
2025-11-08 03:25:00,15837408.0,15837408.0,15837408.0,15837408.0,0
2025-11-08 03:26:00,15838184.0,15838184.0,15838184.0,15838184.0,0
2025-11-08 03:27:00,15836462.0,15837349.0,15836462.0,15837349.0,0
2025-11-08 03:29:00,15835065.0,15835065.0,15830564.0,15830564.0,10193207296
2025-11-08 03:31:00,15818888.0,15818888.0,15818888.0,15818888.0,0
2025-11-08 03:33:00,15815471.0,15817694.0,15815471.0,15817694.0,0
2025-11-08 03:35:00,15806707.0,15816008.0,15806707.0,15816008.0,11789139968
2025-11-08 03:37:00,15813577.0,15814429.0,15813577.0,15814429.0,0
2025-11-08 03:38:00,15810674.0,15810674.0,15810674.0,15810674.0,2893021184
2025-11-08 03:39:00,15797588.0,15797588.0,15797588.0,15797588.0,0
2025-11-08 03:41:00,15784005.0,15784005.0,15784005.0,15784005.0,134561660928
2025-11-08 03:42:00,15766055.0,15766055.0,15766055.0,15766055.0,0
2025-11-08 03:43:00,15766090.0,15766090.0,15766090.0,15766090.0,0
2025-11-08 03:45:00,15771098.0,15771098.0,15770940.0,15770940.0,0
2025-11-08 03:46:00,15768728.0,15768728.0,15768728.0,15768728.0,6033506304
2025-11-08 03:47:00,15757655.0,15757655.0,15757655.0,15757655.0,0
2025-11-08 03:48:00,15769883.0,15769883.0,15769883.0,15769883.0,187585003520
2025-11-08 03:49:00,15767250.0,15768391.0,15767250.0,15768391.0,4142923776
2025-11-08 03:50:00,15767433.0,15767433.0,15767433.0,15767433.0,3798990848
2025-11-08 03:52:00,15764348.0,15767827.0,15764348.0,15767827.0,0
2025-11-08 03:53:00,15767827.0,15767827.0,15767827.0,15767827.0,0
2025-11-08 03:55:00,15753737.0,15753737.0,15753737.0,15753737.0,138267328512
2025-11-08 03:57:00,15749527.0,15749527.0,15743754.0,15743754.0,0
2025-11-08 03:58:00,15753720.0,15753720.0,15753720.0,15753720.0,0
2025-11-08 03:59:00,15753720.0,15753720.0,15753720.0,15753720.0,0
2025-11-08 04:00:00,15758382.0,15758382.0,15758382.0,15758382.0,124191244288
2025-11-08 04:02:00,15757932.0,15757932.0,15757932.0,15757932.0,4039114752
2025-11-08 04:03:00,15759787.0,15759787.0,15759787.0,15759787.0,0
2025-11-08 04:04:00,15758557.0,15763403.0,15758557.0,15763403.0,126709923840
2025-11-08 04:07:00,15762552.0,15762552.0,15754108.0,15754108.0,0
2025-11-08 04:09:00,15761788.0,15761788.0,15746180.0,15746180.0,0
2025-11-08 04:10:00,15760884.0,15760884.0,15760884.0,15760884.0,7738490880
2025-11-08 04:13:00,15760884.0,15761350.0,15755489.0,15755489.0,0
2025-11-08 04:14:00,15752688.0,15752688.0,15752688.0,15752688.0,123571535872
2025-11-08 04:16:00,15752688.0,15752688.0,15752688.0,15752688.0,0
2025-11-08 04:17:00,15752687.0,15752687.0,15751148.0,15751148.0,0
2025-11-08 04:18:00,15752291.0,15752291.0,15752291.0,15752291.0,789577728
2025-11-08 04:20:00,15749395.0,15749395.0,15747132.0,15747132.0,142999552000
2025-11-08 04:22:00,15736204.0,15736204.0,15736204.0,15736204.0,0
2025-11-08 04:23:00,15747908.0,15747908.0,15747908.0,15747908.0,4309647360
2025-11-08 04:24:00,15745124.0,15745124.0,15745124.0,15745124.0,959447040
2025-11-08 04:26:00,15740232.0,15740232.0,15740232.0,15740232.0,0
2025-11-08 04:27:00,15737557.0,15737557.0,15733537.0,15733537.0,0
2025-11-08 04:28:00,15733537.0,15733537.0,15733537.0,15733537.0,0
2025-11-08 04:30:00,15734609.0,15734609.0,15734609.0,15734609.0,0
2025-11-08 04:31:00,15730199.0,15730199.0,15730199.0,15730199.0,215222321152
2025-11-08 04:32:00,15733520.0,15733520.0,15733520.0,15733520.0,0
2025-11-08 04:33:00,15717989.0,15717989.0,15717989.0,15717989.0,0
2025-11-08 04:34:00,15720510.0,15720510.0,15720510.0,15720510.0,96301219840
2025-11-08 04:36:00,15733466.0,15733466.0,15732243.0,15732243.0,129330315264
2025-11-08 04:37:00,15750083.0,15750083.0,15750083.0,15750083.0,8252293120
2025-11-08 04:38:00,15754382.0,15754382.0,15754382.0,15754382.0,0
2025-11-08 04:39:00,15751909.0,15751909.0,15751909.0,15751909.0,22642950144
2025-11-08 04:40:00,15749282.0,15749282.0,15749282.0,15749282.0,0
2025-11-08 04:42:00,15749282.0,15749282.0,15749282.0,15749282.0,0
2025-11-08 04:43:00,15761276.0,15761276.0,15761276.0,15761276.0,0
2025-11-08 04:44:00,15750360.0,15750360.0,15750360.0,15750360.0,0
2025-11-08 04:47:00,15771211.0,15773829.0,15771211.0,15773829.0,0
2025-11-08 04:48:00,15773660.0,15774034.0,15773660.0,15774034.0,42966450176
2025-11-08 04:49:00,15776501.0,15776501.0,15776501.0,15776501.0,130632646656
2025-11-08 04:51:00,15764473.0,15764473.0,15764473.0,15764473.0,1866465280
2025-11-08 04:52:00,15764473.0,15764473.0,15763060.0,15763060.0,0
2025-11-08 04:53:00,15757054.0,15757054.0,15757054.0,15757054.0,22877831168
2025-11-08 04:54:00,15743076.0,15743076.0,15743076.0,15743076.0,4723834880
2025-11-08 04:55:00,15716657.0,15716657.0,15716657.0,15716657.0,0
2025-11-08 04:57:00,15730788.0,15741622.0,15730788.0,15741622.0,0
2025-11-08 04:58:00,15734491.0,15734491.0,15734491.0,15734491.0,143421079552
2025-11-08 04:59:00,15734491.0,15743137.0,15734491.0,15743137.0,0
2025-11-08 05:02:00,15740481.0,15740481.0,15740481.0,15740481.0,0
2025-11-08 05:03:00,15745308.0,15752553.0,15745308.0,15752553.0,130584412160
2025-11-08 05:05:00,15758099.0,15758099.0,15758099.0,15758099.0,0
2025-11-08 05:07:00,15751368.0,15759104.0,15751368.0,15759104.0,0
2025-11-08 05:08:00,15759104.0,15759104.0,15759104.0,15759104.0,0
2025-11-08 05:09:00,15757168.0,15757168.0,15757168.0,15757168.0,107698192384
2025-11-08 05:10:00,15746804.0,15746804.0,15746804.0,15746804.0,6227492864
2025-11-08 05:12:00,15746804.0,15746804.0,15741026.0,15741026.0,5548015616
2025-11-08 05:15:00,15740926.0,15740926.0,15740926.0,15740926.0,0
2025-11-08 05:16:00,15735633.0,15735633.0,15735633.0,15735633.0,0
2025-11-08 05:17:00,15742061.0,15742061.0,15731120.0,15731120.0,114780274688
2025-11-08 05:18:00,15731434.0,15731434.0,15731434.0,15731434.0,23366467584
2025-11-08 05:19:00,15731434.0,15731434.0,15731434.0,15731434.0,0
2025-11-08 05:20:00,15736556.0,15736556.0,15736556.0,15736556.0,0
2025-11-08 05:22:00,15741120.0,15741120.0,15741120.0,15741120.0,21781020672
2025-11-08 05:23:00,15741120.0,15741120.0,15741120.0,15741120.0,0
2025-11-08 05:24:00,15738201.0,15738201.0,15738201.0,15738201.0,0
2025-11-08 05:25:00,15732223.0,15732223.0,15732223.0,15732223.0,0
2025-11-08 05:27:00,15732223.0,15732223.0,15730807.0,15730807.0,0
2025-11-08 05:28:00,15725293.0,15725293.0,15725293.0,15725293.0,0
2025-11-08 05:29:00,15734099.0,15734099.0,15734099.0,15734099.0,27978104832
2025-11-08 05:31:00,15732726.0,15732726.0,15732726.0,15732726.0,0
2025-11-08 05:32:00,15732726.0,15732726.0,15732726.0,15732726.0,0
2025-11-08 05:33:00,15737660.0,15737660.0,15737660.0,15737660.0,0
2025-11-08 05:34:00,15739194.0,15739194.0,15739194.0,15739194.0,331677171712
2025-11-08 05:35:00,15736299.0,15736299.0,15736299.0,15736299.0,0
2025-11-08 05:37:00,15736299.0,15736299.0,15736299.0,15736299.0,0
2025-11-08 05:38:00,15738545.0,15738545.0,15738545.0,15738545.0,79507226624
2025-11-08 05:40:00,15722767.0,15731429.0,15722767.0,15731429.0,0
2025-11-08 05:42:00,15731646.0,15731646.0,15731646.0,15731646.0,204286722048
2025-11-08 05:43:00,15728126.0,15728126.0,15724595.0,15724595.0,0
2025-11-08 05:46:00,15723748.0,15723749.0,15723748.0,15723749.0,0
2025-11-08 05:47:00,15729669.0,15733964.0,15729669.0,15733964.0,0
2025-11-08 05:48:00,15728377.0,15728377.0,15728377.0,15728377.0,353273643008
2025-11-08 05:49:00,15719420.0,15719420.0,15719420.0,15719420.0,0
2025-11-08 05:50:00,15720390.0,15720390.0,15720390.0,15720390.0,0
2025-11-08 05:52:00,15709951.0,15709951.0,15709951.0,15709951.0,221781164032
2025-11-08 05:53:00,15722195.0,15722195.0,15722195.0,15722195.0,8919187456
2025-11-08 05:54:00,15715978.0,15715978.0,15715978.0,15715978.0,0
2025-11-08 05:56:00,15713331.0,15713331.0,15711601.0,15711601.0,0
2025-11-08 05:57:00,15706896.0,15706896.0,15706896.0,15706896.0,204065472512
2025-11-08 05:58:00,15705053.0,15706601.0,15705053.0,15706601.0,0
2025-11-08 06:00:00,15701108.0,15701108.0,15701108.0,15701108.0,209158406144
2025-11-08 06:01:00,15699705.0,15699705.0,15699705.0,15699705.0,0
2025-11-08 06:02:00,15705188.0,15705188.0,15687603.0,15687603.0,0
2025-11-08 06:03:00,15686472.0,15686472.0,15686472.0,15686472.0,6418333696
2025-11-08 06:04:00,15686080.0,15686080.0,15686080.0,15686080.0,0
2025-11-08 06:07:00,15689706.0,15689706.0,15689706.0,15689706.0,0
2025-11-08 06:08:00,15699039.0,15699039.0,15696772.0,15696772.0,21330132992
2025-11-08 06:09:00,15682596.0,15682596.0,15682596.0,15682596.0,208726392832
2025-11-08 06:11:00,15682808.0,15682808.0,15682808.0,15682808.0,0
2025-11-08 06:12:00,15682808.0,15694744.0,15682808.0,15694744.0,0
2025-11-08 06:13:00,15689706.0,15689706.0,15689706.0,15689706.0,40286289920
2025-11-08 06:14:00,15678695.0,15678695.0,15678695.0,15678695.0,0
2025-11-08 06:16:00,15686091.0,15686091.0,15686091.0,15686091.0,216684036096
2025-11-08 06:17:00,15688109.0,15709202.0,15688109.0,15709202.0,0
2025-11-08 06:18:00,15713749.0,15713749.0,15713749.0,15713749.0,0
2025-11-08 06:20:00,15705801.0,15705801.0,15705801.0,15705801.0,212096516096
2025-11-08 06:22:00,15713736.0,15717891.0,15713736.0,15717891.0,0
2025-11-08 06:23:00,15701123.0,15701123.0,15701123.0,15701123.0,365144571904
2025-11-08 06:24:00,15701123.0,15701123.0,15701123.0,15701123.0,0
2025-11-08 06:25:00,15688985.0,15688985.0,15688985.0,15688985.0,0
2025-11-08 06:27:00,15701637.0,15701637.0,15701637.0,15701637.0,0
2025-11-08 06:28:00,15701637.0,15701637.0,15699189.0,15699189.0,211745243136
2025-11-08 06:30:00,15706154.0,15706154.0,15706154.0,15706154.0,0
2025-11-08 06:31:00,15710678.0,15710678.0,15710678.0,15710678.0,125780885504
2025-11-08 06:32:00,15710678.0,15710678.0,15710678.0,15710678.0,0
2025-11-08 06:33:00,15715285.0,15715285.0,15715285.0,15715285.0,0
2025-11-08 06:34:00,15717696.0,15717696.0,15717696.0,15717696.0,3893362688
2025-11-08 06:35:00,15714593.0,15714593.0,15714593.0,15714593.0,31577866240
2025-11-08 06:37:00,15709296.0,15720195.0,15709296.0,15720195.0,7639924736
2025-11-08 06:38:00,15733450.0,15733450.0,15733450.0,15733450.0,0
2025-11-08 06:39:00,15731518.0,15731518.0,15731518.0,15731518.0,0
2025-11-08 06:40:00,15729897.0,15729897.0,15729897.0,15729897.0,27925676032
2025-11-08 06:42:00,15729897.0,15729897.0,15729295.0,15729295.0,7861174272
2025-11-08 06:43:00,15730909.0,15730909.0,15730909.0,15730909.0,12582912
2025-11-08 06:44:00,15723851.0,15723851.0,15723851.0,15723851.0,0
2025-11-08 06:46:00,15723851.0,15723851.0,15723851.0,15723851.0,0
2025-11-08 06:47:00,15723173.0,15723173.0,15723173.0,15723173.0,0
2025-11-08 06:48:00,15713012.0,15724216.0,15713012.0,15724216.0,10485760
2025-11-08 06:51:00,15727937.0,15727937.0,15712774.0,15712774.0,120946950144
2025-11-08 06:52:00,15709248.0,15709248.0,15709248.0,15709248.0,0
2025-11-08 06:53:00,15709248.0,15709248.0,15707678.0,15707678.0,152789057536
2025-11-08 06:54:00,15706195.0,15706195.0,15706195.0,15706195.0,0
2025-11-08 06:55:00,15706195.0,15706195.0,15706195.0,15706195.0,0
2025-11-08 06:56:00,15694724.0,15694724.0,15694724.0,15694724.0,0
2025-11-08 06:57:00,15694724.0,15694724.0,15694724.0,15694724.0,0
2025-11-08 06:58:00,15691140.0,15691140.0,15691140.0,15691140.0,3195011072
2025-11-08 07:00:00,15689546.0,15691075.0,15689546.0,15691075.0,0
2025-11-08 07:01:00,15687025.0,15687025.0,15687025.0,15687025.0,275887685632
2025-11-08 07:02:00,15687025.0,15687025.0,15687025.0,15687025.0,0
2025-11-08 07:03:00,15683720.0,15683720.0,15683720.0,15683720.0,0
2025-11-08 07:04:00,15683720.0,15683720.0,15683720.0,15683720.0,0
2025-11-08 07:06:00,15686589.0,15692293.0,15686589.0,15692293.0,0
2025-11-08 07:08:00,15692619.0,15692619.0,15692619.0,15692619.0,3322937344
2025-11-08 07:09:00,15684432.0,15684432.0,15684432.0,15684432.0,0
2025-11-08 07:11:00,15684753.0,15684753.0,15684753.0,15684753.0,0
2025-11-08 07:12:00,15685032.0,15690036.0,15685032.0,15690036.0,21332230144
2025-11-08 07:13:00,15696273.0,15696273.0,15696273.0,15696273.0,0
2025-11-08 07:16:00,15697347.0,15704985.0,15697347.0,15704985.0,0
2025-11-08 07:18:00,15698153.0,15700519.0,15698153.0,15700519.0,4246732800
2025-11-08 07:19:00,15700519.0,15700519.0,15700519.0,15700519.0,0
2025-11-08 07:20:00,15698710.0,15698710.0,15698710.0,15698710.0,0
2025-11-08 07:21:00,15661722.0,15661722.0,15661722.0,15661722.0,11281629184
2025-11-08 07:23:00,15661722.0,15661722.0,15656622.0,15656622.0,4231004160
2025-11-08 07:24:00,15656622.0,15656622.0,15656622.0,15656622.0,0
2025-11-08 07:26:00,15648013.0,15648013.0,15648013.0,15648013.0,166723584
2025-11-08 07:27:00,15656345.0,15656345.0,15656345.0,15656345.0,0
2025-11-08 07:29:00,15664710.0,15664710.0,15664710.0,15664710.0,28557967360
2025-11-08 07:30:00,15671673.0,15671673.0,15671673.0,15671673.0,0
2025-11-08 07:31:00,15671673.0,15671673.0,15663555.0,15663555.0,37176213504
2025-11-08 07:32:00,15663555.0,15663555.0,15663555.0,15663555.0,0
2025-11-08 07:33:00,15677713.0,15677713.0,15677713.0,15677713.0,0
2025-11-08 07:34:00,15673420.0,15673420.0,15673420.0,15673420.0,114908200960
2025-11-08 07:35:00,15675719.0,15675719.0,15675719.0,15675719.0,0
2025-11-08 07:36:00,15677378.0,15677378.0,15677378.0,15677378.0,4200595456
2025-11-08 07:37:00,15677124.0,15677124.0,15677124.0,15677124.0,299372642304
2025-11-08 07:39:00,15681785.0,15681785.0,15681785.0,15681785.0,21552431104
2025-11-08 07:40:00,15689143.0,15689143.0,15689143.0,15689143.0,0
2025-11-08 07:42:00,15689495.0,15689495.0,15689495.0,15689495.0,7790919680
2025-11-08 07:43:00,15691027.0,15691027.0,15691027.0,15691027.0,2858418176
2025-11-08 07:44:00,15692204.0,15692204.0,15692204.0,15692204.0,0
2025-11-08 07:46:00,15697176.0,15699613.0,15697176.0,15699613.0,13958643712
2025-11-08 07:47:00,15693956.0,15693956.0,15693956.0,15693956.0,0
2025-11-08 07:48:00,15697416.0,15697416.0,15697416.0,15697416.0,4854906880
2025-11-08 07:50:00,15701844.0,15704137.0,15701844.0,15704137.0,0
2025-11-08 07:52:00,15712842.0,15712842.0,15707411.0,15707411.0,15644753920
2025-11-08 07:53:00,15708569.0,15708569.0,15708569.0,15708569.0,161480704
2025-11-08 07:55:00,15708394.0,15708394.0,15708394.0,15708394.0,0
2025-11-08 07:56:00,15708846.0,15711877.0,15708846.0,15711877.0,0
2025-11-08 07:57:00,15712724.0,15712724.0,15712724.0,15712724.0,103152615424
2025-11-08 07:58:00,15712724.0,15712724.0,15712724.0,15712724.0,0
2025-11-08 07:59:00,15707867.0,15707867.0,15707867.0,15707867.0,0
2025-11-08 08:01:00,15709184.0,15709184.0,15707883.0,15707883.0,0
2025-11-08 08:03:00,15703284.0,15706415.0,15703284.0,15706415.0,0
2025-11-08 08:06:00,15704026.0,15706618.0,15704026.0,15706618.0,115290931200
2025-11-08 08:07:00,15721195.0,15721195.0,15721195.0,15721195.0,31461474304
2025-11-08 08:08:00,15713728.0,15713728.0,15713728.0,15713728.0,0
2025-11-08 08:09:00,15720208.0,15720208.0,15720208.0,15720208.0,0
2025-11-08 08:10:00,15722401.0,15722401.0,15722401.0,15722401.0,0
2025-11-08 08:11:00,15723909.0,15723909.0,15723909.0,15723909.0,22781362176
2025-11-08 08:12:00,15725079.0,15725079.0,15725079.0,15725079.0,0
2025-11-08 08:13:00,15723211.0,15723211.0,15723211.0,15723211.0,3241148416
2025-11-08 08:16:00,15720165.0,15720165.0,15690439.0,15690439.0,147452854272
2025-11-08 08:17:00,15684016.0,15684016.0,15684016.0,15684016.0,0
2025-11-08 08:18:00,15694917.0,15694917.0,15694917.0,15694917.0,64237862912
2025-11-08 08:19:00,15693382.0,15693382.0,15693382.0,15693382.0,3101687808
2025-11-08 08:20:00,15692164.0,15692164.0,15692164.0,15692164.0,0
2025-11-08 08:21:00,15692010.0,15692010.0,15692010.0,15692010.0,0
2025-11-08 08:23:00,15691078.0,15696991.0,15691078.0,15696991.0,24253562880
2025-11-08 08:24:00,15700741.0,15700741.0,15700741.0,15700741.0,0
2025-11-08 08:25:00,15708700.0,15708700.0,15708700.0,15708700.0,26837254144
2025-11-08 08:26:00,15722525.0,15722525.0,15722525.0,15722525.0,0
2025-11-08 08:27:00,15729892.0,15729892.0,15729892.0,15729892.0,0
2025-11-08 08:29:00,15730972.0,15730972.0,15725613.0,15725613.0,0
2025-11-08 08:31:00,15728887.0,15728887.0,15723911.0,15723911.0,18368954368
2025-11-08 08:32:00,15722622.0,15722622.0,15722622.0,15722622.0,0
2025-11-08 08:33:00,15726414.0,15726414.0,15726414.0,15726414.0,0
2025-11-08 08:34:00,15728036.0,15728036.0,15728036.0,15728036.0,1763704832
2025-11-08 08:35:00,15730890.0,15730890.0,15730890.0,15730890.0,0
2025-11-08 08:36:00,15738226.0,15738226.0,15738226.0,15738226.0,0
2025-11-08 08:37:00,15743764.0,15743764.0,15743764.0,15743764.0,27921481728
2025-11-08 08:38:00,15738375.0,15738375.0,15738375.0,15738375.0,0
2025-11-08 08:39:00,15742938.0,15742938.0,15742938.0,15742938.0,24561844224
2025-11-08 08:40:00,15748500.0,15748500.0,15748500.0,15748500.0,0
2025-11-08 08:41:00,15754167.0,15754167.0,15754167.0,15754167.0,0
2025-11-08 08:42:00,15756709.0,15756709.0,15756709.0,15756709.0,14291042304
2025-11-08 08:43:00,15753666.0,15753666.0,15753666.0,15753666.0,0
2025-11-08 08:44:00,15750902.0,15750902.0,15750902.0,15750902.0,5334106112
2025-11-08 08:46:00,15747185.0,15747185.0,15747185.0,15747185.0,0
2025-11-08 08:47:00,15741813.0,15741813.0,15741813.0,15741813.0,0
2025-11-08 08:48:00,15743717.0,15743717.0,15741609.0,15741609.0,3406823424
2025-11-08 08:49:00,15735775.0,15735775.0,15735775.0,15735775.0,0
2025-11-08 08:50:00,15735308.0,15735308.0,15735308.0,15735308.0,23881318400
2025-11-08 08:51:00,15736786.0,15736786.0,15736786.0,15736786.0,0
2025-11-08 08:53:00,15736722.0,15737350.0,15736722.0,15737350.0,0
2025-11-08 08:54:00,15735943.0,15735943.0,15735943.0,15735943.0,35311845376
2025-11-08 08:56:00,15730709.0,15732082.0,15730709.0,15732082.0,0
2025-11-08 08:57:00,15729501.0,15729501.0,15729501.0,15729501.0,0
2025-11-08 08:58:00,15726273.0,15726273.0,15726273.0,15726273.0,0
2025-11-08 08:59:00,15725122.0,15725122.0,15725122.0,15725122.0,0
2025-11-08 09:01:00,15714580.0,15714580.0,15706230.0,15706230.0,123084996608
2025-11-08 09:02:00,15711576.0,15711576.0,15711576.0,15711576.0,0
2025-11-08 09:05:00,15704874.0,15704874.0,15699014.0,15699014.0,1073741824
2025-11-08 09:07:00,15696605.0,15696605.0,15696605.0,15696605.0,0
2025-11-08 09:08:00,15697585.0,15697669.0,15697585.0,15697669.0,20880293888
2025-11-08 09:09:00,15697811.0,15697811.0,15697811.0,15697811.0,0
2025-11-08 09:10:00,15696405.0,15696405.0,15696405.0,15696405.0,0
2025-11-08 09:11:00,15695436.0,15695436.0,15695436.0,15695436.0,19596836864
2025-11-08 09:12:00,15696370.0,15696370.0,15696370.0,15696370.0,0
2025-11-08 09:13:00,15695617.0,15695617.0,15695617.0,15695617.0,0
2025-11-08 09:14:00,15696642.0,15696642.0,15696642.0,15696642.0,0
2025-11-08 09:16:00,15695482.0,15695482.0,15694301.0,15694301.0,0
2025-11-08 09:18:00,15694747.0,15701475.0,15694747.0,15701475.0,17986224128
2025-11-08 09:19:00,15708887.0,15708887.0,15708887.0,15708887.0,0
2025-11-08 09:20:00,15714288.0,15714288.0,15714288.0,15714288.0,4254072832
2025-11-08 09:21:00,15714538.0,15714538.0,15714538.0,15714538.0,0
2025-11-08 09:22:00,15714776.0,15714776.0,15714776.0,15714776.0,22957522944
2025-11-08 09:23:00,15722262.0,15722262.0,15722262.0,15722262.0,36856397824
2025-11-08 09:24:00,15725006.0,15725006.0,15725006.0,15725006.0,0
2025-11-08 09:25:00,15724336.0,15724336.0,15724336.0,15724336.0,0
2025-11-08 09:26:00,15729330.0,15729330.0,15729330.0,15729330.0,205851197440
2025-11-08 09:27:00,15727365.0,15727365.0,15727365.0,15727365.0,0
2025-11-08 09:28:00,15726370.0,15726370.0,15726370.0,15726370.0,0
2025-11-08 09:29:00,15727917.0,15727917.0,15727917.0,15727917.0,0
2025-11-08 09:31:00,15728159.0,15728159.0,15728159.0,15728159.0,58903756800
2025-11-08 09:32:00,15737301.0,15740946.0,15737301.0,15740946.0,107138252800
2025-11-08 09:33:00,15741003.0,15741003.0,15741003.0,15741003.0,0
2025-11-08 09:34:00,15743479.0,15743479.0,15743479.0,15743479.0,0
2025-11-08 09:35:00,15744191.0,15744191.0,15744191.0,15744191.0,0
2025-11-08 09:36:00,15744809.0,15744809.0,15744809.0,15744809.0,0
2025-11-08 09:37:00,15743904.0,15743904.0,15743904.0,15743904.0,0
2025-11-08 09:39:00,15745321.0,15745321.0,15745321.0,15745321.0,7580155904
2025-11-08 09:40:00,15742610.0,15742783.0,15742610.0,15742783.0,25082986496
2025-11-08 09:41:00,15745313.0,15745313.0,15745313.0,15745313.0,0
2025-11-08 09:43:00,15743403.0,15743403.0,15743403.0,15743403.0,149724069888
2025-11-08 09:44:00,15741767.0,15741767.0,15741767.0,15741767.0,0
2025-11-08 09:46:00,15742037.0,15742037.0,15742037.0,15742037.0,0
2025-11-08 09:47:00,15733099.0,15733099.0,15724823.0,15724823.0,126852530176
2025-11-08 09:49:00,15721123.0,15721123.0,15721123.0,15721123.0,0
2025-11-08 09:50:00,15722013.0,15722013.0,15720817.0,15720817.0,0
2025-11-08 09:52:00,15720466.0,15720466.0,15711711.0,15711711.0,60345548800
2025-11-08 09:53:00,15708448.0,15708448.0,15708448.0,15708448.0,0
2025-11-08 09:54:00,15707923.0,15707923.0,15707586.0,15707586.0,0
2025-11-08 09:55:00,15708825.0,15708825.0,15708825.0,15708825.0,0
2025-11-08 09:58:00,15714548.0,15714548.0,15714548.0,15714548.0,27675066368
2025-11-08 09:59:00,15714991.0,15715652.0,15714991.0,15715652.0,0
2025-11-08 10:01:00,15714290.0,15714290.0,15709252.0,15709252.0,11984175104
2025-11-08 10:02:00,15705701.0,15705701.0,15705701.0,15705701.0,0
2025-11-08 10:03:00,15702098.0,15702098.0,15702098.0,15702098.0,0
2025-11-08 10:04:00,15702457.0,15702457.0,15702457.0,15702457.0,0
2025-11-08 10:06:00,15708308.0,15708308.0,15704077.0,15704077.0,0
2025-11-08 10:07:00,15705466.0,15705466.0,15705466.0,15705466.0,0
2025-11-08 10:09:00,15704055.0,15708136.0,15704055.0,15708136.0,12566134784
2025-11-08 10:10:00,15708136.0,15708136.0,15708136.0,15708136.0,0
2025-11-08 10:12:00,15710048.0,15710048.0,15710048.0,15710048.0,0
2025-11-08 10:13:00,15710048.0,15710048.0,15710048.0,15710048.0,0
2025-11-08 10:14:00,15709553.0,15709553.0,15709553.0,15709553.0,0
2025-11-08 10:16:00,15708925.0,15711096.0,15708925.0,15711096.0,10813964288
2025-11-08 10:17:00,15711532.0,15711532.0,15711496.0,15711496.0,0
2025-11-08 10:18:00,15718736.0,15718736.0,15718736.0,15718736.0,35721838592
2025-11-08 10:19:00,15722857.0,15722857.0,15722857.0,15722857.0,0
2025-11-08 10:20:00,15724410.0,15724410.0,15724410.0,15724410.0,0
2025-11-08 10:21:00,15724534.0,15724534.0,15724534.0,15724534.0,28567404544
2025-11-08 10:22:00,15720745.0,15720745.0,15720745.0,15720745.0,1890582528
2025-11-08 10:23:00,15717667.0,15717667.0,15717667.0,15717667.0,17588813824
2025-11-08 10:24:00,15719598.0,15719598.0,15719598.0,15719598.0,0
2025-11-08 10:27:00,15719963.0,15730419.0,15719963.0,15730419.0,0
2025-11-08 10:29:00,15733631.0,15733631.0,15733346.0,15733346.0,120156323840
2025-11-08 10:31:00,15732606.0,15732638.0,15732606.0,15732638.0,0
2025-11-08 10:32:00,15734229.0,15734229.0,15734229.0,15734229.0,0
2025-11-08 10:33:00,15736316.0,15736316.0,15736316.0,15736316.0,122017546240
2025-11-08 10:34:00,15739777.0,15739777.0,15739777.0,15739777.0,10754195456
2025-11-08 10:36:00,15735037.0,15735037.0,15735037.0,15735037.0,22882025472
2025-11-08 10:37:00,15734231.0,15735542.0,15734231.0,15735542.0,0
2025-11-08 10:39:00,15734800.0,15738510.0,15734800.0,15735978.0,127867551744
2025-11-08 10:41:00,15735978.0,15735978.0,15735978.0,15735978.0,0
2025-11-08 10:43:00,15728628.0,15728628.0,15726959.0,15726959.0,5373952000
2025-11-08 10:44:00,15730143.0,15730143.0,15730143.0,15730143.0,0
2025-11-08 10:46:00,15736334.0,15740704.0,15736334.0,15740704.0,0
2025-11-08 10:48:00,15739822.0,15739822.0,15734945.0,15734945.0,0
2025-11-08 10:50:00,15733874.0,15733874.0,15733874.0,15733874.0,25624051712
2025-11-08 10:51:00,15731727.0,15731727.0,15731727.0,15731727.0,9500098560
2025-11-08 10:52:00,15734826.0,15734826.0,15734826.0,15734826.0,0
2025-11-08 10:54:00,15737689.0,15737689.0,15737689.0,15737689.0,0
2025-11-08 10:55:00,15738360.0,15738360.0,15738360.0,15738360.0,0
2025-11-08 10:57:00,15735133.0,15739084.0,15735133.0,15739084.0,0
2025-11-08 10:58:00,15739084.0,15739084.0,15739084.0,15739084.0,0
2025-11-08 10:59:00,15734420.0,15734420.0,15734420.0,15734420.0,25403850752
2025-11-08 11:01:00,15728214.0,15742586.0,15728214.0,15742586.0,48948576256
2025-11-08 11:02:00,15730769.0,15730769.0,15730769.0,15730769.0,0
2025-11-08 11:05:00,15735812.0,15735812.0,15735812.0,15735812.0,111894593536
2025-11-08 11:06:00,15741893.0,15741893.0,15739194.0,15739194.0,0
2025-11-08 11:07:00,15739930.0,15739930.0,15739930.0,15739930.0,512753664
2025-11-08 11:08:00,15740828.0,15740828.0,15740828.0,15740828.0,0
2025-11-08 11:09:00,15740456.0,15740456.0,15740456.0,15740456.0,0
2025-11-08 11:10:00,15740456.0,15740456.0,15740456.0,15740456.0,0
2025-11-08 11:11:00,15741266.0,15741266.0,15741266.0,15741266.0,16881025024
2025-11-08 11:12:00,15748373.0,15750998.0,15748373.0,15750998.0,0
2025-11-08 11:13:00,15742587.0,15742587.0,15742587.0,15742587.0,33887879168
2025-11-08 11:16:00,15745434.0,15746360.0,15745434.0,15746360.0,0
2025-11-08 11:17:00,15746521.0,15746521.0,15746521.0,15746521.0,0
2025-11-08 11:18:00,15749787.0,15749787.0,15749787.0,15749787.0,0
2025-11-08 11:20:00,15747628.0,15747628.0,15747628.0,15747628.0,0
2025-11-08 11:21:00,15746162.0,15749210.0,15746162.0,15749210.0,0
2025-11-08 11:22:00,15750242.0,15750242.0,15750242.0,15750242.0,0
2025-11-08 11:23:00,15746002.0,15746002.0,15746002.0,15746002.0,128297467904
2025-11-08 11:24:00,15741519.0,15741519.0,15741519.0,15741519.0,0
2025-11-08 11:27:00,15738507.0,15738507.0,15738507.0,15738507.0,0
2025-11-08 11:28:00,15733375.0,15739259.0,15733375.0,15736509.0,0
2025-11-08 11:29:00,15739259.0,15739259.0,15739259.0,15739259.0,0
2025-11-08 11:31:00,15732569.0,15732569.0,15719596.0,15719596.0,0
2025-11-08 11:32:00,15717544.0,15717544.0,15717544.0,15717544.0,136845459456
2025-11-08 11:33:00,15717544.0,15717544.0,15717544.0,15717544.0,0
2025-11-08 11:34:00,15712962.0,15712962.0,15712962.0,15712962.0,0
2025-11-08 11:36:00,15710251.0,15710251.0,15710251.0,15710251.0,1240465408
2025-11-08 11:38:00,15706979.0,15706979.0,15689169.0,15689169.0,0
2025-11-08 11:39:00,15685272.0,15685272.0,15680272.0,15680272.0,0
2025-11-08 11:40:00,15676065.0,15676065.0,15676065.0,15676065.0,0
2025-11-08 11:41:00,15664181.0,15664181.0,15664181.0,15664181.0,0
2025-11-08 11:42:00,15656040.0,15656040.0,15656040.0,15656040.0,0
2025-11-08 11:43:00,15662613.0,15662613.0,15662613.0,15662613.0,0
2025-11-08 11:44:00,15660674.0,15660674.0,15660674.0,15660674.0,2964324352
2025-11-08 11:46:00,15654894.0,15663440.0,15654894.0,15663440.0,0
2025-11-08 11:47:00,15663440.0,15663440.0,15663440.0,15663440.0,0
2025-11-08 11:48:00,15636945.0,15636945.0,15636945.0,15636945.0,0
2025-11-08 11:49:00,15647387.0,15647387.0,15647387.0,15647387.0,0
2025-11-08 11:51:00,15636945.0,15663992.0,15636945.0,15663992.0,0
2025-11-08 11:52:00,15647768.0,15647768.0,15647768.0,15647768.0,5446303744
2025-11-08 11:53:00,15644830.0,15644830.0,15644830.0,15644830.0,0
2025-11-08 11:54:00,15627453.0,15627453.0,15627453.0,15627453.0,13818134528
2025-11-08 11:55:00,15624749.0,15624749.0,15624749.0,15624749.0,0
2025-11-08 11:57:00,15625037.0,15627153.0,15625037.0,15627153.0,0
2025-11-08 11:58:00,15627153.0,15633302.0,15627153.0,15633302.0,23229104128
2025-11-08 12:01:00,15627453.0,15639090.0,15627453.0,15639090.0,0
2025-11-08 12:02:00,15639090.0,15639090.0,15639090.0,15639090.0,0
2025-11-08 12:03:00,15647377.0,15647377.0,15647377.0,15647377.0,0
2025-11-08 12:04:00,15648894.0,15648894.0,15648894.0,15648894.0,16623075328
2025-11-08 12:05:00,15651369.0,15651369.0,15651369.0,15651369.0,0
2025-11-08 12:07:00,15657852.0,15657852.0,15653605.0,15653605.0,0
2025-11-08 12:08:00,15655859.0,15655859.0,15655859.0,15655859.0,0
2025-11-08 12:09:00,15658157.0,15658157.0,15658157.0,15658157.0,130889547776
2025-11-08 12:10:00,15660962.0,15660962.0,15660962.0,15660962.0,0
2025-11-08 12:11:00,15662587.0,15662587.0,15662587.0,15662587.0,10484711424
2025-11-08 12:12:00,15656336.0,15656336.0,15656336.0,15656336.0,4198498304
2025-11-08 12:13:00,15625724.0,15625724.0,15625724.0,15625724.0,0
2025-11-08 12:14:00,15620565.0,15620565.0,15620565.0,15620565.0,0
2025-11-08 12:16:00,15631743.0,15631743.0,15631743.0,15631743.0,0
2025-11-08 12:17:00,15640060.0,15640060.0,15633128.0,15633128.0,237390266368
2025-11-08 12:18:00,15635172.0,15635172.0,15635172.0,15635172.0,10139729920
2025-11-08 12:20:00,15635359.0,15635359.0,15635359.0,15635359.0,3528458240
2025-11-08 12:22:00,15638037.0,15639296.0,15637915.0,15639296.0,0
2025-11-08 12:25:00,15639684.0,15649899.0,15639684.0,15649899.0,136767864832
2025-11-08 12:26:00,15650374.0,15650374.0,15650374.0,15650374.0,0
2025-11-08 12:27:00,15653607.0,15653607.0,15653607.0,15653607.0,90050658304
2025-11-08 12:28:00,15659950.0,15659950.0,15659950.0,15659950.0,16730030080
2025-11-08 12:29:00,15658063.0,15658063.0,15658063.0,15658063.0,7443841024
2025-11-08 12:31:00,15655207.0,15655207.0,15655207.0,15655207.0,0
2025-11-08 12:32:00,15655414.0,15655414.0,15654795.0,15654795.0,0
2025-11-08 12:33:00,15656473.0,15656473.0,15656473.0,15656473.0,345363185664
2025-11-08 12:34:00,15660130.0,15660130.0,15660130.0,15660130.0,0
2025-11-08 12:35:00,15657878.0,15657878.0,15657878.0,15657878.0,0
2025-11-08 12:36:00,15658700.0,15661148.0,15658700.0,15661148.0,0
2025-11-08 12:38:00,15661196.0,15661196.0,15661053.0,15661053.0,22891462656
2025-11-08 12:39:00,15658057.0,15658057.0,15658057.0,15658057.0,106862477312
2025-11-08 12:40:00,15659442.0,15659442.0,15659442.0,15659442.0,0
2025-11-08 12:44:00,15661766.0,15661766.0,15652173.0,15652173.0,125756768256
2025-11-08 12:46:00,15642609.0,15643848.0,15642609.0,15643848.0,0
2025-11-08 12:48:00,15648749.0,15648749.0,15648749.0,15648749.0,0
2025-11-08 12:49:00,15634745.0,15634745.0,15634745.0,15634745.0,0
2025-11-08 12:50:00,15645237.0,15650674.0,15645237.0,15650674.0,5041553408
2025-11-08 12:51:00,15652592.0,15652592.0,15652592.0,15652592.0,0
2025-11-08 12:53:00,15649073.0,15649468.0,15649073.0,15649468.0,0
2025-11-08 12:55:00,15649172.0,15650001.0,15649172.0,15650001.0,91748302848
2025-11-08 12:56:00,15655174.0,15655174.0,15655174.0,15655174.0,0
2025-11-08 12:58:00,15659341.0,15659341.0,15659341.0,15659341.0,0
2025-11-08 12:59:00,15657419.0,15657419.0,15657419.0,15657419.0,19339935744
2025-11-08 13:01:00,15650265.0,15665817.0,15650265.0,15660597.0,0
2025-11-08 13:04:00,15652257.0,15653050.0,15652257.0,15653050.0,99766763520
2025-11-08 13:06:00,15653050.0,15653050.0,15623394.0,15623394.0,8607760384
2025-11-08 13:08:00,15628237.0,15628237.0,15628237.0,15628237.0,0
2025-11-08 13:09:00,15638101.0,15638101.0,15638101.0,15638101.0,6141509632
2025-11-08 13:10:00,15641797.0,15641797.0,15641519.0,15641519.0,0
2025-11-08 13:12:00,15629639.0,15629639.0,15629639.0,15629639.0,0
2025-11-08 13:13:00,15638555.0,15638555.0,15638555.0,15638555.0,0
2025-11-08 13:14:00,15649027.0,15649027.0,15649027.0,15649027.0,136994357248
2025-11-08 13:16:00,15651065.0,15651065.0,15638811.0,15638811.0,0
2025-11-08 13:18:00,15643767.0,15663138.0,15643767.0,15663138.0,0
2025-11-08 13:20:00,15662139.0,15662139.0,15659693.0,15659693.0,0
2025-11-08 13:21:00,15677831.0,15677831.0,15677831.0,15677831.0,17175674880
2025-11-08 13:23:00,15676946.0,15676946.0,15676946.0,15676946.0,0
2025-11-08 13:24:00,15678455.0,15678455.0,15678455.0,15678455.0,0
2025-11-08 13:25:00,15677721.0,15677721.0,15677721.0,15677721.0,8833204224
2025-11-08 13:27:00,15678089.0,15678089.0,15671088.0,15671517.0,0
2025-11-08 13:28:00,15675634.0,15675634.0,15675634.0,15675634.0,142274985984
2025-11-08 13:29:00,15670719.0,15670719.0,15670719.0,15670719.0,0
2025-11-08 13:31:00,15669124.0,15669124.0,15669124.0,15669124.0,128218824704
2025-11-08 13:32:00,15663006.0,15663006.0,15663006.0,15663006.0,2097152
2025-11-08 13:33:00,15655814.0,15655814.0,15655814.0,15655814.0,0
2025-11-08 13:34:00,15650852.0,15663876.0,15650852.0,15663876.0,0
2025-11-08 13:35:00,15670968.0,15670968.0,15670968.0,15670968.0,9116319744
2025-11-08 13:36:00,15671295.0,15671295.0,15671295.0,15671295.0,0
2025-11-08 13:38:00,15670913.0,15670913.0,15670913.0,15670913.0,0
2025-11-08 13:39:00,15666137.0,15668111.0,15666137.0,15668111.0,0
2025-11-08 13:40:00,15666176.0,15666176.0,15666176.0,15666176.0,0
2025-11-08 13:43:00,15673158.0,15673158.0,15673158.0,15673158.0,24119345152
2025-11-08 13:44:00,15673235.0,15673235.0,15663882.0,15663882.0,0
2025-11-08 13:45:00,15658568.0,15658568.0,15658568.0,15658568.0,29765926912
2025-11-08 13:46:00,15652380.0,15652380.0,15649101.0,15649101.0,1967128576
2025-11-08 13:48:00,15653752.0,15653752.0,15648876.0,15648876.0,0
2025-11-08 13:49:00,15641603.0,15641603.0,15641603.0,15641603.0,0
2025-11-08 13:50:00,15644142.0,15644142.0,15644142.0,15644142.0,17191403520
2025-11-08 13:51:00,15644142.0,15644142.0,15644142.0,15644142.0,0
2025-11-08 13:53:00,15644142.0,15644142.0,15644142.0,15644142.0,0
2025-11-08 13:54:00,15647144.0,15650603.0,15644922.0,15650603.0,115299319808
2025-11-08 13:55:00,15633679.0,15633679.0,15633679.0,15633679.0,0
2025-11-08 13:58:00,15649891.0,15649891.0,15649891.0,15649891.0,0
2025-11-08 13:59:00,15649656.0,15649656.0,15626601.0,15626601.0,112020422656
2025-11-08 14:01:00,15626642.0,15630740.0,15624222.0,15624222.0,0
2025-11-08 14:04:00,15626019.0,15626019.0,15626019.0,15626019.0,686817280
2025-11-08 14:05:00,15623114.0,15623114.0,15623114.0,15623114.0,0
2025-11-08 14:06:00,15618934.0,15618934.0,15618176.0,15618176.0,6356467712
2025-11-08 14:08:00,15590395.0,15590395.0,15590395.0,15590395.0,704643072
2025-11-08 14:09:00,15611879.0,15611879.0,15607580.0,15607580.0,29649534976
2025-11-08 14:11:00,15611411.0,15611411.0,15601305.0,15601305.0,0
2025-11-08 14:13:00,15600519.0,15600519.0,15600519.0,15600519.0,3591372800
2025-11-08 14:14:00,15600134.0,15600134.0,15600134.0,15600134.0,0
2025-11-08 14:15:00,15598595.0,15598595.0,15598595.0,15598595.0,4331667456
2025-11-08 14:16:00,15594853.0,15594853.0,15594853.0,15594853.0,0
2025-11-08 14:17:00,15598244.0,15598244.0,15598244.0,15598244.0,0
2025-11-08 14:18:00,15589715.0,15589715.0,15573794.0,15573794.0,0
2025-11-08 14:20:00,15579164.0,15593951.0,15579164.0,15593951.0,33939259392
2025-11-08 14:22:00,15593692.0,15593692.0,15593692.0,15593692.0,0
2025-11-08 14:23:00,15603651.0,15603651.0,15603651.0,15603651.0,7012876288
2025-11-08 14:24:00,15613513.0,15613513.0,15613513.0,15613513.0,0
2025-11-08 14:25:00,15606938.0,15613533.0,15606938.0,15613533.0,5629804544
2025-11-08 14:26:00,15613533.0,15613533.0,15612492.0,15612492.0,0
2025-11-08 14:30:00,15598351.0,15605080.0,15598351.0,15605080.0,13389266944
2025-11-08 14:31:00,15615322.0,15615322.0,15615322.0,15615322.0,0
2025-11-08 14:33:00,15617112.0,15617112.0,15617112.0,15617112.0,0
2025-11-08 14:34:00,15624241.0,15642098.0,15624241.0,15642098.0,97053048832
2025-11-08 14:35:00,15638489.0,15638489.0,15638489.0,15638489.0,0
2025-11-08 14:38:00,15640356.0,15641654.0,15640356.0,15641654.0,1864368128
2025-11-08 14:39:00,15642527.0,15642527.0,15642527.0,15642527.0,0
2025-11-08 14:40:00,15642527.0,15655248.0,15642527.0,15655248.0,137684320256
2025-11-08 14:41:00,15664510.0,15664510.0,15664510.0,15664510.0,0
2025-11-08 14:44:00,15656619.0,15656619.0,15652272.0,15652272.0,0
2025-11-08 14:46:00,15645580.0,15646656.0,15645580.0,15646656.0,0
2025-11-08 14:48:00,15640690.0,15644525.0,15640690.0,15644525.0,0
2025-11-08 14:50:00,15644525.0,15663715.0,15644525.0,15663715.0,100572069888
2025-11-08 14:51:00,15659615.0,15659615.0,15659615.0,15659615.0,0
2025-11-08 14:53:00,15647733.0,15647733.0,15647733.0,15647733.0,0
2025-11-08 14:55:00,15637207.0,15641758.0,15637207.0,15641758.0,0
2025-11-08 14:56:00,15636489.0,15636489.0,15636489.0,15636489.0,0
2025-11-08 14:58:00,15636489.0,15636489.0,15635397.0,15635397.0,0
2025-11-08 14:59:00,15633890.0,15633890.0,15633890.0,15633890.0,3032481792
2025-11-08 15:01:00,15633890.0,15633890.0,15629493.0,15629493.0,0
2025-11-08 15:03:00,15637054.0,15640646.0,15637054.0,15640646.0,83725647872
2025-11-08 15:04:00,15628331.0,15628331.0,15628331.0,15628331.0,0
2025-11-08 15:07:00,15642207.0,15642878.0,15642207.0,15642878.0,0
2025-11-08 15:08:00,15642270.0,15642270.0,15642270.0,15642270.0,0
2025-11-08 15:09:00,15642992.0,15642992.0,15639131.0,15639131.0,0
2025-11-08 15:10:00,15639131.0,15639131.0,15639131.0,15639131.0,0
2025-11-08 15:11:00,15637938.0,15637938.0,15637938.0,15637938.0,6520045568
2025-11-08 15:13:00,15629589.0,15629589.0,15629589.0,15629589.0,83437289472
2025-11-08 15:14:00,15624042.0,15624042.0,15624042.0,15624042.0,0
2025-11-08 15:16:00,15631188.0,15631188.0,15631188.0,15631188.0,2638217216
2025-11-08 15:17:00,15631188.0,15643766.0,15631188.0,15643766.0,111802318848
2025-11-08 15:18:00,15636428.0,15636428.0,15636428.0,15636428.0,0
2025-11-08 15:19:00,15611764.0,15617396.0,15611764.0,15617396.0,0
2025-11-08 15:20:00,15617396.0,15617396.0,15617396.0,15617396.0,0
2025-11-08 15:21:00,15610614.0,15610614.0,15610614.0,15610614.0,0
2025-11-08 15:23:00,15607145.0,15607145.0,15607145.0,15607145.0,0
2025-11-08 15:24:00,15584649.0,15584649.0,15584649.0,15584649.0,0
2025-11-08 15:26:00,15589369.0,15589369.0,15578789.0,15578789.0,0
2025-11-08 15:28:00,15595024.0,15595024.0,15585262.0,15585262.0,0
2025-11-08 15:31:00,15593023.0,15593023.0,15590799.0,15590799.0,0
2025-11-08 15:33:00,15589949.0,15599704.0,15589949.0,15599704.0,0
2025-11-08 15:34:00,15590624.0,15590624.0,15590624.0,15590624.0,129461387264
2025-11-08 15:36:00,15584968.0,15584968.0,15584968.0,15584968.0,0
2025-11-08 15:37:00,15589742.0,15589742.0,15589742.0,15589742.0,0
2025-11-08 15:38:00,15583449.0,15601369.0,15583449.0,15601369.0,0
2025-11-08 15:40:00,15602461.0,15602461.0,15599579.0,15599579.0,130520449024
2025-11-08 15:41:00,15600876.0,15600876.0,15600876.0,15600876.0,0
2025-11-08 15:43:00,15603508.0,15603508.0,15591971.0,15591971.0,0
2025-11-08 15:45:00,15588598.0,15588598.0,15588598.0,15588598.0,0
2025-11-08 15:46:00,15590389.0,15590389.0,15590389.0,15590389.0,0
2025-11-08 15:47:00,15599644.0,15599644.0,15599644.0,15599644.0,0
2025-11-08 15:48:00,15599644.0,15599644.0,15599644.0,15599644.0,0
2025-11-08 15:50:00,15601142.0,15601142.0,15601142.0,15601142.0,0
2025-11-08 15:51:00,15608697.0,15612235.0,15608697.0,15611644.0,0
2025-11-08 15:53:00,15611644.0,15612472.0,15611644.0,15612472.0,0
2025-11-08 15:54:00,15611301.0,15611301.0,15611301.0,15611301.0,0
2025-11-08 15:56:00,15614755.0,15614755.0,15614755.0,15614755.0,11039408128
2025-11-08 15:58:00,15612289.0,15612289.0,15605654.0,15605918.0,0
2025-11-08 15:59:00,15612192.0,15612192.0,15612192.0,15612192.0,6150946816
2025-11-08 16:01:00,15617260.0,15617260.0,15617260.0,15617260.0,90893713408
2025-11-08 16:02:00,15605364.0,15605364.0,15599146.0,15599146.0,0
2025-11-08 16:04:00,15610989.0,15610989.0,15603664.0,15603664.0,0
2025-11-08 16:06:00,15603664.0,15603664.0,15603664.0,15603664.0,0
2025-11-08 16:07:00,15613808.0,15613808.0,15613808.0,15613808.0,0
2025-11-08 16:09:00,15601215.0,15613808.0,15601215.0,15613808.0,0
2025-11-08 16:10:00,15590204.0,15608523.0,15590204.0,15608523.0,0
2025-11-08 16:13:00,15612760.0,15635657.0,15612760.0,15635657.0,137052028928
2025-11-08 16:14:00,15645528.0,15646486.0,15645528.0,15646486.0,9661579264
2025-11-08 16:16:00,15645528.0,15645528.0,15645528.0,15645528.0,4974444544
2025-11-08 16:18:00,15638053.0,15638053.0,15637698.0,15637698.0,0
2025-11-08 16:19:00,15638053.0,15638053.0,15638053.0,15638053.0,10999562240
2025-11-08 16:21:00,15621369.0,15621369.0,15621369.0,15621369.0,3220176896
2025-11-08 16:23:00,15622386.0,15635975.0,15608221.0,15608221.0,0
2025-11-08 16:24:00,15632697.0,15632697.0,15632697.0,15632697.0,0
2025-11-08 16:27:00,15633340.0,15633340.0,15633340.0,15633340.0,0
2025-11-08 16:28:00,15632505.0,15634627.0,15632505.0,15634627.0,76229378048
2025-11-08 16:29:00,15633621.0,15633621.0,15633621.0,15633621.0,0
2025-11-08 16:31:00,15633621.0,15633621.0,15633621.0,15633621.0,0
2025-11-08 16:33:00,15633804.0,15633804.0,15633804.0,15633804.0,0
2025-11-08 16:34:00,15628510.0,15641425.0,15621926.0,15621926.0,104230551552
2025-11-08 16:37:00,15635936.0,15635936.0,15635936.0,15635936.0,18010341376
2025-11-08 16:38:00,15644327.0,15644327.0,15644327.0,15644327.0,0
2025-11-08 16:39:00,15641686.0,15641686.0,15641686.0,15641686.0,0
2025-11-08 16:40:00,15645027.0,15645027.0,15645027.0,15645027.0,0
2025-11-08 16:43:00,15645099.0,15647461.0,15645099.0,15647461.0,0
2025-11-08 16:44:00,15624268.0,15624268.0,15624268.0,15624268.0,5032116224
2025-11-08 16:46:00,15618725.0,15618725.0,15606480.0,15606480.0,0
2025-11-08 16:48:00,15620065.0,15623091.0,15620065.0,15623091.0,0
2025-11-08 16:50:00,15624951.0,15624951.0,15624951.0,15624951.0,0
2025-11-08 16:52:00,15621694.0,15623289.0,15621694.0,15623289.0,14373879808
2025-11-08 16:53:00,15621355.0,15621355.0,15621355.0,15621355.0,4915724288
2025-11-08 16:55:00,15617852.0,15617852.0,15617852.0,15617852.0,0
2025-11-08 16:57:00,15618686.0,15618686.0,15618686.0,15618686.0,0
2025-11-08 16:58:00,15622801.0,15622801.0,15622801.0,15622801.0,0
2025-11-08 16:59:00,15622801.0,15622801.0,15622801.0,15622801.0,0
2025-11-08 17:00:00,15636175.0,15636175.0,15636175.0,15636175.0,0
2025-11-08 17:01:00,15636175.0,15636175.0,15636175.0,15636175.0,0
2025-11-08 17:03:00,15630536.0,15630536.0,15630536.0,15630536.0,0
2025-11-08 17:04:00,15626477.0,15626477.0,15626477.0,15626477.0,0
2025-11-08 17:06:00,15620081.0,15620081.0,15620081.0,15620081.0,146946392064
2025-11-08 17:07:00,15620295.0,15620295.0,15620295.0,15620295.0,0
2025-11-08 17:08:00,15616308.0,15616308.0,15599086.0,15599086.0,10154409984
2025-11-08 17:09:00,15585896.0,15585896.0,15585896.0,15585896.0,0
2025-11-08 17:10:00,15603927.0,15603927.0,15603927.0,15603927.0,11294212096
2025-11-08 17:12:00,15606724.0,15606724.0,15606724.0,15606724.0,0
2025-11-08 17:14:00,15606724.0,15606724.0,15604378.0,15604378.0,0
2025-11-08 17:16:00,15604378.0,15604378.0,15604378.0,15604378.0,0
2025-11-08 17:17:00,15609279.0,15609279.0,15609279.0,15609279.0,0
2025-11-08 17:18:00,15617720.0,15617720.0,15617462.0,15617462.0,0
2025-11-08 17:20:00,15622943.0,15622943.0,15606263.0,15606263.0,97009008640
2025-11-08 17:21:00,15622335.0,15622335.0,15622335.0,15622335.0,20937965568
2025-11-08 17:23:00,15632232.0,15632232.0,15632232.0,15632232.0,0
2025-11-08 17:25:00,15633332.0,15633332.0,15632232.0,15632898.0,0
2025-11-08 17:27:00,15632988.0,15632988.0,15632988.0,15632988.0,0
2025-11-08 17:28:00,15631522.0,15631522.0,15630513.0,15630513.0,0
2025-11-08 17:29:00,15630513.0,15630513.0,15630513.0,15630513.0,0
2025-11-08 17:31:00,15628923.0,15628964.0,15628923.0,15628964.0,0
2025-11-08 17:33:00,15631277.0,15631277.0,15631277.0,15631277.0,0
2025-11-08 17:34:00,15633914.0,15633914.0,15633914.0,15633914.0,0
2025-11-08 17:36:00,15633914.0,15635980.0,15633914.0,15635980.0,297504079872
2025-11-08 17:38:00,15641081.0,15641081.0,15637945.0,15637945.0,0
2025-11-08 17:39:00,15639612.0,15639612.0,15639612.0,15639612.0,0
2025-11-08 17:41:00,15645697.0,15645697.0,15645697.0,15645697.0,0
2025-11-08 17:42:00,15647682.0,15647682.0,15647682.0,15647682.0,7180648448
2025-11-08 17:43:00,15648301.0,15648301.0,15632694.0,15632694.0,0
2025-11-08 17:45:00,15645573.0,15645573.0,15645573.0,15645573.0,10015997952
2025-11-08 17:46:00,15647838.0,15647838.0,15646106.0,15646106.0,176872751104
2025-11-08 17:48:00,15645610.0,15645610.0,15645610.0,15645610.0,0
2025-11-08 17:49:00,15645610.0,15649949.0,15645610.0,15649949.0,0
2025-11-08 17:50:00,15648324.0,15648324.0,15648324.0,15648324.0,4438622208
2025-11-08 17:53:00,15632841.0,15640402.0,15632841.0,15640402.0,0
2025-11-08 17:54:00,15624803.0,15624803.0,15624803.0,15624803.0,0
2025-11-08 17:55:00,15650104.0,15650104.0,15650104.0,15650104.0,0
2025-11-08 17:56:00,15650104.0,15650104.0,15650104.0,15650104.0,0
2025-11-08 17:58:00,15650098.0,15650098.0,15650098.0,15650098.0,0
2025-11-08 17:59:00,15656014.0,15656014.0,15656014.0,15656014.0,202110926848
2025-11-08 18:01:00,15654839.0,15654839.0,15654839.0,15654839.0,96644104192
2025-11-08 18:02:00,15655670.0,15655670.0,15655670.0,15655670.0,0
2025-11-08 18:03:00,15655670.0,15655670.0,15655670.0,15655670.0,0
2025-11-08 18:05:00,15632336.0,15651991.0,15632336.0,15649168.0,94999937024
2025-11-08 18:06:00,15652145.0,15652145.0,15652145.0,15652145.0,0
2025-11-08 18:08:00,15649144.0,15649293.0,15649144.0,15649293.0,0
2025-11-08 18:09:00,15649293.0,15649293.0,15649293.0,15649293.0,0
2025-11-08 18:10:00,15655076.0,15655076.0,15655076.0,15655076.0,0
2025-11-08 18:11:00,15655076.0,15655076.0,15655076.0,15655076.0,0
2025-11-08 18:13:00,15655303.0,15658834.0,15655303.0,15658834.0,0
2025-11-08 18:14:00,15658834.0,15658834.0,15658834.0,15658834.0,0
2025-11-08 18:17:00,15640950.0,15641269.0,15640950.0,15641269.0,81799413760
2025-11-08 18:18:00,15656793.0,15656793.0,15656220.0,15656220.0,26914848768
2025-11-08 18:19:00,15657980.0,15657980.0,15657980.0,15657980.0,0
2025-11-08 18:20:00,15657836.0,15657836.0,15641207.0,15641207.0,0
2025-11-08 18:21:00,15653683.0,15653683.0,15653683.0,15653683.0,11692670976
2025-11-08 18:23:00,15653683.0,15653683.0,15650001.0,15650001.0,0
2025-11-08 18:25:00,15643513.0,15643513.0,15643513.0,15643513.0,0
2025-11-08 18:26:00,15633798.0,15633798.0,15633798.0,15633798.0,0
2025-11-08 18:28:00,15620877.0,15620877.0,15620877.0,15620877.0,0
2025-11-08 18:29:00,15645726.0,15655432.0,15645726.0,15655432.0,161457635328
2025-11-08 18:30:00,15671702.0,15671702.0,15671702.0,15671702.0,377487360
2025-11-08 18:31:00,15670680.0,15670680.0,15668886.0,15668886.0,0
2025-11-08 18:34:00,15655132.0,15655132.0,15655132.0,15655132.0,25651314688
2025-11-08 18:35:00,15650258.0,15650258.0,15650258.0,15650258.0,0
2025-11-08 18:37:00,15648540.0,15648540.0,15648540.0,15648540.0,7918845952
2025-11-08 18:38:00,15652874.0,15652874.0,15652874.0,15652874.0,0
2025-11-08 18:39:00,15647461.0,15669372.0,15647461.0,15669372.0,0
2025-11-08 18:40:00,15668638.0,15668638.0,15668638.0,15668638.0,0
2025-11-08 18:41:00,15669500.0,15669500.0,15669500.0,15669500.0,129171980288
2025-11-08 18:43:00,15668775.0,15668775.0,15668775.0,15668775.0,15679356928
2025-11-08 18:44:00,15666346.0,15667990.0,15666346.0,15667990.0,2427453440
2025-11-08 18:46:00,15670657.0,15670657.0,15667988.0,15667988.0,0
2025-11-08 18:48:00,15661602.0,15661602.0,15661602.0,15661602.0,0
2025-11-08 18:50:00,15652740.0,15652740.0,15652740.0,15652740.0,0
2025-11-08 18:51:00,15667548.0,15667548.0,15667548.0,15667548.0,8518631424
2025-11-08 18:52:00,15675235.0,15675235.0,15675235.0,15675235.0,3607101440
2025-11-08 18:53:00,15675235.0,15675235.0,15675235.0,15675235.0,0
2025-11-08 18:55:00,15676280.0,15678369.0,15676280.0,15678369.0,0
2025-11-08 18:56:00,15682306.0,15685210.0,15682306.0,15685210.0,0
2025-11-08 18:58:00,15686404.0,15686404.0,15686404.0,15686404.0,0
2025-11-08 18:59:00,15692564.0,15692564.0,15692564.0,15692564.0,804257792
2025-11-08 19:01:00,15671971.0,15671971.0,15671971.0,15671971.0,4618977280
2025-11-08 19:02:00,15687558.0,15687558.0,15687558.0,15687558.0,0
2025-11-08 19:03:00,15679513.0,15679513.0,15678294.0,15678294.0,0
2025-11-08 19:04:00,15678294.0,15678294.0,15678294.0,15678294.0,0
2025-11-08 19:05:00,15678044.0,15678044.0,15678044.0,15678044.0,0
2025-11-08 19:06:00,15681056.0,15681056.0,15681056.0,15681056.0,11360272384
2025-11-08 19:09:00,15676977.0,15680567.0,15676977.0,15678519.0,0
2025-11-08 19:10:00,15680574.0,15680574.0,15680574.0,15680574.0,1101004800
2025-11-08 19:11:00,15655425.0,15655425.0,15655425.0,15655425.0,0
2025-11-08 19:13:00,15674984.0,15674984.0,15674984.0,15674984.0,11129585664
2025-11-08 19:14:00,15678450.0,15678450.0,15677406.0,15677406.0,0
2025-11-08 19:16:00,15677406.0,15677406.0,15676636.0,15676636.0,0
2025-11-08 19:18:00,15675220.0,15675220.0,15675220.0,15675220.0,120622940160
2025-11-08 19:19:00,15644742.0,15644742.0,15625879.0,15625879.0,0
2025-11-08 19:21:00,15624367.0,15624367.0,15622146.0,15622146.0,30876368896
2025-11-08 19:23:00,15622146.0,15622146.0,15604314.0,15604314.0,0
2025-11-08 19:24:00,15593672.0,15593672.0,15593672.0,15593672.0,0
2025-11-08 19:25:00,15601552.0,15601552.0,15601552.0,15601552.0,4278190080
2025-11-08 19:26:00,15609363.0,15609363.0,15609363.0,15609363.0,3790602240
2025-11-08 19:28:00,15614003.0,15614003.0,15614003.0,15614003.0,5981077504
2025-11-08 19:29:00,15614003.0,15614003.0,15614003.0,15614003.0,0
2025-11-08 19:30:00,15627540.0,15627540.0,15627540.0,15627540.0,0
2025-11-08 19:31:00,15624808.0,15627540.0,15624808.0,15627540.0,0
2025-11-08 19:33:00,15630600.0,15630600.0,15630600.0,15630600.0,23965204480
2025-11-08 19:34:00,15631231.0,15631231.0,15616881.0,15616881.0,0
2025-11-08 19:36:00,15634728.0,15639435.0,15634728.0,15639435.0,4384096256
2025-11-08 19:38:00,15643598.0,15645614.0,15643598.0,15645614.0,0
2025-11-08 19:40:00,15650545.0,15650545.0,15650545.0,15650545.0,0
2025-11-08 19:42:00,15660522.0,15660522.0,15657469.0,15657469.0,90938802176
2025-11-08 19:43:00,15656303.0,15656303.0,15656303.0,15656303.0,0
2025-11-08 19:44:00,15656755.0,15656755.0,15652009.0,15652009.0,128639303680
2025-11-08 19:45:00,15638600.0,15638600.0,15638600.0,15638600.0,0
2025-11-08 19:46:00,15655139.0,15655139.0,15655139.0,15655139.0,9207545856
2025-11-08 19:48:00,15655882.0,15655882.0,15655882.0,15655882.0,0
2025-11-08 19:49:00,15645633.0,15647631.0,15645633.0,15647631.0,0
2025-11-08 19:50:00,15645779.0,15645779.0,15645779.0,15645779.0,2102394880
2025-11-08 19:53:00,15646642.0,15646642.0,15646642.0,15646642.0,0
2025-11-08 19:54:00,15648336.0,15648336.0,15647290.0,15647290.0,3146776576
2025-11-08 19:56:00,15646894.0,15646894.0,15628507.0,15628507.0,0
2025-11-08 19:58:00,15642873.0,15649388.0,15642873.0,15649388.0,2055208960
2025-11-08 20:00:00,15654722.0,15656334.0,15654722.0,15656334.0,96343687168
2025-11-08 20:01:00,15655478.0,15655478.0,15655478.0,15655478.0,0
2025-11-08 20:03:00,15656831.0,15662251.0,15656831.0,15662251.0,0
2025-11-08 20:05:00,15662251.0,15662251.0,15662251.0,15662251.0,0
2025-11-08 20:06:00,15665780.0,15665780.0,15665780.0,15665780.0,156750053376
2025-11-08 20:08:00,15658708.0,15658708.0,15658346.0,15658346.0,0
2025-11-08 20:09:00,15657460.0,15657460.0,15657460.0,15657460.0,0
2025-11-08 20:10:00,15657946.0,15657946.0,15657946.0,15657946.0,11188830208
2025-11-08 20:11:00,15657946.0,15657946.0,15657946.0,15657946.0,0
2025-11-08 20:13:00,15663490.0,15663490.0,15660548.0,15660548.0,4871159808
2025-11-08 20:14:00,15654852.0,15654852.0,15654852.0,15654852.0,0
2025-11-08 20:15:00,15654064.0,15654064.0,15654064.0,15654064.0,0
2025-11-08 20:16:00,15658561.0,15658561.0,15658561.0,15658561.0,11017388032
2025-11-08 20:18:00,15665070.0,15665070.0,15648837.0,15648837.0,0
2025-11-08 20:19:00,15668069.0,15668069.0,15668069.0,15668069.0,11141644288
2025-11-08 20:21:00,15668069.0,15670114.0,15663503.0,15666477.0,0
2025-11-08 20:24:00,15663503.0,15663503.0,15663503.0,15663503.0,142698610688
2025-11-08 20:26:00,15666477.0,15671982.0,15666477.0,15671982.0,0
2025-11-08 20:28:00,15668492.0,15668492.0,15668492.0,15668492.0,148164837376
2025-11-08 20:29:00,15673768.0,15673768.0,15673768.0,15673768.0,0
2025-11-08 20:30:00,15670535.0,15670535.0,15670535.0,15670535.0,123229700096
2025-11-08 20:33:00,15669970.0,15669970.0,15669970.0,15669970.0,0
2025-11-08 20:34:00,15673619.0,15674560.0,15673619.0,15674560.0,0
2025-11-08 20:35:00,15674560.0,15674560.0,15674560.0,15674560.0,0
2025-11-08 20:36:00,15674560.0,15674560.0,15674560.0,15674560.0,0
2025-11-08 20:37:00,15674763.0,15675380.0,15674763.0,15675380.0,0
2025-11-08 20:38:00,15678213.0,15678213.0,15678213.0,15678213.0,0
2025-11-08 20:40:00,15675735.0,15675735.0,15675735.0,15675735.0,0
2025-11-08 20:42:00,15674791.0,15674791.0,15674791.0,15674791.0,136528265216
2025-11-08 20:43:00,15676087.0,15676087.0,15676087.0,15676087.0,0
2025-11-08 20:44:00,15676516.0,15676516.0,15676516.0,15676516.0,0
2025-11-08 20:45:00,15676145.0,15676792.0,15676145.0,15676792.0,0
2025-11-08 20:46:00,15662818.0,15662818.0,15662818.0,15662818.0,113191157760
2025-11-08 20:47:00,15681172.0,15681172.0,15681172.0,15681172.0,0
2025-11-08 20:48:00,15680990.0,15680990.0,15680990.0,15680990.0,0
2025-11-08 20:49:00,15679263.0,15679263.0,15679263.0,15679263.0,116777811968
2025-11-08 20:50:00,15679263.0,15679263.0,15679263.0,15679263.0,0
2025-11-08 20:52:00,15678897.0,15678897.0,15678897.0,15678897.0,0
2025-11-08 20:53:00,15678897.0,15678897.0,15673695.0,15673695.0,122579582976
2025-11-08 20:54:00,15675196.0,15675196.0,15675196.0,15675196.0,0
2025-11-08 20:55:00,15673571.0,15673571.0,15673571.0,15673571.0,0
2025-11-08 20:56:00,15667501.0,15667501.0,15667501.0,15667501.0,0
2025-11-08 20:57:00,15654780.0,15654780.0,15654780.0,15654780.0,0
2025-11-08 20:58:00,15666865.0,15666865.0,15666865.0,15666865.0,0
2025-11-08 20:59:00,15665088.0,15665088.0,15665088.0,15665088.0,0
2025-11-08 21:00:00,15666510.0,15668014.0,15666510.0,15668014.0,0
2025-11-08 21:02:00,15670499.0,15670499.0,15670499.0,15670499.0,0
2025-11-08 21:03:00,15670895.0,15670895.0,15670895.0,15670895.0,0
2025-11-08 21:05:00,15675781.0,15675781.0,15675781.0,15675781.0,0
2025-11-08 21:06:00,15676330.0,15676330.0,15676330.0,15676330.0,0
2025-11-08 21:08:00,15673164.0,15673164.0,15673164.0,15673164.0,117337751552
2025-11-08 21:09:00,15672276.0,15672276.0,15672276.0,15672276.0,1039663104
2025-11-08 21:10:00,15672276.0,15672276.0,15672276.0,15672276.0,0
2025-11-08 21:11:00,15673432.0,15673432.0,15673432.0,15673432.0,0
2025-11-08 21:12:00,15673432.0,15673432.0,15673432.0,15673432.0,0
2025-11-08 21:14:00,15673133.0,15673133.0,15672803.0,15672803.0,0
2025-11-08 21:16:00,15667764.0,15670314.0,15667764.0,15670314.0,5872549888
2025-11-08 21:17:00,15670970.0,15670970.0,15670970.0,15670970.0,585105408
2025-11-08 21:18:00,15649940.0,15649940.0,15649940.0,15649940.0,0
2025-11-08 21:19:00,15671146.0,15671146.0,15671146.0,15671146.0,5780275200
2025-11-08 21:20:00,15671805.0,15671805.0,15671805.0,15671805.0,0
2025-11-08 21:21:00,15669691.0,15672664.0,15669691.0,15672664.0,4925161472
2025-11-08 21:24:00,15674028.0,15674028.0,15673049.0,15673049.0,0
2025-11-08 21:25:00,15670670.0,15670670.0,15670670.0,15670670.0,0
2025-11-08 21:26:00,15670745.0,15670745.0,15670745.0,15670745.0,0
2025-11-08 21:27:00,15673128.0,15673128.0,15673128.0,15673128.0,0
2025-11-08 21:28:00,15673033.0,15673033.0,15673033.0,15673033.0,0
2025-11-08 21:29:00,15656718.0,15656718.0,15656718.0,15656718.0,0
2025-11-08 21:30:00,15674052.0,15674052.0,15673522.0,15673522.0,0
2025-11-08 21:31:00,15674052.0,15674052.0,15674052.0,15674052.0,14590410752
2025-11-08 21:33:00,15673522.0,15673522.0,15673522.0,15673522.0,0
2025-11-08 21:34:00,15684299.0,15684299.0,15684299.0,15684299.0,0
2025-11-08 21:35:00,15684299.0,15684299.0,15684299.0,15684299.0,0
2025-11-08 21:37:00,15685439.0,15691015.0,15685439.0,15691015.0,0
2025-11-08 21:38:00,15693885.0,15693885.0,15693885.0,15693885.0,0
2025-11-08 21:40:00,15704908.0,15704908.0,15697310.0,15697310.0,148026949632
2025-11-08 21:41:00,15683234.0,15683234.0,15683234.0,15683234.0,0
2025-11-08 21:42:00,15701111.0,15701111.0,15701111.0,15701111.0,9344909312
2025-11-08 21:43:00,15703493.0,15703493.0,15703493.0,15703493.0,0
2025-11-08 21:44:00,15706407.0,15706407.0,15706407.0,15706407.0,0
2025-11-08 21:46:00,15707430.0,15707430.0,15707430.0,15707430.0,4695523328
2025-11-08 21:47:00,15710761.0,15710761.0,15707174.0,15707174.0,4041736192
2025-11-08 21:48:00,15707174.0,15707174.0,15707174.0,15707174.0,0
2025-11-08 21:49:00,15712247.0,15712247.0,15712247.0,15712247.0,6303514624
2025-11-08 21:50:00,15711461.0,15711461.0,15711461.0,15711461.0,0
2025-11-08 21:51:00,15707200.0,15707200.0,15707200.0,15707200.0,91226112
2025-11-08 21:52:00,15685767.0,15685767.0,15685767.0,15685767.0,0
2025-11-08 21:53:00,15696668.0,15696668.0,15696668.0,15696668.0,136013938688
2025-11-08 21:54:00,15700026.0,15700026.0,15700026.0,15700026.0,0
2025-11-08 21:55:00,15698653.0,15698653.0,15698653.0,15698653.0,0
2025-11-08 21:56:00,15705312.0,15705312.0,15705312.0,15705312.0,729808896
2025-11-08 21:57:00,15702849.0,15702849.0,15702849.0,15702849.0,0
2025-11-08 21:58:00,15702167.0,15702167.0,15702167.0,15702167.0,0
2025-11-08 22:00:00,15701720.0,15701720.0,15701720.0,15701720.0,240648192
2025-11-08 22:01:00,15702708.0,15702708.0,15702708.0,15702708.0,425197568
2025-11-08 22:02:00,15686293.0,15686293.0,15679716.0,15679716.0,95301926912
2025-11-08 22:03:00,15694443.0,15694443.0,15694443.0,15694443.0,7593263104
2025-11-08 22:04:00,15692448.0,15692448.0,15692448.0,15692448.0,0
2025-11-08 22:05:00,15696674.0,15696674.0,15696674.0,15696674.0,0
2025-11-08 22:06:00,15696000.0,15696000.0,15696000.0,15696000.0,0
2025-11-08 22:07:00,15692466.0,15692466.0,15692466.0,15692466.0,0
2025-11-08 22:08:00,15693639.0,15693639.0,15693639.0,15693639.0,0
2025-11-08 22:09:00,15693639.0,15693639.0,15693639.0,15693639.0,0
2025-11-08 22:10:00,15695406.0,15695406.0,15695406.0,15695406.0,0
2025-11-08 22:11:00,15695735.0,15695735.0,15695735.0,15695735.0,123317780480
2025-11-08 22:12:00,15694856.0,15694856.0,15694856.0,15694856.0,0
2025-11-08 22:13:00,15698184.0,15698184.0,15698184.0,15698184.0,0
2025-11-08 22:15:00,15701216.0,15712011.0,15701216.0,15712011.0,5670699008
2025-11-08 22:16:00,15703853.0,15703853.0,15703853.0,15703853.0,0
2025-11-08 22:17:00,15703853.0,15703853.0,15703853.0,15703853.0,0
2025-11-08 22:18:00,15699487.0,15699487.0,15699487.0,15699487.0,0
2025-11-08 22:19:00,15697807.0,15697807.0,15697807.0,15697807.0,123597225984
2025-11-08 22:20:00,15696236.0,15696236.0,15696236.0,15696236.0,46661632
2025-11-08 22:21:00,15700729.0,15700729.0,15700729.0,15700729.0,3043491840
2025-11-08 22:22:00,15699053.0,15699053.0,15699053.0,15699053.0,0
2025-11-08 22:23:00,15704694.0,15704694.0,15704694.0,15704694.0,0
2025-11-08 22:24:00,15708312.0,15708312.0,15708312.0,15708312.0,0
2025-11-08 22:25:00,15688089.0,15688089.0,15688089.0,15688089.0,257869479936
2025-11-08 22:27:00,15702871.0,15705511.0,15702871.0,15705511.0,5557452800
2025-11-08 22:28:00,15707602.0,15707602.0,15707602.0,15707602.0,0
2025-11-08 22:29:00,15709296.0,15709296.0,15709296.0,15709296.0,0
2025-11-08 22:30:00,15707657.0,15707657.0,15707657.0,15707657.0,125159079936
2025-11-08 22:31:00,15707495.0,15707495.0,15707495.0,15707495.0,0
2025-11-08 22:33:00,15708145.0,15708145.0,15706338.0,15706338.0,4208984064
2025-11-08 22:34:00,15705294.0,15705294.0,15705294.0,15705294.0,0
2025-11-08 22:35:00,15705657.0,15705657.0,15705657.0,15705657.0,0
2025-11-08 22:36:00,15688873.0,15688873.0,15688873.0,15688873.0,0
2025-11-08 22:37:00,15702249.0,15702249.0,15702249.0,15702249.0,5144313856
2025-11-08 22:38:00,15702347.0,15702347.0,15702347.0,15702347.0,0
2025-11-08 22:39:00,15699440.0,15699440.0,15699440.0,15699440.0,0
2025-11-08 22:40:00,15694988.0,15694988.0,15694988.0,15694988.0,124052832256
2025-11-08 22:41:00,15699130.0,15699130.0,15699130.0,15699130.0,0
2025-11-08 22:42:00,15702195.0,15702195.0,15702195.0,15702195.0,0
2025-11-08 22:43:00,15703073.0,15703073.0,15703073.0,15703073.0,793247744
2025-11-08 22:44:00,15702131.0,15702131.0,15702131.0,15702131.0,0
2025-11-08 22:46:00,15702239.0,15702239.0,15700280.0,15700280.0,147082706944
2025-11-08 22:47:00,15691924.0,15691924.0,15691924.0,15691924.0,0
2025-11-08 22:48:00,15709181.0,15709181.0,15709181.0,15709181.0,8983150592
2025-11-08 22:49:00,15712902.0,15712902.0,15712902.0,15712902.0,0
2025-11-08 22:50:00,15713851.0,15713851.0,15713851.0,15713851.0,0
2025-11-08 22:51:00,15716508.0,15716508.0,15716508.0,15716508.0,122797686784
2025-11-08 22:52:00,15715694.0,15715694.0,15715694.0,15715694.0,0
2025-11-08 22:53:00,15721601.0,15721601.0,15721601.0,15721601.0,0
2025-11-08 22:54:00,15722450.0,15722450.0,15722450.0,15722450.0,125422796800
2025-11-08 22:56:00,15716562.0,15716562.0,15716007.0,15716007.0,0
2025-11-08 22:57:00,15716007.0,15716007.0,15716007.0,15716007.0,0
2025-11-08 22:58:00,15719770.0,15719770.0,15719770.0,15719770.0,0
2025-11-08 22:59:00,15719185.0,15719185.0,15719185.0,15719185.0,0
2025-11-08 23:00:00,15717709.0,15717709.0,15717709.0,15717709.0,0
2025-11-08 23:01:00,15718462.0,15718462.0,15718462.0,15718462.0,0
2025-11-08 23:02:00,15717200.0,15717200.0,15717200.0,15717200.0,0
2025-11-08 23:03:00,15719645.0,15719645.0,15719645.0,15719645.0,2048917504
2025-11-08 23:04:00,15697889.0,15697889.0,15697889.0,15697889.0,0
2025-11-08 23:05:00,15716498.0,15716498.0,15716498.0,15716498.0,13618380800
2025-11-08 23:06:00,15716204.0,15716204.0,15716204.0,15716204.0,0
2025-11-08 23:08:00,15718159.0,15718159.0,15718159.0,15718159.0,0
2025-11-08 23:09:00,15693338.0,15693338.0,15693338.0,15693338.0,0
2025-11-08 23:10:00,15718203.0,15718203.0,15714721.0,15714721.0,118320267264
2025-11-08 23:11:00,15718468.0,15718468.0,15718468.0,15718468.0,0
2025-11-08 23:12:00,15720957.0,15720957.0,15720957.0,15720957.0,0
2025-11-08 23:13:00,15722694.0,15722694.0,15722694.0,15722694.0,116876378112
2025-11-08 23:14:00,15720110.0,15720110.0,15720110.0,15720110.0,0
2025-11-08 23:15:00,15717725.0,15717725.0,15717725.0,15717725.0,0
2025-11-08 23:16:00,15719919.0,15719919.0,15719919.0,15719919.0,111754608640
2025-11-08 23:18:00,15718209.0,15721040.0,15718209.0,15721040.0,0
2025-11-08 23:19:00,15718434.0,15718434.0,15718434.0,15718434.0,0
2025-11-08 23:20:00,15699004.0,15699004.0,15699004.0,15699004.0,0
2025-11-08 23:21:00,15723473.0,15723473.0,15723473.0,15723473.0,8818524160
2025-11-08 23:22:00,15721577.0,15721577.0,15721577.0,15721577.0,2130182144
2025-11-08 23:23:00,15721765.0,15721765.0,15721765.0,15721765.0,0
2025-11-08 23:24:00,15722415.0,15722415.0,15722415.0,15722415.0,1095761920
2025-11-08 23:25:00,15722117.0,15722117.0,15722117.0,15722117.0,0
2025-11-08 23:26:00,15723327.0,15723327.0,15723327.0,15723327.0,709361664
2025-11-08 23:28:00,15722332.0,15722332.0,15722332.0,15722332.0,0
2025-11-08 23:29:00,15722664.0,15723807.0,15722664.0,15723807.0,0
2025-11-08 23:30:00,15725792.0,15725792.0,15725792.0,15725792.0,0
2025-11-08 23:31:00,15710999.0,15710999.0,15710999.0,15710999.0,115881279488
2025-11-08 23:32:00,15731500.0,15731500.0,15731500.0,15731500.0,8488222720
2025-11-08 23:33:00,15728107.0,15728107.0,15728107.0,15728107.0,0
2025-11-08 23:34:00,15726657.0,15726657.0,15726657.0,15726657.0,0
2025-11-08 23:35:00,15726870.0,15726870.0,15726870.0,15726870.0,0
2025-11-08 23:36:00,15724913.0,15724913.0,15724913.0,15724913.0,126875074560
2025-11-08 23:37:00,15719972.0,15719972.0,15719972.0,15719972.0,0
2025-11-08 23:38:00,15715126.0,15715126.0,15715126.0,15715126.0,128974848
2025-11-08 23:39:00,15709492.0,15709492.0,15709492.0,15709492.0,648544256
2025-11-08 23:40:00,15712142.0,15712142.0,15712142.0,15712142.0,0
2025-11-08 23:41:00,15712216.0,15712216.0,15712216.0,15712216.0,2865758208
2025-11-08 23:42:00,15718235.0,15718235.0,15718235.0,15718235.0,0
2025-11-08 23:43:00,15718114.0,15718114.0,15718114.0,15718114.0,3571974144
2025-11-08 23:44:00,15715459.0,15715459.0,15715459.0,15715459.0,0
2025-11-08 23:45:00,15717350.0,15717350.0,15717350.0,15717350.0,270008320
2025-11-08 23:47:00,15716553.0,15716553.0,15715555.0,15715555.0,0
2025-11-08 23:48:00,15713166.0,15713166.0,15713166.0,15713166.0,4679270400
2025-11-08 23:49:00,15710080.0,15710080.0,15710080.0,15710080.0,0
2025-11-08 23:50:00,15711425.0,15711425.0,15711425.0,15711425.0,3069706240
2025-11-08 23:51:00,15711042.0,15711042.0,15711042.0,15711042.0,0
2025-11-08 23:52:00,15707814.0,15707814.0,15707814.0,15707814.0,76021760
2025-11-08 23:53:00,15690869.0,15690869.0,15690869.0,15690869.0,0
2025-11-08 23:54:00,15707386.0,15707386.0,15707386.0,15707386.0,15288762368
2025-11-08 23:55:00,15709415.0,15709415.0,15709415.0,15709415.0,0
2025-11-08 23:56:00,15704445.0,15704445.0,15704445.0,15704445.0,124895887360
2025-11-08 23:57:00,15705026.0,15705026.0,15705026.0,15705026.0,0
2025-11-08 23:58:00,15705146.0,15705146.0,15705146.0,15705146.0,0
2025-11-09 00:00:00,15705714.0,15705714.0,15705714.0,15705714.0,2689597440
2025-11-09 00:01:00,15703798.0,15703798.0,15703798.0,15703798.0,0
2025-11-09 00:02:00,15703798.0,15703798.0,15703798.0,15703798.0,0
2025-11-09 00:03:00,15704414.0,15704414.0,15704414.0,15704414.0,0
2025-11-09 00:04:00,15688803.0,15688803.0,15688803.0,15688803.0,0
2025-11-09 00:05:00,15706141.0,15706141.0,15706141.0,15706141.0,123837349888
2025-11-09 00:07:00,15706141.0,15708822.0,15706141.0,15708822.0,0
2025-11-09 00:08:00,15705465.0,15705465.0,15705465.0,15705465.0,0
2025-11-09 00:09:00,15698390.0,15698390.0,15698390.0,15698390.0,129019936768
2025-11-09 00:10:00,15702435.0,15702435.0,15702435.0,15702435.0,0
2025-11-09 00:11:00,15700321.0,15700321.0,15700321.0,15700321.0,347602944
2025-11-09 00:12:00,15701850.0,15701850.0,15701850.0,15701850.0,0
2025-11-09 00:13:00,15681148.0,15681148.0,15681148.0,15681148.0,0
2025-11-09 00:14:00,15672292.0,15672292.0,15672292.0,15672292.0,0
2025-11-09 00:15:00,15655965.0,15655965.0,15655965.0,15655965.0,0
2025-11-09 00:17:00,15666425.0,15666425.0,15666425.0,15666425.0,10380902400
2025-11-09 00:18:00,15663180.0,15663180.0,15663180.0,15663180.0,0
2025-11-09 00:19:00,15654754.0,15654754.0,15630869.0,15630869.0,6899105792
2025-11-09 00:20:00,15614314.0,15614314.0,15614314.0,15614314.0,0
2025-11-09 00:21:00,15612112.0,15612112.0,15612112.0,15612112.0,0
2025-11-09 00:22:00,15620766.0,15620766.0,15620766.0,15620766.0,49232740352
2025-11-09 00:23:00,15632948.0,15632948.0,15632948.0,15632948.0,0
2025-11-09 00:24:00,15625907.0,15625907.0,15625907.0,15625907.0,4191158272
2025-11-09 00:25:00,15623980.0,15623980.0,15623980.0,15623980.0,0
2025-11-09 00:26:00,15612541.0,15612541.0,15612541.0,15612541.0,282682458112
2025-11-09 00:27:00,15618680.0,15618680.0,15618680.0,15618680.0,15004073984
2025-11-09 00:28:00,15616283.0,15616283.0,15616283.0,15616283.0,0
2025-11-09 00:29:00,15617692.0,15617692.0,15617692.0,15617692.0,0
2025-11-09 00:30:00,15623007.0,15623007.0,15623007.0,15623007.0,168932933632
2025-11-09 00:31:00,15642417.0,15642417.0,15642417.0,15642417.0,123588313088
2025-11-09 00:32:00,15641809.0,15641809.0,15641809.0,15641809.0,0
2025-11-09 00:33:00,15641580.0,15641580.0,15641580.0,15641580.0,0
2025-11-09 00:34:00,15638464.0,15638464.0,15638464.0,15638464.0,28885647360
2025-11-09 00:36:00,15645575.0,15645575.0,15645575.0,15645575.0,0
2025-11-09 00:37:00,15645575.0,15645575.0,15645575.0,15645575.0,0
2025-11-09 00:38:00,15638141.0,15640631.0,15638141.0,15640631.0,0
2025-11-09 00:39:00,15649731.0,15649731.0,15649731.0,15649731.0,3806330880
2025-11-09 00:40:00,15649731.0,15649731.0,15649731.0,15649731.0,0
2025-11-09 00:41:00,15667974.0,15667974.0,15667974.0,15667974.0,0
2025-11-09 00:42:00,15665937.0,15665937.0,15665937.0,15665937.0,0
2025-11-09 00:43:00,15660863.0,15660863.0,15660863.0,15660863.0,0
2025-11-09 00:44:00,15661811.0,15661811.0,15661811.0,15661811.0,0
2025-11-09 00:45:00,15661754.0,15661754.0,15661754.0,15661754.0,444071936
2025-11-09 00:46:00,15659669.0,15659669.0,15659669.0,15659669.0,0
2025-11-09 00:48:00,15657005.0,15657005.0,15657005.0,15657005.0,216006656
2025-11-09 00:49:00,15641146.0,15641683.0,15641146.0,15641683.0,0
2025-11-09 00:50:00,15653994.0,15653994.0,15653994.0,15653994.0,12835094528
2025-11-09 00:51:00,15652023.0,15652023.0,15652023.0,15652023.0,0
2025-11-09 00:52:00,15643232.0,15643232.0,15643232.0,15643232.0,132720885760
2025-11-09 00:53:00,15638150.0,15638150.0,15638150.0,15638150.0,0
2025-11-09 00:54:00,15640730.0,15640730.0,15640730.0,15640730.0,25980043264
2025-11-09 00:55:00,15639844.0,15639844.0,15639844.0,15639844.0,0
2025-11-09 00:56:00,15635861.0,15635861.0,15635861.0,15635861.0,24240455680
2025-11-09 00:57:00,15624448.0,15624448.0,15624448.0,15624448.0,120907104256
2025-11-09 00:58:00,15623133.0,15623133.0,15623133.0,15623133.0,0
2025-11-09 00:59:00,15625808.0,15625808.0,15625808.0,15625808.0,788529152
2025-11-09 01:01:00,15624834.0,15624834.0,15624834.0,15624834.0,0
2025-11-09 01:02:00,15627443.0,15630910.0,15627443.0,15630910.0,124457058304
2025-11-09 01:03:00,15632573.0,15632573.0,15632573.0,15632573.0,0
2025-11-09 01:04:00,15637288.0,15637288.0,15637288.0,15637288.0,0
2025-11-09 01:05:00,15643988.0,15643988.0,15643988.0,15643988.0,0
2025-11-09 01:06:00,15638687.0,15638687.0,15638687.0,15638687.0,0
2025-11-09 01:07:00,15658507.0,15658507.0,15658507.0,15658507.0,4720164864
2025-11-09 01:08:00,15650960.0,15650960.0,15650960.0,15650960.0,0
2025-11-09 01:09:00,15654186.0,15654186.0,15654186.0,15654186.0,0
2025-11-09 01:10:00,15652545.0,15652545.0,15652545.0,15652545.0,28914483200
2025-11-09 01:11:00,15642078.0,15642078.0,15642078.0,15642078.0,0
2025-11-09 01:12:00,15645925.0,15645925.0,15645925.0,15645925.0,14219739136
2025-11-09 01:13:00,15634744.0,15634744.0,15634744.0,15634744.0,0
2025-11-09 01:14:00,15638927.0,15638927.0,15638927.0,15638927.0,0
2025-11-09 01:16:00,15633203.0,15640289.0,15633203.0,15640289.0,0
2025-11-09 01:17:00,15654331.0,15654331.0,15654331.0,15654331.0,282709721088
2025-11-09 01:18:00,15649727.0,15649727.0,15649727.0,15649727.0,17044078592
2025-11-09 01:19:00,15651353.0,15651353.0,15651353.0,15651353.0,0
2025-11-09 01:20:00,15649234.0,15649234.0,15649234.0,15649234.0,0
2025-11-09 01:21:00,15647583.0,15647583.0,15647583.0,15647583.0,1589116928
2025-11-09 01:22:00,15648040.0,15648040.0,15648040.0,15648040.0,2466250752
2025-11-09 01:23:00,15635736.0,15635736.0,15635736.0,15635736.0,0
2025-11-09 01:24:00,15648616.0,15648616.0,15648616.0,15648616.0,13149143040
2025-11-09 01:25:00,15645989.0,15645989.0,15645989.0,15645989.0,0
2025-11-09 01:27:00,15642355.0,15642355.0,15640737.0,15640737.0,106954752
2025-11-09 01:28:00,15638513.0,15638513.0,15638513.0,15638513.0,14155776
2025-11-09 01:29:00,15625328.0,15625328.0,15625328.0,15625328.0,1134559232
2025-11-09 01:30:00,15625328.0,15625328.0,15625328.0,15625328.0,0
2025-11-09 01:31:00,15632827.0,15632827.0,15632827.0,15632827.0,0
2025-11-09 01:32:00,15628082.0,15628082.0,15628082.0,15628082.0,5546442752
2025-11-09 01:33:00,15628082.0,15628082.0,15628082.0,15628082.0,0
2025-11-09 01:34:00,15605078.0,15605078.0,15605078.0,15605078.0,0
2025-11-09 01:35:00,15620043.0,15620043.0,15620043.0,15620043.0,0
2025-11-09 01:36:00,15618136.0,15618136.0,15618136.0,15618136.0,0
2025-11-09 01:37:00,15623641.0,15623641.0,15623641.0,15623641.0,142905704448
2025-11-09 01:38:00,15627835.0,15627835.0,15627835.0,15627835.0,0
2025-11-09 01:39:00,15639307.0,15639307.0,15639307.0,15639307.0,133502599168
2025-11-09 01:40:00,15638451.0,15638451.0,15638388.0,15638388.0,4632084480
2025-11-09 01:42:00,15637139.0,15637139.0,15637139.0,15637139.0,0
2025-11-09 01:43:00,15646216.0,15646216.0,15646216.0,15646216.0,5011144704
2025-11-09 01:44:00,15646216.0,15646216.0,15646216.0,15646216.0,0
2025-11-09 01:45:00,15641315.0,15641315.0,15641315.0,15641315.0,0
2025-11-09 01:46:00,15668187.0,15668187.0,15668187.0,15668187.0,3872391168
2025-11-09 01:47:00,15667480.0,15667480.0,15667480.0,15667480.0,0
2025-11-09 01:48:00,15664847.0,15664847.0,15664847.0,15664847.0,137062514688
2025-11-09 01:49:00,15665233.0,15665233.0,15665233.0,15665233.0,13770948608
2025-11-09 01:50:00,15670053.0,15670053.0,15670053.0,15670053.0,0
2025-11-09 01:51:00,15666834.0,15666834.0,15666834.0,15666834.0,0
2025-11-09 01:53:00,15666737.0,15666737.0,15666737.0,15666737.0,16034824192
2025-11-09 01:54:00,15664877.0,15664877.0,15664291.0,15664291.0,13676052480
2025-11-09 01:55:00,15662351.0,15662351.0,15662351.0,15662351.0,123814805504
2025-11-09 01:56:00,15666294.0,15666294.0,15666294.0,15666294.0,0
2025-11-09 01:57:00,15658894.0,15658894.0,15658894.0,15658894.0,0
2025-11-09 01:58:00,15669397.0,15669397.0,15669397.0,15669397.0,4154458112
2025-11-09 01:59:00,15667986.0,15667986.0,15667986.0,15667986.0,0
2025-11-09 02:00:00,15665435.0,15665435.0,15665435.0,15665435.0,125052649472
2025-11-09 02:01:00,15661525.0,15661525.0,15661525.0,15661525.0,0
2025-11-09 02:02:00,15661082.0,15661082.0,15661082.0,15661082.0,7266107392
2025-11-09 02:03:00,15658459.0,15658459.0,15658459.0,15658459.0,0
2025-11-09 02:04:00,15658007.0,15658007.0,15658007.0,15658007.0,573046784
2025-11-09 02:05:00,15657063.0,15657063.0,15657063.0,15657063.0,0
2025-11-09 02:06:00,15659647.0,15659647.0,15659647.0,15659647.0,0
2025-11-09 02:07:00,15650017.0,15650017.0,15650017.0,15650017.0,1133510656
2025-11-09 02:08:00,15637917.0,15637917.0,15637917.0,15637917.0,0
2025-11-09 02:09:00,15650284.0,15650284.0,15650284.0,15650284.0,5582094336
2025-11-09 02:10:00,15645487.0,15645487.0,15645487.0,15645487.0,0
2025-11-09 02:12:00,15645487.0,15645487.0,15645487.0,15645487.0,0
2025-11-09 02:13:00,15637459.0,15637459.0,15637256.0,15637256.0,92798976
2025-11-09 02:14:00,15632053.0,15632053.0,15632053.0,15632053.0,1311768576
2025-11-09 02:15:00,15632053.0,15632053.0,15632053.0,15632053.0,0
2025-11-09 02:16:00,15634846.0,15634846.0,15634846.0,15634846.0,0
2025-11-09 02:17:00,15637934.0,15637934.0,15637934.0,15637934.0,357564416
2025-11-09 02:18:00,15636068.0,15636068.0,15636068.0,15636068.0,0
2025-11-09 02:19:00,15624851.0,15624851.0,15624851.0,15624851.0,0
2025-11-09 02:20:00,15635351.0,15635351.0,15635351.0,15635351.0,0
2025-11-09 02:21:00,15633648.0,15633648.0,15633648.0,15633648.0,3977248768
2025-11-09 02:22:00,15638129.0,15638129.0,15638129.0,15638129.0,0
2025-11-09 02:23:00,15644559.0,15644559.0,15644559.0,15644559.0,364904448
2025-11-09 02:25:00,15653340.0,15654780.0,15653340.0,15654780.0,0
2025-11-09 02:26:00,15656324.0,15656324.0,15656324.0,15656324.0,0
2025-11-09 02:27:00,15654673.0,15654673.0,15654673.0,15654673.0,0
2025-11-09 02:28:00,15651611.0,15651611.0,15651611.0,15651611.0,133330108416
2025-11-09 02:29:00,15642345.0,15642345.0,15642345.0,15642345.0,0
2025-11-09 02:30:00,15642213.0,15642213.0,15642213.0,15642213.0,0
2025-11-09 02:31:00,15628329.0,15628329.0,15628329.0,15628329.0,0
2025-11-09 02:32:00,15637199.0,15637199.0,15637199.0,15637199.0,10838081536
2025-11-09 02:33:00,15638233.0,15638233.0,15638233.0,15638233.0,0
2025-11-09 02:34:00,15634480.0,15634480.0,15634480.0,15634480.0,0
2025-11-09 02:35:00,15630917.0,15630917.0,15630917.0,15630917.0,0
2025-11-09 02:36:00,15630000.0,15630000.0,15630000.0,15630000.0,1429209088
2025-11-09 02:37:00,15634373.0,15634373.0,15634373.0,15634373.0,111252865024
2025-11-09 02:39:00,15635710.0,15635710.0,15631749.0,15631749.0,0
2025-11-09 02:40:00,15627516.0,15627516.0,15627516.0,15627516.0,130492661760
2025-11-09 02:41:00,15627051.0,15627051.0,15627051.0,15627051.0,0
2025-11-09 02:42:00,15616225.0,15616225.0,15616225.0,15616225.0,0
2025-11-09 02:43:00,15629652.0,15629652.0,15629652.0,15629652.0,3271557120
2025-11-09 02:44:00,15628538.0,15628538.0,15628538.0,15628538.0,0
2025-11-09 02:45:00,15626172.0,15626172.0,15626172.0,15626172.0,132559929344
2025-11-09 02:46:00,15628984.0,15628984.0,15628984.0,15628984.0,0
2025-11-09 02:47:00,15631450.0,15631450.0,15631450.0,15631450.0,122685489152
2025-11-09 02:48:00,15629064.0,15629064.0,15629064.0,15629064.0,0
2025-11-09 02:49:00,15639307.0,15639307.0,15639307.0,15639307.0,131368747008
2025-11-09 02:50:00,15637583.0,15637583.0,15637583.0,15637583.0,0
2025-11-09 02:51:00,15637498.0,15637498.0,15637498.0,15637498.0,0
2025-11-09 02:52:00,15634398.0,15634398.0,15634398.0,15634398.0,3436183552
2025-11-09 02:54:00,15618419.0,15618419.0,15618419.0,15618419.0,0
2025-11-09 02:55:00,15617104.0,15618599.0,15617104.0,15618599.0,0
2025-11-09 02:56:00,15615297.0,15615297.0,15615297.0,15615297.0,5856296960
2025-11-09 02:57:00,15616189.0,15616189.0,15616189.0,15616189.0,5991563264
2025-11-09 02:58:00,15609460.0,15609460.0,15609460.0,15609460.0,213909504
2025-11-09 02:59:00,15602698.0,15602698.0,15602698.0,15602698.0,0
2025-11-09 03:00:00,15602294.0,15602294.0,15602294.0,15602294.0,12393644032
2025-11-09 03:01:00,15608570.0,15608570.0,15608570.0,15608570.0,0
2025-11-09 03:02:00,15609218.0,15609218.0,15609218.0,15609218.0,0
2025-11-09 03:03:00,15609610.0,15609610.0,15609610.0,15609610.0,0
2025-11-09 03:04:00,15611167.0,15611167.0,15611167.0,15611167.0,14404288512
2025-11-09 03:05:00,15596305.0,15596305.0,15596305.0,15596305.0,0
2025-11-09 03:06:00,15602971.0,15602971.0,15602971.0,15602971.0,8097628160
2025-11-09 03:07:00,15596791.0,15596791.0,15596791.0,15596791.0,3044540416
2025-11-09 03:08:00,15598482.0,15598482.0,15598482.0,15598482.0,1997537280
2025-11-09 03:09:00,15602521.0,15602521.0,15602521.0,15602521.0,3728736256
2025-11-09 03:11:00,15608511.0,15608511.0,15608511.0,15608511.0,9718726656
2025-11-09 03:12:00,15616123.0,15625445.0,15616123.0,15625445.0,124247867392
2025-11-09 03:13:00,15623399.0,15623399.0,15623399.0,15623399.0,8081899520
2025-11-09 03:14:00,15619951.0,15619951.0,15619951.0,15619951.0,6946816000
2025-11-09 03:15:00,15606692.0,15606692.0,15606692.0,15606692.0,0
2025-11-09 03:16:00,15614309.0,15614309.0,15614309.0,15614309.0,11761876992
2025-11-09 03:17:00,15620244.0,15620244.0,15620244.0,15620244.0,350224384
2025-11-09 03:18:00,15615186.0,15615186.0,15615186.0,15615186.0,0
2025-11-09 03:19:00,15617366.0,15617366.0,15617366.0,15617366.0,5424807936
2025-11-09 03:20:00,15621949.0,15621949.0,15621949.0,15621949.0,1670905856
2025-11-09 03:21:00,15628176.0,15628176.0,15628176.0,15628176.0,0
2025-11-09 03:22:00,15623484.0,15623484.0,15623484.0,15623484.0,15566635008
2025-11-09 03:23:00,15621000.0,15621000.0,15621000.0,15621000.0,0
2025-11-09 03:24:00,15613872.0,15613872.0,15613872.0,15613872.0,0
2025-11-09 03:26:00,15593008.0,15593008.0,15588905.0,15588905.0,0
2025-11-09 03:27:00,15586713.0,15586713.0,15586713.0,15586713.0,420478976
2025-11-09 03:28:00,15588843.0,15588843.0,15588843.0,15588843.0,22618308608
2025-11-09 03:29:00,15588843.0,15588843.0,15580036.0,15580036.0,0
2025-11-09 03:31:00,15595489.0,15595489.0,15595489.0,15595489.0,139563892736
2025-11-09 03:32:00,15590737.0,15590737.0,15590737.0,15590737.0,0
2025-11-09 03:33:00,15595568.0,15595568.0,15595568.0,15595568.0,0
2025-11-09 03:34:00,15589026.0,15589026.0,15589026.0,15589026.0,294125568
2025-11-09 03:35:00,15589026.0,15589026.0,15589026.0,15589026.0,0
2025-11-09 03:37:00,15582473.0,15582473.0,15582473.0,15582473.0,0
2025-11-09 03:38:00,15570590.0,15584628.0,15570590.0,15584628.0,0
2025-11-09 03:39:00,15596522.0,15596522.0,15596522.0,15596522.0,5915017216
2025-11-09 03:40:00,15595372.0,15595372.0,15595372.0,15595372.0,4800380928
2025-11-09 03:41:00,15595372.0,15610814.0,15595372.0,15610814.0,0
2025-11-09 03:43:00,15606138.0,15606138.0,15606138.0,15606138.0,0
2025-11-09 03:44:00,15616189.0,15616189.0,15616189.0,15616189.0,1864892416
2025-11-09 03:45:00,15606764.0,15606764.0,15606764.0,15606764.0,0
2025-11-09 03:46:00,15602199.0,15602199.0,15602199.0,15602199.0,9230614528
2025-11-09 03:47:00,15591492.0,15591492.0,15591492.0,15591492.0,0
2025-11-09 03:48:00,15595555.0,15595555.0,15595555.0,15595555.0,0
2025-11-09 03:49:00,15605783.0,15605783.0,15605783.0,15605783.0,11748245504
2025-11-09 03:51:00,15601746.0,15601746.0,15601746.0,15601746.0,0
2025-11-09 03:52:00,15599798.0,15604930.0,15599798.0,15604930.0,0
2025-11-09 03:53:00,15610639.0,15610639.0,15610639.0,15610639.0,20903886848
2025-11-09 03:54:00,15613787.0,15613787.0,15613787.0,15613787.0,0
2025-11-09 03:55:00,15609778.0,15609778.0,15609778.0,15609778.0,0
2025-11-09 03:56:00,15608448.0,15608448.0,15608448.0,15608448.0,122792968192
2025-11-09 03:57:00,15609441.0,15609441.0,15609441.0,15609441.0,0
2025-11-09 03:58:00,15614574.0,15614574.0,15614574.0,15614574.0,0
2025-11-09 03:59:00,15607986.0,15607986.0,15607986.0,15607986.0,0
2025-11-09 04:00:00,15605504.0,15605504.0,15605504.0,15605504.0,250852409344
2025-11-09 04:01:00,15610737.0,15610737.0,15610737.0,15610737.0,0
2025-11-09 04:02:00,15605167.0,15605167.0,15605167.0,15605167.0,0
2025-11-09 04:03:00,15606907.0,15606907.0,15606907.0,15606907.0,123509145600
2025-11-09 04:04:00,15606309.0,15606309.0,15606309.0,15606309.0,0
2025-11-09 04:05:00,15610299.0,15610299.0,15610299.0,15610299.0,0
2025-11-09 04:06:00,15607210.0,15607210.0,15607210.0,15607210.0,0
2025-11-09 04:07:00,15615598.0,15615598.0,15615598.0,15615598.0,0
2025-11-09 04:08:00,15611206.0,15611206.0,15611206.0,15611206.0,127475908608
2025-11-09 04:09:00,15609440.0,15609440.0,15609440.0,15609440.0,0
2025-11-09 04:11:00,15616029.0,15622095.0,15616029.0,15622095.0,0
2025-11-09 04:12:00,15614752.0,15614752.0,15614752.0,15614752.0,5800198144
2025-11-09 04:13:00,15631262.0,15631262.0,15631262.0,15631262.0,2524446720
2025-11-09 04:14:00,15629157.0,15629157.0,15629157.0,15629157.0,0
2025-11-09 04:15:00,15631219.0,15631219.0,15631219.0,15631219.0,0
2025-11-09 04:16:00,15632437.0,15632437.0,15632437.0,15632437.0,0
2025-11-09 04:17:00,15636325.0,15636325.0,15636325.0,15636325.0,0
2025-11-09 04:18:00,15644142.0,15644142.0,15644142.0,15644142.0,9529458688
2025-11-09 04:19:00,15659282.0,15659282.0,15659282.0,15659282.0,129902313472
2025-11-09 04:20:00,15664742.0,15664742.0,15664742.0,15664742.0,0
2025-11-09 04:21:00,15664742.0,15664742.0,15664742.0,15664742.0,0
2025-11-09 04:22:00,15669136.0,15669136.0,15669136.0,15669136.0,23403167744
2025-11-09 04:23:00,15657332.0,15657332.0,15657332.0,15657332.0,0
2025-11-09 04:24:00,15667385.0,15667385.0,15667385.0,15667385.0,7415005184
2025-11-09 04:25:00,15667385.0,15667385.0,15667385.0,15667385.0,0
2025-11-09 04:27:00,15664845.0,15664907.0,15664845.0,15664907.0,2576351232
2025-11-09 04:28:00,15664228.0,15664228.0,15664228.0,15664228.0,0
2025-11-09 04:29:00,15664228.0,15664228.0,15664228.0,15664228.0,0
2025-11-09 04:30:00,15667835.0,15667835.0,15667835.0,15667835.0,0
2025-11-09 04:31:00,15669869.0,15669869.0,15669869.0,15669869.0,0
2025-11-09 04:32:00,15668094.0,15668094.0,15668094.0,15668094.0,0
2025-11-09 04:33:00,15665659.0,15665659.0,15665659.0,15665659.0,3884449792
2025-11-09 04:34:00,15649643.0,15649643.0,15649643.0,15649643.0,0
2025-11-09 04:35:00,15651302.0,15651302.0,15651302.0,15651302.0,0
2025-11-09 04:36:00,15650560.0,15650560.0,15650560.0,15650560.0,137545383936
2025-11-09 04:37:00,15654450.0,15654450.0,15654450.0,15654450.0,0
2025-11-09 04:38:00,15661570.0,15661570.0,15661570.0,15661570.0,1931476992
2025-11-09 04:39:00,15657798.0,15657798.0,15657798.0,15657798.0,120131158016
2025-11-09 04:41:00,15653867.0,15653867.0,15653867.0,15653867.0,0
2025-11-09 04:42:00,15653288.0,15653288.0,15650746.0,15650746.0,3528982528
2025-11-09 04:43:00,15641244.0,15641244.0,15641244.0,15641244.0,0
2025-11-09 04:44:00,15638358.0,15638358.0,15638358.0,15638358.0,0
2025-11-09 04:45:00,15626232.0,15626232.0,15626232.0,15626232.0,0
2025-11-09 04:46:00,15637856.0,15637856.0,15637856.0,15637856.0,0
2025-11-09 04:47:00,15638833.0,15638833.0,15638833.0,15638833.0,0
2025-11-09 04:48:00,15634841.0,15634841.0,15634841.0,15634841.0,5508694016
2025-11-09 04:49:00,15627852.0,15627852.0,15627852.0,15627852.0,0
2025-11-09 04:50:00,15625370.0,15625370.0,15625370.0,15625370.0,0
2025-11-09 04:51:00,15625572.0,15625572.0,15625572.0,15625572.0,2481455104
2025-11-09 04:52:00,15625640.0,15625640.0,15625640.0,15625640.0,0
2025-11-09 04:54:00,15626565.0,15626565.0,15622873.0,15622873.0,5823791104
2025-11-09 04:55:00,15610656.0,15610656.0,15610656.0,15610656.0,0
2025-11-09 04:56:00,15620978.0,15620978.0,15620978.0,15620978.0,6549929984
2025-11-09 04:57:00,15616154.0,15616154.0,15616154.0,15616154.0,0
2025-11-09 04:58:00,15620145.0,15620145.0,15620145.0,15620145.0,0
2025-11-09 04:59:00,15615846.0,15615846.0,15615846.0,15615846.0,0
2025-11-09 05:00:00,15615751.0,15615751.0,15615751.0,15615751.0,0
2025-11-09 05:01:00,15615597.0,15615597.0,15615597.0,15615597.0,0
2025-11-09 05:02:00,15614120.0,15614120.0,15614120.0,15614120.0,186122240
2025-11-09 05:03:00,15613053.0,15613053.0,15613053.0,15613053.0,124954607616
2025-11-09 05:04:00,15612982.0,15612982.0,15612982.0,15612982.0,0
2025-11-09 05:06:00,15617208.0,15617208.0,15617208.0,15617208.0,121723420672
2025-11-09 05:07:00,15621873.0,15621873.0,15616738.0,15616738.0,0
2025-11-09 05:08:00,15617649.0,15617649.0,15617649.0,15617649.0,1282408448
2025-11-09 05:09:00,15609513.0,15609513.0,15609513.0,15609513.0,0
2025-11-09 05:10:00,15613227.0,15613227.0,15613227.0,15613227.0,126130585600
2025-11-09 05:11:00,15618066.0,15618066.0,15618066.0,15618066.0,0
2025-11-09 05:12:00,15623566.0,15623566.0,15623566.0,15623566.0,0
2025-11-09 05:13:00,15622188.0,15622188.0,15622188.0,15622188.0,1164443648
2025-11-09 05:14:00,15623364.0,15623364.0,15623364.0,15623364.0,0
2025-11-09 05:15:00,15625305.0,15625305.0,15625305.0,15625305.0,2164785152
2025-11-09 05:16:00,15616285.0,15616285.0,15616285.0,15616285.0,0
2025-11-09 05:18:00,15628864.0,15633132.0,15628864.0,15633132.0,129250099200
2025-11-09 05:19:00,15633864.0,15633864.0,15633864.0,15633864.0,0
2025-11-09 05:20:00,15634760.0,15634760.0,15634760.0,15634760.0,122419675136
2025-11-09 05:21:00,15638056.0,15638056.0,15638056.0,15638056.0,1538785280
2025-11-09 05:22:00,15632797.0,15632797.0,15632797.0,15632797.0,7192182784
2025-11-09 05:23:00,15625140.0,15625140.0,15625140.0,15625140.0,3293577216
2025-11-09 05:24:00,15626847.0,15626847.0,15626847.0,15626847.0,0
2025-11-09 05:25:00,15629609.0,15629609.0,15629609.0,15629609.0,138765926400
2025-11-09 05:26:00,15632132.0,15632132.0,15632132.0,15632132.0,409993216
2025-11-09 05:27:00,15637681.0,15637681.0,15637681.0,15637681.0,0
2025-11-09 05:28:00,15625837.0,15625837.0,15625837.0,15625837.0,103769702400
2025-11-09 05:29:00,15644557.0,15644557.0,15644557.0,15644557.0,5969543168
2025-11-09 05:31:00,15647968.0,15647968.0,15647968.0,15647968.0,18135646208
2025-11-09 05:32:00,15647968.0,15647968.0,15647968.0,15647968.0,0
2025-11-09 05:33:00,15644147.0,15644147.0,15641752.0,15641752.0,0
2025-11-09 05:34:00,15638935.0,15638935.0,15638935.0,15638935.0,300417024
2025-11-09 05:35:00,15638935.0,15638935.0,15634824.0,15634824.0,11792285696
2025-11-09 05:37:00,15630416.0,15630416.0,15630416.0,15630416.0,0
2025-11-09 05:38:00,15632025.0,15632025.0,15632025.0,15632025.0,0
2025-11-09 05:39:00,15625055.0,15625055.0,15625055.0,15625055.0,7004487680
2025-11-09 05:40:00,15641809.0,15641809.0,15641809.0,15641809.0,21946695680
2025-11-09 05:41:00,15647053.0,15647053.0,15647053.0,15647053.0,0
2025-11-09 05:42:00,15641809.0,15641809.0,15641809.0,15641809.0,0
2025-11-09 05:43:00,15641429.0,15641429.0,15641429.0,15641429.0,19223019520
2025-11-09 05:44:00,15637381.0,15637381.0,15637381.0,15637381.0,0
2025-11-09 05:45:00,15633452.0,15633452.0,15633452.0,15633452.0,0
2025-11-09 05:46:00,15634434.0,15634434.0,15634434.0,15634434.0,0
2025-11-09 05:47:00,15633776.0,15633776.0,15633776.0,15633776.0,0
2025-11-09 05:48:00,15635931.0,15635931.0,15635931.0,15635931.0,3154640896
2025-11-09 05:49:00,15636915.0,15636915.0,15636915.0,15636915.0,0
2025-11-09 05:50:00,15637777.0,15637777.0,15637777.0,15637777.0,0
2025-11-09 05:51:00,15626427.0,15626427.0,15626427.0,15626427.0,0
2025-11-09 05:52:00,15640063.0,15640063.0,15640063.0,15640063.0,21051736064
2025-11-09 05:54:00,15641191.0,15641191.0,15641191.0,15641191.0,0
2025-11-09 05:55:00,15641765.0,15641765.0,15639226.0,15639226.0,2252341248
2025-11-09 05:56:00,15641544.0,15641544.0,15641544.0,15641544.0,0
2025-11-09 05:57:00,15642158.0,15642158.0,15642158.0,15642158.0,0
2025-11-09 05:58:00,15643455.0,15643455.0,15643455.0,15643455.0,13243514880
2025-11-09 06:00:00,15643795.0,15645566.0,15643795.0,15645566.0,0
2025-11-09 06:01:00,15645549.0,15645549.0,15645549.0,15645549.0,111006973952
2025-11-09 06:02:00,15644734.0,15644734.0,15644734.0,15644734.0,0
2025-11-09 06:03:00,15632969.0,15632969.0,15632969.0,15632969.0,0
2025-11-09 06:04:00,15648152.0,15648152.0,15648152.0,15648152.0,111372402688
2025-11-09 06:05:00,15644188.0,15644188.0,15644188.0,15644188.0,3153068032
2025-11-09 06:07:00,15635689.0,15635689.0,15635689.0,15635689.0,0
2025-11-09 06:08:00,15637758.0,15638871.0,15637758.0,15638871.0,4744282112
2025-11-09 06:09:00,15638082.0,15638082.0,15638082.0,15638082.0,0
2025-11-09 06:10:00,15637839.0,15637839.0,15637839.0,15637839.0,6981419008
2025-11-09 06:12:00,15641697.0,15641697.0,15640614.0,15640614.0,2305294336
2025-11-09 06:13:00,15641792.0,15641792.0,15641792.0,15641792.0,0
2025-11-09 06:14:00,15636611.0,15636611.0,15636611.0,15636611.0,0
2025-11-09 06:15:00,15625755.0,15625755.0,15625755.0,15625755.0,0
2025-11-09 06:16:00,15635558.0,15635558.0,15635558.0,15635558.0,0
2025-11-09 06:17:00,15635624.0,15635624.0,15635624.0,15635624.0,415236096
2025-11-09 06:18:00,15637396.0,15637396.0,15637396.0,15637396.0,0
2025-11-09 06:19:00,15643269.0,15643269.0,15643269.0,15643269.0,0
2025-11-09 06:21:00,15642300.0,15642395.0,15641185.0,15641185.0,0
2025-11-09 06:23:00,15640903.0,15640903.0,15640903.0,15640903.0,0
2025-11-09 06:24:00,15641717.0,15641717.0,15641717.0,15641717.0,0
2025-11-09 06:25:00,15643169.0,15643169.0,15643169.0,15643169.0,0
2025-11-09 06:26:00,15627045.0,15627045.0,15627045.0,15627045.0,0
2025-11-09 06:27:00,15639606.0,15639606.0,15639606.0,15639606.0,6813122560
2025-11-09 06:28:00,15638914.0,15638914.0,15638914.0,15638914.0,0
2025-11-09 06:29:00,15641171.0,15641171.0,15641171.0,15641171.0,620232704
2025-11-09 06:30:00,15640517.0,15640517.0,15640517.0,15640517.0,0
2025-11-09 06:32:00,15635768.0,15635768.0,15635768.0,15635768.0,0
2025-11-09 06:33:00,15636165.0,15636165.0,15636165.0,15636165.0,6808403968
2025-11-09 06:34:00,15632653.0,15635941.0,15632653.0,15635941.0,0
2025-11-09 06:35:00,15635146.0,15635146.0,15635146.0,15635146.0,0
2025-11-09 06:36:00,15635541.0,15635541.0,15635541.0,15635541.0,0
2025-11-09 06:37:00,15633766.0,15633766.0,15633766.0,15633766.0,125212033024
2025-11-09 06:38:00,15623280.0,15623280.0,15623280.0,15623280.0,0
2025-11-09 06:39:00,15633059.0,15633059.0,15633059.0,15633059.0,17185112064
2025-11-09 06:41:00,15638065.0,15640033.0,15638065.0,15640033.0,1177026560
2025-11-09 06:42:00,15646890.0,15646890.0,15646890.0,15646890.0,1341652992
2025-11-09 06:44:00,15647906.0,15647906.0,15647906.0,15647906.0,0
2025-11-09 06:45:00,15646591.0,15646591.0,15646591.0,15646591.0,0
2025-11-09 06:46:00,15646591.0,15646591.0,15646591.0,15646591.0,0
2025-11-09 06:47:00,15638747.0,15638747.0,15638747.0,15638747.0,17890279424
2025-11-09 06:48:00,15632793.0,15632793.0,15632793.0,15632793.0,3398959104
2025-11-09 06:49:00,15622625.0,15622625.0,15622625.0,15622625.0,0
2025-11-09 06:50:00,15632368.0,15632368.0,15632368.0,15632368.0,11261181952
2025-11-09 06:52:00,15632914.0,15632914.0,15632914.0,15632914.0,0
2025-11-09 06:53:00,15633971.0,15633971.0,15630639.0,15630639.0,11309940736
2025-11-09 06:54:00,15624912.0,15624912.0,15624912.0,15624912.0,0
2025-11-09 06:55:00,15620295.0,15620295.0,15620295.0,15620295.0,124389425152
2025-11-09 06:56:00,15620522.0,15620522.0,15620522.0,15620522.0,0
2025-11-09 06:57:00,15617921.0,15617921.0,15617921.0,15617921.0,437780480
2025-11-09 06:58:00,15615514.0,15615514.0,15615514.0,15615514.0,0
2025-11-09 06:59:00,15615514.0,15615514.0,15615514.0,15615514.0,0
2025-11-09 07:00:00,15603900.0,15603900.0,15603900.0,15603900.0,0
2025-11-09 07:01:00,15619926.0,15619926.0,15619926.0,15619926.0,0
2025-11-09 07:02:00,15619926.0,15619926.0,15619926.0,15619926.0,0
2025-11-09 07:03:00,15618323.0,15618323.0,15618323.0,15618323.0,9877585920
2025-11-09 07:04:00,15618323.0,15618323.0,15618323.0,15618323.0,0
2025-11-09 07:06:00,15624716.0,15624716.0,15624581.0,15624581.0,120904482816
2025-11-09 07:07:00,15626162.0,15626162.0,15626162.0,15626162.0,0
2025-11-09 07:08:00,15615471.0,15615471.0,15615471.0,15615471.0,122639876096
2025-11-09 07:09:00,15618122.0,15618122.0,15618122.0,15618122.0,0
2025-11-09 07:10:00,15619507.0,15619507.0,15619507.0,15619507.0,2569011200
2025-11-09 07:11:00,15612464.0,15612464.0,15612464.0,15612464.0,121139888128
2025-11-09 07:12:00,15629783.0,15629783.0,15629783.0,15629783.0,0
2025-11-09 07:13:00,15634401.0,15634401.0,15634401.0,15634401.0,15275130880
2025-11-09 07:14:00,15637788.0,15637788.0,15637788.0,15637788.0,2945974272
2025-11-09 07:15:00,15633734.0,15633734.0,15633734.0,15633734.0,120233394176
2025-11-09 07:16:00,15624717.0,15624717.0,15624717.0,15624717.0,7613186048
2025-11-09 07:18:00,15623705.0,15623705.0,15623703.0,15623703.0,0
2025-11-09 07:19:00,15623407.0,15623407.0,15623407.0,15623407.0,126294687744
2025-11-09 07:20:00,15622427.0,15622427.0,15622427.0,15622427.0,0
2025-11-09 07:21:00,15624051.0,15624051.0,15624051.0,15624051.0,0
2025-11-09 07:22:00,15611625.0,15611625.0,15611625.0,15611625.0,0
2025-11-09 07:23:00,15624419.0,15624419.0,15624419.0,15624419.0,0
2025-11-09 07:24:00,15624392.0,15624392.0,15624392.0,15624392.0,0
2025-11-09 07:25:00,15623398.0,15623398.0,15623398.0,15623398.0,0
2025-11-09 07:26:00,15627060.0,15627060.0,15627060.0,15627060.0,0
2025-11-09 07:27:00,15628800.0,15628800.0,15628800.0,15628800.0,122585350144
2025-11-09 07:28:00,15626342.0,15626342.0,15626342.0,15626342.0,0
2025-11-09 07:29:00,15628520.0,15628520.0,15628520.0,15628520.0,3207593984
2025-11-09 07:30:00,15626224.0,15626224.0,15626224.0,15626224.0,0
2025-11-09 07:31:00,15625306.0,15625306.0,15625306.0,15625306.0,125379805184
2025-11-09 07:32:00,15617170.0,15617170.0,15617170.0,15617170.0,0
2025-11-09 07:34:00,15628851.0,15628851.0,15628851.0,15628851.0,6601834496
2025-11-09 07:35:00,15630127.0,15640006.0,15630127.0,15640006.0,0
2025-11-09 07:36:00,15638776.0,15638776.0,15638776.0,15638776.0,5480382464
2025-11-09 07:37:00,15644153.0,15644153.0,15644153.0,15644153.0,5484052480
2025-11-09 07:38:00,15635654.0,15635654.0,15635654.0,15635654.0,0
2025-11-09 07:39:00,15635258.0,15635258.0,15635258.0,15635258.0,0
2025-11-09 07:40:00,15637300.0,15637300.0,15637300.0,15637300.0,3063414784
2025-11-09 07:41:00,15640973.0,15640973.0,15640973.0,15640973.0,1733296128
2025-11-09 07:42:00,15628358.0,15628358.0,15628358.0,15628358.0,0
2025-11-09 07:43:00,15640247.0,15640247.0,15640247.0,15640247.0,5431099392
2025-11-09 07:44:00,15639009.0,15639009.0,15639009.0,15639009.0,1358430208
2025-11-09 07:47:00,15638336.0,15638336.0,15638336.0,15638336.0,0
2025-11-09 07:48:00,15638336.0,15638336.0,15638336.0,15638336.0,0
2025-11-09 07:49:00,15640040.0,15640040.0,15638517.0,15638517.0,0
2025-11-09 07:50:00,15641798.0,15641798.0,15641798.0,15641798.0,0
2025-11-09 07:51:00,15644837.0,15644837.0,15644837.0,15644837.0,0
2025-11-09 07:52:00,15646975.0,15646975.0,15646975.0,15646975.0,0
2025-11-09 07:54:00,15643194.0,15643194.0,15637984.0,15637984.0,12287737856
2025-11-09 07:55:00,15640088.0,15640088.0,15640088.0,15640088.0,143171518464
2025-11-09 07:56:00,15643703.0,15643703.0,15643703.0,15643703.0,0
2025-11-09 07:57:00,15643011.0,15643011.0,15643011.0,15643011.0,233832448
2025-11-09 07:58:00,15643011.0,15643011.0,15643011.0,15643011.0,0
2025-11-09 07:59:00,15644000.0,15644000.0,15644000.0,15644000.0,0
2025-11-09 08:00:00,15649663.0,15649663.0,15649663.0,15649663.0,0
2025-11-09 08:02:00,15650672.0,15650672.0,15645780.0,15645780.0,15481700352
2025-11-09 08:03:00,15650696.0,15650696.0,15650696.0,15650696.0,0
2025-11-09 08:04:00,15637518.0,15637518.0,15637518.0,15637518.0,0
2025-11-09 08:05:00,15646845.0,15646845.0,15646845.0,15646845.0,6413090816
2025-11-09 08:06:00,15646554.0,15646554.0,15646554.0,15646554.0,0
2025-11-09 08:07:00,15644338.0,15644338.0,15644338.0,15644338.0,110634205184
2025-11-09 08:08:00,15647837.0,15647837.0,15647837.0,15647837.0,428867584
2025-11-09 08:09:00,15651000.0,15651000.0,15651000.0,15651000.0,0
2025-11-09 08:10:00,15647296.0,15647296.0,15647296.0,15647296.0,0
2025-11-09 08:11:00,15646833.0,15646833.0,15646833.0,15646833.0,0
2025-11-09 08:13:00,15646519.0,15646519.0,15645090.0,15645090.0,0
2025-11-09 08:14:00,15649045.0,15649045.0,15649045.0,15649045.0,0
2025-11-09 08:15:00,15641952.0,15641952.0,15641952.0,15641952.0,119346298880
2025-11-09 08:16:00,15654148.0,15654148.0,15654148.0,15654148.0,0
2025-11-09 08:17:00,15657033.0,15657033.0,15657033.0,15657033.0,0
2025-11-09 08:18:00,15661484.0,15661484.0,15661484.0,15661484.0,135807369216
2025-11-09 08:19:00,15656814.0,15656814.0,15656814.0,15656814.0,0
2025-11-09 08:20:00,15656159.0,15656159.0,15656159.0,15656159.0,122388217856
2025-11-09 08:21:00,15649576.0,15649576.0,15649576.0,15649576.0,3969384448
2025-11-09 08:22:00,15647409.0,15647409.0,15647409.0,15647409.0,0
2025-11-09 08:23:00,15643516.0,15643516.0,15643516.0,15643516.0,6092750848
2025-11-09 08:24:00,15636665.0,15636665.0,15636665.0,15636665.0,0
2025-11-09 08:25:00,15623060.0,15623060.0,15623060.0,15623060.0,0
2025-11-09 08:26:00,15634322.0,15634322.0,15634322.0,15634322.0,21539848192
2025-11-09 08:27:00,15636124.0,15636124.0,15636124.0,15636124.0,1010302976
2025-11-09 08:28:00,15642893.0,15642893.0,15642893.0,15642893.0,8064598016
2025-11-09 08:30:00,15643442.0,15643442.0,15643442.0,15643442.0,0
2025-11-09 08:31:00,15648565.0,15653788.0,15648565.0,15653788.0,0
2025-11-09 08:32:00,15659353.0,15659353.0,15659353.0,15659353.0,0
2025-11-09 08:33:00,15660643.0,15660643.0,15660643.0,15660643.0,0
2025-11-09 08:34:00,15654164.0,15654164.0,15654164.0,15654164.0,1789394944
2025-11-09 08:35:00,15649497.0,15649497.0,15649497.0,15649497.0,387973120
2025-11-09 08:36:00,15633500.0,15633500.0,15633500.0,15633500.0,0
2025-11-09 08:37:00,15647963.0,15647963.0,15647963.0,15647963.0,0
2025-11-09 08:38:00,15646334.0,15646334.0,15646334.0,15646334.0,0
2025-11-09 08:39:00,15647355.0,15647355.0,15647355.0,15647355.0,0
2025-11-09 08:41:00,15644968.0,15644968.0,15644968.0,15644968.0,133305991168
2025-11-09 08:42:00,15648520.0,15648520.0,15648520.0,15648520.0,0
2025-11-09 08:43:00,15648520.0,15648520.0,15648520.0,15648520.0,0
2025-11-09 08:44:00,15646447.0,15646447.0,15646447.0,15646447.0,0
2025-11-09 08:45:00,15647313.0,15647313.0,15647313.0,15647313.0,0
2025-11-09 08:46:00,15646930.0,15646930.0,15646930.0,15646930.0,123192999936
2025-11-09 08:47:00,15634777.0,15634777.0,15634777.0,15634777.0,0
2025-11-09 08:48:00,15647636.0,15647636.0,15647636.0,15647636.0,432013312
2025-11-09 08:50:00,15648171.0,15648171.0,15648171.0,15648171.0,0
2025-11-09 08:51:00,15644558.0,15644558.0,15644553.0,15644553.0,5894569984
2025-11-09 08:52:00,15643725.0,15643725.0,15643725.0,15643725.0,0
2025-11-09 08:53:00,15646341.0,15646341.0,15646341.0,15646341.0,40894464
2025-11-09 08:54:00,15648215.0,15648215.0,15648215.0,15648215.0,0
2025-11-09 08:55:00,15644283.0,15644283.0,15644283.0,15644283.0,93493657600
2025-11-09 08:56:00,15647172.0,15647172.0,15647172.0,15647172.0,0
2025-11-09 08:57:00,15649918.0,15649918.0,15649918.0,15649918.0,79691776
2025-11-09 08:58:00,15651280.0,15651280.0,15651280.0,15651280.0,0
2025-11-09 08:59:00,15640433.0,15640433.0,15640433.0,15640433.0,0
2025-11-09 09:00:00,15655644.0,15655644.0,15655644.0,15655644.0,8759803904
2025-11-09 09:01:00,15659859.0,15659859.0,15659859.0,15659859.0,0
2025-11-09 09:02:00,15657612.0,15657612.0,15657612.0,15657612.0,0
2025-11-09 09:04:00,15659981.0,15662214.0,15659981.0,15662214.0,0
2025-11-09 09:05:00,15659389.0,15659389.0,15659389.0,15659389.0,6454509568
2025-11-09 09:06:00,15659571.0,15659571.0,15659571.0,15659571.0,0
2025-11-09 09:07:00,15658286.0,15658286.0,15658286.0,15658286.0,127849725952
2025-11-09 09:08:00,15662759.0,15662759.0,15662759.0,15662759.0,1257766912
2025-11-09 09:09:00,15657134.0,15657134.0,15657134.0,15657134.0,0
2025-11-09 09:10:00,15660082.0,15660082.0,15660082.0,15660082.0,0
2025-11-09 09:11:00,15660082.0,15660082.0,15660082.0,15660082.0,0
2025-11-09 09:12:00,15662909.0,15662909.0,15662909.0,15662909.0,312475648
2025-11-09 09:13:00,15668297.0,15668297.0,15668297.0,15668297.0,129103822848
2025-11-09 09:14:00,15672523.0,15672523.0,15672523.0,15672523.0,0
2025-11-09 09:15:00,15668800.0,15668800.0,15668800.0,15668800.0,0
2025-11-09 09:16:00,15667356.0,15667356.0,15667356.0,15667356.0,1415053312
2025-11-09 09:17:00,15665303.0,15665303.0,15665303.0,15665303.0,126612406272
2025-11-09 09:19:00,15652177.0,15652177.0,15652177.0,15652177.0,0
2025-11-09 09:20:00,15668574.0,15669459.0,15668574.0,15669459.0,0
2025-11-09 09:21:00,15671204.0,15671204.0,15671204.0,15671204.0,3170893824
2025-11-09 09:22:00,15679633.0,15679633.0,15679633.0,15679633.0,0
2025-11-09 09:23:00,15674040.0,15674040.0,15674040.0,15674040.0,0
2025-11-09 09:24:00,15676414.0,15676414.0,15676414.0,15676414.0,0
2025-11-09 09:25:00,15675121.0,15675121.0,15675121.0,15675121.0,1696595968
2025-11-09 09:26:00,15671322.0,15671322.0,15671322.0,15671322.0,303562752
2025-11-09 09:27:00,15667487.0,15667487.0,15667487.0,15667487.0,123412676608
2025-11-09 09:28:00,15660973.0,15660973.0,15660973.0,15660973.0,3016753152
2025-11-09 09:30:00,15651873.0,15651873.0,15651873.0,15651873.0,0
2025-11-09 09:31:00,15639708.0,15642097.0,15639708.0,15642097.0,0
2025-11-09 09:32:00,15650247.0,15650247.0,15650247.0,15650247.0,5501878272
2025-11-09 09:33:00,15651181.0,15651181.0,15651181.0,15651181.0,0
2025-11-09 09:34:00,15650254.0,15650254.0,15650254.0,15650254.0,16555442176
2025-11-09 09:35:00,15652965.0,15652965.0,15652965.0,15652965.0,0
2025-11-09 09:36:00,15657325.0,15657325.0,15657325.0,15657325.0,2545942528
2025-11-09 09:37:00,15658447.0,15658447.0,15658447.0,15658447.0,5199888384
2025-11-09 09:38:00,15655517.0,15655517.0,15655517.0,15655517.0,1602748416
2025-11-09 09:39:00,15653865.0,15653865.0,15653865.0,15653865.0,0
2025-11-09 09:40:00,15653933.0,15653933.0,15653933.0,15653933.0,1190658048
2025-11-09 09:41:00,15655193.0,15655193.0,15655193.0,15655193.0,0
2025-11-09 09:42:00,15655375.0,15655375.0,15655375.0,15655375.0,0
2025-11-09 09:43:00,15643472.0,15643472.0,15643472.0,15643472.0,0
2025-11-09 09:44:00,15653828.0,15653828.0,15653828.0,15653828.0,418906112
2025-11-09 09:46:00,15647211.0,15647211.0,15645451.0,15645451.0,120403787776
2025-11-09 09:47:00,15640192.0,15640192.0,15640192.0,15640192.0,0
2025-11-09 09:49:00,15629755.0,15629755.0,15629539.0,15629539.0,7143948288
2025-11-09 09:50:00,15628888.0,15628888.0,15628888.0,15628888.0,0
2025-11-09 09:51:00,15623681.0,15623681.0,15623681.0,15623681.0,0
2025-11-09 09:52:00,15623681.0,15623681.0,15623681.0,15623681.0,0
2025-11-09 09:53:00,15617742.0,15617742.0,15617742.0,15617742.0,4002938880
2025-11-09 09:54:00,15606215.0,15606215.0,15606215.0,15606215.0,0
2025-11-09 09:55:00,15613137.0,15613137.0,15613137.0,15613137.0,6385827840
2025-11-09 09:56:00,15607223.0,15607223.0,15607223.0,15607223.0,0
2025-11-09 09:57:00,15604235.0,15604235.0,15604235.0,15604235.0,7549747200
2025-11-09 09:58:00,15604235.0,15604235.0,15604235.0,15604235.0,0
2025-11-09 09:59:00,15610852.0,15610852.0,15610852.0,15610852.0,18322292736
2025-11-09 10:01:00,15606048.0,15606048.0,15598395.0,15598395.0,9588178944
2025-11-09 10:02:00,15594076.0,15594076.0,15594076.0,15594076.0,0
2025-11-09 10:03:00,15596903.0,15596903.0,15596903.0,15596903.0,0
2025-11-09 10:04:00,15595271.0,15595271.0,15595271.0,15595271.0,1600126976
2025-11-09 10:05:00,15586926.0,15586926.0,15586926.0,15586926.0,0
2025-11-09 10:06:00,15596503.0,15596503.0,15596503.0,15596503.0,6285688832
2025-11-09 10:07:00,15594608.0,15594608.0,15594608.0,15594608.0,1638400000
2025-11-09 10:08:00,15588639.0,15588639.0,15588639.0,15588639.0,1407713280
2025-11-09 10:09:00,15593044.0,15593044.0,15593044.0,15593044.0,1925185536
2025-11-09 10:10:00,15593044.0,15593044.0,15593044.0,15593044.0,0
2025-11-09 10:12:00,15595197.0,15595197.0,15595197.0,15595197.0,11397496832
2025-11-09 10:13:00,15593259.0,15593259.0,15592169.0,15592169.0,3527409664
2025-11-09 10:14:00,15594376.0,15594376.0,15594376.0,15594376.0,10803478528
2025-11-09 10:15:00,15596058.0,15596058.0,15596058.0,15596058.0,1592786944
2025-11-09 10:16:00,15608652.0,15608652.0,15608652.0,15608652.0,6615465984
2025-11-09 10:17:00,15597643.0,15597643.0,15597643.0,15597643.0,0
2025-11-09 10:18:00,15603167.0,15603167.0,15603167.0,15603167.0,33581694976
2025-11-09 10:19:00,15591873.0,15591873.0,15591873.0,15591873.0,7567572992
2025-11-09 10:20:00,15596330.0,15596330.0,15596330.0,15596330.0,1671430144
2025-11-09 10:21:00,15589851.0,15589851.0,15589851.0,15589851.0,0
2025-11-09 10:22:00,15590501.0,15590501.0,15590501.0,15590501.0,0
2025-11-09 10:23:00,15597365.0,15597365.0,15597365.0,15597365.0,7341080576
2025-11-09 10:24:00,15605616.0,15605616.0,15605616.0,15605616.0,15452864512
2025-11-09 10:26:00,15616440.0,15618408.0,15616440.0,15618408.0,3900178432
2025-11-09 10:27:00,15613321.0,15613321.0,15613321.0,15613321.0,0
2025-11-09 10:28:00,15617317.0,15617317.0,15617317.0,15617317.0,18655215616
2025-11-09 10:29:00,15621577.0,15621577.0,15621577.0,15621577.0,0
2025-11-09 10:30:00,15618343.0,15618343.0,15618343.0,15618343.0,12653166592
2025-11-09 10:31:00,15618343.0,15618343.0,15618343.0,15618343.0,0
2025-11-09 10:32:00,15614350.0,15614350.0,15614350.0,15614350.0,123068219392
2025-11-09 10:34:00,15607951.0,15607951.0,15607951.0,15607951.0,0
2025-11-09 10:35:00,15605003.0,15605003.0,15600673.0,15600673.0,1293942784
2025-11-09 10:36:00,15601179.0,15601179.0,15601179.0,15601179.0,3097493504
2025-11-09 10:37:00,15600153.0,15600153.0,15600153.0,15600153.0,0
2025-11-09 10:38:00,15586230.0,15586230.0,15586230.0,15586230.0,0
2025-11-09 10:39:00,15588264.0,15588264.0,15588264.0,15588264.0,6395789312
2025-11-09 10:40:00,15599778.0,15609952.0,15599778.0,15609952.0,133287641088
2025-11-09 10:42:00,15608898.0,15608898.0,15608898.0,15608898.0,0
2025-11-09 10:44:00,15609635.0,15609635.0,15609635.0,15609635.0,127110479872
2025-11-09 10:45:00,15611859.0,15623650.0,15611859.0,15623650.0,0
2025-11-09 10:46:00,15624867.0,15624867.0,15624867.0,15624867.0,0
2025-11-09 10:47:00,15631657.0,15631657.0,15631657.0,15631657.0,31346655232
2025-11-09 10:48:00,15631657.0,15631657.0,15631657.0,15631657.0,0
2025-11-09 10:49:00,15634759.0,15634759.0,15634759.0,15634759.0,0
2025-11-09 10:50:00,15629981.0,15629981.0,15629981.0,15629981.0,0
2025-11-09 10:51:00,15640843.0,15640843.0,15640843.0,15640843.0,1304952832
2025-11-09 10:52:00,15639214.0,15639214.0,15639214.0,15639214.0,0
2025-11-09 10:53:00,15639214.0,15639214.0,15639214.0,15639214.0,0
2025-11-09 10:54:00,15639248.0,15639248.0,15639248.0,15639248.0,0
2025-11-09 10:55:00,15639250.0,15639250.0,15639250.0,15639250.0,947388416
2025-11-09 10:56:00,15640279.0,15640279.0,15640279.0,15640279.0,139070537728
2025-11-09 10:57:00,15633915.0,15633915.0,15633915.0,15633915.0,2694840320
2025-11-09 10:59:00,15633148.0,15634912.0,15633148.0,15634912.0,0
2025-11-09 11:00:00,15638511.0,15638511.0,15638511.0,15638511.0,14795407360
2025-11-09 11:01:00,15632702.0,15632702.0,15632702.0,15632702.0,0
2025-11-09 11:02:00,15651726.0,15651726.0,15651726.0,15651726.0,0
2025-11-09 11:04:00,15650351.0,15650351.0,15650351.0,15650351.0,0
2025-11-09 11:05:00,15667118.0,15667118.0,15667118.0,15667118.0,9391046656
2025-11-09 11:06:00,15668228.0,15668228.0,15668228.0,15668228.0,0
2025-11-09 11:07:00,15664304.0,15664304.0,15664304.0,15664304.0,7078412288
2025-11-09 11:09:00,15660104.0,15668374.0,15660104.0,15668374.0,13284409344
2025-11-09 11:10:00,15666155.0,15666155.0,15666155.0,15666155.0,0
2025-11-09 11:11:00,15671669.0,15671669.0,15671669.0,15671669.0,3387424768
2025-11-09 11:12:00,15659756.0,15659756.0,15659756.0,15659756.0,0
2025-11-09 11:13:00,15669925.0,15669925.0,15669925.0,15669925.0,10009706496
2025-11-09 11:14:00,15672297.0,15672297.0,15672297.0,15672297.0,0
2025-11-09 11:15:00,15686524.0,15686524.0,15686524.0,15686524.0,11587813376
2025-11-09 11:16:00,15689912.0,15689912.0,15689912.0,15689912.0,4546625536
2025-11-09 11:17:00,15689950.0,15689950.0,15689950.0,15689950.0,8774483968
2025-11-09 11:18:00,15686120.0,15686120.0,15686120.0,15686120.0,1853882368
2025-11-09 11:20:00,15686680.0,15687767.0,15686680.0,15687767.0,0
2025-11-09 11:21:00,15698540.0,15698540.0,15698540.0,15698540.0,12742819840
2025-11-09 11:22:00,15698879.0,15698879.0,15698879.0,15698879.0,3308257280
2025-11-09 11:23:00,15687084.0,15687084.0,15687084.0,15687084.0,0
2025-11-09 11:24:00,15671534.0,15671534.0,15671534.0,15671534.0,6176112640
2025-11-09 11:25:00,15683794.0,15683794.0,15683794.0,15683794.0,9254731776
2025-11-09 11:26:00,15687167.0,15687167.0,15687167.0,15687167.0,3998744576
2025-11-09 11:27:00,15692061.0,15692061.0,15692061.0,15692061.0,2935488512
2025-11-09 11:28:00,15688837.0,15688837.0,15688837.0,15688837.0,35270426624
2025-11-09 11:29:00,15692452.0,15692452.0,15692452.0,15692452.0,1385168896
2025-11-09 11:30:00,15692452.0,15692452.0,15692452.0,15692452.0,0
2025-11-09 11:31:00,15670018.0,15670018.0,15670018.0,15670018.0,111541223424
2025-11-09 11:33:00,15675853.0,15675853.0,15675853.0,15675853.0,0
2025-11-09 11:34:00,15680851.0,15680851.0,15677235.0,15677235.0,126306222080
2025-11-09 11:35:00,15664883.0,15664883.0,15664883.0,15664883.0,0
2025-11-09 11:36:00,15672545.0,15672545.0,15672545.0,15672545.0,0
2025-11-09 11:37:00,15672689.0,15672689.0,15672689.0,15672689.0,122878427136
2025-11-09 11:38:00,15673293.0,15673293.0,15673293.0,15673293.0,0
2025-11-09 11:39:00,15673456.0,15673456.0,15673456.0,15673456.0,0
2025-11-09 11:41:00,15670911.0,15670911.0,15670911.0,15670911.0,718274560
2025-11-09 11:42:00,15672790.0,15672790.0,15672539.0,15672539.0,0
2025-11-09 11:43:00,15681063.0,15681063.0,15681063.0,15681063.0,106717249536
2025-11-09 11:44:00,15685501.0,15685501.0,15685501.0,15685501.0,0
2025-11-09 11:45:00,15684795.0,15684795.0,15684795.0,15684795.0,0
2025-11-09 11:46:00,15680865.0,15680865.0,15680865.0,15680865.0,0
2025-11-09 11:47:00,15688815.0,15688815.0,15688815.0,15688815.0,15234760704
2025-11-09 11:48:00,15695491.0,15695491.0,15695491.0,15695491.0,0
2025-11-09 11:49:00,15694239.0,15694239.0,15694239.0,15694239.0,32367968256
2025-11-09 11:50:00,15699950.0,15699950.0,15699950.0,15699950.0,6593970176
2025-11-09 11:52:00,15698423.0,15698423.0,15698423.0,15698423.0,0
2025-11-09 11:53:00,15700900.0,15702474.0,15700900.0,15702474.0,0
2025-11-09 11:54:00,15700786.0,15700786.0,15700786.0,15700786.0,0
2025-11-09 11:55:00,15693461.0,15693461.0,15693461.0,15693461.0,115499597824
2025-11-09 11:56:00,15693962.0,15693962.0,15693962.0,15693962.0,0
2025-11-09 11:57:00,15686941.0,15686941.0,15686941.0,15686941.0,0
2025-11-09 11:58:00,15693054.0,15693054.0,15693054.0,15693054.0,0
2025-11-09 11:59:00,15690563.0,15690563.0,15690563.0,15690563.0,0
2025-11-09 12:00:00,15693664.0,15693664.0,15693664.0,15693664.0,10975444992
2025-11-09 12:01:00,15693086.0,15693086.0,15693086.0,15693086.0,0
2025-11-09 12:02:00,15690841.0,15690841.0,15690841.0,15690841.0,0
2025-11-09 12:03:00,15690841.0,15690841.0,15690841.0,15690841.0,0
2025-11-09 12:05:00,15684729.0,15684811.0,15684729.0,15684811.0,4080009216
2025-11-09 12:06:00,15687562.0,15687562.0,15687562.0,15687562.0,0
2025-11-09 12:07:00,15681099.0,15681099.0,15681099.0,15681099.0,12116819968
2025-11-09 12:08:00,15678180.0,15678180.0,15678180.0,15678180.0,0
2025-11-09 12:09:00,15685972.0,15685972.0,15685972.0,15685972.0,0
2025-11-09 12:10:00,15684712.0,15684712.0,15684712.0,15684712.0,0
2025-11-09 12:11:00,15687485.0,15687485.0,15687485.0,15687485.0,8995209216
2025-11-09 12:12:00,15690293.0,15690293.0,15690293.0,15690293.0,0
2025-11-09 12:13:00,15693036.0,15693036.0,15693036.0,15693036.0,117633974272
2025-11-09 12:14:00,15696632.0,15696632.0,15696632.0,15696632.0,0
2025-11-09 12:15:00,15696642.0,15696642.0,15696642.0,15696642.0,0
2025-11-09 12:16:00,15700507.0,15700507.0,15700507.0,15700507.0,5022679040
2025-11-09 12:17:00,15705030.0,15705030.0,15705030.0,15705030.0,9354346496
2025-11-09 12:19:00,15702538.0,15702538.0,15702538.0,15702538.0,0
2025-11-09 12:20:00,15715127.0,15715127.0,15714368.0,15714368.0,13284409344
2025-11-09 12:21:00,15720622.0,15720622.0,15720622.0,15720622.0,0
2025-11-09 12:22:00,15719092.0,15719092.0,15719092.0,15719092.0,22239248384
2025-11-09 12:23:00,15707590.0,15707590.0,15707590.0,15707590.0,2103967744
2025-11-09 12:24:00,15707912.0,15707912.0,15707912.0,15707912.0,120219762688
2025-11-09 12:25:00,15709952.0,15709952.0,15709952.0,15709952.0,0
2025-11-09 12:27:00,15703499.0,15709971.0,15703499.0,15709971.0,0
2025-11-09 12:28:00,15699521.0,15699521.0,15699521.0,15699521.0,136434417664
2025-11-09 12:29:00,15690250.0,15690250.0,15690250.0,15690250.0,0
2025-11-09 12:30:00,15686900.0,15686900.0,15686900.0,15686900.0,131915579392
2025-11-09 12:31:00,15686900.0,15686900.0,15686900.0,15686900.0,0
2025-11-09 12:32:00,15684764.0,15684764.0,15684764.0,15684764.0,5481955328
2025-11-09 12:33:00,15682619.0,15682619.0,15682619.0,15682619.0,0
2025-11-09 12:35:00,15688004.0,15688004.0,15688004.0,15688004.0,4542431232
2025-11-09 12:36:00,15683334.0,15683334.0,15679142.0,15679142.0,7285506048
2025-11-09 12:37:00,15682175.0,15682175.0,15682175.0,15682175.0,1002438656
2025-11-09 12:38:00,15699278.0,15699278.0,15699278.0,15699278.0,0
2025-11-09 12:39:00,15687904.0,15687904.0,15687904.0,15687904.0,119856955392
2025-11-09 12:40:00,15679967.0,15679967.0,15679315.0,15679315.0,19408093184
2025-11-09 12:42:00,15687148.0,15687148.0,15687148.0,15687148.0,760741888
2025-11-09 12:43:00,15686095.0,15686095.0,15686095.0,15686095.0,3165126656
2025-11-09 12:45:00,15684693.0,15684693.0,15683585.0,15683585.0,8682209280
2025-11-09 12:46:00,15683637.0,15683637.0,15683637.0,15683637.0,0
2025-11-09 12:47:00,15689133.0,15689133.0,15689133.0,15689133.0,0
2025-11-09 12:48:00,15677896.0,15677896.0,15677896.0,15677896.0,6536298496
2025-11-09 12:49:00,15679561.0,15679561.0,15679561.0,15679561.0,0
2025-11-09 12:50:00,15681162.0,15681162.0,15681162.0,15681162.0,782237696
2025-11-09 12:51:00,15672396.0,15672396.0,15672396.0,15672396.0,0
2025-11-09 12:53:00,15683419.0,15683419.0,15683419.0,15683419.0,119926161408
2025-11-09 12:54:00,15680626.0,15680626.0,15680626.0,15680626.0,0
2025-11-09 12:55:00,15683652.0,15683652.0,15680463.0,15680463.0,137550102528
2025-11-09 12:56:00,15677108.0,15677108.0,15677108.0,15677108.0,0
2025-11-09 12:57:00,15677108.0,15677108.0,15677108.0,15677108.0,0
2025-11-09 12:58:00,15670182.0,15670182.0,15670182.0,15670182.0,0
2025-11-09 12:59:00,15670173.0,15670173.0,15670173.0,15670173.0,738197504
2025-11-09 13:00:00,15671603.0,15671603.0,15671603.0,15671603.0,0
2025-11-09 13:01:00,15666048.0,15666048.0,15666048.0,15666048.0,98891202560
2025-11-09 13:02:00,15672949.0,15672949.0,15672949.0,15672949.0,0
2025-11-09 13:03:00,15682021.0,15682021.0,15682021.0,15682021.0,12941524992
2025-11-09 13:04:00,15684063.0,15684063.0,15684063.0,15684063.0,1930952704
2025-11-09 13:05:00,15682408.0,15682408.0,15682408.0,15682408.0,0
2025-11-09 13:06:00,15688803.0,15688803.0,15688803.0,15688803.0,12465471488
2025-11-09 13:08:00,15691292.0,15691292.0,15691292.0,15691292.0,0
2025-11-09 13:09:00,15693956.0,15696867.0,15693956.0,15696867.0,0
2025-11-09 13:10:00,15699937.0,15699937.0,15699937.0,15699937.0,0
2025-11-09 13:11:00,15701666.0,15701666.0,15701666.0,15701666.0,0
2025-11-09 13:12:00,15711071.0,15711071.0,15711071.0,15711071.0,1844445184
2025-11-09 13:13:00,15707058.0,15707058.0,15707058.0,15707058.0,0
2025-11-09 13:14:00,15723471.0,15723471.0,15723471.0,15723471.0,1094189056
2025-11-09 13:15:00,15713804.0,15713804.0,15713804.0,15713804.0,0
2025-11-09 13:16:00,15712977.0,15712977.0,15712977.0,15712977.0,904396800
2025-11-09 13:17:00,15716912.0,15716912.0,15716912.0,15716912.0,120717836288
2025-11-09 13:18:00,15716912.0,15716912.0,15716912.0,15716912.0,0
2025-11-09 13:20:00,15718644.0,15718644.0,15715964.0,15715964.0,0
2025-11-09 13:21:00,15722187.0,15722187.0,15722187.0,15722187.0,117830582272
2025-11-09 13:23:00,15715016.0,15718050.0,15715016.0,15718050.0,0
2025-11-09 13:24:00,15713668.0,15713668.0,15713668.0,15713668.0,0
2025-11-09 13:25:00,15718428.0,15718428.0,15718428.0,15718428.0,2270691328
2025-11-09 13:26:00,15722536.0,15722536.0,15722536.0,15722536.0,0
2025-11-09 13:27:00,15723583.0,15723583.0,15723583.0,15723583.0,0
2025-11-09 13:28:00,15730994.0,15730994.0,15730994.0,15730994.0,12373196800
2025-11-09 13:29:00,15732357.0,15732357.0,15732357.0,15732357.0,0
2025-11-09 13:30:00,15735107.0,15735107.0,15735107.0,15735107.0,0
2025-11-09 13:31:00,15734189.0,15734189.0,15734189.0,15734189.0,11746672640
2025-11-09 13:32:00,15744130.0,15744130.0,15744130.0,15744130.0,2918187008
2025-11-09 13:34:00,15748791.0,15758810.0,15748791.0,15758810.0,14259060736
2025-11-09 13:35:00,15769172.0,15769172.0,15769172.0,15769172.0,0
2025-11-09 13:36:00,15762385.0,15762385.0,15762385.0,15762385.0,0
2025-11-09 13:37:00,15756635.0,15756635.0,15756635.0,15756635.0,36065247232
2025-11-09 13:38:00,15756161.0,15756161.0,15756161.0,15756161.0,0
2025-11-09 13:39:00,15761229.0,15761229.0,15761229.0,15761229.0,2488270848
2025-11-09 13:40:00,15766575.0,15766575.0,15766575.0,15766575.0,7433355264
2025-11-09 13:41:00,15766575.0,15766575.0,15766575.0,15766575.0,0
2025-11-09 13:43:00,15768511.0,15770086.0,15768511.0,15770086.0,8628207616
2025-11-09 13:44:00,15770086.0,15770086.0,15770086.0,15770086.0,0
2025-11-09 13:45:00,15776422.0,15776422.0,15776422.0,15776422.0,0
2025-11-09 13:46:00,15776515.0,15776515.0,15776515.0,15776515.0,0
2025-11-09 13:47:00,15768992.0,15768992.0,15768992.0,15768992.0,185073664
2025-11-09 13:49:00,15789555.0,15790743.0,15789555.0,15790743.0,0
2025-11-09 13:50:00,15796180.0,15796180.0,15796180.0,15796180.0,122671333376
2025-11-09 13:51:00,15803328.0,15803328.0,15803328.0,15803328.0,221773824
2025-11-09 13:52:00,15810662.0,15810662.0,15810662.0,15810662.0,0
2025-11-09 13:53:00,15806512.0,15806512.0,15806512.0,15806512.0,8420065280
2025-11-09 13:54:00,15804869.0,15804869.0,15804869.0,15804869.0,0
2025-11-09 13:55:00,15803452.0,15803452.0,15803452.0,15803452.0,2354053120
2025-11-09 13:56:00,15796837.0,15796837.0,15796837.0,15796837.0,130163933184
2025-11-09 13:57:00,15793595.0,15793595.0,15793595.0,15793595.0,0
2025-11-09 13:58:00,15791585.0,15791585.0,15791585.0,15791585.0,123000586240
2025-11-09 13:59:00,15796369.0,15796369.0,15796369.0,15796369.0,2290614272
2025-11-09 14:00:00,15799971.0,15799971.0,15799971.0,15799971.0,0
2025-11-09 14:02:00,15793645.0,15793645.0,15786182.0,15786182.0,105322643456
2025-11-09 14:03:00,15788381.0,15788381.0,15788381.0,15788381.0,0
2025-11-09 14:04:00,15791141.0,15791141.0,15791141.0,15791141.0,0
2025-11-09 14:05:00,15783583.0,15783583.0,15783583.0,15783583.0,0
2025-11-09 14:06:00,15783427.0,15783427.0,15783427.0,15783427.0,0
2025-11-09 14:07:00,15780662.0,15780662.0,15780662.0,15780662.0,116430733312
2025-11-09 14:09:00,15783178.0,15783178.0,15781997.0,15781997.0,0
2025-11-09 14:10:00,15786777.0,15786777.0,15786777.0,15786777.0,2243952640
2025-11-09 14:12:00,15813736.0,15831310.0,15813736.0,15831310.0,0
2025-11-09 14:13:00,15829576.0,15829576.0,15829576.0,15829576.0,5242880000
2025-11-09 14:14:00,15827207.0,15827207.0,15827207.0,15827207.0,0
2025-11-09 14:15:00,15824543.0,15824543.0,15824543.0,15824543.0,1831337984
2025-11-09 14:16:00,15821043.0,15821043.0,15821043.0,15821043.0,0
2025-11-09 14:17:00,15824564.0,15824564.0,15824564.0,15824564.0,0
2025-11-09 14:18:00,15807428.0,15807428.0,15807428.0,15807428.0,90536673280
2025-11-09 14:19:00,15841524.0,15841524.0,15841524.0,15841524.0,124040249344
2025-11-09 14:20:00,15849157.0,15849157.0,15849157.0,15849157.0,0
2025-11-09 14:21:00,15842461.0,15842461.0,15842461.0,15842461.0,0
2025-11-09 14:22:00,15840778.0,15840778.0,15840778.0,15840778.0,28174712832
2025-11-09 14:24:00,15840269.0,15840269.0,15837370.0,15837370.0,0
2025-11-09 14:25:00,15849844.0,15849844.0,15849844.0,15849844.0,1232601088
2025-11-09 14:26:00,15872400.0,15872400.0,15872400.0,15872400.0,6638534656
2025-11-09 14:27:00,15884991.0,15884991.0,15884991.0,15884991.0,0
2025-11-09 14:28:00,15887871.0,15887871.0,15887871.0,15887871.0,25327304704
2025-11-09 14:29:00,15910670.0,15910670.0,15910670.0,15910670.0,0
2025-11-09 14:30:00,15938018.0,15938018.0,15938018.0,15938018.0,8189902848
2025-11-09 14:32:00,15965100.0,15965100.0,15938970.0,15938970.0,71790755840
2025-11-09 14:33:00,15930839.0,15930839.0,15930839.0,15930839.0,495976448
2025-11-09 14:34:00,15931719.0,15931719.0,15931719.0,15931719.0,93510959104
2025-11-09 14:35:00,15917165.0,15917165.0,15917165.0,15917165.0,2829582336
2025-11-09 14:36:00,15890072.0,15890072.0,15890072.0,15890072.0,107427659776
2025-11-09 14:37:00,15891969.0,15891969.0,15891969.0,15891969.0,0
2025-11-09 14:38:00,15892798.0,15892798.0,15892798.0,15892798.0,0
2025-11-09 14:39:00,15883109.0,15883109.0,15883109.0,15883109.0,0
2025-11-09 14:40:00,15875486.0,15875486.0,15875486.0,15875486.0,24198512640
2025-11-09 14:41:00,15854549.0,15854549.0,15854549.0,15854549.0,241856675840
2025-11-09 14:42:00,15876142.0,15876142.0,15876142.0,15876142.0,11747196928
2025-11-09 14:43:00,15874974.0,15874974.0,15874974.0,15874974.0,28906618880
2025-11-09 14:44:00,15859718.0,15859718.0,15859718.0,15859718.0,0
2025-11-09 14:45:00,15863121.0,15863121.0,15863121.0,15863121.0,0
2025-11-09 14:47:00,15864717.0,15864717.0,15857018.0,15857018.0,41670410240
2025-11-09 14:48:00,15848134.0,15848134.0,15848134.0,15848134.0,2463629312
2025-11-09 14:49:00,15844400.0,15844400.0,15844400.0,15844400.0,7363100672
2025-11-09 14:50:00,15844400.0,15844400.0,15844400.0,15844400.0,0
2025-11-09 14:51:00,15837587.0,15837587.0,15837587.0,15837587.0,0
2025-11-09 14:52:00,15849955.0,15849955.0,15849955.0,15849955.0,18621661184
2025-11-09 14:53:00,15857778.0,15857778.0,15857778.0,15857778.0,0
2025-11-09 14:54:00,15855233.0,15855233.0,15855233.0,15855233.0,7715946496
2025-11-09 14:55:00,15857685.0,15857685.0,15857685.0,15857685.0,17799577600
2025-11-09 14:56:00,15847147.0,15847147.0,15847147.0,15847147.0,0
2025-11-09 14:58:00,15831098.0,15831098.0,15831098.0,15831098.0,0
2025-11-09 14:59:00,15819564.0,15819564.0,15819564.0,15819564.0,19051577344
2025-11-09 15:00:00,15811352.0,15814538.0,15811352.0,15814538.0,0
2025-11-09 15:01:00,15826020.0,15826020.0,15826020.0,15826020.0,162503065600
2025-11-09 15:02:00,15826020.0,15826020.0,15826020.0,15826020.0,0
2025-11-09 15:03:00,15816255.0,15816255.0,15816255.0,15816255.0,0
2025-11-09 15:04:00,15821045.0,15821045.0,15821045.0,15821045.0,2347761664
2025-11-09 15:05:00,15855418.0,15855418.0,15855418.0,15855418.0,93320642560
2025-11-09 15:06:00,15855418.0,15855418.0,15855418.0,15855418.0,0
2025-11-09 15:08:00,15856656.0,15858398.0,15856656.0,15858398.0,327680000
2025-11-09 15:09:00,15858398.0,15869207.0,15858398.0,15869207.0,61478535168
2025-11-09 15:12:00,15875141.0,15875141.0,15875141.0,15875141.0,0
2025-11-09 15:13:00,15878469.0,15878469.0,15878469.0,15878469.0,0
2025-11-09 15:14:00,15871596.0,15871596.0,15871596.0,15871596.0,29460791296
2025-11-09 15:15:00,15850981.0,15850981.0,15850981.0,15850981.0,0
2025-11-09 15:16:00,15875157.0,15875157.0,15875157.0,15875157.0,13109297152
2025-11-09 15:17:00,15875157.0,15875157.0,15875157.0,15875157.0,0
2025-11-09 15:18:00,15887175.0,15887175.0,15887175.0,15887175.0,0
2025-11-09 15:19:00,15889684.0,15889684.0,15889684.0,15889684.0,0
2025-11-09 15:20:00,15900336.0,15900336.0,15900336.0,15900336.0,135350714368
2025-11-09 15:21:00,15900336.0,15900336.0,15900336.0,15900336.0,0
2025-11-09 15:23:00,15900715.0,15900715.0,15900715.0,15900715.0,0
2025-11-09 15:24:00,15895908.0,15895908.0,15895908.0,15895908.0,12934709248
2025-11-09 15:25:00,15887379.0,15887379.0,15887379.0,15887379.0,0
2025-11-09 15:26:00,15868900.0,15868900.0,15868900.0,15868900.0,0
2025-11-09 15:27:00,15885316.0,15885316.0,15885316.0,15885316.0,8199864320
2025-11-09 15:28:00,15892334.0,15892334.0,15892334.0,15892334.0,3996123136
2025-11-09 15:29:00,15886870.0,15886870.0,15886870.0,15886870.0,0
2025-11-09 15:30:00,15886870.0,15886870.0,15886870.0,15886870.0,0
2025-11-09 15:31:00,15900665.0,15900665.0,15900665.0,15900665.0,5175246848
2025-11-09 15:33:00,15894814.0,15894814.0,15894814.0,15894814.0,0
2025-11-09 15:34:00,15904679.0,15904679.0,15904679.0,15904679.0,134120734720
2025-11-09 15:35:00,15912452.0,15912452.0,15912452.0,15912452.0,0
2025-11-09 15:36:00,15917535.0,15917535.0,15917535.0,15917535.0,0
2025-11-09 15:37:00,15930286.0,15930286.0,15930286.0,15930286.0,131789750272
2025-11-09 15:38:00,15914458.0,15914458.0,15914458.0,15914458.0,28788654080
2025-11-09 15:39:00,15932438.0,15932438.0,15932438.0,15932438.0,7562330112
2025-11-09 15:40:00,15924359.0,15924359.0,15924359.0,15924359.0,6152519680
2025-11-09 15:41:00,15924647.0,15924647.0,15924647.0,15924647.0,2938634240
2025-11-09 15:42:00,15924201.0,15924201.0,15924201.0,15924201.0,2527592448
2025-11-09 15:44:00,15947126.0,15947126.0,15947126.0,15947126.0,0
2025-11-09 15:45:00,15943090.0,15943090.0,15943090.0,15943090.0,109014155264
2025-11-09 15:46:00,15943090.0,15943090.0,15943090.0,15943090.0,0
2025-11-09 15:47:00,15943203.0,15943203.0,15943203.0,15943203.0,19128123392
2025-11-09 15:48:00,15936396.0,15936396.0,15936396.0,15936396.0,0
2025-11-09 15:49:00,15919833.0,15919833.0,15919833.0,15919833.0,0
2025-11-09 15:50:00,15937467.0,15937467.0,15937467.0,15937467.0,17622368256
2025-11-09 15:52:00,15947169.0,15947169.0,15947169.0,15947169.0,0
2025-11-09 15:53:00,15949141.0,15960772.0,15949141.0,15960772.0,17898668032
2025-11-09 15:54:00,15970633.0,15970633.0,15970633.0,15970633.0,3039297536
2025-11-09 15:55:00,15928387.0,15928387.0,15928387.0,15928387.0,43451940864
2025-11-09 15:56:00,15941540.0,15941540.0,15941540.0,15941540.0,0
2025-11-09 15:57:00,15931049.0,15931049.0,15931049.0,15931049.0,1703411712
2025-11-09 15:58:00,15923813.0,15923813.0,15923813.0,15923813.0,32390512640
2025-11-09 15:59:00,15931597.0,15931597.0,15931597.0,15931597.0,122584301568
2025-11-09 16:00:00,15927339.0,15927339.0,15927339.0,15927339.0,0
2025-11-09 16:01:00,15921571.0,15921571.0,15921571.0,15921571.0,0
2025-11-09 16:02:00,15936052.0,15936052.0,15936052.0,15936052.0,7226785792
2025-11-09 16:03:00,15932433.0,15932433.0,15932433.0,15932433.0,9001500672
2025-11-09 16:04:00,15932433.0,15932433.0,15932433.0,15932433.0,0
2025-11-09 16:05:00,15920553.0,15920553.0,15920553.0,15920553.0,135803174912
2025-11-09 16:06:00,15920553.0,15920553.0,15920553.0,15920553.0,0
2025-11-09 16:07:00,15941387.0,15941387.0,15941387.0,15941387.0,0
2025-11-09 16:08:00,15936349.0,15936349.0,15936349.0,15936349.0,0
2025-11-09 16:09:00,15936349.0,15936349.0,15936349.0,15936349.0,0
2025-11-09 16:11:00,15902015.0,15902015.0,15902015.0,15902015.0,113086824448
2025-11-09 16:12:00,15887566.0,15887566.0,15871326.0,15871326.0,15673065472
2025-11-09 16:13:00,15888591.0,15888591.0,15888591.0,15888591.0,0
2025-11-09 16:15:00,15888591.0,15888591.0,15873486.0,15873486.0,0
2025-11-09 16:16:00,15873486.0,15873486.0,15873486.0,15873486.0,0
2025-11-09 16:17:00,15875076.0,15875076.0,15875076.0,15875076.0,1301807104
2025-11-09 16:18:00,15871620.0,15871620.0,15871620.0,15871620.0,1926758400
2025-11-09 16:19:00,15882992.0,15882992.0,15882992.0,15882992.0,8532262912
2025-11-09 16:20:00,15883400.0,15883400.0,15883400.0,15883400.0,120031019008
2025-11-09 16:22:00,15882251.0,15882251.0,15880955.0,15880955.0,0
2025-11-09 16:23:00,15883482.0,15883482.0,15883482.0,15883482.0,0
2025-11-09 16:24:00,15870612.0,15870612.0,15870612.0,15870612.0,0
2025-11-09 16:25:00,15885162.0,15885162.0,15885162.0,15885162.0,11867258880
2025-11-09 16:26:00,15893109.0,15893109.0,15893109.0,15893109.0,4095737856
2025-11-09 16:27:00,15890136.0,15890136.0,15890136.0,15890136.0,0
2025-11-09 16:28:00,15895389.0,15895389.0,15895389.0,15895389.0,126593531904
2025-11-09 16:29:00,15892037.0,15892037.0,15892037.0,15892037.0,0
2025-11-09 16:30:00,15890152.0,15890152.0,15890152.0,15890152.0,0
2025-11-09 16:31:00,15884318.0,15884318.0,15884318.0,15884318.0,11621367808
2025-11-09 16:32:00,15886035.0,15886035.0,15886035.0,15886035.0,119764156416
2025-11-09 16:33:00,15876911.0,15876911.0,15876911.0,15876911.0,868745216
2025-11-09 16:35:00,15870726.0,15870726.0,15870726.0,15870726.0,0
2025-11-09 16:36:00,15856305.0,15856305.0,15856305.0,15856305.0,0
2025-11-09 16:37:00,15868236.0,15868236.0,15868236.0,15868236.0,5635047424
2025-11-09 16:38:00,15868236.0,15868236.0,15868236.0,15868236.0,0
2025-11-09 16:39:00,15884316.0,15884316.0,15882063.0,15882063.0,6150422528
2025-11-09 16:40:00,15882180.0,15882180.0,15882180.0,15882180.0,0
2025-11-09 16:41:00,15881390.0,15881390.0,15881390.0,15881390.0,8582594560
2025-11-09 16:42:00,15890489.0,15890489.0,15890489.0,15890489.0,0
2025-11-09 16:43:00,15890489.0,15890489.0,15890489.0,15890489.0,0
2025-11-09 16:44:00,15887115.0,15887115.0,15887115.0,15887115.0,28389146624
2025-11-09 16:45:00,15890663.0,15890663.0,15890663.0,15890663.0,0
2025-11-09 16:46:00,15890663.0,15890663.0,15890663.0,15890663.0,0
2025-11-09 16:48:00,15908515.0,15908515.0,15908515.0,15908515.0,9569304576
2025-11-09 16:50:00,15909155.0,15914757.0,15909155.0,15914757.0,0
2025-11-09 16:51:00,15914757.0,15914757.0,15914757.0,15914757.0,0
2025-11-09 16:52:00,15917689.0,15917689.0,15917689.0,15917689.0,0
2025-11-09 16:53:00,15939311.0,15939311.0,15939311.0,15939311.0,35731275776
2025-11-09 16:55:00,15939311.0,15939311.0,15937260.0,15937260.0,1425539072
2025-11-09 16:56:00,15937260.0,15937260.0,15937260.0,15937260.0,0
2025-11-09 16:57:00,15936038.0,15936038.0,15936038.0,15936038.0,0
2025-11-09 16:58:00,15935141.0,15935141.0,15935141.0,15935141.0,12124684288
2025-11-09 16:59:00,15940810.0,15940810.0,15940810.0,15940810.0,3977773056
2025-11-09 17:00:00,15940992.0,15940992.0,15940992.0,15940992.0,0
2025-11-09 17:01:00,15948898.0,15948898.0,15948898.0,15948898.0,8575254528
2025-11-09 17:02:00,15950929.0,15950929.0,15950929.0,15950929.0,0
2025-11-09 17:04:00,15955714.0,15955714.0,15952449.0,15952449.0,9796321280
2025-11-09 17:05:00,15930330.0,15930330.0,15930330.0,15930330.0,119773593600
2025-11-09 17:06:00,15929491.0,15929491.0,15929491.0,15929491.0,0
2025-11-09 17:07:00,15933597.0,15933597.0,15933597.0,15933597.0,35904815104
2025-11-09 17:08:00,15920893.0,15920893.0,15920893.0,15920893.0,120598822912
2025-11-09 17:09:00,15902933.0,15902933.0,15902933.0,15902933.0,0
2025-11-09 17:10:00,15923789.0,15923789.0,15923789.0,15923789.0,10577510400
2025-11-09 17:12:00,15921042.0,15921042.0,15904100.0,15904100.0,116208959488
2025-11-09 17:13:00,15914599.0,15914599.0,15914599.0,15914599.0,3737124864
2025-11-09 17:14:00,15913929.0,15913929.0,15913929.0,15913929.0,0
2025-11-09 17:15:00,15912458.0,15912458.0,15912458.0,15912458.0,1634729984
2025-11-09 17:16:00,15910461.0,15910461.0,15910461.0,15910461.0,17123246080
2025-11-09 17:17:00,15908917.0,15908917.0,15908917.0,15908917.0,0
2025-11-09 17:18:00,15903257.0,15903257.0,15903257.0,15903257.0,131466264576
2025-11-09 17:19:00,15896487.0,15896487.0,15896487.0,15896487.0,0
2025-11-09 17:21:00,15874328.0,15874328.0,15874328.0,15874328.0,0
2025-11-09 17:22:00,15895146.0,15895146.0,15895146.0,15895146.0,10708058112
2025-11-09 17:23:00,15875627.0,15883442.0,15875627.0,15883442.0,22067281920
2025-11-09 17:24:00,15879444.0,15879444.0,15879444.0,15879444.0,0
2025-11-09 17:25:00,15878141.0,15878141.0,15878141.0,15878141.0,0
2025-11-09 17:26:00,15880915.0,15880915.0,15880915.0,15880915.0,0
2025-11-09 17:27:00,15880915.0,15880915.0,15880915.0,15880915.0,0
2025-11-09 17:28:00,15886116.0,15886116.0,15886116.0,15886116.0,12259950592
2025-11-09 17:29:00,15886735.0,15886735.0,15886735.0,15886735.0,0
2025-11-09 17:30:00,15895402.0,15895402.0,15895402.0,15895402.0,3930062848
2025-11-09 17:31:00,15895153.0,15895153.0,15895153.0,15895153.0,0
2025-11-09 17:32:00,15916000.0,15916000.0,15916000.0,15916000.0,10736893952
2025-11-09 17:34:00,15921166.0,15933758.0,15921166.0,15933758.0,8653897728
2025-11-09 17:35:00,15933758.0,15933758.0,15933758.0,15933758.0,0
2025-11-09 17:36:00,15926204.0,15926204.0,15926204.0,15926204.0,359661568
2025-11-09 17:37:00,15932010.0,15932010.0,15932010.0,15932010.0,4432330752
2025-11-09 17:38:00,15926923.0,15926923.0,15926923.0,15926923.0,1155006464
2025-11-09 17:39:00,15926923.0,15926923.0,15926923.0,15926923.0,0
2025-11-09 17:41:00,15913561.0,15913561.0,15913561.0,15913561.0,0
2025-11-09 17:42:00,15914598.0,15914598.0,15905998.0,15905998.0,4750573568
2025-11-09 17:43:00,15874815.0,15874815.0,15874815.0,15874815.0,0
2025-11-09 17:45:00,15893775.0,15893775.0,15890327.0,15890327.0,0
2025-11-09 17:46:00,15899426.0,15899426.0,15899426.0,15899426.0,24624234496
2025-11-09 17:47:00,15905443.0,15905443.0,15905443.0,15905443.0,4608491520
2025-11-09 17:48:00,15908257.0,15908257.0,15908257.0,15908257.0,0
2025-11-09 17:49:00,15908257.0,15908257.0,15908257.0,15908257.0,0
2025-11-09 17:50:00,15913377.0,15913377.0,15913377.0,15913377.0,124407250944
2025-11-09 17:51:00,15910094.0,15910094.0,15910094.0,15910094.0,0
2025-11-09 17:52:00,15911874.0,15911874.0,15911874.0,15911874.0,0
2025-11-09 17:53:00,15911874.0,15911874.0,15911874.0,15911874.0,0
2025-11-09 17:55:00,15876598.0,15878424.0,15876598.0,15878424.0,0
2025-11-09 17:56:00,15909530.0,15909530.0,15909530.0,15909530.0,15580790784
2025-11-09 17:57:00,15908807.0,15908807.0,15908807.0,15908807.0,139164909568
2025-11-09 17:58:00,15906227.0,15906227.0,15906227.0,15906227.0,106536370176
2025-11-09 17:59:00,15907442.0,15907442.0,15907442.0,15907442.0,0
2025-11-09 18:00:00,15910015.0,15910015.0,15910015.0,15910015.0,0
2025-11-09 18:01:00,15912155.0,15912155.0,15912155.0,15912155.0,104227930112
2025-11-09 18:02:00,15907740.0,15907740.0,15907740.0,15907740.0,352845824
2025-11-09 18:03:00,15912920.0,15912920.0,15912920.0,15912920.0,4536139776
2025-11-09 18:05:00,15899881.0,15899881.0,15899881.0,15899881.0,0
2025-11-09 18:06:00,15920631.0,15923713.0,15920631.0,15923713.0,0
2025-11-09 18:07:00,15924291.0,15924291.0,15924291.0,15924291.0,29781655552
2025-11-09 18:08:00,15916165.0,15916165.0,15916165.0,15916165.0,0
2025-11-09 18:09:00,15904494.0,15904494.0,15904494.0,15904494.0,0
2025-11-09 18:10:00,15911713.0,15911713.0,15911713.0,15911713.0,137525985280
2025-11-09 18:11:00,15913135.0,15913135.0,15913135.0,15913135.0,1217921024
2025-11-09 18:12:00,15918110.0,15918110.0,15918110.0,15918110.0,0
2025-11-09 18:13:00,15918811.0,15918811.0,15918811.0,15918811.0,0
2025-11-09 18:14:00,15916466.0,15916466.0,15916466.0,15916466.0,4558159872
2025-11-09 18:15:00,15913170.0,15913170.0,15913170.0,15913170.0,113185390592
2025-11-09 18:16:00,15904097.0,15904097.0,15904097.0,15904097.0,63963136
2025-11-09 18:17:00,15878098.0,15878098.0,15878098.0,15878098.0,0
2025-11-09 18:18:00,15908196.0,15908196.0,15908196.0,15908196.0,12624855040
2025-11-09 18:19:00,15917944.0,15917944.0,15917944.0,15917944.0,0
2025-11-09 18:21:00,15883297.0,15883297.0,15883297.0,15883297.0,0
2025-11-09 18:22:00,15874356.0,15874356.0,15872410.0,15872410.0,19337314304
2025-11-09 18:23:00,15868812.0,15868812.0,15868812.0,15868812.0,0
2025-11-09 18:24:00,15870694.0,15870694.0,15870694.0,15870694.0,0
2025-11-09 18:25:00,15874614.0,15874614.0,15874614.0,15874614.0,0
2025-11-09 18:26:00,15882577.0,15882577.0,15882577.0,15882577.0,15386804224
2025-11-09 18:27:00,15881062.0,15881062.0,15881062.0,15881062.0,6686244864
2025-11-09 18:28:00,15886778.0,15886778.0,15886778.0,15886778.0,0
2025-11-09 18:29:00,15885857.0,15885857.0,15885857.0,15885857.0,0
2025-11-09 18:30:00,15885857.0,15885857.0,15885187.0,15885187.0,0
2025-11-09 18:32:00,15889829.0,15889829.0,15889829.0,15889829.0,666370048
2025-11-09 18:33:00,15884858.0,15884858.0,15884858.0,15884858.0,0
2025-11-09 18:34:00,15887753.0,15887753.0,15887753.0,15887753.0,0
2025-11-09 18:35:00,15887511.0,15887511.0,15887511.0,15887511.0,0
2025-11-09 18:36:00,15889971.0,15889971.0,15889971.0,15889971.0,0
2025-11-09 18:38:00,15893130.0,15894533.0,15893130.0,15894533.0,0
2025-11-09 18:39:00,15906446.0,15906446.0,15906446.0,15906446.0,2321022976
2025-11-09 18:41:00,15903604.0,15905923.0,15903604.0,15905923.0,0
2025-11-09 18:42:00,15907574.0,15907574.0,15907574.0,15907574.0,2024275968
2025-11-09 18:43:00,15910650.0,15910650.0,15910650.0,15910650.0,0
2025-11-09 18:44:00,15909974.0,15909974.0,15909974.0,15909974.0,0
2025-11-09 18:45:00,15913381.0,15913381.0,15913381.0,15913381.0,427819008
2025-11-09 18:46:00,15925015.0,15925015.0,15925015.0,15925015.0,2312110080
2025-11-09 18:47:00,15920401.0,15920401.0,15920401.0,15920401.0,0
2025-11-09 18:48:00,15926866.0,15926866.0,15926866.0,15926866.0,2407530496
2025-11-09 18:50:00,15932770.0,15989434.0,15932770.0,15989434.0,0
2025-11-09 18:51:00,16001853.0,16001853.0,16001853.0,16001853.0,32737067008
2025-11-09 18:52:00,15987739.0,15987739.0,15987739.0,15987739.0,63925911552
2025-11-09 18:53:00,15992285.0,15992285.0,15992285.0,15992285.0,889716736
2025-11-09 18:54:00,16018945.0,16018945.0,16018945.0,16018945.0,11796480000
2025-11-09 18:55:00,16022553.0,16022553.0,16022553.0,16022553.0,0
2025-11-09 18:56:00,16024154.0,16024154.0,16024154.0,16024154.0,134146949120
2025-11-09 18:57:00,16020889.0,16020889.0,16020889.0,16020889.0,7213154304
2025-11-09 18:58:00,16027852.0,16027852.0,16027852.0,16027852.0,22965911552
2025-11-09 18:59:00,16043464.0,16043464.0,16043464.0,16043464.0,3450863616
2025-11-09 19:00:00,16046653.0,16046653.0,16046653.0,16046653.0,0
2025-11-09 19:01:00,16044187.0,16044187.0,16044187.0,16044187.0,32595509248
2025-11-09 19:02:00,16054643.0,16054643.0,16054643.0,16054643.0,2307915776
2025-11-09 19:03:00,16019829.0,16019829.0,16019829.0,16019829.0,0
2025-11-09 19:04:00,16027617.0,16027617.0,16027617.0,16027617.0,0
2025-11-09 19:05:00,16028576.0,16028576.0,16028576.0,16028576.0,13235126272
2025-11-09 19:06:00,16004793.0,16004793.0,16004793.0,16004793.0,10085728256
2025-11-09 19:08:00,16011506.0,16011506.0,16011506.0,16011506.0,1574961152
2025-11-09 19:09:00,16021948.0,16021948.0,16021948.0,16021948.0,0
