{
  "current_step": 916480,
  "rewards_history": [
    11.372572305663923,
    20.28931511537792,
    103.39912746756994,
    373.0788324671024,
    3122.131284398084,
    2283.7040603906976,
    4843.315914072673,
    0.0,
    216.8488154161869,
    662.8316783722851,
    1626.9017737235165,
    1502.9441724801738,
    3933.0056642059544,
    5722.314532772666,
    7463.88781871151,
    -0.013196449010949067,
    234.9592349456362,
    811.644584175507,
    1658.278228315558,
    2692.2949223395053,
    0.0,
    0.0,
    0.0,
    0.0,
    0.0,
    0.0,
    0.0,
    0.0,
    0.0,
    0.0,
    0.0,
    0.0,
    0.0,
    0.0,
    0.0,
    0.0,
    0.0,
    0.0,
    0.0,
    0.0,
    0.0,
    0.0,
    0.0,
    0.0,
    0.0,
    0.0,
    0.0,
    0.0,
    0.0,
    0.0,
    0.0,
    0.0,
    0.0,
    0.0,
    0.0,
    0.0,
    0.0,
    0.0,
    0.0,
    0.0,
    0.0,
    0.0,
    0.0,
    0.0,
    0.0,
    0.0,
    0.0,
    0.0,
    0.0,
    0.0,
    0.0,
    0.0,
    0.0,
    0.0,
    0.0,
    0.0,
    0.0,
    0.0,
    0.0,
    0.0,
    0.0,
    0.0,
    0.0,
    0.0,
    0.0,
    0.0,
    0.0,
    0.0,
    0.0,
    0.0,
    0.0,
    0.0,
    0.0,
    0.0,
    0.0,
    0.0,
    0.0,
    0.0,
    0.0,
    0.0,
    0.0,
    0.0,
    0.0,
    0.0,
    0.0,
    0.0,
    0.0,
    0.0,
    0.0,
    0.0,
    0.0,
    0.0,
    0.0,
    0.0,
    0.0,
    0.0,
    0.0,
    0.0,
    0.0,
    0.0,
    0.0,
    0.0,
    0.0,
    0.0,
    0.0,
    0.0,
    0.0,
    0.0,
    0.0,
    0.0,
    0.0,
    0.0,
    0.0,
    0.0,
    0.0,
    0.0,
    0.0,
    0.0,
    0.0,
    0.0,
    0.0,
    0.0,
    0.0,
    0.0,
    0.0,
    0.0,
    0.0,
    0.0,
    0.0,
    0.0,
    0.0,
    0.0,
    0.0,
    0.0,
    0.0,
    0.0,
    0.0,
    0.0,
    0.0,
    0.0,
    0.0,
    0.0,
    0.0,
    0.0,
    0.0,
    0.0,
    0.0,
    0.0,
    0.0,
    0.0,
    0.0,
    0.0,
    0.0,
    0.0,
    0.0,
    0.0,
    0.0,
    0.0,
    0.0
  ],
  "steps_history": [
    5120,
    10240,
    15360,
    20480,
    25600,
    30720,
    35840,
    40960,
    46080,
    51200,
    56320,
    61440,
    66560,
    71680,
    76800,
    81920,
    87040,
    92160,
    97280,
    102400,
    107520,
    112640,
    117760,
    122880,
    128000,
    133120,
    138240,
    143360,
    148480,
    153600,
    158720,
    163840,
    168960,
    174080,
    179200,
    184320,
    189440,
    194560,
    199680,
    204800,
    209920,
    215040,
    220160,
    225280,
    230400,
    235520,
    240640,
    245760,
    250880,
    256000,
    261120,
    266240,
    271360,
    276480,
    281600,
    286720,
    291840,
    296960,
    302080,
    307200,
    312320,
    317440,
    322560,
    327680,
    332800,
    337920,
    343040,
    348160,
    353280,
    358400,
    363520,
    368640,
    373760,
    378880,
    384000,
    389120,
    394240,
    399360,
    404480,
    409600,
    414720,
    419840,
    424960,
    430080,
    435200,
    440320,
    445440,
    450560,
    455680,
    460800,
    465920,
    471040,
    476160,
    481280,
    486400,
    491520,
    496640,
    501760,
    506880,
    512000,
    517120,
    522240,
    527360,
    532480,
    537600,
    542720,
    547840,
    552960,
    558080,
    563200,
    568320,
    573440,
    578560,
    583680,
    588800,
    593920,
    599040,
    604160,
    609280,
    614400,
    619520,
    624640,
    629760,
    634880,
    640000,
    645120,
    650240,
    655360,
    660480,
    665600,
    670720,
    675840,
    680960,
    686080,
    691200,
    696320,
    701440,
    706560,
    711680,
    716800,
    721920,
    727040,
    732160,
    737280,
    742400,
    747520,
    752640,
    757760,
    762880,
    768000,
    773120,
    778240,
    783360,
    788480,
    793600,
    798720,
    803840,
    808960,
    814080,
    819200,
    824320,
    829440,
    834560,
    839680,
    844800,
    849920,
    855040,
    860160,
    865280,
    870400,
    875520,
    880640,
    885760,
    890880,
    896000,
    901120,
    906240,
    911360,
    916480
  ],
  "reward_stats": {
    "mean": 0.0,
    "variance": 0.0,
    "std": 0.0,
    "count": 0
  },
  "session_id": "scalping-fixed-20241229_iter_09",
  "timestamp": "2025-10-01T13:19:42.047934"
}