{
  "current_step": 10240,
  "rewards_history": [
    17.845260906616566,
    141.71558185844137
  ],
  "steps_history": [
    5120,
    10240
  ],
  "reward_stats": {
    "mean": 0.0,
    "variance": 0.0,
    "std": 0.0,
    "count": 0
  },
  "session_id": "scalping-10k-full-071001-103613_iter_01",
  "timestamp": "2025-10-01T10:36:47.707274"
}