{
  "current_step": 81920,
  "rewards_history": [
    -121.23016091235694,
    422.2978818798019,
    1190.397003344402,
    0.0,
    459.3772323815138,
    949.3173749161086,
    1435.0238845411318,
    -1.551069262463984
  ],
  "steps_history": [
    10240,
    20480,
    30720,
    40960,
    51200,
    61440,
    71680,
    81920
  ],
  "reward_stats": {
    "mean": 0.0,
    "variance": 0.0,
    "std": 0.0,
    "count": 0
  },
  "session_id": "scalping_iterative_v1_iter_01",
  "timestamp": "2025-10-03T05:18:40.901422"
}