{
  "current_step": 327680,
  "rewards_history": [
    -121.23016091235694,
    422.2978818798019,
    1190.397003344402,
    0.0,
    459.3772323815138,
    949.3173749161086,
    1435.0238845411318,
    -1.551069262463984,
    401.94280159203123,
    959.844844186544,
    1455.638532230644,
    -0.9138150447905476,
    442.4852474404709,
    938.1271020531342,
    1444.1616823765012,
    -1.4327866906747317,
    465.7772323815138,
    961.9577827220021,
    1465.927232381514,
    -3.2686020649925105,
    467.9272323815138,
    963.9077827220021,
    1463.857782722002,
    -3.298583946487612,
    469.97723238151383,
    969.9772323815139,
    1463.7385322306438,
    -3.3633278998182647,
    472.0772323815138,
    972.0272323815138,
    1432.7003914154618,
    -2.824554414197043
  ],
  "steps_history": [
    10240,
    20480,
    30720,
    40960,
    51200,
    61440,
    71680,
    81920,
    92160,
    102400,
    112640,
    122880,
    133120,
    143360,
    153600,
    163840,
    174080,
    184320,
    194560,
    204800,
    215040,
    225280,
    235520,
    245760,
    256000,
    266240,
    276480,
    286720,
    296960,
    307200,
    317440,
    327680
  ],
  "reward_stats": {
    "mean": 0.0,
    "variance": 0.0,
    "std": 0.0,
    "count": 0
  },
  "session_id": "scalping_iterative_v1_iter_01",
  "timestamp": "2025-10-03T05:29:00.460742"
}