{
  "current_step": 20480,
  "rewards_history": [
    -149.76010023654288,
    -86.80647274453212
  ],
  "steps_history": [
    10240,
    20480
  ],
  "reward_stats": {
    "mean": 0.0,
    "variance": 0.0,
    "std": 0.0,
    "count": 0
  },
  "session_id": "trading_optimized_reward_v2",
  "timestamp": "2025-10-02T14:32:18.579524"
}