{
  "current_step": 40960,
  "rewards_history": [
    141.7668122955679,
    289.439875587152,
    427.2937814950025,
    -0.03
  ],
  "steps_history": [
    10240,
    20480,
    30720,
    40960
  ],
  "reward_stats": {
    "mean": 0.0,
    "variance": 0.0,
    "std": 0.0,
    "count": 0
  },
  "session_id": "scalping_15s_balance_test11_forced_diversity",
  "timestamp": "2025-10-03T22:41:55.612697"
}