{
  "current_step": 133120,
  "rewards_history": [
    44.49467785094016,
    527.9410739318479,
    1272.4077285496044,
    0.0,
    423.40720164807817,
    922.033743640429,
    1480.567780064269,
    -0.026564494001089865,
    481.883552803538,
    977.4501075108526,
    1481.2169741907155,
    0.05813337225322635,
    482.48584809051965
  ],
  "steps_history": [
    10240,
    20480,
    30720,
    40960,
    51200,
    61440,
    71680,
    81920,
    92160,
    102400,
    112640,
    122880,
    133120
  ],
  "reward_stats": {
    "mean": 0.0,
    "variance": 0.0,
    "std": 0.0,
    "count": 0
  },
  "session_id": "scalping_15s_ultra_aggressive_1M",
  "timestamp": "2025-10-03T17:51:19.452483"
}