{
  "current_step": 20480,
  "rewards_history": [
    11.372572305663923,
    20.28931511537792,
    103.39912746756994,
    373.0788324671024
  ],
  "steps_history": [
    5120,
    10240,
    15360,
    20480
  ],
  "reward_stats": {
    "mean": 0.0,
    "variance": 0.0,
    "std": 0.0,
    "count": 0
  },
  "session_id": "scalping-fixed-20241229_iter_01",
  "timestamp": "2025-10-01T12:24:14.760213"
}