{
  "current_step": 71680,
  "rewards_history": [
    11.372572305663923,
    20.28931511537792,
    103.39912746756994,
    373.0788324671024,
    3122.131284398084,
    2283.7040603906976,
    4843.315914072673,
    0.0,
    216.8488154161869,
    662.8316783722851,
    1626.9017737235165,
    1502.9441724801738,
    3933.0056642059544,
    5722.314532772666
  ],
  "steps_history": [
    5120,
    10240,
    15360,
    20480,
    25600,
    30720,
    35840,
    40960,
    46080,
    51200,
    56320,
    61440,
    66560,
    71680
  ],
  "reward_stats": {
    "mean": 0.0,
    "variance": 0.0,
    "std": 0.0,
    "count": 0
  },
  "session_id": "scalping-fixed-20241229_iter_01",
  "timestamp": "2025-10-01T12:28:44.925927"
}