{
  "current_step": 20480,
  "rewards_history": [
    -155.26689622414403,
    717.3336826612472
  ],
  "steps_history": [
    10240,
    20480
  ],
  "reward_stats": {
    "mean": 0.0,
    "variance": 0.0,
    "std": 0.0,
    "count": 0
  },
  "session_id": "scalping_training_v2",
  "timestamp": "2025-10-02T16:25:56.247759"
}