{
  "current_step": 532480,
  "rewards_history": [
    -155.26689622414403,
    717.3336826612472,
    300.33897322637563,
    0.012,
    -14.00842770080476,
    -266.38965786823087,
    359.59433688952237,
    -1.7830485055046332,
    -102.707924705409,
    -204.67197083960627,
    -290.65055162099105,
    -2.626567962387963,
    -226.81597820571514,
    -127.52305489601915,
    98.81722248611567,
    -3.521363216350571,
    -197.20294987972926,
    -263.41930623065775,
    -234.83082125234097,
    -4.3558303208829035,
    -218.58378568194195,
    -275.28173973472565,
    166.8072901223287,
    -5.132747049137796,
    -208.60152229207696,
    -21.270553282596467,
    -25.193389172586762,
    -6.1553555829210085,
    -233.62115880312783,
    -176.8934838422823,
    73.77636274549627,
    -6.9302095574107945,
    26.43618040338147,
    -213.71991970682672,
    -284.1643371510518,
    -8.218411705768139,
    -213.56955246278204,
    -333.3427510403162,
    73.02193891811203,
    -9.029234039380409,
    -183.12656297247304,
    -93.38377036323733,
    -332.09083059238446,
    -9.954284284016968,
    -214.35931121556428,
    -292.3033812378686,
    114.29887255725794,
    -10.25995533255836,
    -201.85058619644772,
    -178.00321496754418,
    466.9126983175432,
    -11.081541477436847
  ],
  "steps_history": [
    10240,
    20480,
    30720,
    40960,
    51200,
    61440,
    71680,
    81920,
    92160,
    102400,
    112640,
    122880,
    133120,
    143360,
    153600,
    163840,
    174080,
    184320,
    194560,
    204800,
    215040,
    225280,
    235520,
    245760,
    256000,
    266240,
    276480,
    286720,
    296960,
    307200,
    317440,
    327680,
    337920,
    348160,
    358400,
    368640,
    378880,
    389120,
    399360,
    409600,
    419840,
    430080,
    440320,
    450560,
    460800,
    471040,
    481280,
    491520,
    501760,
    512000,
    522240,
    532480
  ],
  "reward_stats": {
    "mean": 0.0,
    "variance": 0.0,
    "std": 0.0,
    "count": 0
  },
  "session_id": "scalping_training_v2",
  "timestamp": "2025-10-02T17:08:53.397462"
}