{
  "current_step": 20480,
  "rewards_history": [
    -39.62245822729075,
    872.6775582575627
  ],
  "steps_history": [
    10240,
    20480
  ],
  "reward_stats": {
    "mean": 0.0,
    "variance": 0.0,
    "std": 0.0,
    "count": 0
  },
  "session_id": "scalping_full_features_100k",
  "timestamp": "2025-10-02T18:05:27.387803"
}