{
  "current_step": 20480,
  "rewards_history": [
    -202.443500295782,
    -360.912836826577
  ],
  "steps_history": [
    10240,
    20480
  ],
  "reward_stats": {
    "mean": 0.0,
    "variance": 0.0,
    "std": 0.0,
    "count": 0
  },
  "session_id": "scalping_training_v1",
  "timestamp": "2025-10-02T15:06:24.692120"
}