{
  "current_step": 51200,
  "rewards_history": [
    69.26826811234392,
    223.3203646645492,
    486.1482455857594,
    -0.03,
    180.608020978301
  ],
  "steps_history": [
    10240,
    20480,
    30720,
    40960,
    51200
  ],
  "reward_stats": {
    "mean": 0.0,
    "variance": 0.0,
    "std": 0.0,
    "count": 0
  },
  "session_id": "scalping_15s_balance_test8_high_entropy",
  "timestamp": "2025-10-03T22:21:00.222329"
}