{
  "current_step": 20480,
  "rewards_history": [
    8.298090765562414,
    58.13662652043363
  ],
  "steps_history": [
    10240,
    20480
  ],
  "reward_stats": {
    "mean": 0.0,
    "variance": 0.0,
    "std": 0.0,
    "count": 0
  },
  "session_id": "scalping_15s_balance_test15_sell_favoring",
  "timestamp": "2025-10-03T23:24:30.960294"
}