{
  "current_step": 563200,
  "rewards_history": [
    1754714.2150947005,
    -37515.32363238186,
    363295.1459833123,
    -3573.0354269645736,
    -14726894.9755074,
    16798390.4692348,
    -18733930.435664415,
    0.0,
    -2769420.255859635,
    3871113.1370932795,
    -4176578.190337375,
    376411.5235884764,
    12055707.833498448,
    -1071064.8349898458,
    -41740374.00982348,
    376924.51007548993,
    -31479895.30262443,
    -18866818.560117595,
    2505505.1416351516,
    -409833.4736665264,
    -19355856.57500763,
    24984691.456609692,
    -11316599.423319617,
    3140270.433729597,
    -1976139.1180732828,
    34638431.84678828,
    -2599233.3705747835,
    -3947691.7993082013,
    21384185.29263483,
    2033240.8030176666,
    17396960.193971578,
    2326031.3599686697,
    14744871.28015059,
    -41946524.88747933,
    17378153.258179456,
    2108937.1890628715,
    27178997.202030838,
    19142554.323237892,
    -67109700.04190955,
    -715755.2227447773,
    -14294645.449280031,
    13993513.747484036,
    -86935867.89942704,
    2543811.2116887886,
    19184525.342503704,
    -49929330.0684511,
    -50443112.41625308,
    2378384.814615186,
    568243.2738341838,
    -47055414.65832257,
    1495814.1316850632,
    -6075181.3993186,
    8640630.454675457,
    -8031188.141065675,
    34471882.6708849
  ],
  "steps_history": [
    10240,
    20480,
    30720,
    40960,
    51200,
    61440,
    71680,
    81920,
    92160,
    102400,
    112640,
    122880,
    133120,
    143360,
    153600,
    163840,
    174080,
    184320,
    194560,
    204800,
    215040,
    225280,
    235520,
    245760,
    256000,
    266240,
    276480,
    286720,
    296960,
    307200,
    317440,
    327680,
    337920,
    348160,
    358400,
    368640,
    378880,
    389120,
    399360,
    409600,
    419840,
    430080,
    440320,
    450560,
    460800,
    471040,
    481280,
    491520,
    501760,
    512000,
    522240,
    532480,
    542720,
    552960,
    563200
  ],
  "reward_stats": {
    "mean": 0.0,
    "variance": 0.0,
    "std": 0.0,
    "count": 0
  },
  "session_id": "mlreinforcement1m"
}