{
  "current_step": 40960,
  "rewards_history": [
    -119.64083115023513,
    652.6865916055867,
    1284.098245781256,
    0.0
  ],
  "steps_history": [
    10240,
    20480,
    30720,
    40960
  ],
  "reward_stats": {
    "mean": 0.0,
    "variance": 0.0,
    "std": 0.0,
    "count": 0
  },
  "session_id": "scalping_15s_ultra_aggressive",
  "timestamp": "2025-10-03T16:26:21.193945"
}