{
  "current_step": 30720,
  "rewards_history": [
    -39.62245822729075,
    872.6775582575627,
    1220.5808916922874
  ],
  "steps_history": [
    10240,
    20480,
    30720
  ],
  "reward_stats": {
    "mean": 0.0,
    "variance": 0.0,
    "std": 0.0,
    "count": 0
  },
  "session_id": "scalping_full_features_1M",
  "timestamp": "2025-10-02T20:40:16.053600"
}