{
  "current_step": 716800,
  "rewards_history": [
    -202.443500295782,
    -360.912836826577,
    -330.90173029083235,
    0.012,
    -0.6685671290526471,
    342.17536136870126,
    1192.5740840670517,
    -1.7830485055046332,
    -16.2426537276811,
    709.3169655066531,
    807.1981144404804,
    -2.612195524312694,
    -188.18703878401908,
    50.44288902866472,
    559.5230376619315,
    -1.717525461043489,
    -209.12698147288097,
    -292.42775892646273,
    -296.26613350352994,
    -4.094023727496031,
    -231.9493570032282,
    -289.74583879800406,
    172.81381518629433,
    -4.791778512121074,
    -217.9273376510132,
    -321.61445997142425,
    -15.948439521280363,
    -5.361422118909466,
    -226.40773090632126,
    -191.12209072219096,
    512.1424555774097,
    -5.724347744989592,
    -185.46518352388443,
    -312.61969379050413,
    144.00519284137215,
    -5.288109456064387,
    -217.78318849554663,
    -357.4519937352627,
    52.403236772425316,
    -8.331767555804122,
    -224.62770288351237,
    -262.52928318303515,
    -345.8611469370678,
    -9.388737397203718,
    -224.51803013396935,
    -247.22439484112743,
    60.44117528007729,
    -8.061769434821246,
    -205.9495836374142,
    -266.1196655784232,
    365.80854029086015,
    -11.893909201125167,
    -205.5879249884002,
    -187.67261555070948,
    -202.70804936998408,
    -11.13527248632189,
    -222.0888018811594,
    -275.27093778118376,
    -280.3332633641404,
    -11.922028732550581,
    -220.669192033907,
    -351.13653371970224,
    135.92688243453398,
    -14.958579481196894,
    -208.56961357837278,
    -304.9015491929229,
    220.7370665786628,
    -13.63803395888402,
    -208.91815649901247,
    -348.16218171456126
  ],
  "steps_history": [
    10240,
    20480,
    30720,
    40960,
    51200,
    61440,
    71680,
    81920,
    92160,
    102400,
    112640,
    122880,
    133120,
    143360,
    153600,
    163840,
    174080,
    184320,
    194560,
    204800,
    215040,
    225280,
    235520,
    245760,
    256000,
    266240,
    276480,
    286720,
    296960,
    307200,
    317440,
    327680,
    337920,
    348160,
    358400,
    368640,
    378880,
    389120,
    399360,
    409600,
    419840,
    430080,
    440320,
    450560,
    460800,
    471040,
    481280,
    491520,
    501760,
    512000,
    522240,
    532480,
    542720,
    552960,
    563200,
    573440,
    583680,
    593920,
    604160,
    614400,
    624640,
    634880,
    645120,
    655360,
    665600,
    675840,
    686080,
    696320,
    706560,
    716800
  ],
  "reward_stats": {
    "mean": 0.0,
    "variance": 0.0,
    "std": 0.0,
    "count": 0
  },
  "session_id": "scalping_training_v1",
  "timestamp": "2025-10-02T15:52:37.974283"
}