{
  "current_step": 30720,
  "rewards_history": [
    -162.3952340467946,
    -336.63954328296495,
    -524.9258282496876
  ],
  "steps_history": [
    10240,
    20480,
    30720
  ],
  "reward_stats": {
    "mean": 0.0,
    "variance": 0.0,
    "std": 0.0,
    "count": 0
  },
  "session_id": "ensemble_model_3",
  "timestamp": "2025-10-04T01:55:59.686293"
}