{
  "current_step": 143360,
  "rewards_history": [
    -121.23016091235694,
    422.2978818798019,
    1190.397003344402,
    0.0,
    459.3772323815138,
    949.3173749161086,
    1435.0238845411318,
    -1.551069262463984,
    401.94280159203123,
    959.844844186544,
    1455.638532230644,
    -0.9138150447905476,
    442.4852474404709,
    938.1271020531342
  ],
  "steps_history": [
    10240,
    20480,
    30720,
    40960,
    51200,
    61440,
    71680,
    81920,
    92160,
    102400,
    112640,
    122880,
    133120,
    143360
  ],
  "reward_stats": {
    "mean": 0.0,
    "variance": 0.0,
    "std": 0.0,
    "count": 0
  },
  "session_id": "scalping_iterative_v1_iter_01",
  "timestamp": "2025-10-03T05:21:15.051858"
}