{
  "current_step": 174080,
  "rewards_history": [
    -202.443500295782,
    -360.912836826577,
    -330.90173029083235,
    0.012,
    -0.6685671290526471,
    342.17536136870126,
    1192.5740840670517,
    -1.7830485055046332,
    -16.2426537276811,
    709.3169655066531,
    807.1981144404804,
    -2.612195524312694,
    -188.18703878401908,
    50.44288902866472,
    559.5230376619315,
    -1.717525461043489,
    -209.12698147288097
  ],
  "steps_history": [
    10240,
    20480,
    30720,
    40960,
    51200,
    61440,
    71680,
    81920,
    92160,
    102400,
    112640,
    122880,
    133120,
    143360,
    153600,
    163840,
    174080
  ],
  "reward_stats": {
    "mean": 0.0,
    "variance": 0.0,
    "std": 0.0,
    "count": 0
  },
  "session_id": "scalping_training_v1",
  "timestamp": "2025-10-02T15:20:08.010117"
}