{
  "current_step": 71680,
  "rewards_history": [
    -17.35826214085454,
    37.03171855802238,
    49.73373840312388,
    -0.03,
    13.56328545948288,
    30.1478954910463,
    39.93269496366743
  ],
  "steps_history": [
    10240,
    20480,
    30720,
    40960,
    51200,
    61440,
    71680
  ],
  "reward_stats": {
    "mean": 0.0,
    "variance": 0.0,
    "std": 0.0,
    "count": 0
  },
  "session_id": "scalping_15s_balance_test13_ent_coef_03",
  "timestamp": "2025-10-03T23:10:08.376864"
}