{
  "current_step": 225280,
  "rewards_history": [
    -155.26689622414403,
    717.3336826612472,
    300.33897322637563,
    0.012,
    -14.00842770080476,
    -266.38965786823087,
    359.59433688952237,
    -1.7830485055046332,
    -102.707924705409,
    -204.67197083960627,
    -290.65055162099105,
    -2.626567962387963,
    -226.81597820571514,
    -127.52305489601915,
    98.81722248611567,
    -3.521363216350571,
    -197.20294987972926,
    -263.41930623065775,
    -234.83082125234097,
    -4.3558303208829035,
    -218.58378568194195,
    -275.28173973472565
  ],
  "steps_history": [
    10240,
    20480,
    30720,
    40960,
    51200,
    61440,
    71680,
    81920,
    92160,
    102400,
    112640,
    122880,
    133120,
    143360,
    153600,
    163840,
    174080,
    184320,
    194560,
    204800,
    215040,
    225280
  ],
  "reward_stats": {
    "mean": 0.0,
    "variance": 0.0,
    "std": 0.0,
    "count": 0
  },
  "session_id": "scalping_training_v2",
  "timestamp": "2025-10-02T16:41:46.816010"
}