{
  "current_step": 20480,
  "rewards_history": [
    -21.086631894581583,
    37.40897522224834
  ],
  "steps_history": [
    10240,
    20480
  ],
  "reward_stats": {
    "mean": 0.0,
    "variance": 0.0,
    "std": 0.0,
    "count": 0
  },
  "session_id": "scalping_15s_balance_test19_buy_weaker",
  "timestamp": "2025-10-03T23:53:34.605944"
}