{
  "current_step": 51200,
  "rewards_history": [
    -202.443500295782,
    -360.912836826577,
    -330.90173029083235,
    0.012,
    -0.6685671290526471
  ],
  "steps_history": [
    10240,
    20480,
    30720,
    40960,
    51200
  ],
  "reward_stats": {
    "mean": 0.0,
    "variance": 0.0,
    "std": 0.0,
    "count": 0
  },
  "session_id": "scalping_training_v1",
  "timestamp": "2025-10-02T15:09:13.557893"
}