{
  "current_step": 40960,
  "rewards_history": [
    -39.62245822729075,
    872.6775582575627,
    1220.5808916922874,
    0.0
  ],
  "steps_history": [
    10240,
    20480,
    30720,
    40960
  ],
  "reward_stats": {
    "mean": 0.0,
    "variance": 0.0,
    "std": 0.0,
    "count": 0
  },
  "session_id": "scalping_full_features_100k",
  "timestamp": "2025-10-02T18:08:20.152599"
}