{
  "current_step": 133120,
  "rewards_history": [
    -63.998348429289344,
    862.3773250731838,
    -390.7623758539244,
    0.0,
    158.99520653692215,
    -19.55512796137404,
    1126.1444437419386,
    -1.461974790790352,
    145.4068896034085,
    858.9322064132334,
    1068.0899814186316,
    -0.8189732282342512,
    -85.79819463926827
  ],
  "steps_history": [
    10240,
    20480,
    30720,
    40960,
    51200,
    61440,
    71680,
    81920,
    92160,
    102400,
    112640,
    122880,
    133120
  ],
  "reward_stats": {
    "mean": 0.0,
    "variance": 0.0,
    "std": 0.0,
    "count": 0
  },
  "session_id": "scalping_full_v2",
  "timestamp": "2025-10-03T01:39:24.347914"
}