{
  "current_step": 51200,
  "rewards_history": [
    4.195246371261133,
    109.46992938737331,
    165.88642546219242,
    -0.03,
    96.31169311418054
  ],
  "steps_history": [
    10240,
    20480,
    30720,
    40960,
    51200
  ],
  "reward_stats": {
    "mean": 0.0,
    "variance": 0.0,
    "std": 0.0,
    "count": 0
  },
  "session_id": "scalping_15s_balance_test18_sell_stronger",
  "timestamp": "2025-10-03T23:47:38.522333"
}