{
  "current_step": 61440,
  "rewards_history": [
    -72.77740988271375,
    743.0468737653537,
    1340.2258801456487,
    0.0,
    399.7689471191369,
    983.1165820333822
  ],
  "steps_history": [
    10240,
    20480,
    30720,
    40960,
    51200,
    61440
  ],
  "reward_stats": {
    "mean": 0.0,
    "variance": 0.0,
    "std": 0.0,
    "count": 0
  },
  "session_id": "normal_1m_ultra_aggressive",
  "timestamp": "2025-10-03T16:25:36.012794"
}