{
  "current_step": 138240,
  "rewards_history": [
    1.821714198920326,
    14.17155818584414,
    71.45983214845958,
    413.13978770047595,
    1226.068831851349,
    778.7710962670303,
    1763.1027892644108,
    0.0,
    48.04812660783105,
    191.69388382651164,
    413.24807937320895,
    741.2981511562061,
    1220.137766411186,
    1838.6477895700218,
    2639.367704050703,
    -0.017708955603422328,
    3.6848224319884433,
    13.695958601106012,
    46.211221398771244,
    118.4320978849866,
    0.0,
    0.0,
    0.0,
    0.0,
    0.0,
    0.0,
    0.0
  ],
  "steps_history": [
    5120,
    10240,
    15360,
    20480,
    25600,
    30720,
    35840,
    40960,
    46080,
    51200,
    56320,
    61440,
    66560,
    71680,
    76800,
    81920,
    87040,
    92160,
    97280,
    102400,
    107520,
    112640,
    117760,
    122880,
    128000,
    133120,
    138240
  ],
  "reward_stats": {
    "mean": 0.0,
    "variance": 0.0,
    "std": 0.0,
    "count": 0
  },
  "session_id": "scalping-prod-100k_iter_02",
  "timestamp": "2025-10-01T11:12:46.616642"
}