{
  "current_step": 102400,
  "rewards_history": [
    -164.38323719552127,
    -336.8046961992805,
    -526.7006714336676,
    -0.01,
    -178.41569215837586,
    -324.89733289870884,
    -503.77307306995135,
    -1.9878004656236672,
    -170.1327349086776,
    -341.57058895253056
  ],
  "steps_history": [
    10240,
    20480,
    30720,
    40960,
    51200,
    61440,
    71680,
    81920,
    92160,
    102400
  ],
  "reward_stats": {
    "mean": 0.0,
    "variance": 0.0,
    "std": 0.0,
    "count": 0
  },
  "session_id": "ensemble_model_2",
  "timestamp": "2025-10-04T01:54:10.117307"
}