{
  "current_step": 20480,
  "rewards_history": [
    -119.64083115023513,
    652.6865916055867
  ],
  "steps_history": [
    10240,
    20480
  ],
  "reward_stats": {
    "mean": 0.0,
    "variance": 0.0,
    "std": 0.0,
    "count": 0
  },
  "session_id": "scalping_15s_ultra_aggressive",
  "timestamp": "2025-10-03T16:25:11.857055"
}