{
  "current_step": 61440,
  "rewards_history": [
    56.64632971584733,
    276.0166462392445,
    906.2038153802167,
    -0.03,
    392.4497616099717,
    852.2938855906029
  ],
  "steps_history": [
    10240,
    20480,
    30720,
    40960,
    51200,
    61440
  ],
  "reward_stats": {
    "mean": 0.0,
    "variance": 0.0,
    "std": 0.0,
    "count": 0
  },
  "session_id": "scalping_15s_balance_test6_improved_reward",
  "timestamp": "2025-10-03T21:31:35.731605"
}