{
  "current_step": 81920,
  "rewards_history": [
    -155.26689622414403,
    717.3336826612472,
    300.33897322637563,
    0.012,
    -14.00842770080476,
    -266.38965786823087,
    359.59433688952237,
    -1.7830485055046332
  ],
  "steps_history": [
    10240,
    20480,
    30720,
    40960,
    51200,
    61440,
    71680,
    81920
  ],
  "reward_stats": {
    "mean": 0.0,
    "variance": 0.0,
    "std": 0.0,
    "count": 0
  },
  "session_id": "scalping_training_v2",
  "timestamp": "2025-10-02T16:30:41.111120"
}