{
  "current_step": 61440,
  "rewards_history": [
    68.31160301763353,
    280.27013551739094,
    868.3030799333992,
    -0.03,
    393.3582785920917,
    848.2715075184261
  ],
  "steps_history": [
    10240,
    20480,
    30720,
    40960,
    51200,
    61440
  ],
  "reward_stats": {
    "mean": 0.0,
    "variance": 0.0,
    "std": 0.0,
    "count": 0
  },
  "session_id": "scalping_15s_balance_test7_balanced_profit_bonus",
  "timestamp": "2025-10-03T22:13:53.908678"
}