{
  "current_step": 40960,
  "rewards_history": [
    -164.38323719552127,
    -336.8046961992805,
    -526.7006714336676,
    -0.01
  ],
  "steps_history": [
    10240,
    20480,
    30720,
    40960
  ],
  "reward_stats": {
    "mean": 0.0,
    "variance": 0.0,
    "std": 0.0,
    "count": 0
  },
  "session_id": "ensemble_model_2",
  "timestamp": "2025-10-04T01:50:31.339885"
}