{
  "current_step": 30720,
  "rewards_history": [
    -128.96054211580474,
    166.8513106878533,
    992.2912884499389
  ],
  "steps_history": [
    10240,
    20480,
    30720
  ],
  "reward_stats": {
    "mean": 0.0,
    "variance": 0.0,
    "std": 0.0,
    "count": 0
  },
  "session_id": "scalping_15s_aggressive_iter_01",
  "timestamp": "2025-10-03T13:54:33.354081"
}