{
  "current_step": 20480,
  "rewards_history": [
    0.6757051922237558,
    28.349267093185084
  ],
  "steps_history": [
    10240,
    20480
  ],
  "reward_stats": {
    "mean": 0.0,
    "variance": 0.0,
    "std": 0.0,
    "count": 0
  },
  "session_id": "scalping_15s_balance_test14_ent_coef_07",
  "timestamp": "2025-10-03T23:15:41.571707"
}