{
  "current_step": 20480,
  "rewards_history": [
    -63.998348429289344,
    862.3773250731838
  ],
  "steps_history": [
    10240,
    20480
  ],
  "reward_stats": {
    "mean": 0.0,
    "variance": 0.0,
    "std": 0.0,
    "count": 0
  },
  "session_id": "scalping_full_v2",
  "timestamp": "2025-10-03T01:30:24.183630"
}