{
  "current_step": 51200,
  "rewards_history": [
    0.6757051922237558,
    28.349267093185084,
    41.02101794468163,
    -0.03,
    14.314566608006864
  ],
  "steps_history": [
    10240,
    20480,
    30720,
    40960,
    51200
  ],
  "reward_stats": {
    "mean": 0.0,
    "variance": 0.0,
    "std": 0.0,
    "count": 0
  },
  "session_id": "scalping_15s_balance_test14_ent_coef_07",
  "timestamp": "2025-10-03T23:17:57.944559"
}