{
  "current_step": 327680,
  "rewards_history": [
    44.49467785094016,
    527.9410739318479,
    1272.4077285496044,
    0.0,
    423.40720164807817,
    922.033743640429,
    1480.567780064269,
    -0.026564494001089865,
    481.883552803538,
    977.4501075108526,
    1481.2169741907155,
    0.05813337225322635,
    482.48584809051965,
    977.2530732666239,
    1478.2033980579058,
    0.4306396236789234,
    403.9485839928476,
    984.709230341477,
    1483.8423686177186,
    0.45427495293599623,
    487.13494418100584,
    986.2921467804688,
    1449.8721956173365,
    0.7594276775671442,
    486.97617197318687,
    987.6800595613959,
    1488.6347736288758,
    1.8356090798143716,
    490.80831047489806,
    988.8502824267844,
    1491.4546697465894,
    2.5292094918883143
  ],
  "steps_history": [
    10240,
    20480,
    30720,
    40960,
    51200,
    61440,
    71680,
    81920,
    92160,
    102400,
    112640,
    122880,
    133120,
    143360,
    153600,
    163840,
    174080,
    184320,
    194560,
    204800,
    215040,
    225280,
    235520,
    245760,
    256000,
    266240,
    276480,
    286720,
    296960,
    307200,
    317440,
    327680
  ],
  "reward_stats": {
    "mean": 0.0,
    "variance": 0.0,
    "std": 0.0,
    "count": 0
  },
  "session_id": "scalping_15s_ultra_aggressive_1M",
  "timestamp": "2025-10-03T18:09:49.479072"
}