{
  "current_step": 450560,
  "rewards_history": [
    -202.443500295782,
    -360.912836826577,
    -330.90173029083235,
    0.012,
    -0.6685671290526471,
    342.17536136870126,
    1192.5740840670517,
    -1.7830485055046332,
    -16.2426537276811,
    709.3169655066531,
    807.1981144404804,
    -2.612195524312694,
    -188.18703878401908,
    50.44288902866472,
    559.5230376619315,
    -1.717525461043489,
    -209.12698147288097,
    -292.42775892646273,
    -296.26613350352994,
    -4.094023727496031,
    -231.9493570032282,
    -289.74583879800406,
    172.81381518629433,
    -4.791778512121074,
    -217.9273376510132,
    -321.61445997142425,
    -15.948439521280363,
    -5.361422118909466,
    -226.40773090632126,
    -191.12209072219096,
    512.1424555774097,
    -5.724347744989592,
    -185.46518352388443,
    -312.61969379050413,
    144.00519284137215,
    -5.288109456064387,
    -217.78318849554663,
    -357.4519937352627,
    52.403236772425316,
    -8.331767555804122,
    -224.62770288351237,
    -262.52928318303515,
    -345.8611469370678,
    -9.388737397203718
  ],
  "steps_history": [
    10240,
    20480,
    30720,
    40960,
    51200,
    61440,
    71680,
    81920,
    92160,
    102400,
    112640,
    122880,
    133120,
    143360,
    153600,
    163840,
    174080,
    184320,
    194560,
    204800,
    215040,
    225280,
    235520,
    245760,
    256000,
    266240,
    276480,
    286720,
    296960,
    307200,
    317440,
    327680,
    337920,
    348160,
    358400,
    368640,
    378880,
    389120,
    399360,
    409600,
    419840,
    430080,
    440320,
    450560
  ],
  "reward_stats": {
    "mean": 0.0,
    "variance": 0.0,
    "std": 0.0,
    "count": 0
  },
  "session_id": "scalping_training_v1",
  "timestamp": "2025-10-02T15:38:24.297981"
}