{
  "current_step": 71680,
  "rewards_history": [
    23.341717678935918,
    903.5043583199185,
    2853.489219310626,
    0.0,
    1665.9099026951155,
    2480.951245142308,
    22777.0583653924
  ],
  "steps_history": [
    10240,
    20480,
    30720,
    40960,
    51200,
    61440,
    71680
  ],
  "reward_stats": {
    "mean": 0.0,
    "variance": 0.0,
    "std": 0.0,
    "count": 0
  },
  "session_id": "train-100k-10feat-071001-024125"
}