{
  "current_step": 337920,
  "rewards_history": [
    -137.23801991063885,
    486.82357251415533,
    1171.8255588629506,
    0.0,
    418.1477252797037,
    946.3002275077015,
    1409.2036530059104,
    -1.7520272360496405,
    455.1539321781121,
    951.266416942523,
    1461.7762744079282,
    -2.40554409785987,
    341.63314881832025,
    959.8568247484164,
    1214.242398298009,
    -2.7899866306733836,
    465.82627440792817,
    965.8262744079282,
    1465.8762744079281,
    -3.4695600385781677,
    467.77627440792816,
    967.7262744079281,
    1467.726274407928,
    -3.599541920073269,
    469.77627440792816,
    969.7762744079282,
    1469.7762744079282,
    -3.614285873403921,
    471.8762744079281,
    971.8262744079282,
    1454.6493286456057,
    -3.800341695899602,
    473.72627440792814
  ],
  "steps_history": [
    10240,
    20480,
    30720,
    40960,
    51200,
    61440,
    71680,
    81920,
    92160,
    102400,
    112640,
    122880,
    133120,
    143360,
    153600,
    163840,
    174080,
    184320,
    194560,
    204800,
    215040,
    225280,
    235520,
    245760,
    256000,
    266240,
    276480,
    286720,
    296960,
    307200,
    317440,
    327680,
    337920
  ],
  "reward_stats": {
    "mean": 0.0,
    "variance": 0.0,
    "std": 0.0,
    "count": 0
  },
  "session_id": "normal_1m_redesigned_reward_iter_01",
  "timestamp": "2025-10-03T12:21:12.474462"
}