{
  "current_step": 92160,
  "rewards_history": [
    -39.62245822729075,
    872.6775582575627,
    1220.5808916922874,
    0.0,
    274.3652577724076,
    586.736849190754,
    1000.9293589180301,
    -1.7543697489484222,
    -32.01900604197352
  ],
  "steps_history": [
    10240,
    20480,
    30720,
    40960,
    51200,
    61440,
    71680,
    81920,
    92160
  ],
  "reward_stats": {
    "mean": 0.0,
    "variance": 0.0,
    "std": 0.0,
    "count": 0
  },
  "session_id": "scalping_full_features_100k",
  "timestamp": "2025-10-02T18:16:26.640605"
}