{
  "current_step": 399360,
  "rewards_history": [
    -39.62245822729075,
    872.6775582575627,
    1220.5808916922874,
    0.0,
    274.3652577724076,
    586.736849190754,
    1000.9293589180301,
    -1.7543697489484222,
    -32.01900604197352,
    855.6197540744769,
    142.12561239835097,
    -2.5477210637766827,
    310.56698301430276,
    517.0059623598988,
    1361.0021453537004,
    -1.7120143782032171,
    28.443753376107907,
    -294.4582937261366,
    760.37602768129,
    -2.514578959323622,
    386.22266070276476,
    513.9653862600196,
    -141.7603079715955,
    -4.581752999698806,
    170.16192811063456,
    886.1290595220622,
    1165.4292164934309,
    -6.60763584033026,
    -88.95203572646781,
    883.578001564335,
    623.8384142530632,
    -5.440765908726048,
    240.48358562671746,
    886.1809552577915,
    866.6140332836118,
    -3.253545739939276,
    386.37111382174896,
    669.0592216823925,
    1388.1901835264641
  ],
  "steps_history": [
    10240,
    20480,
    30720,
    40960,
    51200,
    61440,
    71680,
    81920,
    92160,
    102400,
    112640,
    122880,
    133120,
    143360,
    153600,
    163840,
    174080,
    184320,
    194560,
    204800,
    215040,
    225280,
    235520,
    245760,
    256000,
    266240,
    276480,
    286720,
    296960,
    307200,
    317440,
    327680,
    337920,
    348160,
    358400,
    368640,
    378880,
    389120,
    399360
  ],
  "reward_stats": {
    "mean": 0.0,
    "variance": 0.0,
    "std": 0.0,
    "count": 0
  },
  "session_id": "scalping_full_features_1M",
  "timestamp": "2025-10-02T21:10:24.538917"
}