{
  "current_step": 51200,
  "rewards_history": [
    -39.62245822729075,
    872.6775582575627,
    1220.5808916922874,
    0.0,
    274.3652577724076
  ],
  "steps_history": [
    10240,
    20480,
    30720,
    40960,
    51200
  ],
  "reward_stats": {
    "mean": 0.0,
    "variance": 0.0,
    "std": 0.0,
    "count": 0
  },
  "session_id": "scalping_full_features_100k",
  "timestamp": "2025-10-02T18:10:06.175856"
}