timestamp,open,high,low,close,volume
2023-01-01 00:00:00,49931.36456356742,50608.92791841576,49626.2844622933,49931.36456356742,2697
2023-01-01 01:00:00,49931.36456356742,50949.113653513625,49908.74729040271,50772.65916422929,6885
2023-01-01 02:00:00,50772.65916422929,51162.929483050444,48994.19062297164,49903.84043753513,9951
2023-01-01 03:00:00,49903.84043753513,51204.43362374874,49570.68079106815,50416.20232691085,2785
2023-01-01 04:00:00,50416.20232691085,50755.10834823473,49983.99625804412,50313.28934372558,9590
2023-01-01 05:00:00,50313.28934372558,51129.69642257473,49354.40969424572,49818.670862538704,1238
2023-01-01 06:00:00,49818.670862538704,50125.042945190035,48733.05084084364,49105.12241647526,9491
2023-01-01 07:00:00,49105.12241647526,51327.19099540351,49187.32610005867,49788.87269720925,6861
2023-01-01 08:00:00,49788.87269720925,52052.39557721282,49680.121714152236,50236.099143638676,5323
2023-01-01 09:00:00,50236.099143638676,50422.0239590992,49039.12333112042,49381.87945782671,1723
2023-01-01 10:00:00,49381.87945782671,51503.78349423479,49214.61901137288,49986.56367446882,3834
2023-01-01 11:00:00,49986.56367446882,51081.15743459074,49314.95905871934,49397.0901440004,5000
2023-01-01 12:00:00,49397.0901440004,50877.68332218362,49740.22763183205,50174.31505568928,8165
2023-01-01 13:00:00,50174.31505568928,50480.955808566556,48618.448242922685,50315.47371176054,5671
2023-01-01 14:00:00,50315.47371176054,50295.37677445617,49678.21298180415,49991.08616102568,1414
2023-01-01 15:00:00,49991.08616102568,51939.020092160936,51020.22777761018,51072.36543939393,9395
2023-01-01 16:00:00,51072.36543939393,50449.35608219934,49507.935011233625,49627.237459577416,9707
2023-01-01 17:00:00,49627.237459577416,51280.408082134134,49502.17740577462,49556.35778643471,7833
2023-01-01 18:00:00,49556.35778643471,49870.34961201032,48110.55262977094,49197.00063743417,9535
2023-01-01 19:00:00,49197.00063743417,50958.590541943886,49181.709020046925,50283.767452810396,6023
2023-01-01 20:00:00,50283.767452810396,50352.06798120222,50253.45778716735,50281.56987786937,2345
2023-01-01 21:00:00,50281.56987786937,51620.93461260752,49867.654108945826,50055.00881024839,7647
2023-01-01 22:00:00,50055.00881024839,51374.06883158693,49487.53860410366,49853.92975509009,9112
2023-01-01 23:00:00,49853.92975509009,51032.18995524386,50311.429553309914,50751.70023408026,2223
2023-01-02 00:00:00,50751.70023408026,49629.03282842641,48721.7499831965,49351.687764470946,5992
2023-01-02 01:00:00,49351.687764470946,50111.9419182796,49974.23366175474,50050.69211874094,5787
2023-01-02 02:00:00,50050.69211874094,51201.528780136076,49701.48501187948,50558.07107400686,4299
2023-01-02 03:00:00,50558.07107400686,51137.726914613835,49640.07075920281,50728.5548734637,9583
2023-01-02 04:00:00,50728.5548734637,52383.72733549796,49884.16851133755,50117.09362033205,6027
2023-01-02 05:00:00,50117.09362033205,52020.927421438144,48886.43074890151,50769.400211790955,9315
2023-01-02 06:00:00,50769.400211790955,51066.008937664774,49099.69410006971,50197.88696721653,4198
2023-01-02 07:00:00,50197.88696721653,51053.69532258324,48825.992557554346,49701.0452383162,2210
2023-01-02 08:00:00,49701.0452383162,52182.48513791694,50566.233965758125,50987.58901463702,6429
2023-01-02 09:00:00,50987.58901463702,53319.15477615911,49823.7779678913,50820.63990695479,5758
2023-01-02 10:00:00,50820.63990695479,50447.2457792183,49641.14584494468,50006.11928047721,8413
2023-01-02 11:00:00,50006.11928047721,51391.755351694555,49445.56500625744,51107.469551932896,4600
2023-01-02 12:00:00,51107.469551932896,53280.23794510795,50441.350520867236,51130.11369638745,6748
2023-01-02 13:00:00,51130.11369638745,50988.09907841859,48207.37370636592,50765.46457425384,4020
2023-01-02 14:00:00,50765.46457425384,52260.008081548774,49991.66550764917,50214.40173134955,9066
2023-01-02 15:00:00,50214.40173134955,49790.972188499465,47860.49375571704,49379.480655768755,5780
2023-01-02 16:00:00,49379.480655768755,51411.79167820077,49776.79725448628,50560.831654122725,9117
2023-01-02 17:00:00,50560.831654122725,50667.69308058263,49473.98045428055,50133.809138950535,5197
2023-01-02 18:00:00,50133.809138950535,50218.70468125189,49163.97698211295,50150.40835776735,1615
2023-01-02 19:00:00,50150.40835776735,51418.514637005625,50340.424111761706,50575.68818587681,3339
2023-01-02 20:00:00,50575.68818587681,51909.294521523865,50166.99532102122,50676.48525003666,4465
2023-01-02 21:00:00,50676.48525003666,51082.472503472025,49742.554607501916,50913.29717534101,7800
2023-01-02 22:00:00,50913.29717534101,51039.18991114688,49822.96469954242,50273.4241265361,6518
2023-01-02 23:00:00,50273.4241265361,50319.165288669414,49018.03243263537,49714.043796029335,1305
2023-01-03 00:00:00,49714.043796029335,51039.15073316407,49261.631649869625,50585.51791662481,6270
2023-01-03 01:00:00,50585.51791662481,51503.60788609265,48439.638687875944,50346.54853993361,9258
2023-01-03 02:00:00,50346.54853993361,50937.89613691621,49228.78740293455,50260.90372492951,6691
2023-01-03 03:00:00,50260.90372492951,51686.39319117719,49936.62053993822,50078.49674546355,7728
2023-01-03 04:00:00,50078.49674546355,51282.23943931715,50634.76530113738,50690.202413730796,9350
2023-01-03 05:00:00,50690.202413730796,50620.61084805533,49721.36434817985,50586.005281001766,3298
2023-01-03 06:00:00,50586.005281001766,51463.34320006718,50235.252406878404,50470.353617541754,3154
2023-01-03 07:00:00,50470.353617541754,51609.088304126766,49872.041762581925,50500.952103762465,6902
2023-01-03 08:00:00,50500.952103762465,52427.96076947613,51387.37257453769,51754.38929692989,4574
2023-01-03 09:00:00,51754.38929692989,52226.172909606,50009.79970905032,50681.79540170235,9066
2023-01-03 10:00:00,50681.79540170235,50232.584422063104,48730.746533292244,49955.039888013984,2120
2023-01-03 11:00:00,49955.039888013984,53574.51988789202,49590.89146977023,50924.82533210256,5307
2023-01-03 12:00:00,50924.82533210256,50659.83061128515,48113.19231241492,50103.2375707911,1497
2023-01-03 13:00:00,50103.2375707911,49881.258400963896,47977.62302495865,49866.63354780871,3413
2023-01-03 14:00:00,49866.63354780871,52321.811019368186,48660.01114701338,51671.54144964046,4457
2023-01-03 15:00:00,51671.54144964046,50457.037178069666,50010.616877359025,50300.28383301392,8454
2023-01-03 16:00:00,50300.28383301392,50939.156276821814,49920.890152888154,50339.84520554241,4178
2023-01-03 17:00:00,50339.84520554241,52690.14424601868,49198.52425897633,50632.30482094611,9603
2023-01-03 18:00:00,50632.30482094611,50895.70814248042,50634.848785457994,50841.68769138436,7387
2023-01-03 19:00:00,50841.68769138436,52493.98206049193,51368.450806791676,51386.80838940443,1206
2023-01-03 20:00:00,51386.80838940443,51688.669541647,49187.832670969256,50457.83421248239,7861
2023-01-03 21:00:00,50457.83421248239,50284.5738304914,48981.304592878805,50011.990487789124,6943
2023-01-03 22:00:00,50011.990487789124,51683.96735509258,49887.55251219721,51288.90198809764,9903
2023-01-03 23:00:00,51288.90198809764,50866.628205210705,49750.23168108659,50733.65614077187,7639
2023-01-04 00:00:00,50733.65614077187,53534.02716042205,51036.11881220254,51040.06143113856,4730
2023-01-04 01:00:00,51040.06143113856,50688.23794208687,49944.721801696665,49995.16970102911,2244
2023-01-04 02:00:00,49995.16970102911,51127.8511516744,50402.778853424265,50811.8305623779,7196
2023-01-04 03:00:00,50811.8305623779,50955.285129209544,50160.53572666339,50844.163671755334,1658
2023-01-04 04:00:00,50844.163671755334,51495.79951109511,48903.22951886343,50793.66907595299,6293
2023-01-04 05:00:00,50793.66907595299,50470.28047204336,48987.10681715535,50327.8733843494,8735
2023-01-04 06:00:00,50327.8733843494,51606.005983212424,50842.59898471239,50930.97550890268,1967
2023-01-04 07:00:00,50930.97550890268,52047.40571318087,50021.559640285544,51028.2184024837,4630
2023-01-04 08:00:00,51028.2184024837,51740.90364042096,50050.70571048655,51099.51203684969,2579
2023-01-04 09:00:00,51099.51203684969,51202.964052762945,49192.98636660565,50303.71825485224,7452
2023-01-04 10:00:00,50303.71825485224,51609.43082590315,49154.13356187795,50928.271908982344,7023
2023-01-04 11:00:00,50928.271908982344,51793.92912816064,50812.776963639895,51677.88553838412,3155
2023-01-04 12:00:00,51677.88553838412,51005.6641326755,48664.54832195383,50359.08732562331,8607
2023-01-04 13:00:00,50359.08732562331,50847.68348272953,48668.78867294476,50333.79803605914,5197
2023-01-04 14:00:00,50333.79803605914,51347.531120221305,49393.69737271157,50918.76422199575,3989
2023-01-04 15:00:00,50918.76422199575,52532.13320029755,50522.36752287332,51168.542924035,6376
2023-01-04 16:00:00,51168.542924035,51827.28704647269,50541.85173400593,51488.14128186098,3783
2023-01-04 17:00:00,51488.14128186098,52458.88144182664,51969.54009622007,52127.52703837175,3808
2023-01-04 18:00:00,52127.52703837175,50446.15561769383,50128.37359524481,50345.74450631723,3846
2023-01-04 19:00:00,50345.74450631723,51070.76234691753,49641.36507470635,51020.665429711364,8549
2023-01-04 20:00:00,51020.665429711364,51843.86424981958,50874.07930880348,51142.30388669691,8859
2023-01-04 21:00:00,51142.30388669691,51811.07441494688,50037.48827207102,50755.38074179441,9205
2023-01-04 22:00:00,50755.38074179441,50842.961860459174,50004.666495231126,50039.462951583184,7242
2023-01-04 23:00:00,50039.462951583184,51240.95637266715,50941.82268490273,51230.496850520045,3184
2023-01-05 00:00:00,51230.496850520045,50334.19077458917,49678.28318489343,50185.41822125807,3297
2023-01-05 01:00:00,50185.41822125807,51491.3314453657,50668.19099463661,51006.813626441784,4544
2023-01-05 02:00:00,51006.813626441784,51269.34307955293,50498.34195905334,50895.74528926745,6151
2023-01-05 03:00:00,50895.74528926745,51597.14519557989,49482.115753129256,50252.98440420636,5364
2023-01-05 04:00:00,50252.98440420636,51167.303927125475,50963.54743771475,51110.66460987353,7125
2023-01-05 05:00:00,51110.66460987353,51504.7042284043,50141.53029281728,51363.617283760155,4134
2023-01-05 06:00:00,51363.617283760155,50766.74854082508,48797.61923009221,50371.70224574852,2054
2023-01-05 07:00:00,50371.70224574852,51655.52097360957,49124.214080579666,51103.21374366864,6717
2023-01-05 08:00:00,51103.21374366864,54454.43062369196,52316.33622990106,52778.306799280945,9022
2023-01-05 09:00:00,52778.306799280945,52300.60810894483,50324.871134629706,51425.31376290525,1128
2023-01-05 10:00:00,51425.31376290525,53123.781135936355,50953.55638675473,51189.11282698232,8622
2023-01-05 11:00:00,51189.11282698232,51684.731853357756,49210.03194644843,51247.4315642611,3193
2023-01-05 12:00:00,51247.4315642611,51856.37598721604,50301.04447858938,50753.52212804019,3134
2023-01-05 13:00:00,50753.52212804019,51349.136183437346,50877.746284721834,50917.05224512007,4613
2023-01-05 14:00:00,50917.05224512007,50205.85233216912,48772.269205344506,49949.37768330966,2152
2023-01-05 15:00:00,49949.37768330966,50320.958573264485,48805.90784430714,50081.829929819694,6289
2023-01-05 16:00:00,50081.829929819694,52399.91468067143,50999.05235421184,51436.592988528864,7716
2023-01-05 17:00:00,51436.592988528864,50895.97208757395,50264.44833897579,50357.62132830195,5075
2023-01-05 18:00:00,50357.62132830195,52111.10708493656,49687.107855910785,51239.798594761734,2658
2023-01-05 19:00:00,51239.798594761734,51589.91050724786,50184.30844070327,51011.629092598305,7959
2023-01-05 20:00:00,51011.629092598305,50867.737279736844,50305.40175623906,50581.68436435556,7015
2023-01-05 21:00:00,50581.68436435556,51407.7384976156,51113.16510810769,51230.53548237117,1027
2023-01-05 22:00:00,51230.53548237117,52799.06796713275,50956.85159832446,51008.633400682105,2264
2023-01-05 23:00:00,51008.633400682105,51531.90663472434,49995.17983440498,51344.72407907188,2251
2023-01-06 00:00:00,51344.72407907188,51799.70241589559,49749.28923789391,50864.016788919944,6959
2023-01-06 01:00:00,50864.016788919944,51397.27378778397,51282.143505719374,51358.344509603594,5443
2023-01-06 02:00:00,51358.344509603594,51120.95837152774,50081.33789181476,50760.499352956685,3172
2023-01-06 03:00:00,50760.499352956685,51878.58433120442,50194.89354834198,50603.99985489178,7348
2023-01-06 04:00:00,50603.99985489178,51427.592446417424,50799.61095407097,51138.21597841723,2212
2023-01-06 05:00:00,51138.21597841723,51556.20210577987,50979.01518657095,51396.59583241585,4010
2023-01-06 06:00:00,51396.59583241585,52403.171583774056,49502.79907506712,51459.12536759598,1949
2023-01-06 07:00:00,51459.12536759598,51330.204473323225,49364.980280850745,50702.2668449155,4900
2023-01-06 08:00:00,50702.2668449155,51921.2954017262,49007.40648054189,50594.73106439296,3866
2023-01-06 09:00:00,50594.73106439296,51484.03980181264,49773.317362123336,51339.145847262014,5333
2023-01-06 10:00:00,51339.145847262014,52942.0261760544,49355.754247438825,50923.86233325598,8436
2023-01-06 11:00:00,50923.86233325598,51799.20471807543,50141.46006173429,50440.81668947521,9086
2023-01-06 12:00:00,50440.81668947521,50931.1448921417,49192.6375874591,50331.39649951406,3985
2023-01-06 13:00:00,50331.39649951406,50808.826010788456,49980.36759058803,50244.28309062289,1558
2023-01-06 14:00:00,50244.28309062289,51276.94835926729,49758.60782177026,51026.62018753383,7283
2023-01-06 15:00:00,51026.62018753383,50857.202476971055,49168.01847861383,50246.99891272147,2241
2023-01-06 16:00:00,50246.99891272147,51394.99098011799,50907.438233021414,50973.3509271818,2781
2023-01-06 17:00:00,50973.3509271818,52346.402679668834,49809.807911181444,51200.34808411589,8551
2023-01-06 18:00:00,51200.34808411589,50904.21985520513,49082.865958095856,50671.332437074176,2164
2023-01-06 19:00:00,50671.332437074176,51589.618049160235,49284.62488330545,50780.701163746606,7653
2023-01-06 20:00:00,50780.701163746606,51689.67856204964,49382.598822142005,51306.28573196044,8649
2023-01-06 21:00:00,51306.28573196044,50503.98622369229,49780.054929527796,50359.54903312802,8983
2023-01-06 22:00:00,50359.54903312802,50796.960726481935,49132.5955296274,50006.09757799272,7315
2023-01-06 23:00:00,50006.09757799272,51453.80166191754,51127.222581046204,51277.60109338668,4395
2023-01-07 00:00:00,51277.60109338668,51738.78004249436,49595.43727199645,50673.72750995634,9039
2023-01-07 01:00:00,50673.72750995634,51675.08302497357,50638.15608780805,50739.623323132764,2268
2023-01-07 02:00:00,50739.623323132764,51585.17429933863,49983.501206711284,51411.49084658981,2310
2023-01-07 03:00:00,51411.49084658981,50770.2839515974,49998.5708867437,50641.64800230087,1477
2023-01-07 04:00:00,50641.64800230087,52155.41133035077,50656.9781843695,51143.608655004995,1508
2023-01-07 05:00:00,51143.608655004995,51763.129270828445,50750.391222112834,51306.44308515283,2845
2023-01-07 06:00:00,51306.44308515283,51188.41352258568,49191.596715773754,50711.46638364254,9909
2023-01-07 07:00:00,50711.46638364254,51363.09357627958,51217.51803760135,51298.14681595637,2244
2023-01-07 08:00:00,51298.14681595637,51182.32554147351,50333.274470774406,51052.16214477811,7181
2023-01-07 09:00:00,51052.16214477811,50737.0423668366,50434.153853173644,50699.448224897475,8370
2023-01-07 10:00:00,50699.448224897475,51534.621067376254,50691.22489321817,50895.04257581362,7827
2023-01-07 11:00:00,50895.04257581362,52027.72417309072,50856.12816086306,51545.56758040481,7864
2023-01-07 12:00:00,51545.56758040481,51407.60054017097,51203.787815019496,51403.917344801135,6171
2023-01-07 13:00:00,51403.917344801135,51657.31193740085,49798.66881207711,51009.02788912621,2037
2023-01-07 14:00:00,51009.02788912621,51277.86500000727,49963.86254618614,50844.03250655131,8048
2023-01-07 15:00:00,50844.03250655131,50975.23247395603,50422.90454671308,50934.276492652236,1978
2023-01-07 16:00:00,50934.276492652236,52367.17986484103,50492.23119851884,51296.78151642674,6129
2023-01-07 17:00:00,51296.78151642674,52305.50220724882,51857.486981428665,52044.236452247664,3455
2023-01-07 18:00:00,52044.236452247664,50872.12955523702,48933.32213189582,50389.5005996787,4266
2023-01-07 19:00:00,50389.5005996787,52242.3891611271,50270.63359770747,51393.042594834646,6253
2023-01-07 20:00:00,51393.042594834646,52397.353282337855,50995.09170813502,51311.36652924391,3589
2023-01-07 21:00:00,51311.36652924391,51614.263077099225,49593.42767005892,50547.81298923075,2146
2023-01-07 22:00:00,50547.81298923075,52676.92969219252,49686.791390427046,50657.09408523842,1592
2023-01-07 23:00:00,50657.09408523842,50982.946357205976,49115.68303439743,50922.18072987047,2238
2023-01-08 00:00:00,50922.18072987047,52120.88876068627,49827.00931784982,50833.15085498614,4598
2023-01-08 01:00:00,50833.15085498614,50982.96449955851,49992.39423793239,50711.25487976097,2502
2023-01-08 02:00:00,50711.25487976097,51713.36728577002,50349.84916562635,51112.899700871705,3354
2023-01-08 03:00:00,51112.899700871705,51978.31136145265,49773.211993911966,50736.491467714986,5126
2023-01-08 04:00:00,50736.491467714986,51934.61599767814,49973.325543545245,51104.07994762228,6916
2023-01-08 05:00:00,51104.07994762228,50589.164023885685,50254.05255668959,50281.33908110971,8517
2023-01-08 06:00:00,50281.33908110971,51381.73289893484,49906.13757201825,50875.99428735565,4528
2023-01-08 07:00:00,50875.99428735565,51966.20611534025,50618.29649977245,51718.97364729033,6578
2023-01-08 08:00:00,51718.97364729033,52835.22642030839,50499.97508188043,50900.35230372072,7013
2023-01-08 09:00:00,50900.35230372072,50891.86021348765,49936.40189173341,50477.108025826055,3680
2023-01-08 10:00:00,50477.108025826055,52191.930014108635,50209.63889182964,50831.9970095689,2101
2023-01-08 11:00:00,50831.9970095689,51203.046272025174,49677.6207494761,50560.90789098762,9983
2023-01-08 12:00:00,50560.90789098762,53377.924779337955,51309.82717075761,51739.18887467499,6170
2023-01-08 13:00:00,51739.18887467499,51301.264500534446,50153.38913000944,51171.245844018835,7349
2023-01-08 14:00:00,51171.245844018835,51872.656245654434,50073.29921117958,50768.052064076284,3928
2023-01-08 15:00:00,50768.052064076284,52078.1463891362,50578.53086280108,50972.66785584476,6161
2023-01-08 16:00:00,50972.66785584476,50615.0777607746,49663.111369780825,50577.353043943825,2335
2023-01-08 17:00:00,50577.353043943825,51975.39298757966,50854.12762835705,51210.1737984914,6294
2023-01-08 18:00:00,51210.1737984914,52356.17525840156,50371.82834134453,51439.45728962269,5829
2023-01-08 19:00:00,51439.45728962269,52536.09963555524,50446.971267276305,50575.40151136759,1623
2023-01-08 20:00:00,50575.40151136759,51335.46440144047,50643.38574396004,51048.62329373617,4417
2023-01-08 21:00:00,51048.62329373617,50612.33930468801,50472.60643493924,50551.902371715674,9632
2023-01-08 22:00:00,50551.902371715674,50819.98060883579,49673.58544519953,50652.32994265184,6112
2023-01-08 23:00:00,50652.32994265184,51641.863104390766,49473.21430664828,50683.74470241176,3777
2023-01-09 00:00:00,50683.74470241176,53043.30478170761,50347.8652212182,51017.68551622401,2314
2023-01-09 01:00:00,51017.68551622401,53472.490931847075,51429.71232234987,51877.4473772006,9290
2023-01-09 02:00:00,51877.4473772006,50879.743186155494,50561.01923592277,50648.298515305534,6710
2023-01-09 03:00:00,50648.298515305534,52326.66604311169,49820.778254948185,51178.15621520031,6520
2023-01-09 04:00:00,51178.15621520031,52080.81465861856,51325.76561144341,51842.85758495151,3506
2023-01-09 05:00:00,51842.85758495151,51260.445437584865,50541.417996883916,50689.87910149593,6479
2023-01-09 06:00:00,50689.87910149593,53104.80316016935,49189.08488924396,51595.75712919231,6168
2023-01-09 07:00:00,51595.75712919231,51604.79412419967,48636.754620096974,51533.58996431051,6277
2023-01-09 08:00:00,51533.58996431051,51344.99362475426,50519.55591847679,50609.283934672545,1307
2023-01-09 09:00:00,50609.283934672545,52059.77747682186,50187.56813488974,50928.26012323105,8735
2023-01-09 10:00:00,50928.26012323105,52665.441706900194,50719.77736083532,51211.44735524837,9036
2023-01-09 11:00:00,51211.44735524837,51832.267671482005,50569.441298806945,50823.37757576352,4283
2023-01-09 12:00:00,50823.37757576352,52180.18449197439,49598.099091843695,51147.42994073707,4439
2023-01-09 13:00:00,51147.42994073707,50681.19620551635,49928.483662615974,50324.03481034685,4500
2023-01-09 14:00:00,50324.03481034685,52545.129348104376,49078.568708318395,51519.0051352269,5609
2023-01-09 15:00:00,51519.0051352269,50539.452603367376,50347.968788987666,50501.512482194456,4335
2023-01-09 16:00:00,50501.512482194456,51628.98090285389,50319.81512405144,50930.31313610312,3753
2023-01-09 17:00:00,50930.31313610312,51284.066667004714,48804.73635762901,50902.495960783905,1063
2023-01-09 18:00:00,50902.495960783905,52239.70834563312,50057.33103465386,51743.46267242859,2963
2023-01-09 19:00:00,51743.46267242859,52266.56880888936,51001.74505390182,51346.237225521625,5539
2023-01-09 20:00:00,51346.237225521625,52019.91433794777,50350.32006173786,51540.23555667828,6364
2023-01-09 21:00:00,51540.23555667828,51993.82737369856,49795.7647349881,51192.717943031435,5806
2023-01-09 22:00:00,51192.717943031435,50354.416711999955,49697.594344676545,49966.033485810585,4659
2023-01-09 23:00:00,49966.033485810585,50012.60230315618,48535.240795436905,49819.17224079128,8592
2023-01-10 00:00:00,49819.17224079128,52430.88369971756,49729.49783759894,51191.77472071505,1832
2023-01-10 01:00:00,51191.77472071505,51722.6379513956,49576.7300955736,50865.954872405986,2838
2023-01-10 02:00:00,50865.954872405986,50489.99410515169,49894.423305102915,50134.80432314998,1891
2023-01-10 03:00:00,50134.80432314998,51073.37659382573,50412.825808041096,50789.614765174185,5548
2023-01-10 04:00:00,50789.614765174185,51776.296465897125,50130.167051516284,50795.58081741819,3340
2023-01-10 05:00:00,50795.58081741819,51578.398676603916,50680.715847461375,50759.37539203595,1324
2023-01-10 06:00:00,50759.37539203595,51475.14216383318,50620.031623600655,51131.4616226962,5782
2023-01-10 07:00:00,51131.4616226962,51320.83280908362,49388.54457002206,50320.96680346952,4898
2023-01-10 08:00:00,50320.96680346952,51022.84368485159,49859.89087417644,50254.6217715138,7409
2023-01-10 09:00:00,50254.6217715138,52474.15131545394,50573.74914042017,51255.494285415116,6646
2023-01-10 10:00:00,51255.494285415116,51632.3123797801,49140.803157461545,51022.64012200929,8911
2023-01-10 11:00:00,51022.64012200929,50531.091401165955,50026.18248052047,50367.25248100995,1916
2023-01-10 12:00:00,50367.25248100995,51591.58987835636,49881.020523084204,50239.48646122315,2836
2023-01-10 13:00:00,50239.48646122315,51289.13267941075,49477.11752222162,50151.064895046315,4485
2023-01-10 14:00:00,50151.064895046315,51313.84991796269,49365.39673847123,50762.97497824207,2321
2023-01-10 15:00:00,50762.97497824207,51375.06996244388,49582.034716426766,50844.93349799808,8101
2023-01-10 16:00:00,50844.93349799808,50998.8635675715,50354.73797637876,50620.57258078544,4412
2023-01-10 17:00:00,50620.57258078544,51291.870290657556,49755.422579020385,51103.57834571231,4481
2023-01-10 18:00:00,51103.57834571231,50989.78956663933,49815.778943866964,50429.46527482102,9219
2023-01-10 19:00:00,50429.46527482102,49600.495257608534,47891.964489823324,49559.14732080014,3892
2023-01-10 20:00:00,49559.14732080014,52616.38271077372,51091.516317458554,51384.96725880732,8798
2023-01-10 21:00:00,51384.96725880732,52131.463024047065,47937.098838809936,50571.52404551014,5999
2023-01-10 22:00:00,50571.52404551014,52166.8810768263,50118.93131084664,50845.040944820146,6527
2023-01-10 23:00:00,50845.040944820146,52184.09493579292,48697.08777283511,51245.01044244783,6848
2023-01-11 00:00:00,51245.01044244783,50457.721739488115,48302.996211982805,50199.98480745936,9396
2023-01-11 01:00:00,50199.98480745936,50848.92097701024,48295.52381534728,50770.472812238266,4747
2023-01-11 02:00:00,50770.472812238266,51265.815069878714,49640.39357313451,49949.38339662324,2607
2023-01-11 03:00:00,49949.38339662324,50341.99047187906,49054.96908469868,50111.549227023694,9000
2023-01-11 04:00:00,50111.549227023694,51103.14226722101,50836.45496208255,51087.2244957028,1402
2023-01-11 05:00:00,51087.2244957028,51751.55941479274,49809.1188906136,51378.69841783191,5166
2023-01-11 06:00:00,51378.69841783191,52166.66887159768,49521.00771632965,50200.4275438918,1771
2023-01-11 07:00:00,50200.4275438918,51559.249565876045,50701.28649205865,50894.250715798946,6713
2023-01-11 08:00:00,50894.250715798946,51556.03673038125,49696.88184235781,50520.729811246885,4944
2023-01-11 09:00:00,50520.729811246885,51317.65161922189,49670.88053748981,49915.70293212574,7261
2023-01-11 10:00:00,49915.70293212574,52609.68802502584,50926.02645956191,51554.75591611615,9722
2023-01-11 11:00:00,51554.75591611615,51330.36690345737,50458.133363563036,50872.0924206625,2942
2023-01-11 12:00:00,50872.0924206625,50404.52398032768,49733.399416546825,50338.29419927592,1097
2023-01-11 13:00:00,50338.29419927592,50307.1440670726,49711.37793179378,50141.110611224605,5518
2023-01-11 14:00:00,50141.110611224605,50340.76441398593,49940.69958619661,50149.46354158108,3623
2023-01-11 15:00:00,50149.46354158108,51373.148623083405,50435.453035628634,50531.817488830515,1739
2023-01-11 16:00:00,50531.817488830515,50395.251887434475,49093.612404707244,50094.58748352313,8444
2023-01-11 17:00:00,50094.58748352313,51437.1558935225,50029.39126037589,50917.104940076104,6240
2023-01-11 18:00:00,50917.104940076104,50263.77880063111,49462.54898450448,50042.695309130206,8347
2023-01-11 19:00:00,50042.695309130206,52301.51937837324,48711.4448845704,50898.77525965246,3066
2023-01-11 20:00:00,50898.77525965246,51069.493893765306,50034.52062465275,50784.54941900959,9273
2023-01-11 21:00:00,50784.54941900959,51311.48239430201,50488.190161355364,50788.91151378385,7426
2023-01-11 22:00:00,50788.91151378385,50822.54001735439,49194.693597992424,49591.76266016226,3935
2023-01-11 23:00:00,49591.76266016226,51978.12985145511,48707.44802196724,50507.92360580209,1461
2023-01-12 00:00:00,50507.92360580209,51198.54634604636,47906.243032687635,50023.238550582966,6830
2023-01-12 01:00:00,50023.238550582966,51163.69940633121,48908.44404883335,49636.483350760696,2586
2023-01-12 02:00:00,49636.483350760696,52364.13043833541,48077.44606407427,49852.829925855774,9826
2023-01-12 03:00:00,49852.829925855774,51344.10408672306,50271.235927943104,50472.49993018736,6249
2023-01-12 04:00:00,50472.49993018736,50273.045746908174,50175.09234712226,50246.731383760525,6527
2023-01-12 05:00:00,50246.731383760525,50334.235537911816,49178.87962108578,50142.59395154133,6073
2023-01-12 06:00:00,50142.59395154133,51013.056356829446,48137.98662205404,49858.00294915986,6416
2023-01-12 07:00:00,49858.00294915986,51920.27588987095,50356.17231202406,51135.10855143737,3365
2023-01-12 08:00:00,51135.10855143737,50931.815123358094,48399.53845364696,50004.30119786941,4593
2023-01-12 09:00:00,50004.30119786941,50422.186505052385,48874.139466072105,50292.65851263073,9016
2023-01-12 10:00:00,50292.65851263073,50720.39480771968,49295.82773952402,50083.37505947373,6356
2023-01-12 11:00:00,50083.37505947373,51815.7039391587,49292.15186410285,50298.39183807695,9641
2023-01-12 12:00:00,50298.39183807695,51196.67608175566,50148.54055464476,50495.34670685798,6303
2023-01-12 13:00:00,50495.34670685798,50481.85893952406,49419.028806949726,50153.236212587326,9148
2023-01-12 14:00:00,50153.236212587326,51505.930834533356,49438.149111489176,50133.072493611646,6352
2023-01-12 15:00:00,50133.072493611646,51131.76360543656,49892.02429670674,50129.882921210956,2853
2023-01-12 16:00:00,50129.882921210956,51965.60133593841,51365.38386727446,51368.96001869822,7895
2023-01-12 17:00:00,51368.96001869822,50384.85294595735,49139.37410473939,50159.68016235666,1862
2023-01-12 18:00:00,50159.68016235666,51367.899000118516,48856.092238942176,50110.384085551465,4795
2023-01-12 19:00:00,50110.384085551465,51491.785578774405,49160.42975225056,49798.83751423483,3922
2023-01-12 20:00:00,49798.83751423483,51675.73768997651,49180.66506178765,50115.719500675164,1846
2023-01-12 21:00:00,50115.719500675164,51610.72148308663,48007.27824801564,51120.149978248366,4283
2023-01-12 22:00:00,51120.149978248366,51404.617493263824,48579.624165375484,50163.1158985541,2025
2023-01-12 23:00:00,50163.1158985541,49167.732932149345,47073.39363261021,49158.3080391488,9752
2023-01-13 00:00:00,49158.3080391488,51175.272288884815,48713.26875028162,50639.89720388583,4236
2023-01-13 01:00:00,50639.89720388583,51211.49367749684,50739.08194202454,50815.19047931206,7172
2023-01-13 02:00:00,50815.19047931206,50799.93218182953,48565.803553696955,50026.31053970653,3326
2023-01-13 03:00:00,50026.31053970653,51997.8100738775,49894.68738620859,51360.21232523252,8354
2023-01-13 04:00:00,51360.21232523252,52002.37728785726,50078.64744961125,50339.413720939396,4912
2023-01-13 05:00:00,50339.413720939396,50037.78222275858,49285.28856676848,49780.15556918307,2195
2023-01-13 06:00:00,49780.15556918307,50720.516643395844,49471.92033700432,49768.078862248454,9077
2023-01-13 07:00:00,49768.078862248454,51849.318881863575,49465.18503947702,49947.556280696794,1842
2023-01-13 08:00:00,49947.556280696794,50613.99061889947,50224.7374590304,50343.86865708178,1294
2023-01-13 09:00:00,50343.86865708178,51386.85060419182,49850.67675323086,49913.222506012105,7678
2023-01-13 10:00:00,49913.222506012105,50873.476154491334,46678.719197014085,49668.71745862935,5864
2023-01-13 11:00:00,49668.71745862935,50768.13401792531,49248.141949768724,50336.42766690174,6818
2023-01-13 12:00:00,50336.42766690174,51054.996350419104,49659.45273062253,49677.55904288067,5356
2023-01-13 13:00:00,49677.55904288067,51274.58893887606,50462.85937321685,50807.42342438238,5074
2023-01-13 14:00:00,50807.42342438238,52079.289049840074,50163.39909599818,51058.4958990426,8621
2023-01-13 15:00:00,51058.4958990426,50467.63802722879,49423.519638358695,49487.06478556478,9654
2023-01-13 16:00:00,49487.06478556478,51242.77180180454,49492.181514857606,50845.69237034612,4309
2023-01-13 17:00:00,50845.69237034612,50377.70081647895,49398.931062016054,50060.5789007185,3106
2023-01-13 18:00:00,50060.5789007185,49795.16974783119,48100.054923040996,49515.94419067869,3938
2023-01-13 19:00:00,49515.94419067869,50423.838758927865,49103.88879501256,50135.77441667568,1479
2023-01-13 20:00:00,50135.77441667568,50977.96377527276,49824.63755041293,50424.178738721086,1087
2023-01-13 21:00:00,50424.178738721086,50270.348626942636,49388.084420094245,50163.73449911167,1162
2023-01-13 22:00:00,50163.73449911167,50680.8438872414,49950.731757052636,50276.74708511941,3421
2023-01-13 23:00:00,50276.74708511941,51092.22908713366,50495.52648684307,50705.611690128535,1420
2023-01-14 00:00:00,50705.611690128535,50195.13543674563,49593.817515432675,49768.89059275174,5358
2023-01-14 01:00:00,49768.89059275174,51111.65998233131,49050.210751205304,49950.61678430731,1106
2023-01-14 02:00:00,49950.61678430731,50757.62371084879,50159.91053627327,50550.661987485226,4570
2023-01-14 03:00:00,50550.661987485226,51526.53378471516,49640.74414645231,50756.64902306671,2577
2023-01-14 04:00:00,50756.64902306671,51576.517098980024,48981.894492074745,49768.27626089821,9576
2023-01-14 05:00:00,49768.27626089821,49154.62003544534,48236.908687337906,49143.27913661323,6244
2023-01-14 06:00:00,49143.27913661323,50342.53017254231,49005.1476406504,49998.19524810264,6828
2023-01-14 07:00:00,49998.19524810264,49764.6078382868,49291.34814886364,49302.71637871371,7278
2023-01-14 08:00:00,49302.71637871371,51436.83321590505,48407.423378637846,50774.44504263176,1177
2023-01-14 09:00:00,50774.44504263176,49855.515355463314,48578.40821000269,49178.12334938318,6914
2023-01-14 10:00:00,49178.12334938318,50620.82339343535,48557.75545810522,49783.11427065449,4271
2023-01-14 11:00:00,49783.11427065449,51273.31495365206,49549.933839976744,49879.66654091474,1289
2023-01-14 12:00:00,49879.66654091474,51109.64411253993,49203.49953490125,50244.72985648765,9623
2023-01-14 13:00:00,50244.72985648765,51732.323469656876,50161.51814758598,50451.81160416476,4044
2023-01-14 14:00:00,50451.81160416476,49607.448756338,48390.863657926566,49325.06152496779,5721
2023-01-14 15:00:00,49325.06152496779,50786.09513361493,49044.25590388251,49900.583147774545,2486
2023-01-14 16:00:00,49900.583147774545,51511.285126937575,48400.74773446572,49849.014213499366,4749
2023-01-14 17:00:00,49849.014213499366,49996.6325102312,49511.28636760844,49779.19732932007,8055
2023-01-14 18:00:00,49779.19732932007,50687.99908078585,49324.50847958477,49567.49188231604,5382
2023-01-14 19:00:00,49567.49188231604,50407.45975935683,48694.456523517285,49559.30946819817,9428
2023-01-14 20:00:00,49559.30946819817,51448.74715448865,48598.41814730051,49873.67413703168,3395
2023-01-14 21:00:00,49873.67413703168,51718.358538040615,50441.18100865962,50562.36830155761,8285
2023-01-14 22:00:00,50562.36830155761,50416.21999848657,48987.48559752533,50343.66075402734,8216
2023-01-14 23:00:00,50343.66075402734,49707.3713187924,48582.39405703293,48752.664498315804,9607
2023-01-15 00:00:00,48752.664498315804,51272.07869097551,49335.913625785535,49593.52338521392,8921
2023-01-15 01:00:00,49593.52338521392,49633.1988430846,48211.60944582518,49379.176521335154,7191
2023-01-15 02:00:00,49379.176521335154,51251.27572589881,50033.0367468581,50633.38071207392,9404
2023-01-15 03:00:00,50633.38071207392,51517.918413608604,50047.72329876179,50384.253532664596,3963
2023-01-15 04:00:00,50384.253532664596,51626.25595625014,48526.02919685415,49174.99117388076,2732
2023-01-15 05:00:00,49174.99117388076,51023.79626585739,48877.30255451958,49974.02477599211,8802
2023-01-15 06:00:00,49974.02477599211,50994.13461107358,48863.00505113351,50074.9860582041,5868
2023-01-15 07:00:00,50074.9860582041,49628.363007820124,49246.320600899984,49521.235071731615,1204
2023-01-15 08:00:00,49521.235071731615,50764.38777862841,49606.321300475254,49921.91549133852,6482
2023-01-15 09:00:00,49921.91549133852,50959.47037280059,49644.066933948525,50269.54457081895,7154
2023-01-15 10:00:00,50269.54457081895,51296.732989012795,48816.13779799047,49987.25356288681,3018
2023-01-15 11:00:00,49987.25356288681,52460.12631402267,48262.24853055476,49515.62409979615,8835
2023-01-15 12:00:00,49515.62409979615,50130.02688590413,48404.26452505661,49035.71737638448,8529
2023-01-15 13:00:00,49035.71737638448,49796.70423406812,48977.57264199765,49560.33103371875,5517
2023-01-15 14:00:00,49560.33103371875,51771.475738394365,49778.63280760476,50167.382042025376,7490
2023-01-15 15:00:00,50167.382042025376,49454.065314212865,48630.591923629305,48928.59556545226,6839
2023-01-15 16:00:00,48928.59556545226,50726.127000305634,48297.28432710673,49924.963701060835,8097
2023-01-15 17:00:00,49924.963701060835,51248.64114846092,49894.943505844894,50488.80147174318,8876
2023-01-15 18:00:00,50488.80147174318,51426.13268709755,49381.04763519704,50448.3145913754,6721
2023-01-15 19:00:00,50448.3145913754,50226.49128764979,49343.368282748816,49542.74361941815,6375
2023-01-15 20:00:00,49542.74361941815,50028.20538273596,49676.19598861239,49780.96577858412,1064
2023-01-15 21:00:00,49780.96577858412,51070.44861673168,49928.24848733146,50123.89412308709,5005
2023-01-15 22:00:00,50123.89412308709,50258.7324797805,48839.3111687024,49638.43292774609,2694
2023-01-15 23:00:00,49638.43292774609,50114.44121200329,49106.85520267127,49525.41270967327,5581
2023-01-16 00:00:00,49525.41270967327,50395.983667226355,47590.859538048644,48690.11956643226,9463
2023-01-16 01:00:00,48690.11956643226,50576.28024780423,48919.48038239473,49906.542315483246,4174
2023-01-16 02:00:00,49906.542315483246,49793.3258453649,48612.78181579066,49434.1893030661,4171
2023-01-16 03:00:00,49434.1893030661,50768.914537779085,49480.55550060482,49691.13613139662,7372
2023-01-16 04:00:00,49691.13613139662,49598.8897344784,48857.67584543886,49118.845951487696,6900
2023-01-16 05:00:00,49118.845951487696,50250.90548012052,48234.420406005396,49010.24836811608,9774
2023-01-16 06:00:00,49010.24836811608,49715.2492160029,46230.53256703465,48639.840483299246,2258
2023-01-16 07:00:00,48639.840483299246,50232.743574542925,49467.95535198462,49719.79900732524,9736
2023-01-16 08:00:00,49719.79900732524,50423.19856691297,49741.231950935384,49966.49102832368,5392
2023-01-16 09:00:00,49966.49102832368,51306.695343349544,48668.11492974774,49975.43656030577,8257
2023-01-16 10:00:00,49975.43656030577,50226.649896252144,48720.91053502739,48818.114819643444,5474
2023-01-16 11:00:00,48818.114819643444,50667.4771477708,48662.49490486596,49461.86964215748,5328
2023-01-16 12:00:00,49461.86964215748,50202.96363841183,47467.17959581778,49078.06933071653,5462
2023-01-16 13:00:00,49078.06933071653,49282.63172678517,48878.731599627994,49055.09066775094,1724
2023-01-16 14:00:00,49055.09066775094,49576.20114287675,47760.80736797207,48720.54970079955,6080
2023-01-16 15:00:00,48720.54970079955,49607.64908638313,48274.54014168504,48738.880678527414,5487
2023-01-16 16:00:00,48738.880678527414,50096.09353657093,49190.73616860623,49932.39112740013,7066
2023-01-16 17:00:00,49932.39112740013,51006.96948735293,50552.67597126817,50712.69295697633,8769
2023-01-16 18:00:00,50712.69295697633,50159.10784810189,48563.35120990896,49481.353183876665,7773
2023-01-16 19:00:00,49481.353183876665,51478.090297438386,49708.91622937557,49730.23117475005,3609
2023-01-16 20:00:00,49730.23117475005,50887.182842870374,49367.154659945525,49432.56536661054,8806
2023-01-16 21:00:00,49432.56536661054,50742.86032280677,47668.61163423354,49318.21164131156,6602
2023-01-16 22:00:00,49318.21164131156,49877.6553202184,47945.87252129292,49007.985672452895,4368
2023-01-16 23:00:00,49007.985672452895,51080.77621182057,49557.90719791139,50237.18498971811,6642
2023-01-17 00:00:00,50237.18498971811,50559.95136956397,49909.030491273945,50249.691289491406,8236
2023-01-17 01:00:00,50249.691289491406,49394.07174516293,47865.93266613582,49055.31497947,6797
2023-01-17 02:00:00,49055.31497947,51598.32179455135,48812.487118479134,49815.89666692982,8597
2023-01-17 03:00:00,49815.89666692982,48710.79130622488,47681.874835776565,48537.63337719223,9361
2023-01-17 04:00:00,48537.63337719223,49762.29135759039,48203.771309793425,49190.830334888444,5864
2023-01-17 05:00:00,49190.830334888444,50375.349806708626,48654.36706936178,49617.4896312453,2325
2023-01-17 06:00:00,49617.4896312453,49716.9900740437,48561.1488126339,48632.36551404056,2688
2023-01-17 07:00:00,48632.36551404056,51199.865239515864,47503.56376757543,49598.485949856025,2461
2023-01-17 08:00:00,49598.485949856025,50416.76294143243,49600.446936008215,49826.98791492503,5516
2023-01-17 09:00:00,49826.98791492503,51052.06216593798,48477.45876392417,49509.9364124459,1032
2023-01-17 10:00:00,49509.9364124459,49762.3419353243,46081.03078164592,48442.781561439646,3392
2023-01-17 11:00:00,48442.781561439646,49588.65471791694,49328.30763529513,49370.59293503579,3677
2023-01-17 12:00:00,49370.59293503579,50530.78185868941,46686.95297399673,48621.776145628486,7828
2023-01-17 13:00:00,48621.776145628486,50818.89421922186,49167.963964407056,49778.8485721396,8861
2023-01-17 14:00:00,49778.8485721396,51338.06775615631,49369.22311218081,49586.259392425716,3177
2023-01-17 15:00:00,49586.259392425716,49826.55992079001,48223.22361827488,49253.76624257776,8378
2023-01-17 16:00:00,49253.76624257776,49867.05180866064,46970.18336898863,48975.229925449166,1576
2023-01-17 17:00:00,48975.229925449166,49585.90125737541,48458.017318858656,48995.712278523126,9187
2023-01-17 18:00:00,48995.712278523126,49604.52958834864,47454.553761852454,49065.40720691695,4948
2023-01-17 19:00:00,49065.40720691695,49006.685248755406,48599.56831992387,48974.49590526686,2627
2023-01-17 20:00:00,48974.49590526686,48981.295973739136,47447.31665499161,48761.55474097609,4563
2023-01-17 21:00:00,48761.55474097609,51763.25825557547,47226.46715316651,48982.61664410505,4591
2023-01-17 22:00:00,48982.61664410505,49944.16332078695,48986.252903878536,49296.09604405108,4311
2023-01-17 23:00:00,49296.09604405108,48772.34944372228,48143.445804134186,48450.039281397854,9009
2023-01-18 00:00:00,48450.039281397854,50328.03860941217,48662.99759787861,49631.950949586506,7897
2023-01-18 01:00:00,49631.950949586506,50433.8601783032,49144.94335657619,49714.08771799199,5365
2023-01-18 02:00:00,49714.08771799199,50015.28598518917,47963.06252034165,49879.71490492558,4491
2023-01-18 03:00:00,49879.71490492558,49048.197518142166,48230.35395196411,48990.21357258937,1293
2023-01-18 04:00:00,48990.21357258937,49951.97874038855,49720.075330477346,49892.25475644689,2647
2023-01-18 05:00:00,49892.25475644689,49826.41608090372,46076.054028427505,48900.17020428342,4801
2023-01-18 06:00:00,48900.17020428342,50461.833042855484,48804.923331593935,49014.82936884761,1899
2023-01-18 07:00:00,49014.82936884761,48820.237867837866,47105.66895115245,48689.67695199947,3253
2023-01-18 08:00:00,48689.67695199947,49952.17715878742,46342.80528485399,48758.81030206262,8001
2023-01-18 09:00:00,48758.81030206262,49549.07353888861,48389.97339835198,49254.57719276615,5701
2023-01-18 10:00:00,49254.57719276615,48798.0032054138,48250.653915878844,48634.72438047556,4299
2023-01-18 11:00:00,48634.72438047556,49346.812684241144,48482.56405075491,49022.85853395698,2817
2023-01-18 12:00:00,49022.85853395698,49518.86725106439,47937.10546833604,49462.26713351423,5901
2023-01-18 13:00:00,49462.26713351423,50707.50260731244,48119.25077414402,49310.08059042319,7798
2023-01-18 14:00:00,49310.08059042319,49467.099063308386,49248.9604095821,49360.49649620692,8966
2023-01-18 15:00:00,49360.49649620692,50571.82713922801,49993.39353981577,50337.52691733392,2982
2023-01-18 16:00:00,50337.52691733392,49142.89740317234,48527.98592519631,48839.14603260793,7497
2023-01-18 17:00:00,48839.14603260793,49174.97058456572,48647.31774097764,48821.7772603557,3369
2023-01-18 18:00:00,48821.7772603557,51617.450861528625,49410.91895273268,49688.9706469057,9073
2023-01-18 19:00:00,49688.9706469057,49670.57000955905,48451.60240366276,48806.18362706005,7774
2023-01-18 20:00:00,48806.18362706005,49782.49276173003,48958.68672789882,49322.19645728878,7104
2023-01-18 21:00:00,49322.19645728878,50141.72304426408,49246.35824558166,49398.25742163238,2208
2023-01-18 22:00:00,49398.25742163238,48356.55484677994,48190.54760388049,48320.06864544048,4209
2023-01-18 23:00:00,48320.06864544048,51885.30112804997,48197.11337255558,49973.46492768203,4490
2023-01-19 00:00:00,49973.46492768203,48888.39104927303,47811.43725170843,48877.19241750822,2194
2023-01-19 01:00:00,48877.19241750822,49740.63113479924,48977.851345830975,49234.77975193876,1749
2023-01-19 02:00:00,49234.77975193876,51572.52574852391,49840.26986718104,50069.62724149273,5624
2023-01-19 03:00:00,50069.62724149273,49018.993478046774,48606.866677463586,48661.60761880763,4917
2023-01-19 04:00:00,48661.60761880763,49295.60956517048,46633.22486129927,48690.41362255122,2389
2023-01-19 05:00:00,48690.41362255122,51569.66635871921,49180.83538432994,49949.7200222851,7141
2023-01-19 06:00:00,49949.7200222851,49791.60922955085,48783.844411977814,49160.50722476676,6037
2023-01-19 07:00:00,49160.50722476676,50756.60844641225,49564.21981038314,49639.57775825892,3451
2023-01-19 08:00:00,49639.57775825892,48853.768787823974,47158.33590443497,48779.3528103155,8632
2023-01-19 09:00:00,48779.3528103155,50708.725337602096,49261.03592996477,49563.352498096974,2186
2023-01-19 10:00:00,49563.352498096974,50835.09990454803,49624.13159721686,49962.37737813104,5089
2023-01-19 11:00:00,49962.37737813104,49959.28704391052,47844.41503202305,48857.127117268545,8450
2023-01-19 12:00:00,48857.127117268545,51431.77983421789,48107.82607372646,49588.97716544644,3212
2023-01-19 13:00:00,49588.97716544644,49361.18159073684,47542.599989365015,49286.44074284251,8660
2023-01-19 14:00:00,49286.44074284251,51056.87482558646,49448.372027382815,49615.972643655216,6835
2023-01-19 15:00:00,49615.972643655216,49567.65809787497,48231.442619881316,49354.61322872667,6319
2023-01-19 16:00:00,49354.61322872667,49544.86418603536,47595.58916050121,49101.0963635013,5376
2023-01-19 17:00:00,49101.0963635013,49532.610167023726,48443.60127402331,48618.223858278034,6177
2023-01-19 18:00:00,48618.223858278034,50095.12911724132,48750.71822692074,48828.23416195642,1242
2023-01-19 19:00:00,48828.23416195642,50722.250538588516,48655.710964992635,49662.09919748341,1837
2023-01-19 20:00:00,49662.09919748341,49173.300084832284,48255.881655654906,49044.32155066271,9431
2023-01-19 21:00:00,49044.32155066271,50658.73077411244,49288.681059851595,49391.00726900147,1303
2023-01-19 22:00:00,49391.00726900147,50688.767126726845,49612.41017925603,50098.388737865185,5102
2023-01-19 23:00:00,50098.388737865185,49125.8043585484,47220.5085560238,49124.36268481009,1149
2023-01-20 00:00:00,49124.36268481009,50438.799455356915,49266.32654642629,49802.19615110767,7144
2023-01-20 01:00:00,49802.19615110767,49695.268002745506,48587.449982450045,49151.416425444346,8466
2023-01-20 02:00:00,49151.416425444346,49415.057546107375,47762.70408197301,49104.448554668306,2523
2023-01-20 03:00:00,49104.448554668306,50496.91854024969,48103.73798387298,49106.47211405704,4756
2023-01-20 04:00:00,49106.47211405704,50053.672681033444,48035.458813086494,48496.07190893871,8677
2023-01-20 05:00:00,48496.07190893871,48719.14033510061,48639.89095938102,48658.330298407585,2982
2023-01-20 06:00:00,48658.330298407585,48930.45464176538,47498.53951997253,48247.01995312665,7208
2023-01-20 07:00:00,48247.01995312665,49196.2520893684,49009.09602434541,49195.787646903475,8476
2023-01-20 08:00:00,49195.787646903475,49392.520182393804,48014.806755256286,48975.09898852815,8951
2023-01-20 09:00:00,48975.09898852815,50024.2872016946,47105.86168983954,49947.32407719747,4151
2023-01-20 10:00:00,49947.32407719747,48200.6246371985,47573.097681262625,47905.32097781809,7345
2023-01-20 11:00:00,47905.32097781809,49084.67503008949,48038.8349284633,48753.66314792219,2608
2023-01-20 12:00:00,48753.66314792219,50132.69961777171,47433.555549232995,49357.47344979095,8126
2023-01-20 13:00:00,49357.47344979095,49358.26026282513,48347.21876621222,48721.22585706597,9803
2023-01-20 14:00:00,48721.22585706597,50611.747084626666,48975.07069985541,49438.039651859624,8860
2023-01-20 15:00:00,49438.039651859624,50105.35267988188,47157.078941314525,48952.799368184205,1125
2023-01-20 16:00:00,48952.799368184205,49341.449545075186,46825.08864023067,48469.217663964555,7228
2023-01-20 17:00:00,48469.217663964555,49046.4161560981,47072.58622753312,48656.9065933441,6760
2023-01-20 18:00:00,48656.9065933441,49340.18059583669,49090.033339618734,49124.71085691755,2031
2023-01-20 19:00:00,49124.71085691755,51109.465419974535,48712.883067195355,49179.15364549429,5090
2023-01-20 20:00:00,49179.15364549429,51002.18166904474,49412.590202917294,49724.18268933455,1995
2023-01-20 21:00:00,49724.18268933455,50578.19296090957,48825.38293815999,49561.39201724712,2877
2023-01-20 22:00:00,49561.39201724712,49859.67127034841,48447.0483622159,49232.08913497232,3251
2023-01-20 23:00:00,49232.08913497232,50121.66119329338,48829.27110619899,49228.86204197344,2070
2023-01-21 00:00:00,49228.86204197344,49943.01056808569,49650.39091482417,49671.051917226796,1994
2023-01-21 01:00:00,49671.051917226796,49836.21539702626,47989.96704633365,49362.09883519121,5767
2023-01-21 02:00:00,49362.09883519121,50107.044900667,49041.6385060062,49728.5901346473,1631
2023-01-21 03:00:00,49728.5901346473,50321.93661526265,49487.361474980185,49909.44907801925,1697
2023-01-21 04:00:00,49909.44907801925,48624.36345130447,47983.24752677724,48294.774187849194,5874
2023-01-21 05:00:00,48294.774187849194,49166.62154581727,45705.63042453877,48671.086235929884,7192
2023-01-21 06:00:00,48671.086235929884,49303.3100679629,46754.145304919635,48687.561993737465,2156
2023-01-21 07:00:00,48687.561993737465,48326.86861736001,47796.86190926631,48070.17762135683,7154
2023-01-21 08:00:00,48070.17762135683,48015.27636770971,47385.76615567151,47804.17496375441,4285
2023-01-21 09:00:00,47804.17496375441,50037.553478559756,48824.49482380193,49396.45559666718,4672
2023-01-21 10:00:00,49396.45559666718,49425.940401706124,49189.120635089435,49231.57882003388,5390
2023-01-21 11:00:00,49231.57882003388,49672.124090918194,48887.32784993276,48995.94159975754,6765
2023-01-21 12:00:00,48995.94159975754,49092.14595767281,47643.86438010079,48442.6235985461,4754
2023-01-21 13:00:00,48442.6235985461,49574.88231800796,49012.296357583095,49464.10060638247,7171
2023-01-21 14:00:00,49464.10060638247,49895.27803395391,47383.61046868663,49040.849176855896,9075
2023-01-21 15:00:00,49040.849176855896,48247.94172044053,47161.171148023335,48009.05238640543,4540
2023-01-21 16:00:00,48009.05238640543,50204.67679313789,47357.16038567041,48691.082889184174,8257
2023-01-21 17:00:00,48691.082889184174,49323.52652302855,47823.85495330833,48893.022565940235,2624
2023-01-21 18:00:00,48893.022565940235,51326.50624675014,48919.57446150881,49358.387848085804,5269
2023-01-21 19:00:00,49358.387848085804,50439.958692127475,48857.83049001294,49326.379087415335,4947
2023-01-21 20:00:00,49326.379087415335,50359.535099265515,49410.065618800145,49506.59252239388,1577
2023-01-21 21:00:00,49506.59252239388,50019.85838477068,47858.987278078435,48723.751442846646,1746
2023-01-21 22:00:00,48723.751442846646,50517.91097754825,48012.771261302696,49247.64087129467,9626
2023-01-21 23:00:00,49247.64087129467,50468.24752790623,49138.82809280275,49372.45470138441,2533
2023-01-22 00:00:00,49372.45470138441,50483.89448297658,48483.10976470808,48791.47117384663,7466
2023-01-22 01:00:00,48791.47117384663,49170.69182224472,48202.980023671924,49162.47108299544,4346
2023-01-22 02:00:00,49162.47108299544,48825.3877713971,47479.68076826939,48724.512093514364,8830
2023-01-22 03:00:00,48724.512093514364,49272.20860789672,48059.11339049904,49173.250837268184,1065
2023-01-22 04:00:00,49173.250837268184,50457.0986367174,47608.78487747697,48835.248262472865,7225
2023-01-22 05:00:00,48835.248262472865,50016.36647978502,48521.526968667924,49292.59427543956,6244
2023-01-22 06:00:00,49292.59427543956,49152.750055090946,47806.45983428109,48797.91755984014,2892
2023-01-22 07:00:00,48797.91755984014,51544.766485701315,49746.31706283422,50159.704391302614,5024
2023-01-22 08:00:00,50159.704391302614,49668.73549789951,49177.31452381724,49312.37679288276,7715
2023-01-22 09:00:00,49312.37679288276,49458.52621073442,48164.8469616545,49158.2786340444,8329
2023-01-22 10:00:00,49158.2786340444,48826.61666150934,47549.564973136796,48591.581620504985,6972
2023-01-22 11:00:00,48591.581620504985,48386.88238706455,47497.01462689433,48272.62089922098,6105
2023-01-22 12:00:00,48272.62089922098,49564.138989947336,49097.024728053315,49435.1931146361,6156
2023-01-22 13:00:00,49435.1931146361,50391.060337800045,49801.83034551909,49902.47847308416,4168
2023-01-22 14:00:00,49902.47847308416,48637.98514647319,48005.62702602401,48386.53472909264,6716
2023-01-22 15:00:00,48386.53472909264,50024.432408161854,49079.976688848925,49647.04787976766,6473
2023-01-22 16:00:00,49647.04787976766,49081.07696937993,48541.71075842813,48900.381440981175,6380
2023-01-22 17:00:00,48900.381440981175,49469.59057331657,48976.66366506654,49116.37727949068,3531
2023-01-22 18:00:00,49116.37727949068,50218.86634030369,47572.46610621843,49582.10598848361,5038
2023-01-22 19:00:00,49582.10598848361,48438.90359162336,48191.720149997345,48357.63678702366,9896
2023-01-22 20:00:00,48357.63678702366,50143.7427425039,49003.36797504535,49842.346505486086,5626
2023-01-22 21:00:00,49842.346505486086,49696.01279503414,48988.47040380652,49354.654855488036,7589
2023-01-22 22:00:00,49354.654855488036,49827.58379796588,47934.053902973086,49292.747717659615,9177
2023-01-22 23:00:00,49292.747717659615,49352.164519440885,48411.081061160396,48831.29793778313,8679
2023-01-23 00:00:00,48831.29793778313,51175.208011438895,49430.13858917471,49758.78252093063,4236
2023-01-23 01:00:00,49758.78252093063,49945.66285925171,47542.52865189155,48993.07270710382,9680
2023-01-23 02:00:00,48993.07270710382,49842.53309548523,47706.09130368161,47760.382299483674,6644
2023-01-23 03:00:00,47760.382299483674,50123.17255241785,48014.011957164264,48321.5307501019,2876
2023-01-23 04:00:00,48321.5307501019,48997.94479698473,48619.124214311494,48636.85818275726,4375
2023-01-23 05:00:00,48636.85818275726,51017.568313790965,49144.718725083025,49781.56187454516,4276
2023-01-23 06:00:00,49781.56187454516,50789.92436190675,48920.86990062602,49379.76427852329,9989
2023-01-23 07:00:00,49379.76427852329,50631.74050821642,48256.49461057572,49450.89833128507,3182
2023-01-23 08:00:00,49450.89833128507,49141.97988974369,47745.77293968306,48576.951479410745,9837
2023-01-23 09:00:00,48576.951479410745,49292.567880828436,46948.3081194465,48978.63817075005,7627
2023-01-23 10:00:00,48978.63817075005,50318.971443585164,47068.733885372785,49016.05404876578,5887
2023-01-23 11:00:00,49016.05404876578,50497.186601875765,49531.09468403167,49662.9535385535,3156
2023-01-23 12:00:00,49662.9535385535,50682.935238409416,47080.325742801535,49069.17334827854,6629
2023-01-23 13:00:00,49069.17334827854,52373.20493522936,49852.56866935864,50288.24001804716,1632
2023-01-23 14:00:00,50288.24001804716,50640.05830823267,49332.33718779035,49471.73088345873,3910
2023-01-23 15:00:00,49471.73088345873,50654.75669126027,49260.65978413469,49383.6730120343,7365
2023-01-23 16:00:00,49383.6730120343,49690.34391849812,48107.78526758346,49172.45789229267,4943
2023-01-23 17:00:00,49172.45789229267,51153.85255146254,48034.884150117476,49258.63819969974,5795
2023-01-23 18:00:00,49258.63819969974,49657.03145302137,48644.0505781674,49310.71199989519,3523
2023-01-23 19:00:00,49310.71199989519,50348.36272502892,49046.521558778884,49251.9488474167,7623
2023-01-23 20:00:00,49251.9488474167,48358.64011266367,48247.079734807645,48300.19351816816,3321
2023-01-23 21:00:00,48300.19351816816,50067.073742626424,49457.28360406139,49480.43447039846,9330
2023-01-23 22:00:00,49480.43447039846,48906.170073842986,47644.612489009,47867.111856372045,4205
2023-01-23 23:00:00,47867.111856372045,49487.69734684861,48845.795707970225,49254.654962450266,6351
2023-01-24 00:00:00,49254.654962450266,49033.96039827208,47545.698003084355,48812.79669340092,1610
2023-01-24 01:00:00,48812.79669340092,49927.13827982638,48201.3985289956,48813.91546900213,2466
2023-01-24 02:00:00,48813.91546900213,50659.94480752706,50091.10533569756,50304.344374307104,4472
2023-01-24 03:00:00,50304.344374307104,50010.93556426791,49047.45352763976,49463.25133041801,1559
2023-01-24 04:00:00,49463.25133041801,50331.13930090569,47040.78348488668,49610.709707828355,7090
2023-01-24 05:00:00,49610.709707828355,50727.44338749211,48501.009768249205,49553.02966331756,7643
2023-01-24 06:00:00,49553.02966331756,49651.90164539612,48712.57591087077,49351.7385825525,7306
2023-01-24 07:00:00,49351.7385825525,51146.48946190416,48464.65115591958,49913.73634604777,1189
2023-01-24 08:00:00,49913.73634604777,51309.10931282777,48904.0195759361,49990.75379321302,9997
2023-01-24 09:00:00,49990.75379321302,49453.3465849427,48275.1408078355,48834.16200688325,3700
2023-01-24 10:00:00,48834.16200688325,48978.23269127454,46899.73934710989,48841.974638300046,6873
2023-01-24 11:00:00,48841.974638300046,50120.75011864174,48261.21563620435,49046.223047791056,3839
2023-01-24 12:00:00,49046.223047791056,50476.435277161945,49308.524804197565,49595.64981353582,3247
2023-01-24 13:00:00,49595.64981353582,49713.21012078203,47835.21103621396,49650.582090880205,2548
2023-01-24 14:00:00,49650.582090880205,49860.98098109267,48388.23410487692,49676.09349501661,5511
2023-01-24 15:00:00,49676.09349501661,50676.42322806891,49655.55209304895,49939.27505297631,4052
2023-01-24 16:00:00,49939.27505297631,49331.22125862413,47949.84625039952,48852.823860018805,4539
2023-01-24 17:00:00,48852.823860018805,52242.78215267559,47291.88270840295,49826.07509346132,2753
2023-01-24 18:00:00,49826.07509346132,50248.921131295254,48395.82475515143,50171.36402014093,5841
2023-01-24 19:00:00,50171.36402014093,50702.0895466049,49429.834261966,49554.52330741183,9965
2023-01-24 20:00:00,49554.52330741183,49835.833867451554,49117.241251614076,49507.780286070534,5635
2023-01-24 21:00:00,49507.780286070534,49312.71172824081,47580.029394102436,48787.35118710552,4310
2023-01-24 22:00:00,48787.35118710552,49653.57564267283,48430.22053874286,49094.02514009117,7051
2023-01-24 23:00:00,49094.02514009117,48676.128577094765,47534.924489079225,48448.4057319972,9041
2023-01-25 00:00:00,48448.4057319972,49449.35941061741,48550.289780064755,48871.55412472997,3189
2023-01-25 01:00:00,48871.55412472997,50236.625620752915,49628.65052809852,50048.33673941948,7549
2023-01-25 02:00:00,50048.33673941948,51789.17075164279,50243.88104415842,50677.694200292804,1786
2023-01-25 03:00:00,50677.694200292804,50476.55544940931,49061.04648779333,49398.82684601633,9126
2023-01-25 04:00:00,49398.82684601633,51327.678260532746,49756.82614905966,50713.04623601931,3403
2023-01-25 05:00:00,50713.04623601931,49969.89459958671,48271.54579334628,48752.36428127769,4295
2023-01-25 06:00:00,48752.36428127769,51084.52093902585,49550.06462890951,50804.886277867154,4582
2023-01-25 07:00:00,50804.886277867154,52204.6094462482,48584.56933014933,49877.31743668448,6700
2023-01-25 08:00:00,49877.31743668448,51083.33395504092,48444.44823050444,50031.67772231989,9645
2023-01-25 09:00:00,50031.67772231989,50342.706820597115,49635.471885183564,49755.37977699774,5874
2023-01-25 10:00:00,49755.37977699774,51825.29053580057,49005.57947227843,49592.68887171276,3349
2023-01-25 11:00:00,49592.68887171276,50204.60956755602,49390.86375261302,49492.0321685284,8265
2023-01-25 12:00:00,49492.0321685284,50039.971637206996,48295.87663111055,49590.68532516497,3031
2023-01-25 13:00:00,49590.68532516497,50354.61854817607,48361.01202014739,49096.28951195751,4556
2023-01-25 14:00:00,49096.28951195751,51302.71233676337,49274.87949729093,50353.52114393987,4094
2023-01-25 15:00:00,50353.52114393987,49349.3958701579,47985.72083683427,48882.48133896791,7279
2023-01-25 16:00:00,48882.48133896791,51516.80256833475,50044.372912675244,50146.4573880733,4941
2023-01-25 17:00:00,50146.4573880733,50369.494273375414,49281.11197822477,49572.13803818335,6868
2023-01-25 18:00:00,49572.13803818335,49791.346264490945,48997.166165485425,49210.2323328824,1131
2023-01-25 19:00:00,49210.2323328824,49200.209573235676,48084.4473251402,49036.93073195002,7516
2023-01-25 20:00:00,49036.93073195002,50180.88507926496,48744.90482616913,49872.699327634145,6277
2023-01-25 21:00:00,49872.699327634145,51023.50663903424,49916.80113982261,49940.9507431992,7030
2023-01-25 22:00:00,49940.9507431992,50150.63676780338,49869.700797409794,50006.46752981744,1079
2023-01-25 23:00:00,50006.46752981744,50436.696913158994,48798.34616506441,50422.075353844084,4728
2023-01-26 00:00:00,50422.075353844084,50246.92895851143,49376.64392880933,49535.015164977616,6030
2023-01-26 01:00:00,49535.015164977616,53000.64973105378,49601.57606189715,50031.10476105888,5205
2023-01-26 02:00:00,50031.10476105888,49994.126806564316,48277.11421169175,49789.442945484,7856
2023-01-26 03:00:00,49789.442945484,50939.48164614687,46512.74236494928,49446.663158222174,3552
2023-01-26 04:00:00,49446.663158222174,51823.3230841047,50595.46364898118,50661.19294081224,3946
2023-01-26 05:00:00,50661.19294081224,50888.27975961359,47367.8718804067,49448.42574392018,4872
2023-01-26 06:00:00,49448.42574392018,52892.48192594011,48562.83095704644,50251.36286844582,8738
2023-01-26 07:00:00,50251.36286844582,52229.313620379,50057.07737431618,50437.23964457315,2526
2023-01-26 08:00:00,50437.23964457315,50469.61924955699,49147.72180768752,49961.976233905196,2158
2023-01-26 09:00:00,49961.976233905196,51702.17886626721,50690.37022709531,50904.0225836529,2144
2023-01-26 10:00:00,50904.0225836529,50445.433012921625,48797.46657467949,49994.99418891856,5723
2023-01-26 11:00:00,49994.99418891856,50856.230297715745,49835.17950225559,50057.45878796821,4855
2023-01-26 12:00:00,50057.45878796821,50577.08874069363,49090.72401096796,49795.32246221732,4419
2023-01-26 13:00:00,49795.32246221732,50232.16119285576,49349.739006810625,49796.65072930836,1560
2023-01-26 14:00:00,49796.65072930836,51996.462550580174,50693.89009470481,50986.26747516538,5407
2023-01-26 15:00:00,50986.26747516538,50181.76434027525,49167.6281252926,49205.4516274609,7728
2023-01-26 16:00:00,49205.4516274609,51412.818749609905,49779.98287017697,51190.03741777522,1118
2023-01-26 17:00:00,51190.03741777522,51343.81383363158,49144.45918294742,50728.8676781452,1915
2023-01-26 18:00:00,50728.8676781452,51585.4733468689,48100.819266875355,49644.13435071162,6625
2023-01-26 19:00:00,49644.13435071162,51194.07725311698,49094.57543341987,50745.64756168148,3562
2023-01-26 20:00:00,50745.64756168148,50466.81101639018,48610.61497325429,49839.241042770234,7195
2023-01-26 21:00:00,49839.241042770234,50029.42713045292,48028.544244697434,49443.040585877265,5290
2023-01-26 22:00:00,49443.040585877265,50987.311127786576,47818.17422493052,49347.77626155215,2522
2023-01-26 23:00:00,49347.77626155215,50545.387870930346,48239.3189001662,49584.77689840148,2479
2023-01-27 00:00:00,49584.77689840148,50310.454890703746,49105.00314468917,49202.0378282494,9848
2023-01-27 01:00:00,49202.0378282494,50799.04850295863,49029.8853868396,50407.07368104906,7421
2023-01-27 02:00:00,50407.07368104906,51056.61010827125,49731.02863277519,50185.339736081,9939
2023-01-27 03:00:00,50185.339736081,49560.9315836672,49130.235969580855,49404.71691566293,3205
2023-01-27 04:00:00,49404.71691566293,50445.475791174606,49222.787676023814,50230.719125418786,5816
2023-01-27 05:00:00,50230.719125418786,51808.93787378601,48683.88368541331,50002.62001191906,4603
2023-01-27 06:00:00,50002.62001191906,50306.372777128425,50038.45375724672,50079.06483377622,2419
2023-01-27 07:00:00,50079.06483377622,49941.69010223667,48265.41362890719,49591.261676556314,7536
2023-01-27 08:00:00,49591.261676556314,49364.39690389178,48658.36755637559,49354.90548337548,3886
2023-01-27 09:00:00,49354.90548337548,49852.26600123948,49089.37692623864,49619.68890233509,4596
2023-01-27 10:00:00,49619.68890233509,50733.584557918155,49890.05933922416,50698.9403183105,2362
2023-01-27 11:00:00,50698.9403183105,50959.123146848535,49357.3210492902,50396.53496049395,4980
2023-01-27 12:00:00,50396.53496049395,49960.960575703146,49825.367929626074,49942.643545199244,1059
2023-01-27 13:00:00,49942.643545199244,50846.54079681201,49274.62428842466,50182.885833484055,8201
2023-01-27 14:00:00,50182.885833484055,50715.54383820032,48503.51879738678,50320.96346432269,9165
2023-01-27 15:00:00,50320.96346432269,50279.56080967229,48324.913186547,49979.88653379056,3161
2023-01-27 16:00:00,49979.88653379056,51640.60726834144,48537.77381545837,50068.280899675585,9800
2023-01-27 17:00:00,50068.280899675585,51240.45049430386,49382.41622157469,50633.500941185746,3364
2023-01-27 18:00:00,50633.500941185746,51529.735291929195,49391.633124721906,49498.660525394254,1245
2023-01-27 19:00:00,49498.660525394254,51440.468996737436,47332.67818533229,50426.33603038816,1276
2023-01-27 20:00:00,50426.33603038816,49840.369487693795,48308.18914731178,49104.67664531923,5053
2023-01-27 21:00:00,49104.67664531923,52296.66925451621,51265.78412913561,51437.87960343815,2717
2023-01-27 22:00:00,51437.87960343815,51206.71928244803,50147.58460135696,50620.47188128556,6714
2023-01-27 23:00:00,50620.47188128556,51430.73833162923,49456.350246414186,50161.69862773621,7255
2023-01-28 00:00:00,50161.69862773621,50974.90261977606,49692.77148605764,50076.74181679301,4647
2023-01-28 01:00:00,50076.74181679301,50416.13103974716,49546.59653390976,50392.79238788342,4652
2023-01-28 02:00:00,50392.79238788342,52600.14372171837,50289.392758829534,50737.073038503295,7307
2023-01-28 03:00:00,50737.073038503295,49947.559744086415,49351.05344622096,49872.75928181563,6140
2023-01-28 04:00:00,49872.75928181563,50747.656933947976,48094.753913711225,49811.666850786656,9727
2023-01-28 05:00:00,49811.666850786656,51112.3929854059,49880.29724664567,50266.0785342479,4941
2023-01-28 06:00:00,50266.0785342479,52085.87593795402,48997.9449860217,50518.75762286729,2403
2023-01-28 07:00:00,50518.75762286729,53077.10591114479,49817.06013980292,50699.92580747147,8506
2023-01-28 08:00:00,50699.92580747147,50828.43831499832,49729.417013404505,50580.97083120051,6060
2023-01-28 09:00:00,50580.97083120051,50781.796735386735,49649.09070816117,49655.76339800182,3196
2023-01-28 10:00:00,49655.76339800182,50644.478578767084,49861.07041354922,50167.58124225687,7023
2023-01-28 11:00:00,50167.58124225687,51914.37150426651,48020.40435355354,50235.64637733618,9204
2023-01-28 12:00:00,50235.64637733618,51689.876050998,49723.483623189386,50603.552800418816,1662
2023-01-28 13:00:00,50603.552800418816,52384.17216787667,48190.64519310571,50591.3733369854,4018
2023-01-28 14:00:00,50591.3733369854,50563.02869404716,49209.101196291165,49369.9081943922,1328
2023-01-28 15:00:00,49369.9081943922,50943.47503052323,49585.974691743955,50294.0798044277,4846
2023-01-28 16:00:00,50294.0798044277,52736.95448632632,49178.8027659037,50674.265702552,4714
2023-01-28 17:00:00,50674.265702552,52505.80768905563,50534.14706009673,50994.565535400965,4117
2023-01-28 18:00:00,50994.565535400965,51211.5474610654,51132.873435656176,51139.650892185935,3251
2023-01-28 19:00:00,51139.650892185935,50687.059992622504,48941.22641904107,50235.173366994306,5606
2023-01-28 20:00:00,50235.173366994306,51950.65326056551,50258.852312375144,50261.11024425805,5451
2023-01-28 21:00:00,50261.11024425805,52143.556774167366,50113.890340834434,50506.36851155477,3906
2023-01-28 22:00:00,50506.36851155477,50606.060610581924,47561.541624397636,50432.00790583806,4012
2023-01-28 23:00:00,50432.00790583806,51579.35717730755,49625.23279182598,51035.368408082846,4491
2023-01-29 00:00:00,51035.368408082846,49729.80597138426,49366.082218926014,49707.62788036798,7883
2023-01-29 01:00:00,49707.62788036798,51371.75437679873,49828.57834505639,50923.72263365832,5768
2023-01-29 02:00:00,50923.72263365832,51477.127261241985,49420.38707696603,50351.80962382147,2436
2023-01-29 03:00:00,50351.80962382147,49672.687779417276,48633.16159820814,49570.98440958117,5800
2023-01-29 04:00:00,49570.98440958117,51911.76315747876,49528.46670481014,50861.001083847776,7153
2023-01-29 05:00:00,50861.001083847776,50590.188126232824,47910.918948425424,49194.18736505417,8612
2023-01-29 06:00:00,49194.18736505417,51879.58209008248,49770.45764032409,50693.879006299954,2097
2023-01-29 07:00:00,50693.879006299954,51843.860530163416,50154.35070255722,50596.94512646288,9455
2023-01-29 08:00:00,50596.94512646288,51898.38829474148,49686.43955036753,50803.61414199099,8081
2023-01-29 09:00:00,50803.61414199099,51394.794344155176,49149.07159103814,50036.22262666105,6588
2023-01-29 10:00:00,50036.22262666105,50507.68100757623,49703.73081514272,50453.307728804386,4718
2023-01-29 11:00:00,50453.307728804386,50141.17917274762,47846.781434307806,50074.47893825007,9758
2023-01-29 12:00:00,50074.47893825007,50771.17893808275,47919.57790447222,50106.78398906069,4501
2023-01-29 13:00:00,50106.78398906069,52159.29423296439,50860.51302048106,51413.32950259047,8274
2023-01-29 14:00:00,51413.32950259047,50845.68001331016,49612.43282807006,49757.7318306303,1513
2023-01-29 15:00:00,49757.7318306303,50794.06640519178,50428.303943830564,50469.6764942899,1902
2023-01-29 16:00:00,50469.6764942899,51301.0033423631,50789.88318205984,51101.92086611597,3321
2023-01-29 17:00:00,51101.92086611597,52148.39605068969,50732.74856790116,51502.61082534418,8712
2023-01-29 18:00:00,51502.61082534418,51366.3642496517,50022.9296883782,50354.51422716414,7624
2023-01-29 19:00:00,50354.51422716414,50364.44561325464,47933.6370846417,50305.89797124914,5651
2023-01-29 20:00:00,50305.89797124914,51372.76458075902,50736.73897228502,50767.21335531964,6207
2023-01-29 21:00:00,50767.21335531964,51597.96959081907,50398.76321949172,51407.63447850886,2031
2023-01-29 22:00:00,51407.63447850886,51175.54271184461,49978.05671227436,50258.15175860642,5947
2023-01-29 23:00:00,50258.15175860642,50577.759167594806,48862.07621387794,50304.35173130245,6061
2023-01-30 00:00:00,50304.35173130245,52858.31962938038,49107.80656807949,50721.317371126024,3065
2023-01-30 01:00:00,50721.317371126024,51394.895633023945,49491.204825876266,50752.78880834332,7773
2023-01-30 02:00:00,50752.78880834332,50341.99518639454,48019.24168451385,50180.99537404177,5442
2023-01-30 03:00:00,50180.99537404177,50894.221612884176,48527.05107930238,50347.19235461332,1575
2023-01-30 04:00:00,50347.19235461332,51354.424465216856,50514.48942116001,50950.49070532985,4458
2023-01-30 05:00:00,50950.49070532985,52153.4787915508,50972.70787402958,51050.3327363909,9662
2023-01-30 06:00:00,51050.3327363909,51431.73654024478,50059.632482224864,50320.89418358602,8589
2023-01-30 07:00:00,50320.89418358602,51483.688135664466,50661.85538420237,51455.9091496437,4041
2023-01-30 08:00:00,51455.9091496437,51167.93504895965,50083.60087446008,50586.807612162425,9796
2023-01-30 09:00:00,50586.807612162425,51971.79310227071,50454.48154010061,50998.90313545425,8177
2023-01-30 10:00:00,50998.90313545425,51827.277966007074,51248.9186922501,51810.91162328237,2517
2023-01-30 11:00:00,51810.91162328237,52438.57765767279,50543.99447258706,51198.783328394355,8859
2023-01-30 12:00:00,51198.783328394355,51376.62668173705,48660.7917743102,50876.24193848175,3150
2023-01-30 13:00:00,50876.24193848175,52023.929048321625,50113.44127290507,51004.346154465704,5960
2023-01-30 14:00:00,51004.346154465704,52261.75785212134,50344.69412315517,51294.10204177699,9138
2023-01-30 15:00:00,51294.10204177699,50649.183911098204,50115.65966173442,50344.68749114867,1845
2023-01-30 16:00:00,50344.68749114867,51478.70512750446,49091.55947192784,49786.80454818046,4255
2023-01-30 17:00:00,49786.80454818046,50391.037694887804,49656.29429401779,50227.09594367344,6668
2023-01-30 18:00:00,50227.09594367344,51444.11665210337,50181.13912754062,50646.6583826916,9956
2023-01-30 19:00:00,50646.6583826916,51220.358406611966,49683.84946693067,51199.75162990788,7062
2023-01-30 20:00:00,51199.75162990788,52459.53990346497,49043.44991508746,50507.63913567246,8838
2023-01-30 21:00:00,50507.63913567246,52096.70037104094,50037.92396580821,50946.65819641321,5033
2023-01-30 22:00:00,50946.65819641321,51687.78227675285,50510.58143033953,51615.072300330845,7546
2023-01-30 23:00:00,51615.072300330845,52603.238481323344,50779.49899354871,51185.531228934466,4960
2023-01-31 00:00:00,51185.531228934466,51415.50871060161,51300.94087925304,51411.61524073732,7974
2023-01-31 01:00:00,51411.61524073732,50406.69553060692,49776.239301688904,50182.68708826689,7382
2023-01-31 02:00:00,50182.68708826689,52357.70976181101,48573.39059391162,50511.78806149927,6656
2023-01-31 03:00:00,50511.78806149927,51669.53022189164,50506.502684251675,51136.00309242591,8097
2023-01-31 04:00:00,51136.00309242591,51252.179136387764,48106.33444351492,50860.497190644855,5710
2023-01-31 05:00:00,50860.497190644855,51999.41614597374,50271.80459961388,51706.998008387374,6909
2023-01-31 06:00:00,51706.998008387374,52694.594340287105,51559.207657325525,52162.610839717774,9066
2023-01-31 07:00:00,52162.610839717774,50190.93970256228,48577.05870953682,49987.508534876986,5031
2023-01-31 08:00:00,49987.508534876986,52504.596356362155,50575.10915456237,51064.69414399484,3211
2023-01-31 09:00:00,51064.69414399484,52553.39386618428,50770.852609927904,51217.38310155075,5948
2023-01-31 10:00:00,51217.38310155075,50461.61454434603,48970.09886395714,50273.808060758456,2756
2023-01-31 11:00:00,50273.808060758456,50634.78079939701,50113.148013764796,50465.70609455918,9432
2023-01-31 12:00:00,50465.70609455918,51232.6220891325,50476.35885759651,51189.80760167669,7975
2023-01-31 13:00:00,51189.80760167669,51788.50891314185,50133.315172113325,51099.570592113116,5318
2023-01-31 14:00:00,51099.570592113116,51662.612357800324,49644.45061343526,51128.30021881096,3428
2023-01-31 15:00:00,51128.30021881096,51792.63014361276,48856.05132380854,50607.176925929634,7664
2023-01-31 16:00:00,50607.176925929634,51972.48595293527,50443.77374907503,50924.0637542474,8634
2023-01-31 17:00:00,50924.0637542474,52102.19080149748,48614.960652610316,51244.772226984554,4958
2023-01-31 18:00:00,51244.772226984554,51209.36135697779,50277.85095791486,51134.88602117195,6331
2023-01-31 19:00:00,51134.88602117195,52114.38903523389,50295.44831833458,50710.02291912498,2824
2023-01-31 20:00:00,50710.02291912498,51269.45610022669,50220.86410005074,50747.48820981385,5953
2023-01-31 21:00:00,50747.48820981385,50878.69367432789,50284.110194878645,50740.15412205823,5275
2023-01-31 22:00:00,50740.15412205823,51430.2776150859,50874.780543779634,51410.742476578824,3774
2023-01-31 23:00:00,51410.742476578824,51021.160364618554,48487.31627345113,50066.783720853826,9365
2023-02-01 00:00:00,50066.783720853826,52094.49137180126,51034.93913851638,51581.022809122274,9450
2023-02-01 01:00:00,51581.022809122274,52235.37580982869,51094.196389942226,52232.25527709479,9787
2023-02-01 02:00:00,52232.25527709479,51948.615293537565,50571.810028656015,51048.751823707076,4754
2023-02-01 03:00:00,51048.751823707076,52094.04278426781,51883.009523846435,51964.8571735606,5521
2023-02-01 04:00:00,51964.8571735606,52105.29759829233,51449.51004643521,51571.75507850592,9330
2023-02-01 05:00:00,51571.75507850592,51957.70057237478,49875.28884757708,51268.466143249294,3832
2023-02-01 06:00:00,51268.466143249294,52459.98211194593,49615.42727046646,50700.90136657469,8624
2023-02-01 07:00:00,50700.90136657469,52689.25484333638,48587.50685721504,50977.40819294814,2980
2023-02-01 08:00:00,50977.40819294814,51383.77597279177,49229.56769517395,50755.636467012795,4519
2023-02-01 09:00:00,50755.636467012795,52511.1515541758,50987.36126476934,51463.830264379045,2225
2023-02-01 10:00:00,51463.830264379045,52848.12019708931,51045.2023079902,51728.16709172676,3844
2023-02-01 11:00:00,51728.16709172676,51935.82366795962,50420.589022079854,50894.471506317546,3447
2023-02-01 12:00:00,50894.471506317546,52106.90417601457,49418.59658562522,50060.26156454117,6305
2023-02-01 13:00:00,50060.26156454117,51288.63387860528,50592.09156826337,50935.42318866613,3720
2023-02-01 14:00:00,50935.42318866613,52694.658814696275,49540.83728108956,51315.96999139664,8686
2023-02-01 15:00:00,51315.96999139664,53099.53048927151,50411.428670481844,51929.24373265925,9414
2023-02-01 16:00:00,51929.24373265925,51334.64032326024,50908.5099271636,51297.02828705168,4723
2023-02-01 17:00:00,51297.02828705168,50539.552171016876,50084.005490089476,50528.49749382587,1948
2023-02-01 18:00:00,50528.49749382587,53283.13265536588,50805.97662651321,51554.58633865807,1193
2023-02-01 19:00:00,51554.58633865807,52020.771842922375,49994.29070669518,51785.988228357426,3923
2023-02-01 20:00:00,51785.988228357426,51719.6021521558,49201.70872583497,50456.24124599643,5566
2023-02-01 21:00:00,50456.24124599643,50189.076109826005,50080.58768219732,50134.04579544679,6108
2023-02-01 22:00:00,50134.04579544679,51311.93820127724,49785.37732666038,50946.76405617123,6831
2023-02-01 23:00:00,50946.76405617123,50294.46850775038,49966.4145538661,50224.62635893256,2061
2023-02-02 00:00:00,50224.62635893256,51626.61335447722,50351.00662044439,50757.921341101515,7807
2023-02-02 01:00:00,50757.921341101515,50922.70347851946,48991.707132923686,49588.65251620322,2120
2023-02-02 02:00:00,49588.65251620322,52484.474618631066,50607.057751641245,51912.465027332015,8224
2023-02-02 03:00:00,51912.465027332015,51530.54051886998,50460.00559146602,50800.9366649768,3039
2023-02-02 04:00:00,50800.9366649768,52040.47856074368,49391.12188831879,51264.655049876135,4527
2023-02-02 05:00:00,51264.655049876135,51741.43748409583,50405.94123768005,51181.451723976126,3373
2023-02-02 06:00:00,51181.451723976126,52325.47124916659,50958.40977126895,51645.9754723691,6735
2023-02-02 07:00:00,51645.9754723691,51404.02318433569,49742.404398804654,50931.65948705974,7990
2023-02-02 08:00:00,50931.65948705974,51063.55502433714,49583.23230183862,50620.16639929022,2504
2023-02-02 09:00:00,50620.16639929022,51721.66943102344,50435.962895354925,51217.95148970708,9002
2023-02-02 10:00:00,51217.95148970708,51339.6262757177,49605.091209811726,50634.38183773472,2307
2023-02-02 11:00:00,50634.38183773472,51117.947550798446,50475.79802901997,50902.59146764259,5939
2023-02-02 12:00:00,50902.59146764259,50759.87398849356,50314.92343259747,50665.11553325994,2428
2023-02-02 13:00:00,50665.11553325994,51772.274432714774,51163.352013074014,51478.80944921598,5660
2023-02-02 14:00:00,51478.80944921598,51069.626348080405,49740.70188199837,50897.249532371476,9265
2023-02-02 15:00:00,50897.249532371476,51436.92824152072,49854.078075836485,51296.239685062756,4477
2023-02-02 16:00:00,51296.239685062756,51129.83487024966,50507.83269221237,50772.370995831225,9449
2023-02-02 17:00:00,50772.370995831225,50796.78138752959,49973.00332613065,50410.63670235731,3806
2023-02-02 18:00:00,50410.63670235731,50717.70607193576,48845.04225241954,50359.773885946335,9334
2023-02-02 19:00:00,50359.773885946335,52017.93389904689,49841.932821620365,51020.600296120014,3074
2023-02-02 20:00:00,51020.600296120014,52517.74175767319,51275.14221703568,51618.96541537207,1201
2023-02-02 21:00:00,51618.96541537207,50987.463561115175,49920.614266062235,50630.42479542904,3102
2023-02-02 22:00:00,50630.42479542904,51724.22500323327,51084.35615544646,51609.66019090927,7697
2023-02-02 23:00:00,51609.66019090927,52466.13478730356,49927.69426425314,51064.655659059645,2329
2023-02-03 00:00:00,51064.655659059645,52277.570809355566,51260.147970782025,51380.187551721145,7027
2023-02-03 01:00:00,51380.187551721145,52892.3875035718,49654.3941061424,50849.58768623038,5823
2023-02-03 02:00:00,50849.58768623038,51731.866497812895,50812.92548527354,51074.536662833176,7210
2023-02-03 03:00:00,51074.536662833176,49857.734434000304,48587.26356341403,49568.808416869455,2274
2023-02-03 04:00:00,49568.808416869455,51533.59962340723,50216.149689332466,51480.87917673454,8763
2023-02-03 05:00:00,51480.87917673454,50771.389955352206,50425.432602948924,50520.575571468595,3377
2023-02-03 06:00:00,50520.575571468595,52056.97376188257,51821.4624995488,52053.600586094304,7329
2023-02-03 07:00:00,52053.600586094304,52080.26776042723,50655.52456642483,50659.56574129335,4054
2023-02-03 08:00:00,50659.56574129335,52403.69981615618,51108.23399848001,51709.417016452804,1553
2023-02-03 09:00:00,51709.417016452804,50853.80864825238,50137.04158573804,50620.232395786166,9896
2023-02-03 10:00:00,50620.232395786166,51308.78768567438,50310.37023846264,50541.07812331434,1814
2023-02-03 11:00:00,50541.07812331434,53188.8445771802,50188.3105030595,51828.502474613466,5470
2023-02-03 12:00:00,51828.502474613466,51200.53549507588,49456.409683523474,50888.509267155845,8717
2023-02-03 13:00:00,50888.509267155845,50603.383792882574,48088.71309408454,50230.90022214629,6938
2023-02-03 14:00:00,50230.90022214629,51309.762058181776,49261.02854711707,50972.4634731437,1524
2023-02-03 15:00:00,50972.4634731437,53029.596035437105,51338.79580183719,52605.66082653591,9113
2023-02-03 16:00:00,52605.66082653591,52131.25726574929,49862.88879468477,50631.31804630298,3238
2023-02-03 17:00:00,50631.31804630298,52918.049020727485,50456.9057411237,51578.72038835384,7600
2023-02-03 18:00:00,51578.72038835384,51236.008902252666,48906.46501162596,50283.084908146884,9243
2023-02-03 19:00:00,50283.084908146884,52397.721558679434,49209.34079817266,50666.58718843735,2287
2023-02-03 20:00:00,50666.58718843735,52167.64617408054,50561.59302700752,51539.97592702169,5780
2023-02-03 21:00:00,51539.97592702169,51691.05979232916,51505.99718960034,51637.33563659347,4138
2023-02-03 22:00:00,51637.33563659347,51605.0553704343,50923.33043008356,51420.50881824011,8051
2023-02-03 23:00:00,51420.50881824011,50984.60231876882,48207.59846413991,50568.559118759506,7984
2023-02-04 00:00:00,50568.559118759506,52876.594550754395,50090.46833999386,51503.109388212266,7411
2023-02-04 01:00:00,51503.109388212266,51656.907819882836,50709.29711240599,50782.90970219729,4288
2023-02-04 02:00:00,50782.90970219729,51792.75149742296,50292.700873354945,51192.42302651852,9298
2023-02-04 03:00:00,51192.42302651852,51459.557142228514,50049.367306646505,50445.66951227998,6090
2023-02-04 04:00:00,50445.66951227998,52360.2625901101,50956.44627111669,51682.22601062306,9305
2023-02-04 05:00:00,51682.22601062306,51444.995856418864,49315.78788159114,51198.783461428786,1085
2023-02-04 06:00:00,51198.783461428786,51406.53038047542,49697.83123327815,51182.15646173765,6834
2023-02-04 07:00:00,51182.15646173765,51923.12671892878,51183.08444553411,51457.05513486776,1803
2023-02-04 08:00:00,51457.05513486776,53108.718116980206,52161.77039593076,52256.440699608815,5182
2023-02-04 09:00:00,52256.440699608815,51955.7082767368,49918.6000396059,51121.325384806376,4093
2023-02-04 10:00:00,51121.325384806376,50818.58579255207,49368.908757843514,50778.13491950191,2440
2023-02-04 11:00:00,50778.13491950191,52282.40923297528,50411.31202309054,50803.36043047063,9746
2023-02-04 12:00:00,50803.36043047063,53161.264360041896,51455.03043583855,51605.94148034697,3036
2023-02-04 13:00:00,51605.94148034697,52512.13788548516,51270.72364640303,51511.89750549094,6314
2023-02-04 14:00:00,51511.89750549094,51786.2469639909,50413.07641706613,50879.97248816008,9863
2023-02-04 15:00:00,50879.97248816008,52616.12943245892,49928.460778514884,50628.61509843969,2472
2023-02-04 16:00:00,50628.61509843969,50960.439083551115,49958.82514906897,50917.94047005959,5753
2023-02-04 17:00:00,50917.94047005959,50812.91956690611,50056.50614410389,50671.44981733829,1740
2023-02-04 18:00:00,50671.44981733829,52177.888395174516,50827.61678396749,51193.417879143686,4680
2023-02-04 19:00:00,51193.417879143686,51200.18681217462,49408.599172640024,50731.68473486544,8177
2023-02-04 20:00:00,50731.68473486544,50520.762864298755,50233.52117692289,50448.69692048659,2762
2023-02-04 21:00:00,50448.69692048659,51999.526872494534,48808.0454638922,50745.46651652787,3560
2023-02-04 22:00:00,50745.46651652787,53616.914075410205,50795.222544222815,51663.52431997961,3781
2023-02-04 23:00:00,51663.52431997961,50878.60314548973,50529.57319146733,50682.99035233474,3511
2023-02-05 00:00:00,50682.99035233474,51531.50405374097,50050.99853853313,50881.95636518447,2847
2023-02-05 01:00:00,50881.95636518447,51778.55126712972,50643.4922352874,51050.09457779719,5568
2023-02-05 02:00:00,51050.09457779719,51797.30839848911,51460.021451974186,51475.255126163145,7582
2023-02-05 03:00:00,51475.255126163145,51896.36027689992,50033.08526732677,50976.12577377066,3216
2023-02-05 04:00:00,50976.12577377066,53002.592248128516,48817.381114015974,50740.88801494733,5809
2023-02-05 05:00:00,50740.88801494733,51734.823891068234,48101.67532573864,50627.90332114621,8771
2023-02-05 06:00:00,50627.90332114621,50578.29907518444,49749.435048127336,50187.58180345117,3548
2023-02-05 07:00:00,50187.58180345117,51916.11773945013,50554.623150516185,51824.42552794146,8948
2023-02-05 08:00:00,51824.42552794146,51468.643054176224,50232.0056959945,50509.26959921681,2381
2023-02-05 09:00:00,50509.26959921681,51107.72892196806,49975.335899637146,50932.547234679936,2208
2023-02-05 10:00:00,50932.547234679936,51116.53055099883,50050.77293414343,51081.72044421413,4341
2023-02-05 11:00:00,51081.72044421413,51811.205502877296,50764.62705151134,51386.55157887202,8890
2023-02-05 12:00:00,51386.55157887202,51218.87374335595,50025.19499749222,50705.34346446996,1495
2023-02-05 13:00:00,50705.34346446996,52906.56340711245,51142.85921605442,51770.368020013164,2982
2023-02-05 14:00:00,51770.368020013164,50819.164947958896,49851.78048071243,50326.733947201814,9756
2023-02-05 15:00:00,50326.733947201814,51516.39971970795,50012.13878399741,50748.5419021571,1849
2023-02-05 16:00:00,50748.5419021571,51521.17782017318,48934.32737757796,51223.82071761439,7336
2023-02-05 17:00:00,51223.82071761439,50773.898470369495,49738.93487375074,50747.78187966442,8953
2023-02-05 18:00:00,50747.78187966442,51951.53253701687,50731.35841746432,50882.02886910944,4742
2023-02-05 19:00:00,50882.02886910944,51064.86288116024,50515.60417612923,50563.069042076204,2222
2023-02-05 20:00:00,50563.069042076204,50793.706040630605,50075.82281400018,50644.80162656248,9058
2023-02-05 21:00:00,50644.80162656248,52815.207137165904,49955.81867551506,51076.1737109392,5488
2023-02-05 22:00:00,51076.1737109392,52073.14054672838,49572.79016347096,51303.6490246927,5929
2023-02-05 23:00:00,51303.6490246927,51564.185086282225,49812.845549886566,51157.18227160303,8050
2023-02-06 00:00:00,51157.18227160303,52475.45814807685,50861.064207886666,51665.572497260895,7668
2023-02-06 01:00:00,51665.572497260895,50862.647385373086,50366.55346006507,50564.48812768865,7648
2023-02-06 02:00:00,50564.48812768865,51291.763525760776,49703.72068296303,50580.35659243162,3519
2023-02-06 03:00:00,50580.35659243162,50149.192797656746,49467.31409435109,49917.34126213565,8450
2023-02-06 04:00:00,49917.34126213565,51134.944491102375,49918.890523443,50183.223051624685,1744
2023-02-06 05:00:00,50183.223051624685,53553.747774715375,51553.81101384054,51565.995354484,7713
2023-02-06 06:00:00,51565.995354484,52561.09620672591,49007.52816988169,50618.72016388261,6973
2023-02-06 07:00:00,50618.72016388261,52536.561233127635,49018.14887699886,51276.6207390774,1947
2023-02-06 08:00:00,51276.6207390774,51509.66304867289,49495.36621451159,50806.353691711265,2697
2023-02-06 09:00:00,50806.353691711265,52092.4125900252,49889.193473296975,50931.04166271763,9562
2023-02-06 10:00:00,50931.04166271763,52999.935613611844,51004.186831733794,51173.49336446686,4310
2023-02-06 11:00:00,51173.49336446686,51120.06707159789,50435.43795086608,51001.42765489738,1393
2023-02-06 12:00:00,51001.42765489738,49857.13413461767,47392.32850295445,49738.679908387414,6988
2023-02-06 13:00:00,49738.679908387414,52217.07437411266,50478.36091577263,51333.435581438454,3781
2023-02-06 14:00:00,51333.435581438454,51361.36225849951,50497.56027063188,51114.94398557907,9973
2023-02-06 15:00:00,51114.94398557907,52357.385709954026,50951.15634247169,51289.55396706447,3274
2023-02-06 16:00:00,51289.55396706447,52306.39651917734,50823.15408602424,50996.71890099457,5674
2023-02-06 17:00:00,50996.71890099457,50798.53499859732,49700.83121583783,49816.60764257389,4381
2023-02-06 18:00:00,49816.60764257389,51005.182601199,49865.46578478909,50187.52347056661,4984
2023-02-06 19:00:00,50187.52347056661,50985.50912380633,49378.480459305596,50515.120229446766,8315
2023-02-06 20:00:00,50515.120229446766,50954.11075512402,50742.49218837154,50870.618421191684,5704
2023-02-06 21:00:00,50870.618421191684,51923.08385700381,51174.72733133936,51434.07904756976,2224
2023-02-06 22:00:00,51434.07904756976,50907.19375324262,50328.65139857881,50674.81443295649,5245
2023-02-06 23:00:00,50674.81443295649,49927.578020674395,49212.916438797874,49908.283284105964,7607
2023-02-07 00:00:00,49908.283284105964,51674.92398194917,49702.45685537197,50540.638002046726,9152
2023-02-07 01:00:00,50540.638002046726,51728.10957478307,49469.65568384081,50203.93841596626,6768
2023-02-07 02:00:00,50203.93841596626,51298.46145545707,49293.28239844974,50498.560645105295,1080
2023-02-07 03:00:00,50498.560645105295,51043.75925251901,49863.29804128371,50909.95743420243,1184
2023-02-07 04:00:00,50909.95743420243,50339.355533811125,49264.7141078154,49792.5076499406,8263
2023-02-07 05:00:00,49792.5076499406,50676.98908190725,48818.414515616336,50136.119134455716,6633
2023-02-07 06:00:00,50136.119134455716,51191.19676259072,50090.50820875267,51173.91739819848,6961
2023-02-07 07:00:00,51173.91739819848,50992.974796678864,50109.350889504174,50550.45910491325,1490
2023-02-07 08:00:00,50550.45910491325,51801.035290024796,50655.0214635233,50819.539319674645,6387
2023-02-07 09:00:00,50819.539319674645,50857.72963036468,48371.804240673526,50099.136339054494,9271
2023-02-07 10:00:00,50099.136339054494,50915.439168817844,48632.5660020088,50067.78362351342,6566
2023-02-07 11:00:00,50067.78362351342,50788.81615285296,50311.779313589606,50468.47995892973,4866
2023-02-07 12:00:00,50468.47995892973,51305.73184984531,49751.314742030736,50420.30437336019,2944
2023-02-07 13:00:00,50420.30437336019,49990.88110276249,49297.88694303368,49683.937420677066,6867
2023-02-07 14:00:00,49683.937420677066,50570.809360236766,48592.109084828204,49637.75145095032,8587
2023-02-07 15:00:00,49637.75145095032,51368.28184244428,50107.39862113419,50675.237624725676,2353
2023-02-07 16:00:00,50675.237624725676,52531.34319875499,50845.36498313219,50857.563183450075,9678
2023-02-07 17:00:00,50857.563183450075,50769.60446155289,49107.396689744615,50473.670040335055,5314
2023-02-07 18:00:00,50473.670040335055,51082.145962829025,48644.67698352376,50840.98137559923,1690
2023-02-07 19:00:00,50840.98137559923,50637.05473729424,49814.03453046786,49937.33736311675,3347
2023-02-07 20:00:00,49937.33736311675,50455.439731841805,49880.67267315782,50011.81055168095,8930
2023-02-07 21:00:00,50011.81055168095,50112.650450145746,48094.49897617572,49868.15806987717,8372
2023-02-07 22:00:00,49868.15806987717,50905.30664055887,49364.68012585164,50390.581414681714,2399
2023-02-07 23:00:00,50390.581414681714,51053.86591827221,49732.5198564517,50017.43631395513,9441
2023-02-08 00:00:00,50017.43631395513,50694.08836968867,49370.893314268265,50554.052610692925,7443
2023-02-08 01:00:00,50554.052610692925,51502.31944289365,50839.31134574646,51027.904095685735,3738
2023-02-08 02:00:00,51027.904095685735,50364.01170319205,50091.765676285446,50322.181095637134,8983
2023-02-08 03:00:00,50322.181095637134,50426.29524625293,49953.30998390097,50420.461436502046,9452
2023-02-08 04:00:00,50420.461436502046,50796.05707420683,49593.198434339545,50438.73032929015,3573
2023-02-08 05:00:00,50438.73032929015,50585.162728075375,49392.9632605024,50465.64314182343,2306
2023-02-08 06:00:00,50465.64314182343,50837.18806694281,49370.15378624781,50328.3378729628,8311
2023-02-08 07:00:00,50328.3378729628,51255.02594835809,48797.57819756431,50160.252494620036,1812
2023-02-08 08:00:00,50160.252494620036,51275.18208087574,49283.514758126585,49313.52073365796,9826
2023-02-08 09:00:00,49313.52073365796,51221.659950298694,48971.53954265064,50290.559563925846,9460
2023-02-08 10:00:00,50290.559563925846,50785.88937465268,48394.91598987819,49720.67866826857,9294
2023-02-08 11:00:00,49720.67866826857,51819.85950938166,48435.28001871011,49792.89345664238,5334
2023-02-08 12:00:00,49792.89345664238,52039.17721983181,49796.556353397275,50430.72709835461,7750
2023-02-08 13:00:00,50430.72709835461,51309.1129851073,50568.209007517224,51094.30034320753,3577
2023-02-08 14:00:00,51094.30034320753,51525.533663057875,49921.14602832761,50655.172164866235,6945
2023-02-08 15:00:00,50655.172164866235,51200.51284405242,49180.700833584946,49851.41297063753,8131
2023-02-08 16:00:00,49851.41297063753,50815.18524624839,49380.61303159644,50053.20428202967,7018
2023-02-08 17:00:00,50053.20428202967,50350.47198376771,49859.53943482219,50298.77472404579,6180
2023-02-08 18:00:00,50298.77472404579,52056.870710481155,49076.396355323486,50563.96776728345,6412
2023-02-08 19:00:00,50563.96776728345,49533.030674631016,49234.71009090588,49275.16282225124,1364
2023-02-08 20:00:00,49275.16282225124,49317.50275713539,49301.94518971387,49309.54739202572,6272
2023-02-08 21:00:00,49309.54739202572,51095.49575595884,50580.701203236546,50695.22827904422,6131
2023-02-08 22:00:00,50695.22827904422,51075.25528683226,49894.9033420464,49915.41791507149,3704
2023-02-08 23:00:00,49915.41791507149,50419.575168316005,49918.876130407276,50002.290686510736,6736
2023-02-09 00:00:00,50002.290686510736,51597.93831416784,48475.3932456177,50489.29781001362,3418
2023-02-09 01:00:00,50489.29781001362,51659.72646787644,49666.55913911547,50788.637661315326,9524
2023-02-09 02:00:00,50788.637661315326,50308.68336089684,49383.224909613324,49975.6350793054,5549
2023-02-09 03:00:00,49975.6350793054,50419.57272744363,48560.88670788291,49665.635496758696,9123
2023-02-09 04:00:00,49665.635496758696,51115.2321544449,50642.524804964276,50867.33126836927,8067
2023-02-09 05:00:00,50867.33126836927,50098.444639477966,49362.71574324659,49752.0753755802,4879
2023-02-09 06:00:00,49752.0753755802,53114.95785415305,48967.47649912252,50178.3621985129,3267
2023-02-09 07:00:00,50178.3621985129,50464.67849945739,49804.58610775855,50239.50257972834,5481
2023-02-09 08:00:00,50239.50257972834,51616.689397400674,49504.28485532189,50009.7726468204,5587
2023-02-09 09:00:00,50009.7726468204,50695.56314351426,47896.95277370249,50010.75828765578,6499
2023-02-09 10:00:00,50010.75828765578,50801.895056346766,48315.00037125939,49942.310473055135,6333
2023-02-09 11:00:00,49942.310473055135,49821.96418891508,49051.369329884015,49802.02962672241,1553
2023-02-09 12:00:00,49802.02962672241,50884.629969513575,49602.98854686323,50776.11258108286,8283
2023-02-09 13:00:00,50776.11258108286,49987.01058401425,49188.11485134763,49819.62792584527,3853
2023-02-09 14:00:00,49819.62792584527,51035.92149971788,49086.38748747815,49791.179981494206,1956
2023-02-09 15:00:00,49791.179981494206,50522.62225311383,47943.228272667446,50134.11614926613,3645
2023-02-09 16:00:00,50134.11614926613,50382.368731352544,48488.83563094079,50163.086927906385,7749
2023-02-09 17:00:00,50163.086927906385,50038.350132993066,49253.960620759724,49364.32407611365,1735
2023-02-09 18:00:00,49364.32407611365,51007.80615269915,48031.024725098396,49988.04615737411,2272
2023-02-09 19:00:00,49988.04615737411,51432.597486748826,50776.77596730063,51024.02941914819,1542
2023-02-09 20:00:00,51024.02941914819,50388.51056635215,48385.097777315896,50149.5243450853,1884
2023-02-09 21:00:00,50149.5243450853,50236.39150502357,48571.38799194942,49616.06234139198,4933
2023-02-09 22:00:00,49616.06234139198,49686.981626480054,49233.01281324218,49566.30032085455,9566
2023-02-09 23:00:00,49566.30032085455,49920.4551382964,49604.00747442921,49630.63880960442,2360
2023-02-10 00:00:00,49630.63880960442,50636.965513980336,50121.079504763795,50228.80449599083,6349
2023-02-10 01:00:00,50228.80449599083,51891.42608287097,49860.86948999102,49963.562058784206,1057
2023-02-10 02:00:00,49963.562058784206,49515.48758451208,49356.38548611112,49376.500831751946,3737
2023-02-10 03:00:00,49376.500831751946,50710.164720256,48831.87649031905,49680.86054550361,7786
2023-02-10 04:00:00,49680.86054550361,51661.76879466116,49955.63921319279,50794.357537894866,2775
2023-02-10 05:00:00,50794.357537894866,50288.66476762619,49002.648797134454,50052.54542377133,5385
2023-02-10 06:00:00,50052.54542377133,50932.30624096918,49286.8890608605,49741.02020760099,5677
2023-02-10 07:00:00,49741.02020760099,49235.36158757244,47907.184505630634,49035.440752656665,7285
2023-02-10 08:00:00,49035.440752656665,50883.867622463265,48937.65880832396,50011.33770812305,9714
2023-02-10 09:00:00,50011.33770812305,51321.64872138197,49437.179657267814,49817.90519684108,1909
2023-02-10 10:00:00,49817.90519684108,50149.92047799697,48462.76270590446,49563.76031061119,3560
2023-02-10 11:00:00,49563.76031061119,50016.62615644333,48445.82462917087,49578.647683027746,7855
2023-02-10 12:00:00,49578.647683027746,49919.86013920224,48926.808523659856,49556.47846097582,2084
2023-02-10 13:00:00,49556.47846097582,51745.34952528806,48781.896015884224,49717.47665386698,6473
2023-02-10 14:00:00,49717.47665386698,49794.039628606835,49517.40271025966,49698.01463072944,6835
2023-02-10 15:00:00,49698.01463072944,50457.540926525944,50210.952437651766,50343.40759447531,9567
2023-02-10 16:00:00,50343.40759447531,49472.37031440682,48637.89637634357,49375.198278209005,2545
2023-02-10 17:00:00,49375.198278209005,50437.619538618856,49210.33995484587,50379.278066152365,9581
2023-02-10 18:00:00,50379.278066152365,51740.04719664406,51089.41353733343,51249.404685791014,4625
2023-02-10 19:00:00,51249.404685791014,50029.199686779866,49572.53805796336,49783.84778600797,3570
2023-02-10 20:00:00,49783.84778600797,51009.36247750127,48774.99995739049,49805.628040917065,2976
2023-02-10 21:00:00,49805.628040917065,52435.98310544081,49836.58154457733,49976.69413504463,1898
2023-02-10 22:00:00,49976.69413504463,50084.19441552793,48734.77452431323,49690.184079494386,8453
2023-02-10 23:00:00,49690.184079494386,49910.36524656861,49529.77181874291,49560.35005194209,7172
2023-02-11 00:00:00,49560.35005194209,51000.99804180247,48321.440876001994,50193.506549198646,5570
2023-02-11 01:00:00,50193.506549198646,49062.46125777221,47125.592487283044,48147.890794406936,9246
2023-02-11 02:00:00,48147.890794406936,49884.24892451758,49206.77361823112,49707.02041608869,8256
2023-02-11 03:00:00,49707.02041608869,51664.45890841654,48838.04636970702,49406.32785046595,6996
2023-02-11 04:00:00,49406.32785046595,51349.15134356187,49061.02364233861,50066.470953298915,2263
2023-02-11 05:00:00,50066.470953298915,50524.291970129554,48807.16610590848,49786.50148644788,1232
2023-02-11 06:00:00,49786.50148644788,49636.44805285926,48663.08783141999,48883.27996382409,8926
2023-02-11 07:00:00,48883.27996382409,50154.16676803485,49903.52779049937,49994.79017846092,9599
2023-02-11 08:00:00,49994.79017846092,49856.833746345175,49376.64720687777,49812.26703072852,9026
2023-02-11 09:00:00,49812.26703072852,52431.36330018583,48919.84852685416,49805.76383569586,5937
2023-02-11 10:00:00,49805.76383569586,51107.60771267159,49542.454404587406,49754.2681583236,6826
2023-02-11 11:00:00,49754.2681583236,49932.17941424583,49370.89966350382,49907.575908259096,2689
2023-02-11 12:00:00,49907.575908259096,50563.21810082841,48884.286843044094,49877.14416825976,9917
2023-02-11 13:00:00,49877.14416825976,50844.382490203316,49580.2701015732,50049.84290273944,4205
2023-02-11 14:00:00,50049.84290273944,50491.16706470316,48719.82367998223,49065.279887785335,8384
2023-02-11 15:00:00,49065.279887785335,51359.43439986743,48201.21579585328,49125.13148786981,8007
2023-02-11 16:00:00,49125.13148786981,49879.79389382479,48326.26590458818,49416.23052036523,4052
2023-02-11 17:00:00,49416.23052036523,49357.099651250435,49068.90554963395,49325.35329636513,1383
2023-02-11 18:00:00,49325.35329636513,49720.55095849067,49151.26639599076,49575.77916357506,6248
2023-02-11 19:00:00,49575.77916357506,49628.406493929535,48549.83823171686,49052.337131995715,4291
2023-02-11 20:00:00,49052.337131995715,50496.7430254063,48261.486410745376,49922.130588172266,1227
2023-02-11 21:00:00,49922.130588172266,49216.54091188529,47766.56723868584,49062.23810987769,2739
2023-02-11 22:00:00,49062.23810987769,49262.94886683313,48738.161563784626,48964.800873167434,4123
2023-02-11 23:00:00,48964.800873167434,50461.90480617181,48223.512738588804,49330.649231219526,2287
2023-02-12 00:00:00,49330.649231219526,49492.323861941804,48037.354201828435,48417.40714268773,5954
2023-02-12 01:00:00,48417.40714268773,50565.51063951175,48477.20619784294,48792.4460176449,1941
2023-02-12 02:00:00,48792.4460176449,50280.34279221339,48842.337051696595,49542.986811701354,3438
2023-02-12 03:00:00,49542.986811701354,49317.912642487,48392.65269089886,48743.4745033229,9819
2023-02-12 04:00:00,48743.4745033229,49631.285281910576,49163.57357943057,49479.0789486352,6575
2023-02-12 05:00:00,49479.0789486352,50105.58542793127,49530.839947111366,50000.78090450368,8343
2023-02-12 06:00:00,50000.78090450368,49491.186828353166,48820.975800884895,49128.11715497927,2232
2023-02-12 07:00:00,49128.11715497927,49142.0764017132,47635.65068432575,48880.45270884535,8884
2023-02-12 08:00:00,48880.45270884535,49945.50073985824,49304.75234171066,49612.987013965416,3051
2023-02-12 09:00:00,49612.987013965416,51724.51376669333,49744.110043805485,50733.759006286804,9392
2023-02-12 10:00:00,50733.759006286804,50036.348151141545,48959.620977440616,49092.52424542246,6017
2023-02-12 11:00:00,49092.52424542246,49297.25605169662,48146.42309817837,48455.19573146168,9777
2023-02-12 12:00:00,48455.19573146168,50228.642986864055,48490.83731452059,49127.22022079923,4477
2023-02-12 13:00:00,49127.22022079923,50976.04507774344,48397.07762271846,49400.407243440895,3812
2023-02-12 14:00:00,49400.407243440895,50763.87742053679,48228.185980385664,49876.88587475407,7804
2023-02-12 15:00:00,49876.88587475407,49512.1877454321,48988.140289484785,49304.75514250043,8875
2023-02-12 16:00:00,49304.75514250043,49848.05939167286,47691.04817764009,49379.77940304718,1606
2023-02-12 17:00:00,49379.77940304718,49920.843555111656,47603.3549448035,48862.623491471844,6734
2023-02-12 18:00:00,48862.623491471844,50902.40846312018,47933.175980466,49136.92037762562,6311
2023-02-12 19:00:00,49136.92037762562,50588.53708171475,48114.04080714304,48871.135644339716,7777
2023-02-12 20:00:00,48871.135644339716,51134.195831207326,48992.283887618454,49710.88480801666,9716
2023-02-12 21:00:00,49710.88480801666,50280.390186731216,48501.309604696355,49364.225070037886,4338
2023-02-12 22:00:00,49364.225070037886,49644.900393526696,48110.75918998924,49193.148576773885,3151
2023-02-12 23:00:00,49193.148576773885,49466.13539113446,48708.531118431805,49204.24428595581,2014
2023-02-13 00:00:00,49204.24428595581,50252.740927663006,48811.60931749257,48958.44882747747,3852
2023-02-13 01:00:00,48958.44882747747,49819.61479856615,48255.37459644421,49174.035423688525,5549
2023-02-13 02:00:00,49174.035423688525,50708.3881137985,49103.86796007404,49699.5697752684,9100
2023-02-13 03:00:00,49699.5697752684,50581.12581945509,49113.58748879535,49849.43642290102,6663
2023-02-13 04:00:00,49849.43642290102,50438.37334777355,48587.57235846979,49324.1410384292,1554
2023-02-13 05:00:00,49324.1410384292,50293.056993411374,47904.63852026144,49060.9330423753,3534
2023-02-13 06:00:00,49060.9330423753,51623.27840358089,48649.64260388815,49815.7124597025,1166
2023-02-13 07:00:00,49815.7124597025,50157.988559824655,47581.79511981268,48982.802805513056,7178
2023-02-13 08:00:00,48982.802805513056,49858.568612492876,49248.01816592271,49502.85020030629,3774
2023-02-13 09:00:00,49502.85020030629,49383.29325044356,47780.025270867976,48047.14413635814,4739
2023-02-13 10:00:00,48047.14413635814,49031.520258843455,47741.25422059804,48578.84284380958,8741
2023-02-13 11:00:00,48578.84284380958,50421.98631854097,48002.347266930396,49109.39962513525,8288
2023-02-13 12:00:00,49109.39962513525,50436.35283109596,48451.99211950821,49903.7535987396,4450
2023-02-13 13:00:00,49903.7535987396,49510.79692514187,49035.42362680988,49322.85201050382,1109
2023-02-13 14:00:00,49322.85201050382,49085.29230949932,46873.38351162852,48598.67421561217,9299
2023-02-13 15:00:00,48598.67421561217,49341.01773376937,48281.0522907215,49126.1874765349,8732
2023-02-13 16:00:00,49126.1874765349,49672.915544263684,48213.224070516975,48623.83772028745,3026
2023-02-13 17:00:00,48623.83772028745,50460.47668967338,48735.23472669081,49562.27064368889,9638
2023-02-13 18:00:00,49562.27064368889,48996.6775707726,46620.3096194,48697.877172578046,4529
2023-02-13 19:00:00,48697.877172578046,49725.29283613297,49126.734811755305,49706.039373280175,5350
2023-02-13 20:00:00,49706.039373280175,50368.78200611139,48944.22912727114,49958.84618017472,5208
2023-02-13 21:00:00,49958.84618017472,49541.99001827208,49151.74925594506,49451.27108223536,6290
2023-02-13 22:00:00,49451.27108223536,51016.809142349026,48301.476093926336,49428.89560876049,8247
2023-02-13 23:00:00,49428.89560876049,49680.45431525168,48942.89718089928,49041.00651854685,3887
2023-02-14 00:00:00,49041.00651854685,49148.77824858642,48471.92410183199,48617.08559081249,2340
2023-02-14 01:00:00,48617.08559081249,48920.98122859045,47673.0944482308,48858.13944979035,3692
2023-02-14 02:00:00,48858.13944979035,49010.329655160866,47147.11551712631,48613.26011520426,2497
2023-02-14 03:00:00,48613.26011520426,49639.66219836365,46629.13511941599,49008.36724464722,7714
2023-02-14 04:00:00,49008.36724464722,51202.75381206749,49324.71850135463,49494.69642924632,9003
2023-02-14 05:00:00,49494.69642924632,49062.52737030971,48712.80006229813,48967.12243101503,1201
2023-02-14 06:00:00,48967.12243101503,50293.941433642285,47858.06490374204,49368.4353472891,6408
2023-02-14 07:00:00,49368.4353472891,49826.596933108245,48827.61062313632,49647.23433134718,6717
2023-02-14 08:00:00,49647.23433134718,50700.10864945902,48417.76652145729,49446.35362639201,2041
2023-02-14 09:00:00,49446.35362639201,49682.65325176972,47572.90052108274,49094.07321022422,4352
2023-02-14 10:00:00,49094.07321022422,50497.078718119075,48069.16553448271,49377.50453890774,9972
2023-02-14 11:00:00,49377.50453890774,50760.6378458234,47500.55455072666,48791.19669564924,8168
2023-02-14 12:00:00,48791.19669564924,51330.580856191445,49284.25411226845,49849.45841084209,2797
2023-02-14 13:00:00,49849.45841084209,50872.78875067261,48319.33949888861,48336.89055288182,3197
2023-02-14 14:00:00,48336.89055288182,51040.70826897965,48865.97117395351,49093.30112190583,3912
2023-02-14 15:00:00,49093.30112190583,50370.16039847129,47104.04764025128,49187.142198679416,7152
2023-02-14 16:00:00,49187.142198679416,50353.84312417243,49347.04084516328,49807.10505305788,3732
2023-02-14 17:00:00,49807.10505305788,49497.10351962064,47615.963014237954,48643.65107978196,8849
2023-02-14 18:00:00,48643.65107978196,48565.29589240236,48057.78262657231,48233.625587617506,5862
2023-02-14 19:00:00,48233.625587617506,51415.796077978775,48320.98356791462,49883.29962845802,1201
2023-02-14 20:00:00,49883.29962845802,49528.990037417854,48380.71347943598,49165.55329072397,7299
2023-02-14 21:00:00,49165.55329072397,49825.58881376683,48451.89904012605,48738.47661209793,1054
2023-02-14 22:00:00,48738.47661209793,50006.14766170972,48112.179029810315,48885.23668014715,1115
2023-02-14 23:00:00,48885.23668014715,49747.1253182594,47958.7217099733,49322.13119602773,9219
2023-02-15 00:00:00,49322.13119602773,50160.37446809544,48449.313546863195,49163.43428384506,6831
2023-02-15 01:00:00,49163.43428384506,50135.640023558946,48849.575842917926,49608.86041536457,8550
2023-02-15 02:00:00,49608.86041536457,49099.185212277946,47109.774469137665,48531.02340282897,8366
2023-02-15 03:00:00,48531.02340282897,49209.19058264498,46993.98738968226,48407.27323554509,6817
2023-02-15 04:00:00,48407.27323554509,50183.3148840878,49084.412794986965,49267.408487701716,8557
2023-02-15 05:00:00,49267.408487701716,50207.7701705873,48462.38490437968,48995.74106995678,7026
2023-02-15 06:00:00,48995.74106995678,50498.547079239666,48404.509518033876,49107.87461861379,5374
2023-02-15 07:00:00,49107.87461861379,51688.03509029362,49153.35664006348,50074.62781023156,3576
2023-02-15 08:00:00,50074.62781023156,49250.91597223729,48723.04347496181,49119.418259364975,1583
2023-02-15 09:00:00,49119.418259364975,49668.36523853456,48695.28958317344,49031.36801202092,5881
2023-02-15 10:00:00,49031.36801202092,50228.00481041557,48714.824390590074,48848.051295297526,8796
2023-02-15 11:00:00,48848.051295297526,51211.333615349315,49293.7907404725,49712.11335115186,4550
2023-02-15 12:00:00,49712.11335115186,51524.10527007873,48718.81434800534,49789.38923458821,1166
2023-02-15 13:00:00,49789.38923458821,50971.01271454832,47432.62821518314,48887.21710793948,8342
2023-02-15 14:00:00,48887.21710793948,50382.73126158554,49286.27126454127,49313.78529303698,5558
2023-02-15 15:00:00,49313.78529303698,50041.628305037484,49212.59183091546,49248.49134163854,6077
2023-02-15 16:00:00,49248.49134163854,49335.09949029136,48195.824263554976,48337.436686057015,2879
2023-02-15 17:00:00,48337.436686057015,49208.39779036042,48242.95172179717,48687.916611652676,9262
2023-02-15 18:00:00,48687.916611652676,49496.44000272,48934.478217361866,49028.7017489615,5533
2023-02-15 19:00:00,49028.7017489615,51097.593930250725,48642.228140062325,49262.31677531567,4183
2023-02-15 20:00:00,49262.31677531567,50345.02990580447,47910.41361908295,48924.72734227487,9437
2023-02-15 21:00:00,48924.72734227487,48641.43351397187,47223.95911007319,48374.35677248102,6789
2023-02-15 22:00:00,48374.35677248102,50577.61986216923,47751.17572132079,49256.43419807779,6714
2023-02-15 23:00:00,49256.43419807779,50718.936836598405,47661.13251570282,49199.8160629944,4625
2023-02-16 00:00:00,49199.8160629944,49298.16865283442,47472.83858880372,49021.736186634706,9989
2023-02-16 01:00:00,49021.736186634706,49772.739794264795,47107.986829355956,49323.591793220236,5137
2023-02-16 02:00:00,49323.591793220236,48810.099330882105,48133.60319147249,48796.76520163839,5904
2023-02-16 03:00:00,48796.76520163839,50151.08018763969,49094.72948311869,49155.97313738979,9922
2023-02-16 04:00:00,49155.97313738979,49140.31684936341,48581.42245698836,48990.32441450887,1391
2023-02-16 05:00:00,48990.32441450887,50268.10703848688,48853.00078108714,48902.87065522824,8116
2023-02-16 06:00:00,48902.87065522824,49464.453904143396,47891.69445371678,48703.2468783127,4726
2023-02-16 07:00:00,48703.2468783127,51285.759785778864,48418.4345038187,48938.241956603815,5610
2023-02-16 08:00:00,48938.241956603815,50157.95483172395,49125.94201474351,49690.04810164606,7881
2023-02-16 09:00:00,49690.04810164606,49780.76105072204,47808.08341331461,48731.89454706312,8224
2023-02-16 10:00:00,48731.89454706312,51261.88644771231,49354.09579079971,49535.386373338304,4134
2023-02-16 11:00:00,49535.386373338304,50243.910152312914,49214.76367981664,49427.74639466182,8843
2023-02-16 12:00:00,49427.74639466182,50602.822278645304,49274.86465488983,49478.34966607797,3014
2023-02-16 13:00:00,49478.34966607797,50718.186975575976,47907.41135730976,49397.90804062787,5692
2023-02-16 14:00:00,49397.90804062787,48855.81701207603,46476.4708720979,48557.35518237547,6303
2023-02-16 15:00:00,48557.35518237547,49824.67705993609,48256.3855438949,49378.960025504035,8608
2023-02-16 16:00:00,49378.960025504035,49594.57695527684,49205.1035582758,49330.094238040794,4646
2023-02-16 17:00:00,49330.094238040794,48878.54679815468,47576.23390466795,48259.82235581621,2615
2023-02-16 18:00:00,48259.82235581621,49657.235050229094,47879.58326358651,49097.91502535235,3598
2023-02-16 19:00:00,49097.91502535235,50449.70184317026,48069.83348128296,48381.95563341186,2976
2023-02-16 20:00:00,48381.95563341186,51056.96216749542,49012.56085745684,49510.11981957119,5473
2023-02-16 21:00:00,49510.11981957119,50830.85411976136,49278.92606381489,49807.21314416828,9345
2023-02-16 22:00:00,49807.21314416828,50189.08833010812,48237.38714697494,49046.705273980806,2620
2023-02-16 23:00:00,49046.705273980806,49543.75141765482,47975.880295393494,49235.97506379211,9523
2023-02-17 00:00:00,49235.97506379211,49927.02459748362,47188.53311806461,48847.42313834575,3423
2023-02-17 01:00:00,48847.42313834575,49616.91893597292,47549.78316910914,49157.52790154057,1466
2023-02-17 02:00:00,49157.52790154057,50756.71410476426,48989.93776903261,49263.58764708537,8433
2023-02-17 03:00:00,49263.58764708537,48736.68060432258,47730.96598331867,48530.19431601227,9995
2023-02-17 04:00:00,48530.19431601227,50114.76374469993,49302.870538450064,49665.79532884379,1003
2023-02-17 05:00:00,49665.79532884379,50267.74461634276,48743.93302807713,49230.82388124751,8256
2023-02-17 06:00:00,49230.82388124751,51316.487185238,48585.953442191705,49033.06189428245,7714
2023-02-17 07:00:00,49033.06189428245,49757.400197182644,48470.52397737798,48833.98019380385,9144
2023-02-17 08:00:00,48833.98019380385,49696.41274226354,48955.63245734902,49097.512328882854,2601
2023-02-17 09:00:00,49097.512328882854,49635.27892467258,48153.67870450401,48540.04709419604,9120
2023-02-17 10:00:00,48540.04709419604,49713.77976136243,47876.875755514026,48512.94586978674,8135
2023-02-17 11:00:00,48512.94586978674,50729.6854503123,47744.075918068724,49323.10140236178,2417
2023-02-17 12:00:00,49323.10140236178,49638.843175122456,47481.16075518036,48755.186500076954,2407
2023-02-17 13:00:00,48755.186500076954,50053.23985415448,47741.463256856005,48608.56097920322,8546
2023-02-17 14:00:00,48608.56097920322,49345.61078542153,47983.629193287255,49333.78213027079,7287
2023-02-17 15:00:00,49333.78213027079,49061.90126972951,48622.79107936189,48981.92910104392,7467
2023-02-17 16:00:00,48981.92910104392,50535.39464351893,49606.13457423377,49822.54014506719,9643
2023-02-17 17:00:00,49822.54014506719,50504.15712425297,48797.4941311205,49606.86760463904,7250
2023-02-17 18:00:00,49606.86760463904,49999.533088776785,46503.57328455188,48717.82535251366,3751
2023-02-17 19:00:00,48717.82535251366,50302.305470789135,47560.74611403533,49386.908544652986,9553
2023-02-17 20:00:00,49386.908544652986,50542.00499413906,48645.73303828852,49831.48186458733,4223
2023-02-17 21:00:00,49831.48186458733,50393.3738249774,48162.59782590123,48384.494038716504,6184
2023-02-17 22:00:00,48384.494038716504,49546.98884055228,47997.51319882817,48642.84501835011,8298
2023-02-17 23:00:00,48642.84501835011,50827.494379043215,48772.382659246476,49271.46820314232,2641
2023-02-18 00:00:00,49271.46820314232,51146.529197714124,48232.785389629586,50708.2868416081,4996
2023-02-18 01:00:00,50708.2868416081,49888.010927501775,48441.24343005134,49067.386333846116,4617
2023-02-18 02:00:00,49067.386333846116,49754.37990290481,49346.191388118044,49608.48327374461,6957
2023-02-18 03:00:00,49608.48327374461,51737.01889355079,49269.37556913401,50067.16252486543,2685
2023-02-18 04:00:00,50067.16252486543,50655.23933151654,48763.49052993578,49423.9654355245,7809
2023-02-18 05:00:00,49423.9654355245,50171.36651026535,48523.291864343024,49391.944582738724,5100
2023-02-18 06:00:00,49391.944582738724,48985.020268536246,47503.418144355834,48878.839036607715,7651
2023-02-18 07:00:00,48878.839036607715,48804.82310758121,47221.36940664725,48642.389025802535,2787
2023-02-18 08:00:00,48642.389025802535,50187.97374307606,49293.38666890623,49588.01555577137,2132
2023-02-18 09:00:00,49588.01555577137,50997.35619139978,49673.9692994192,50041.97523622535,4836
2023-02-18 10:00:00,50041.97523622535,50782.23549510439,49375.95545404969,49544.89990378345,2041
2023-02-18 11:00:00,49544.89990378345,49621.06757285907,48292.1480225536,49021.774305552186,6710
2023-02-18 12:00:00,49021.774305552186,50101.992514462276,49033.53200843244,49646.5380721475,9353
2023-02-18 13:00:00,49646.5380721475,49236.765072752154,48262.647589739456,49191.9406899516,2256
2023-02-18 14:00:00,49191.9406899516,50683.09744003043,48909.772820141065,49053.834446884845,1749
2023-02-18 15:00:00,49053.834446884845,51488.654328292185,48710.21694630453,49527.04727010556,9657
2023-02-18 16:00:00,49527.04727010556,50852.52568673064,49104.182138774515,49271.115708883175,8936
2023-02-18 17:00:00,49271.115708883175,50757.602961254684,47836.027468792556,48922.436273813546,1195
2023-02-18 18:00:00,48922.436273813546,49980.58545024506,49207.42578748688,49470.21990075782,2274
2023-02-18 19:00:00,49470.21990075782,49695.17761687223,48752.877438457544,49003.72198039339,5275
2023-02-18 20:00:00,49003.72198039339,49916.01235922809,49372.01633270747,49819.75191533362,9834
2023-02-18 21:00:00,49819.75191533362,49588.631878051536,48733.46590106979,48845.9732280175,9810
2023-02-18 22:00:00,48845.9732280175,50458.47236475505,48191.75515553338,49088.78687798528,2566
2023-02-18 23:00:00,49088.78687798528,49776.770152705925,48385.15793866684,49601.16826521141,8230
2023-02-19 00:00:00,49601.16826521141,49114.37988013208,48402.494119689625,48617.25602613054,2943
2023-02-19 01:00:00,48617.25602613054,50426.16272425383,48200.196000924014,49439.028290711554,9348
2023-02-19 02:00:00,49439.028290711554,50353.726730874914,48391.552786302316,49386.75666268471,6032
2023-02-19 03:00:00,49386.75666268471,52154.21069667489,49317.32242193839,49524.712059396734,2891
2023-02-19 04:00:00,49524.712059396734,48954.66106444926,48418.187790132884,48650.19066797961,8426
2023-02-19 05:00:00,48650.19066797961,50208.6181819831,49722.14217153011,49888.58651989382,6818
2023-02-19 06:00:00,49888.58651989382,51384.58845382054,50036.93567496196,50105.78443269561,7748
2023-02-19 07:00:00,50105.78443269561,49665.38414439325,46736.263650098015,48492.08120351377,9720
2023-02-19 08:00:00,48492.08120351377,50739.162944415424,46736.463628211415,49969.99203367896,1418
2023-02-19 09:00:00,49969.99203367896,49593.448967566335,48535.78771000523,49085.29565857633,9276
2023-02-19 10:00:00,49085.29565857633,50275.52640694135,48591.22093973499,49618.06533908235,3657
2023-02-19 11:00:00,49618.06533908235,50930.98530413121,50078.47171712524,50100.18053788076,9071
2023-02-19 12:00:00,50100.18053788076,49019.49730285418,48305.97724141856,48720.251007587096,3702
2023-02-19 13:00:00,48720.251007587096,51697.1903697514,48330.322473901426,49520.76870795461,5669
2023-02-19 14:00:00,49520.76870795461,49367.354033389194,48588.504741940684,48918.91890364172,4624
2023-02-19 15:00:00,48918.91890364172,49632.786981892335,48378.81525059918,49381.403451733975,1136
2023-02-19 16:00:00,49381.403451733975,49319.13687656645,48727.15535626624,49034.467259767815,3587
2023-02-19 17:00:00,49034.467259767815,49650.25903911763,48755.68496401258,48959.38068568393,6004
2023-02-19 18:00:00,48959.38068568393,50514.25618823175,48880.55164951071,49948.08428255025,9400
2023-02-19 19:00:00,49948.08428255025,49773.96028623527,48721.45662416322,48971.98877652467,8408
2023-02-19 20:00:00,48971.98877652467,50951.44652073505,48687.32613239966,49118.42429672148,2368
2023-02-19 21:00:00,49118.42429672148,49256.83545563868,47921.95303349446,48726.77579107761,4686
2023-02-19 22:00:00,48726.77579107761,49859.57761624153,48687.95730949111,48956.99959390669,2181
2023-02-19 23:00:00,48956.99959390669,51450.45377672888,48400.03186923648,49502.21478832363,4129
2023-02-20 00:00:00,49502.21478832363,50526.15383104572,48881.42555588772,49563.64288884524,9678
2023-02-20 01:00:00,49563.64288884524,50020.90376003669,49061.3216769428,49347.32344489596,2070
2023-02-20 02:00:00,49347.32344489596,50430.492822286666,48817.15838213883,50163.573015741465,8807
2023-02-20 03:00:00,50163.573015741465,50265.377446561586,48832.27162659791,49915.47911377826,8264
2023-02-20 04:00:00,49915.47911377826,48963.39277219716,47286.71581727079,48935.913754785994,8398
2023-02-20 05:00:00,48935.913754785994,50710.40312221299,48783.28475337326,50288.50147321869,4970
2023-02-20 06:00:00,50288.50147321869,49994.348860581944,48098.05677205696,49068.38226821613,2917
2023-02-20 07:00:00,49068.38226821613,50775.83505119183,49082.43967903156,49672.668205367074,3078
2023-02-20 08:00:00,49672.668205367074,50243.10738654957,48865.195514671366,49716.58346752726,8150
2023-02-20 09:00:00,49716.58346752726,50449.63026297639,47501.27617638353,48892.30706584735,4636
2023-02-20 10:00:00,48892.30706584735,50573.024043805315,49435.57348661296,50150.29487398568,1711
2023-02-20 11:00:00,50150.29487398568,51161.792932142176,48913.71917280538,49552.48640655482,5272
2023-02-20 12:00:00,49552.48640655482,49933.021505594275,49518.09329536368,49838.81961534191,4420
2023-02-20 13:00:00,49838.81961534191,49690.801681985155,49200.9475924389,49560.210418749775,3906
2023-02-20 14:00:00,49560.210418749775,49453.06125897341,48871.690545613325,49434.475562539265,5057
2023-02-20 15:00:00,49434.475562539265,51990.62013888029,48411.484150056196,49101.37186859205,7389
2023-02-20 16:00:00,49101.37186859205,50765.425032472616,49029.41040985877,49533.169054864054,8798
2023-02-20 17:00:00,49533.169054864054,50382.782430723,49370.24395388996,49445.013252832134,2259
2023-02-20 18:00:00,49445.013252832134,50688.71710214177,49544.64911712761,50051.91266285342,3981
2023-02-20 19:00:00,50051.91266285342,50317.104244358125,47875.514401641485,48844.44527759827,3389
2023-02-20 20:00:00,48844.44527759827,51964.70308614652,50051.08501720715,50349.528720738126,4713
2023-02-20 21:00:00,50349.528720738126,50054.75198119988,48943.9994031569,50011.717413471146,1454
2023-02-20 22:00:00,50011.717413471146,49859.89438349989,49370.67182989452,49807.49312312257,5374
2023-02-20 23:00:00,49807.49312312257,50916.376782075284,49478.710458027315,49568.26276714511,9050
2023-02-21 00:00:00,49568.26276714511,50495.090853935115,48927.57964422192,49348.868309250014,2869
2023-02-21 01:00:00,49348.868309250014,49508.51150027912,48668.28847907132,49286.79953361565,5345
2023-02-21 02:00:00,49286.79953361565,49582.41116450467,48692.26768109873,49354.282570799885,9075
2023-02-21 03:00:00,49354.282570799885,50491.078701854094,50049.529641870984,50466.016960776964,4110
2023-02-21 04:00:00,50466.016960776964,50550.035807307715,49650.58770555731,49851.0945506783,1029
2023-02-21 05:00:00,49851.0945506783,50694.28966721255,48288.02491380952,49977.49983853942,3121
2023-02-21 06:00:00,49977.49983853942,50649.783139897765,49191.88571403694,50122.54987143857,9215
2023-02-21 07:00:00,50122.54987143857,49707.05185678115,47863.39853748724,49142.52002691853,3910
2023-02-21 08:00:00,49142.52002691853,52086.6300041723,49973.35938871197,50215.551496585875,7655
2023-02-21 09:00:00,50215.551496585875,49815.08057569126,48816.899097123656,49799.821781752886,9762
2023-02-21 10:00:00,49799.821781752886,51845.420215479775,49612.33506113815,49686.612772788685,7153
2023-02-21 11:00:00,49686.612772788685,51449.59104860284,50568.26553112688,50984.03484152713,8713
2023-02-21 12:00:00,50984.03484152713,49572.47895937533,48348.838084752264,49120.56770864889,2297
2023-02-21 13:00:00,49120.56770864889,51237.34759721603,49200.66007557416,50181.97297414299,6102
2023-02-21 14:00:00,50181.97297414299,53127.85477756887,49030.77818444588,50557.408590561594,4860
2023-02-21 15:00:00,50557.408590561594,50549.89089723038,50065.425159431514,50185.73489751643,2967
2023-02-21 16:00:00,50185.73489751643,51465.35001390988,50284.07337848405,50708.212156801965,6942
2023-02-21 17:00:00,50708.212156801965,51805.888350948415,48509.22836111697,49477.05746395781,6515
2023-02-21 18:00:00,49477.05746395781,50482.07704630072,49215.32235183841,50299.51575628536,8092
2023-02-21 19:00:00,50299.51575628536,50413.43851204222,48960.82301809435,49856.529269992345,3506
2023-02-21 20:00:00,49856.529269992345,49821.59554605978,48675.472514776775,48929.337480812464,1253
2023-02-21 21:00:00,48929.337480812464,49825.573649954764,49022.452644242105,49554.222729014,1469
2023-02-21 22:00:00,49554.222729014,51860.61175190141,49879.142982575184,50630.347500556345,6983
2023-02-21 23:00:00,50630.347500556345,51176.73022931193,49882.83700339386,50323.82620782501,5142
2023-02-22 00:00:00,50323.82620782501,49975.8623974922,47760.21359701999,49787.02281186727,6259
2023-02-22 01:00:00,49787.02281186727,50981.36192383322,49589.56205287818,50107.68578614516,5684
2023-02-22 02:00:00,50107.68578614516,51716.213319991846,50368.654491203546,50432.29758255003,7417
2023-02-22 03:00:00,50432.29758255003,51408.3782713037,49305.09887053578,49651.73670920668,7504
2023-02-22 04:00:00,49651.73670920668,52712.205368685696,48221.608487092875,49554.05142753419,7842
2023-02-22 05:00:00,49554.05142753419,51349.4150377385,49939.23728515555,50602.036979268225,7098
2023-02-22 06:00:00,50602.036979268225,50161.8627045742,48361.05911086232,49327.11217434202,7173
2023-02-22 07:00:00,49327.11217434202,51136.2115741725,50244.81567720349,50272.45309237853,6516
2023-02-22 08:00:00,50272.45309237853,50036.67152611173,49576.9627406194,49881.8909926367,1125
2023-02-22 09:00:00,49881.8909926367,50272.32319937771,49722.704759612716,50183.18314617373,6547
2023-02-22 10:00:00,50183.18314617373,50518.96946966976,46774.84189746686,48919.67867673234,9501
2023-02-22 11:00:00,48919.67867673234,50014.79792232031,48650.8269599861,49613.39406946613,4411
2023-02-22 12:00:00,49613.39406946613,52067.51755642085,50761.14870381035,51541.89785973867,2156
2023-02-22 13:00:00,51541.89785973867,50064.584642242095,48596.659477524314,49902.8634951613,2828
2023-02-22 14:00:00,49902.8634951613,50397.78943684804,49466.36542649134,50311.882219980944,7088
2023-02-22 15:00:00,50311.882219980944,50533.73582285901,49826.4606927067,50384.366443777966,4005
2023-02-22 16:00:00,50384.366443777966,50684.70708172159,48309.41801355922,49527.529890782505,7628
2023-02-22 17:00:00,49527.529890782505,49778.883429317706,49585.3199916076,49640.2262370157,8952
2023-02-22 18:00:00,49640.2262370157,51052.98823043715,49506.85787079232,49654.58976726983,4111
2023-02-22 19:00:00,49654.58976726983,50801.31151842228,49216.84560051954,49975.9220582537,5649
2023-02-22 20:00:00,49975.9220582537,51566.05836937059,50240.94185778291,50593.611068922306,7136
2023-02-22 21:00:00,50593.611068922306,50554.38041293825,49159.334611143444,50170.534861526154,2002
2023-02-22 22:00:00,50170.534861526154,50176.582391060656,48123.449044560686,49523.02311591853,8906
2023-02-22 23:00:00,49523.02311591853,50259.90420937005,49304.97430993592,50007.721181969464,7353
2023-02-23 00:00:00,50007.721181969464,50666.90420565764,49655.22303295356,50390.7589138686,8507
2023-02-23 01:00:00,50390.7589138686,50557.12346764579,49423.46551700051,49900.38878765689,2177
2023-02-23 02:00:00,49900.38878765689,53017.600565803594,50891.02381108548,51237.87667564557,9503
2023-02-23 03:00:00,51237.87667564557,50049.84493099704,48548.98488126081,49261.94795381622,1435
2023-02-23 04:00:00,49261.94795381622,53120.70086132512,49834.398923899425,50408.41078097264,1134
2023-02-23 05:00:00,50408.41078097264,51378.565568015685,48755.89024398401,50489.853281331416,3366
2023-02-23 06:00:00,50489.853281331416,50569.79083793447,49183.60850344239,50231.373860207765,2006
2023-02-23 07:00:00,50231.373860207765,50863.360710476685,50342.46284038675,50701.91091358857,8829
2023-02-23 08:00:00,50701.91091358857,51249.05363850717,49659.38953453544,50291.34526748286,7692
2023-02-23 09:00:00,50291.34526748286,50536.07899839093,49403.86975296871,50384.98472811651,7107
2023-02-23 10:00:00,50384.98472811651,51262.52473700202,49186.45815448771,50062.03955006081,7501
2023-02-23 11:00:00,50062.03955006081,52389.14694546881,49942.60746369387,50600.32964916309,5754
2023-02-23 12:00:00,50600.32964916309,51473.2320345273,49661.191828004485,50167.95100998621,1364
2023-02-23 13:00:00,50167.95100998621,49957.459896569686,48456.1755522072,49570.618118708444,6870
2023-02-23 14:00:00,49570.618118708444,50804.707487997446,50195.711954998085,50279.09814996872,8377
2023-02-23 15:00:00,50279.09814996872,49771.62724370411,49728.79849076083,49760.39510523004,8519
2023-02-23 16:00:00,49760.39510523004,52073.45327432288,50173.30985177254,50825.79965032072,3400
2023-02-23 17:00:00,50825.79965032072,51321.4947228729,50771.41685659937,51216.45775927835,8500
2023-02-23 18:00:00,51216.45775927835,51601.26721614896,49973.933284384904,50541.564036978576,9242
2023-02-23 19:00:00,50541.564036978576,52068.05204159484,50180.47724465469,50968.14782902111,7783
2023-02-23 20:00:00,50968.14782902111,51464.70171659261,49958.5516189584,50054.019592247605,9773
2023-02-23 21:00:00,50054.019592247605,52169.58941285346,49898.81287519625,50273.41241885325,7277
2023-02-23 22:00:00,50273.41241885325,50537.2668954002,49936.659119860225,50351.66859386174,1945
2023-02-23 23:00:00,50351.66859386174,50766.87011934054,49301.956852943404,50165.309174565766,3886
2023-02-24 00:00:00,50165.309174565766,51104.487280395966,50073.07206329698,50432.18280039889,4461
2023-02-24 01:00:00,50432.18280039889,49798.28538113937,48851.146837015694,49289.79109719553,9428
2023-02-24 02:00:00,49289.79109719553,51342.938575393,50286.917602812166,50527.44753480545,9356
2023-02-24 03:00:00,50527.44753480545,51878.40565283644,49961.76658011267,50186.19097544859,1569
2023-02-24 04:00:00,50186.19097544859,51050.08431049375,49822.07334705188,50749.216694229624,4280
2023-02-24 05:00:00,50749.216694229624,50555.2343260604,49648.690790889945,49852.9455877099,2074
2023-02-24 06:00:00,49852.9455877099,50523.92420291152,49303.66192006097,50363.90227975796,1363
2023-02-24 07:00:00,50363.90227975796,50226.630112214196,48571.03207032784,49361.743749384324,3030
2023-02-24 08:00:00,49361.743749384324,51437.02654358934,50775.13715370696,51111.78320942568,1617
2023-02-24 09:00:00,51111.78320942568,51279.454712615356,49602.41973699473,49915.03060868687,6710
2023-02-24 10:00:00,49915.03060868687,50702.078071152224,49649.01460501385,50489.24102872235,7911
2023-02-24 11:00:00,50489.24102872235,51293.13290294759,50039.5569325393,50836.05307694149,8154
2023-02-24 12:00:00,50836.05307694149,50907.04978167176,49946.70710715366,50550.88052850249,3673
2023-02-24 13:00:00,50550.88052850249,52951.63299107047,51067.92966078075,51246.93614954009,8197
2023-02-24 14:00:00,51246.93614954009,51997.3869706616,50189.31941947517,50922.89279422647,4849
2023-02-24 15:00:00,50922.89279422647,52140.32414341947,50363.73592914712,51242.26193957802,4366
2023-02-24 16:00:00,51242.26193957802,50722.20667966073,49583.91394263352,50115.43054037069,3550
2023-02-24 17:00:00,50115.43054037069,51273.26627783898,49660.326378553014,50904.80929002852,5621
2023-02-24 18:00:00,50904.80929002852,50412.48485068476,48206.37166901237,50324.09448904405,8391
2023-02-24 19:00:00,50324.09448904405,51636.13511188696,50001.573955451095,50804.10204097352,9010
2023-02-24 20:00:00,50804.10204097352,51849.26575965862,50162.17533073804,50736.6782622203,8170
2023-02-24 21:00:00,50736.6782622203,51579.02600486451,49297.39499223116,51126.75651203491,5211
2023-02-24 22:00:00,51126.75651203491,52235.060338775635,50775.402352516074,51070.03515198861,7785
2023-02-24 23:00:00,51070.03515198861,51351.275092212185,49297.74886121834,50805.457569400816,3074
2023-02-25 00:00:00,50805.457569400816,51496.20657506953,49654.73843972044,50507.36871177308,5599
2023-02-25 01:00:00,50507.36871177308,50616.60601390804,49764.05171539681,50297.52868307816,3173
2023-02-25 02:00:00,50297.52868307816,53245.07783911078,49219.25162014346,50238.07163234597,6971
2023-02-25 03:00:00,50238.07163234597,50702.45988644031,48995.60395637602,49935.20685413024,1001
2023-02-25 04:00:00,49935.20685413024,52498.9419105807,50476.62089652531,51096.99125686909,1529
2023-02-25 05:00:00,51096.99125686909,51575.3084867339,50389.6856212515,51412.371181390416,9862
2023-02-25 06:00:00,51412.371181390416,51425.34499287111,50964.99906718072,51176.25144967157,3672
2023-02-25 07:00:00,51176.25144967157,52687.99207510959,48853.52454233727,51095.22314835995,6134
2023-02-25 08:00:00,51095.22314835995,51799.21123917673,49534.817358708235,51119.58486547008,8445
2023-02-25 09:00:00,51119.58486547008,51600.03045075707,49298.45330783459,50958.78562086911,5085
2023-02-25 10:00:00,50958.78562086911,50273.90436009889,48697.88037480337,50240.910341278046,6120
2023-02-25 11:00:00,50240.910341278046,50233.21196747926,48428.73830083217,50222.2623782495,5715
2023-02-25 12:00:00,50222.2623782495,50470.29855904062,49220.674258474806,50020.65687734952,4676
2023-02-25 13:00:00,50020.65687734952,50450.540568018,50010.56631517216,50096.07006291966,9199
2023-02-25 14:00:00,50096.07006291966,51266.23066517558,48898.92934731833,51032.88809839134,7090
2023-02-25 15:00:00,51032.88809839134,51961.28881504057,50084.859553676695,51017.50788157904,9335
2023-02-25 16:00:00,51017.50788157904,51392.69189663434,49748.4464872354,50464.38226558251,6125
2023-02-25 17:00:00,50464.38226558251,50470.907339067046,49207.082488648986,49758.45865682004,3921
2023-02-25 18:00:00,49758.45865682004,51481.65480410778,49044.47726228783,49964.624643286224,7707
2023-02-25 19:00:00,49964.624643286224,51600.79807698653,49180.922507814925,50622.22946350941,4822
2023-02-25 20:00:00,50622.22946350941,51719.001870183645,50117.499778726466,50610.368801870965,1804
2023-02-25 21:00:00,50610.368801870965,52948.68115476944,48818.550713449185,51133.6822562916,5452
2023-02-25 22:00:00,51133.6822562916,51614.16786166562,50325.38566536386,50932.770035639354,8428
2023-02-25 23:00:00,50932.770035639354,51487.52646716312,49661.85100173644,50013.90999145519,5317
2023-02-26 00:00:00,50013.90999145519,51938.63898617922,50668.3862842189,51095.14594724865,9706
2023-02-26 01:00:00,51095.14594724865,51328.2603274478,50046.426756461056,50672.23667299597,2978
2023-02-26 02:00:00,50672.23667299597,51544.68624743766,50137.76360773394,50733.293949082086,8445
2023-02-26 03:00:00,50733.293949082086,52068.189087285646,51499.311965323766,51522.78639645174,8131
2023-02-26 04:00:00,51522.78639645174,51234.87632512957,49869.85520770217,50158.22342270861,5258
2023-02-26 05:00:00,50158.22342270861,51952.31332230434,49104.75636341108,51485.490824397086,7623
2023-02-26 06:00:00,51485.490824397086,52322.96522663095,50112.95711201422,51372.89048210961,7682
2023-02-26 07:00:00,51372.89048210961,51802.611758421546,49942.666123220355,51347.176231609556,2365
2023-02-26 08:00:00,51347.176231609556,51563.848272934585,50224.327398979425,51363.94295412805,7091
2023-02-26 09:00:00,51363.94295412805,51898.253213441945,50022.76741334107,50859.24152504529,8521
2023-02-26 10:00:00,50859.24152504529,52413.0109880708,50887.65377265377,51634.30954098224,4134
2023-02-26 11:00:00,51634.30954098224,51854.3607590817,50639.37645752406,51623.54987513089,3823
2023-02-26 12:00:00,51623.54987513089,51170.583552176024,49713.38430091531,50163.71111874537,7106
2023-02-26 13:00:00,50163.71111874537,50932.96900399249,49646.9790216664,49819.13313035513,9630
2023-02-26 14:00:00,49819.13313035513,52266.43630614588,50939.42070329651,51317.71782049633,6137
2023-02-26 15:00:00,51317.71782049633,51334.83155905929,50308.21130977596,50941.52888287628,9749
2023-02-26 16:00:00,50941.52888287628,51016.66955009501,50434.204041884375,50633.995752574985,4501
2023-02-26 17:00:00,50633.995752574985,52264.57899300423,50856.98375023198,51631.71589525839,7687
2023-02-26 18:00:00,51631.71589525839,51630.93913631864,50796.66364980947,50899.68219118877,2744
2023-02-26 19:00:00,50899.68219118877,52229.611476634,51254.3838054745,51574.484428498676,5950
2023-02-26 20:00:00,51574.484428498676,51029.85777312066,50414.1617913874,50665.164309574364,7031
2023-02-26 21:00:00,50665.164309574364,52269.659471745596,49799.89940277357,51756.28058888784,4616
2023-02-26 22:00:00,51756.28058888784,52995.63962665813,49597.763214980456,50479.06613587859,5281
2023-02-26 23:00:00,50479.06613587859,50964.1605763335,48654.565317306675,50660.02307785053,3200
2023-02-27 00:00:00,50660.02307785053,51754.69994449769,50937.32880820072,51100.801175203174,4181
2023-02-27 01:00:00,51100.801175203174,51392.5058234997,49060.490725938726,51362.54354572287,2096
2023-02-27 02:00:00,51362.54354572287,51234.48364379696,50404.3818670489,51171.89366024826,7918
2023-02-27 03:00:00,51171.89366024826,51549.47895231207,51170.588003910096,51223.5510446399,4214
2023-02-27 04:00:00,51223.5510446399,50969.36277247164,50670.46356649314,50797.74536173732,5607
2023-02-27 05:00:00,50797.74536173732,52763.44633534822,49839.74943567865,50374.78931208013,4399
2023-02-27 06:00:00,50374.78931208013,51497.083535301215,49836.11563248221,50852.361183520145,8731
2023-02-27 07:00:00,50852.361183520145,52976.67407983364,50912.16135076454,51746.684033838785,3261
2023-02-27 08:00:00,51746.684033838785,51322.87991751728,49008.80401144001,50888.01881392609,3741
2023-02-27 09:00:00,50888.01881392609,51503.968308519354,50532.173869417435,50741.17031771131,4207
2023-02-27 10:00:00,50741.17031771131,50703.97866292487,48835.32600760773,50591.597045948365,1721
2023-02-27 11:00:00,50591.597045948365,51614.766448264185,48969.02706298738,51284.41238829711,8167
2023-02-27 12:00:00,51284.41238829711,51066.80152360397,50090.95785633222,50574.88370413542,2446
2023-02-27 13:00:00,50574.88370413542,50727.53531141025,48628.03065020126,50665.4089840672,4083
2023-02-27 14:00:00,50665.4089840672,51690.74059958784,51120.144150536864,51394.78923457908,6391
2023-02-27 15:00:00,51394.78923457908,52132.064199419416,50227.41879331467,51215.02527467612,9964
2023-02-27 16:00:00,51215.02527467612,51592.22790664322,50798.34863706938,50891.88098153974,6681
2023-02-27 17:00:00,50891.88098153974,52209.33607073409,49770.391235618634,50619.4995086537,6203
2023-02-27 18:00:00,50619.4995086537,50604.35793503563,49809.01399329487,50221.08712221411,4534
2023-02-27 19:00:00,50221.08712221411,51362.602941817626,50576.00125193948,50855.15555244958,6982
2023-02-27 20:00:00,50855.15555244958,53149.22421982322,50740.58944949399,50879.180126216525,1954
2023-02-27 21:00:00,50879.180126216525,51909.96913228643,49920.99829183657,51242.08286312868,7845
2023-02-27 22:00:00,51242.08286312868,50831.50661403622,50193.5973099229,50680.752066733,1207
2023-02-27 23:00:00,50680.752066733,51490.93842551362,50208.519118453885,50485.710132237415,8957
2023-02-28 00:00:00,50485.710132237415,50849.83264901719,50639.216388921974,50832.48790556262,1208
2023-02-28 01:00:00,50832.48790556262,51530.15188968167,48897.86730010558,50361.726014947635,6393
2023-02-28 02:00:00,50361.726014947635,53463.4309446361,50520.74851911538,51102.049454028696,2228
2023-02-28 03:00:00,51102.049454028696,50888.65303040613,50474.67033426348,50735.12950287859,3196
2023-02-28 04:00:00,50735.12950287859,51025.4761181973,49692.63808735887,50551.89048046675,1975
2023-02-28 05:00:00,50551.89048046675,51572.36009749647,48448.48329285811,50592.70704803017,3327
2023-02-28 06:00:00,50592.70704803017,51304.86983920495,49979.84396148833,50126.17581118759,3734
2023-02-28 07:00:00,50126.17581118759,51820.48886362936,50881.20555893008,51170.81889464907,9323
2023-02-28 08:00:00,51170.81889464907,52512.17993523534,51781.29017404847,52368.382770907454,3466
2023-02-28 09:00:00,52368.382770907454,50620.94597800357,49711.091539645684,50521.50625995839,4985
2023-02-28 10:00:00,50521.50625995839,50266.33367389941,49893.35487295907,50136.53355514579,2785
2023-02-28 11:00:00,50136.53355514579,51435.15153262037,50334.59109543661,50609.16740782338,7356
2023-02-28 12:00:00,50609.16740782338,51481.292854647276,49280.042042579,50752.860578012434,6743
2023-02-28 13:00:00,50752.860578012434,51085.574831347956,50151.30546137754,50710.65538993191,6163
2023-02-28 14:00:00,50710.65538993191,51462.77536818682,50400.35510537511,50870.37252066018,7688
2023-02-28 15:00:00,50870.37252066018,52344.9413241066,50848.23654492687,51440.623381974896,3063
2023-02-28 16:00:00,51440.623381974896,51711.0954349926,50724.21439059785,51219.01740777155,8353
2023-02-28 17:00:00,51219.01740777155,51249.64288720156,48785.51524269958,50071.729772398336,9209
2023-02-28 18:00:00,50071.729772398336,52168.60767429028,50663.73505767396,51458.2877069771,9056
2023-02-28 19:00:00,51458.2877069771,50380.44768005299,49528.311155429255,50333.386513401485,6131
2023-02-28 20:00:00,50333.386513401485,53813.15808493295,50728.20390814534,51888.20344081514,1834
2023-02-28 21:00:00,51888.20344081514,51696.06175862312,49657.345416335265,51006.517235622654,1592
2023-02-28 22:00:00,51006.517235622654,52019.37502226539,50472.729853560784,50855.238848703004,3661
2023-02-28 23:00:00,50855.238848703004,51188.23348918877,50487.46638035829,50574.477163774354,2839
2023-03-01 00:00:00,50574.477163774354,51480.24111723763,50165.59335691767,50901.09818529944,1965
2023-03-01 01:00:00,50901.09818529944,53851.1513808186,49417.365867224915,50887.65395060313,7251
2023-03-01 02:00:00,50887.65395060313,51905.8604910153,51736.32255316531,51852.07840424556,7981
2023-03-01 03:00:00,51852.07840424556,52611.35441827592,49919.182374630895,50961.316975384434,1436
2023-03-01 04:00:00,50961.316975384434,52293.51184594325,48172.20478367433,50282.2359245156,9107
2023-03-01 05:00:00,50282.2359245156,50812.50627187475,50027.40062926156,50457.46655033735,9484
2023-03-01 06:00:00,50457.46655033735,52644.93421121684,50177.72730698359,50492.14429598447,4233
2023-03-01 07:00:00,50492.14429598447,51615.601581747316,49647.35507621358,50620.698279415265,4301
2023-03-01 08:00:00,50620.698279415265,51190.722235792826,50307.65512458185,50768.18350149013,7029
2023-03-01 09:00:00,50768.18350149013,51622.8201173122,50723.45808398473,51452.78730264009,7845
2023-03-01 10:00:00,51452.78730264009,51163.78753736961,50257.45472694917,51144.11059666197,7503
2023-03-01 11:00:00,51144.11059666197,51046.722146864406,50537.141437355596,50777.18481352582,4764
2023-03-01 12:00:00,50777.18481352582,54262.3751499901,50208.521378739075,50916.42879953743,1716
2023-03-01 13:00:00,50916.42879953743,51908.68278075821,49997.01480524802,51128.45170720432,3543
2023-03-01 14:00:00,51128.45170720432,53135.61813893287,50572.67874985672,51271.233223868054,9066
2023-03-01 15:00:00,51271.233223868054,51443.99683537333,49831.232931040715,51367.20190581255,3122
2023-03-01 16:00:00,51367.20190581255,51649.834994392215,49579.04323639878,50871.25755746626,9046
2023-03-01 17:00:00,50871.25755746626,51001.409619646714,50497.031784015904,50579.1154487975,3751
2023-03-01 18:00:00,50579.1154487975,51731.04290978236,49656.27533785249,51635.51553551531,6339
2023-03-01 19:00:00,51635.51553551531,51544.67929133022,49893.2472356522,51247.517936130585,6087
2023-03-01 20:00:00,51247.517936130585,50987.06126651137,50386.181671479644,50721.76755701211,8127
2023-03-01 21:00:00,50721.76755701211,50857.70684865875,50161.26837758308,50556.94499320649,7409
2023-03-01 22:00:00,50556.94499320649,51287.33730013834,50534.036314435776,50674.604454527114,5354
2023-03-01 23:00:00,50674.604454527114,51347.446466814305,50246.15592572003,50912.6688884693,6208
2023-03-02 00:00:00,50912.6688884693,50049.84843874074,48702.9748096403,49941.19524234864,5291
2023-03-02 01:00:00,49941.19524234864,52237.64218307271,50470.479513964674,51227.135333769154,6130
2023-03-02 02:00:00,51227.135333769154,51176.94035601989,50486.896492891596,50742.93673474404,7705
2023-03-02 03:00:00,50742.93673474404,52198.69944559787,50962.30194741698,51683.6057249229,6606
2023-03-02 04:00:00,51683.6057249229,52387.72918259082,51128.679791238465,51177.611825039465,3336
2023-03-02 05:00:00,51177.611825039465,52149.70431338324,49109.96266921776,49917.94541981992,9366
2023-03-02 06:00:00,49917.94541981992,51185.75662042815,50927.03155913297,51088.57004382559,1269
2023-03-02 07:00:00,51088.57004382559,53073.21549250106,50667.43881783995,52941.27900386042,2415
2023-03-02 08:00:00,52941.27900386042,53231.20618622297,51514.95743506764,51835.109942224546,9325
2023-03-02 09:00:00,51835.109942224546,51804.98164210567,50099.69220807119,51112.73002184267,7125
2023-03-02 10:00:00,51112.73002184267,51720.53304328599,49810.026693614054,50753.399451545934,5843
2023-03-02 11:00:00,50753.399451545934,52239.92910051792,50031.029485915315,51126.10622522584,2850
2023-03-02 12:00:00,51126.10622522584,52090.893332525186,49806.66923323565,51331.43521048949,4016
2023-03-02 13:00:00,51331.43521048949,51120.622149229064,49853.714640436156,50386.91294555542,5003
2023-03-02 14:00:00,50386.91294555542,52793.40565822957,51223.95657315807,51576.19801134529,8186
2023-03-02 15:00:00,51576.19801134529,51774.78187710061,51111.3601011209,51122.34868298942,8782
2023-03-02 16:00:00,51122.34868298942,52574.19696811622,50923.712965424405,51317.294050605626,6156
2023-03-02 17:00:00,51317.294050605626,52416.74736767887,51004.00056590137,51859.17406581885,3350
2023-03-02 18:00:00,51859.17406581885,51587.044032696744,49711.06014554261,51264.78172604023,7487
2023-03-02 19:00:00,51264.78172604023,52908.709331700884,50774.26087160595,51574.15816718916,3864
2023-03-02 20:00:00,51574.15816718916,51615.66073539135,51246.22983207509,51293.58606499412,9373
2023-03-02 21:00:00,51293.58606499412,51607.95006892614,50422.49367410141,50884.28510901898,3451
2023-03-02 22:00:00,50884.28510901898,51108.94780756506,49474.20395750903,51037.992607160944,9454
2023-03-02 23:00:00,51037.992607160944,51159.07414313019,50848.64202522448,51014.42566280602,6442
2023-03-03 00:00:00,51014.42566280602,53606.96996238131,50363.828611467514,51396.59682453548,7625
2023-03-03 01:00:00,51396.59682453548,51028.713662735216,49025.54531409275,50672.10854440805,5734
2023-03-03 02:00:00,50672.10854440805,52851.31848804211,51161.83673740773,51371.689381739176,1201
2023-03-03 03:00:00,51371.689381739176,52115.847337090156,50658.81815648565,51626.21388323804,5221
2023-03-03 04:00:00,51626.21388323804,51471.19728570976,49254.68397596231,50769.377496583504,5588
2023-03-03 05:00:00,50769.377496583504,52974.45651415964,50169.47804534233,50681.068422444994,6059
2023-03-03 06:00:00,50681.068422444994,51233.14190255268,49834.933309033615,50639.75938842546,5364
2023-03-03 07:00:00,50639.75938842546,51413.166616438735,48763.24190360753,50773.017962911086,3677
2023-03-03 08:00:00,50773.017962911086,51656.47564050871,48804.957516433366,50289.285799927,6243
2023-03-03 09:00:00,50289.285799927,49377.590971421,49094.452258483354,49362.10315075536,1421
2023-03-03 10:00:00,49362.10315075536,50299.108903539855,48638.41908996731,50036.619114688074,4950
2023-03-03 11:00:00,50036.619114688074,51463.03471581494,49776.94139068335,51236.054531365015,7428
2023-03-03 12:00:00,51236.054531365015,51799.51989245898,49890.448367177465,51602.52796197033,1259
2023-03-03 13:00:00,51602.52796197033,52642.34290343875,51397.2554901557,51708.883631021774,5048
2023-03-03 14:00:00,51708.883631021774,50892.54771065323,49149.59915882544,50711.9020453663,1476
2023-03-03 15:00:00,50711.9020453663,52101.111823335006,49802.01420595734,50272.133978866535,2261
2023-03-03 16:00:00,50272.133978866535,51499.48925809075,50129.970021064786,50514.0473492946,2498
2023-03-03 17:00:00,50514.0473492946,50683.49147521345,49806.88474312505,50283.34157728001,3209
2023-03-03 18:00:00,50283.34157728001,50916.32119661324,50180.56595550025,50677.145241724495,6666
2023-03-03 19:00:00,50677.145241724495,52236.58343859137,49606.072573527075,50515.4006456803,7150
2023-03-03 20:00:00,50515.4006456803,51913.12123853017,49987.92827980504,50927.35884347538,2186
2023-03-03 21:00:00,50927.35884347538,50945.395977098065,49362.30352425989,50749.599024189054,8699
2023-03-03 22:00:00,50749.599024189054,54544.443156586836,51465.65141682224,51769.60821915116,1327
2023-03-03 23:00:00,51769.60821915116,51571.62981578852,50145.79357035609,50823.10597239752,8038
2023-03-04 00:00:00,50823.10597239752,51430.1338103629,49799.14982357566,50341.60796161646,2307
2023-03-04 01:00:00,50341.60796161646,51150.5655839749,48845.11284100309,50858.41415858101,8318
2023-03-04 02:00:00,50858.41415858101,52074.79010772763,50121.323010721106,51388.076248976904,9407
2023-03-04 03:00:00,51388.076248976904,51597.14783968096,50840.18884918592,50890.0480720268,3862
2023-03-04 04:00:00,50890.0480720268,50945.22633240795,49943.94802213717,50256.990862163024,9353
2023-03-04 05:00:00,50256.990862163024,51602.338864710764,50496.89810522844,50776.489253397354,6682
2023-03-04 06:00:00,50776.489253397354,52085.73087519495,51338.838707443625,51927.35278329619,4421
2023-03-04 07:00:00,51927.35278329619,52075.95218092518,49328.15425387309,51016.86211614958,1788
2023-03-04 08:00:00,51016.86211614958,50774.39786929309,50236.39705377606,50602.473880455975,4251
2023-03-04 09:00:00,50602.473880455975,51300.45811767701,49488.43026553228,50739.00206465536,8562
2023-03-04 10:00:00,50739.00206465536,50649.960919535864,49723.27621948275,50072.20735096017,6326
2023-03-04 11:00:00,50072.20735096017,50702.49285218233,49924.513136287314,50608.29383697199,6474
2023-03-04 12:00:00,50608.29383697199,51497.95021150735,49658.970714241135,50246.25881004322,6622
2023-03-04 13:00:00,50246.25881004322,52154.617584342916,51429.552939128305,51612.25227193402,4452
2023-03-04 14:00:00,51612.25227193402,50214.49233449702,49740.51134004764,49993.530679881085,9572
2023-03-04 15:00:00,49993.530679881085,50920.62814262899,49677.58712502,49880.34847831882,5887
2023-03-04 16:00:00,49880.34847831882,50947.93440779164,50372.66754252402,50411.7010897218,8618
2023-03-04 17:00:00,50411.7010897218,52630.84315626443,49805.306213327356,51302.18641669156,3570
2023-03-04 18:00:00,51302.18641669156,51819.14999675263,48584.97085311586,49931.499000125565,4309
2023-03-04 19:00:00,49931.499000125565,52666.63980255588,49220.80027478478,51140.660726324284,8424
2023-03-04 20:00:00,51140.660726324284,50059.308897832074,48413.50668437463,49195.81140758411,1224
2023-03-04 21:00:00,49195.81140758411,51410.091135513925,49771.7199554993,50879.18695034611,9136
2023-03-04 22:00:00,50879.18695034611,51156.519152498455,49221.42981800307,50364.756696559736,2403
2023-03-04 23:00:00,50364.756696559736,51515.95476872271,50421.91090150521,51164.63976437429,1409
2023-03-05 00:00:00,51164.63976437429,52353.33890962243,49458.61660166082,50383.26641864385,3051
2023-03-05 01:00:00,50383.26641864385,51275.64213098792,50376.53697191914,50793.978275171976,1601
2023-03-05 02:00:00,50793.978275171976,51039.55623678312,49764.36583185138,50577.676666633546,9674
2023-03-05 03:00:00,50577.676666633546,51625.89787403819,50038.10910023714,50220.3868890325,6368
2023-03-05 04:00:00,50220.3868890325,50284.258004524425,49426.03848057489,50050.30790305151,5796
2023-03-05 05:00:00,50050.30790305151,51357.68993981065,49966.84010505829,50756.38837652457,6349
2023-03-05 06:00:00,50756.38837652457,51226.30861616197,50339.689045906765,50609.22844577006,6230
2023-03-05 07:00:00,50609.22844577006,52120.88823014315,49148.91968333739,50411.06479412897,3145
2023-03-05 08:00:00,50411.06479412897,51360.17395323795,49135.00703042827,50584.75422615457,5444
2023-03-05 09:00:00,50584.75422615457,51557.848670649124,49493.88781633424,50609.027872606406,8179
2023-03-05 10:00:00,50609.027872606406,50590.92402617836,47781.12218446263,49463.85433370666,3332
2023-03-05 11:00:00,49463.85433370666,51049.90638339753,50218.9488244395,50313.00048807049,9736
2023-03-05 12:00:00,50313.00048807049,51965.2998570549,49781.77355666509,51071.27462273606,1296
2023-03-05 13:00:00,51071.27462273606,51360.32769613083,49801.2525617978,50107.61169300137,6194
2023-03-05 14:00:00,50107.61169300137,50857.53221745659,49390.87090451124,50061.17538010754,5324
2023-03-05 15:00:00,50061.17538010754,51011.71349330191,49951.494844430934,50017.36621277725,7325
2023-03-05 16:00:00,50017.36621277725,50851.74425266904,49901.740257225116,50538.3140019265,6057
2023-03-05 17:00:00,50538.3140019265,51064.065567260266,49299.06166159975,50227.958252418575,8734
2023-03-05 18:00:00,50227.958252418575,50371.41796321467,49254.76260984822,50250.526541413594,3005
2023-03-05 19:00:00,50250.526541413594,50631.70517105915,49347.99092244494,50142.99830884197,1763
2023-03-05 20:00:00,50142.99830884197,51165.78812314314,49000.84899602399,50557.70875491161,6691
2023-03-05 21:00:00,50557.70875491161,50418.84690824564,49850.994135125824,50398.59232212203,5198
2023-03-05 22:00:00,50398.59232212203,51793.52967263573,49821.65345657646,50726.66567030415,4641
2023-03-05 23:00:00,50726.66567030415,51826.4344071806,50607.73603287445,51220.943841933666,8243
2023-03-06 00:00:00,51220.943841933666,51607.27225719328,51014.97562851548,51176.433805388224,6110
2023-03-06 01:00:00,51176.433805388224,51601.74206056601,50869.908720455205,51259.38570020488,9983
2023-03-06 02:00:00,51259.38570020488,50901.54829508315,49180.68843077337,50618.199197074005,8108
2023-03-06 03:00:00,50618.199197074005,51722.527397171616,49694.62147846613,50208.16591800892,4661
2023-03-06 04:00:00,50208.16591800892,50970.00804219778,49214.20799995568,50394.296479076,8552
2023-03-06 05:00:00,50394.296479076,51382.44478440778,49127.45357857988,49754.01171745916,2063
2023-03-06 06:00:00,49754.01171745916,50797.740128449055,49363.75614616739,50457.84471086912,4748
2023-03-06 07:00:00,50457.84471086912,50926.998931316506,50218.245858055496,50902.67174266207,5720
2023-03-06 08:00:00,50902.67174266207,50734.06086525013,48323.934018215274,50353.39949158381,1318
2023-03-06 09:00:00,50353.39949158381,51484.075206907364,50487.5312171184,50649.98749270442,9544
2023-03-06 10:00:00,50649.98749270442,51126.4461362584,49131.48681842115,50470.16016215479,3367
2023-03-06 11:00:00,50470.16016215479,51985.56059686998,50533.23703785569,50889.51750610712,9835
2023-03-06 12:00:00,50889.51750610712,52236.84446096039,48095.52712922041,50532.86909136283,6940
2023-03-06 13:00:00,50532.86909136283,51599.02997819995,50282.49776825455,50521.14364096505,2644
2023-03-06 14:00:00,50521.14364096505,52143.103008890714,49182.98999704507,50648.51188699449,3193
2023-03-06 15:00:00,50648.51188699449,52434.6191892054,50708.811410041184,50747.89412352656,5182
2023-03-06 16:00:00,50747.89412352656,50405.022033183755,49134.24546671283,50382.7535377474,6950
2023-03-06 17:00:00,50382.7535377474,50559.303455398534,49612.109745785405,50477.11384551181,3309
2023-03-06 18:00:00,50477.11384551181,50194.43216497385,48884.67024157777,49246.61037353742,7686
2023-03-06 19:00:00,49246.61037353742,50268.887097731276,49825.27737043373,50028.919843730924,9629
2023-03-06 20:00:00,50028.919843730924,49612.24897388136,49264.416991439284,49555.56676670457,7819
2023-03-06 21:00:00,49555.56676670457,52049.58408657049,50017.79344633379,50276.53307739852,9423
2023-03-06 22:00:00,50276.53307739852,50448.52285146799,48908.15598026281,49762.79456101445,6440
2023-03-06 23:00:00,49762.79456101445,52122.44094377255,50747.08094579523,50959.51812073497,4880
2023-03-07 00:00:00,50959.51812073497,50142.66079864554,49590.16450052762,49815.31132121088,3439
2023-03-07 01:00:00,49815.31132121088,52308.70010337758,49860.37644603967,49932.9242993861,7440
2023-03-07 02:00:00,49932.9242993861,51415.09483003126,49264.2354187309,50471.669389143244,3113
2023-03-07 03:00:00,50471.669389143244,51637.59005163843,50630.81052209496,50749.1190559274,3807
2023-03-07 04:00:00,50749.1190559274,50238.77231469839,49186.06128621085,49874.3206496857,6269
2023-03-07 05:00:00,49874.3206496857,50880.31131645404,49184.669591027334,50051.21252222486,9900
2023-03-07 06:00:00,50051.21252222486,51937.592780546525,49389.690001610375,50805.74982100643,7547
2023-03-07 07:00:00,50805.74982100643,50366.38030256179,49901.164601351884,50269.83236755635,9482
2023-03-07 08:00:00,50269.83236755635,50547.35250274675,48438.36014890641,49528.70709736031,7691
2023-03-07 09:00:00,49528.70709736031,50535.23797506552,48104.49723463386,49895.943930688256,5841
2023-03-07 10:00:00,49895.943930688256,49729.884869204565,47548.57732669227,48956.99841862004,6293
2023-03-07 11:00:00,48956.99841862004,49827.581220448075,49685.24758924661,49709.10279217475,1463
2023-03-07 12:00:00,49709.10279217475,51563.839035028825,50180.07309269059,50235.96776594402,2915
2023-03-07 13:00:00,50235.96776594402,50672.78999640243,49464.213622658346,49634.15260715374,1315
2023-03-07 14:00:00,49634.15260715374,50643.155565389185,48841.34087481347,49531.81145656875,3815
2023-03-07 15:00:00,49531.81145656875,49815.5101889933,49332.82280473368,49786.37785314975,4468
2023-03-07 16:00:00,49786.37785314975,51806.20998839971,49247.631208985375,49770.67453869518,1106
2023-03-07 17:00:00,49770.67453869518,49235.117231768956,48868.048957107676,49131.425418588435,6852
2023-03-07 18:00:00,49131.425418588435,50384.24447963625,48258.394978925906,49990.55263837395,7132
2023-03-07 19:00:00,49990.55263837395,50185.54272107577,48590.4467478127,50083.7989803795,1867
2023-03-07 20:00:00,50083.7989803795,50247.85323004261,49516.27829993395,50144.59023221164,4816
2023-03-07 21:00:00,50144.59023221164,50480.764815216775,49156.87935475475,49558.92594491041,3482
2023-03-07 22:00:00,49558.92594491041,49960.72683936896,48532.92337499567,49019.21463451544,6786
2023-03-07 23:00:00,49019.21463451544,51700.72384317081,49862.00564598415,49963.83431036858,7054
2023-03-08 00:00:00,49963.83431036858,50067.55537815731,48726.293530343864,49666.80810229143,8132
2023-03-08 01:00:00,49666.80810229143,50544.23055211013,48883.14609759976,50168.06270580561,4229
2023-03-08 02:00:00,50168.06270580561,50439.85606568115,50132.35026052823,50240.74438056852,2795
2023-03-08 03:00:00,50240.74438056852,49714.70979140271,49229.73635812763,49465.633678597005,9540
2023-03-08 04:00:00,49465.633678597005,49616.41538799169,49569.01307363074,49579.822662010556,7145
2023-03-08 05:00:00,49579.822662010556,51051.64582108743,48804.190284682205,50079.46943429852,3226
2023-03-08 06:00:00,50079.46943429852,50572.14145299873,49884.76121671954,50073.87953047203,7842
2023-03-08 07:00:00,50073.87953047203,50185.38886477273,49153.63412072017,49636.503506528345,2360
2023-03-08 08:00:00,49636.503506528345,51001.710474961554,49653.11921294456,50456.61896893593,2726
2023-03-08 09:00:00,50456.61896893593,51278.62292758134,49461.8278935355,50227.21821528787,9025
2023-03-08 10:00:00,50227.21821528787,52361.109138604894,49913.2379668749,50686.32908914234,6208
2023-03-08 11:00:00,50686.32908914234,50230.96779525716,48807.95250590998,50117.55004112569,6279
2023-03-08 12:00:00,50117.55004112569,49634.94566180358,47336.66722624303,49445.153402198215,7697
2023-03-08 13:00:00,49445.153402198215,49778.98154287547,48398.447066686575,48802.76274843474,2020
2023-03-08 14:00:00,48802.76274843474,50308.15873917742,48723.16105565343,48792.259842972875,6442
2023-03-08 15:00:00,48792.259842972875,51065.621646508625,48730.911549589895,49942.500560212,9520
2023-03-08 16:00:00,49942.500560212,50996.73339720779,49125.520016083756,49927.16074408145,9998
2023-03-08 17:00:00,49927.16074408145,51042.98999371302,50327.14863010108,50344.5314683536,5901
2023-03-08 18:00:00,50344.5314683536,49542.338017113325,48560.38949930566,49356.11638222646,3082
2023-03-08 19:00:00,49356.11638222646,52225.78932860079,49280.91494430043,50099.43560359054,6982
2023-03-08 20:00:00,50099.43560359054,50823.46730074904,49878.10471736262,49901.38281121643,9105
2023-03-08 21:00:00,49901.38281121643,49516.643393991784,48450.06486902257,49078.495863492746,7135
2023-03-08 22:00:00,49078.495863492746,50560.598747387165,49050.32016761291,50421.39902447976,6338
2023-03-08 23:00:00,50421.39902447976,50767.63709407174,49501.72759646884,50542.04546308475,6016
2023-03-09 00:00:00,50542.04546308475,50359.259481576766,49290.46174272766,49377.93140811065,3948
2023-03-09 01:00:00,49377.93140811065,51826.09729462559,49811.69237223273,49990.86227646563,2040
2023-03-09 02:00:00,49990.86227646563,50716.40904113637,49676.32393229046,49998.55977112507,1987
2023-03-09 03:00:00,49998.55977112507,50816.04124115855,49468.14546969927,49959.562112074615,2381
2023-03-09 04:00:00,49959.562112074615,50310.17726234572,48315.91338441038,49109.12480106089,4726
2023-03-09 05:00:00,49109.12480106089,51401.70860302238,49864.308514238954,50217.88117895767,3131
2023-03-09 06:00:00,50217.88117895767,50635.376212831325,48879.4261899116,49565.23938297967,6474
2023-03-09 07:00:00,49565.23938297967,49508.420576697376,46666.74240913235,48562.367235698875,1016
2023-03-09 08:00:00,48562.367235698875,51029.10346857335,49239.896382920604,50520.892580312844,5311
2023-03-09 09:00:00,50520.892580312844,51007.5268025421,49510.36531440629,49649.66888818563,6098
2023-03-09 10:00:00,49649.66888818563,49521.34353863086,47885.167950158764,48919.54606079917,9352
2023-03-09 11:00:00,48919.54606079917,50546.38615070745,49685.207549587874,50007.26631702657,9364
2023-03-09 12:00:00,50007.26631702657,51473.23697262423,48892.679601636075,50963.68537651512,3882
2023-03-09 13:00:00,50963.68537651512,51046.44565748467,49689.58567955264,50048.389557258335,4084
2023-03-09 14:00:00,50048.389557258335,50685.05134349864,49614.34549943836,49896.07073168421,1824
2023-03-09 15:00:00,49896.07073168421,50261.20447181665,47914.77502780583,49135.28102151914,5695
2023-03-09 16:00:00,49135.28102151914,50373.55092253342,47515.3838045623,48564.4944136706,8595
2023-03-09 17:00:00,48564.4944136706,49951.3236655747,48456.16072479981,49634.53537130581,3694
2023-03-09 18:00:00,49634.53537130581,50047.94559822969,49451.57273192969,50006.613300217774,3100
2023-03-09 19:00:00,50006.613300217774,50272.074363130036,48645.922850891264,49543.4782484223,3422
2023-03-09 20:00:00,49543.4782484223,49834.045530105635,48597.72949232394,49104.00715999931,8316
2023-03-09 21:00:00,49104.00715999931,50402.74527253405,48657.31953508249,50171.09118504871,6659
2023-03-09 22:00:00,50171.09118504871,50563.97031340647,48352.14074096884,49467.360923324566,3401
2023-03-09 23:00:00,49467.360923324566,50283.51158211308,49983.061214785186,50021.563340657274,1043
2023-03-10 00:00:00,50021.563340657274,50603.15838566223,49262.248789807985,50398.245667536656,8071
2023-03-10 01:00:00,50398.245667536656,50394.26760821629,47708.9408352088,49229.59874426466,8155
2023-03-10 02:00:00,49229.59874426466,50508.31040118557,49562.0712616513,49733.981244780436,9067
2023-03-10 03:00:00,49733.981244780436,50466.22872539238,48649.74665242671,48966.00167770912,4616
2023-03-10 04:00:00,48966.00167770912,50319.24717058897,49274.82856000821,49755.9526086802,9351
2023-03-10 05:00:00,49755.9526086802,50142.34672431152,49557.24161148138,50064.27203095232,2013
2023-03-10 06:00:00,50064.27203095232,50331.53436976288,49180.207009163656,49447.012526771294,6247
2023-03-10 07:00:00,49447.012526771294,51155.76394696529,48029.66872500008,49649.17846820079,5827
2023-03-10 08:00:00,49649.17846820079,50259.4915948984,48154.68473286293,49378.57236280498,1059
2023-03-10 09:00:00,49378.57236280498,50563.88401694658,48936.93405550411,49791.96461621663,9527
2023-03-10 10:00:00,49791.96461621663,51420.03765730867,48479.2730853013,50096.28234511877,7097
2023-03-10 11:00:00,50096.28234511877,49609.91604025811,47817.31047906126,49230.871287661575,5166
2023-03-10 12:00:00,49230.871287661575,49724.53881671445,48200.706825688045,49184.58616647915,9334
2023-03-10 13:00:00,49184.58616647915,48701.94269733502,46240.52917469028,48078.71520327707,8636
2023-03-10 14:00:00,48078.71520327707,49563.058126630036,49119.223345063874,49485.571212735114,7902
2023-03-10 15:00:00,49485.571212735114,49313.85679871737,48147.41135300057,48770.427541456,1500
2023-03-10 16:00:00,48770.427541456,48892.697407158725,45578.226459607016,48829.80701753656,1987
2023-03-10 17:00:00,48829.80701753656,50193.40215001417,48867.850581802355,49862.93446369699,4932
2023-03-10 18:00:00,49862.93446369699,49143.4039243785,47878.66404671911,48818.59351464274,2658
2023-03-10 19:00:00,48818.59351464274,49458.048679843334,48360.20473968131,48767.908321527306,9017
2023-03-10 20:00:00,48767.908321527306,49966.30815036754,49120.273167191066,49805.65457940526,6512
2023-03-10 21:00:00,49805.65457940526,50314.702364751116,49307.207521234115,49449.48781440857,9974
2023-03-10 22:00:00,49449.48781440857,49330.11718985952,49030.97649049296,49263.49106899255,8514
2023-03-10 23:00:00,49263.49106899255,50797.02775822148,47612.26197793764,49480.506350799675,4794
2023-03-11 00:00:00,49480.506350799675,49831.87170310078,48155.33261164554,48743.853657530715,7285
2023-03-11 01:00:00,48743.853657530715,50776.5736403847,49293.12776958223,49452.54818477654,5012
2023-03-11 02:00:00,49452.54818477654,49925.994985756304,47921.90608676179,48746.64861140743,8229
2023-03-11 03:00:00,48746.64861140743,51398.468422610335,50349.00508238709,50392.548324611154,2265
2023-03-11 04:00:00,50392.548324611154,50396.649123049654,47791.948609885054,48774.37285719895,9143
2023-03-11 05:00:00,48774.37285719895,50371.86123199803,47890.131454284405,49347.606773717125,1611
2023-03-11 06:00:00,49347.606773717125,50063.05343357281,49035.727456494606,49451.14573374205,4702
2023-03-11 07:00:00,49451.14573374205,49179.62076960002,47419.71626936463,48912.841905358015,2628
2023-03-11 08:00:00,48912.841905358015,50752.33437656612,48877.60566978258,49617.759188103846,9208
2023-03-11 09:00:00,49617.759188103846,48474.92830743265,47042.44351849873,48422.510643460344,4139
2023-03-11 10:00:00,48422.510643460344,49913.25323818723,48354.969394829146,49478.16010156632,9181
2023-03-11 11:00:00,49478.16010156632,48810.27654421596,47463.18069915164,48515.700786033456,6725
2023-03-11 12:00:00,48515.700786033456,49310.01194415039,48582.9773565554,49105.236790862364,9794
2023-03-11 13:00:00,49105.236790862364,50167.90449880128,49840.67560289326,50072.80985410996,7162
2023-03-11 14:00:00,50072.80985410996,49700.933412993225,48476.02806268051,49048.48325795012,9951
2023-03-11 15:00:00,49048.48325795012,50447.3311478947,49631.12886445716,49778.36990178406,8071
2023-03-11 16:00:00,49778.36990178406,51212.77899469986,49930.500399043034,49971.29553192775,7586
2023-03-11 17:00:00,49971.29553192775,50974.41340784484,49026.07174599593,49946.8090413717,4967
2023-03-11 18:00:00,49946.8090413717,49281.302109539254,48771.31336762641,49078.525643312416,4888
2023-03-11 19:00:00,49078.525643312416,50191.64174332091,47839.72478599309,48970.962338530146,4270
2023-03-11 20:00:00,48970.962338530146,49526.897027562336,49046.81980716602,49175.42147017354,8566
2023-03-11 21:00:00,49175.42147017354,49635.484513375435,48336.87149765683,49048.51917642768,5757
2023-03-11 22:00:00,49048.51917642768,48268.43778008198,47173.4103463099,48062.219216548285,1087
2023-03-11 23:00:00,48062.219216548285,48892.19242351537,48166.377376749806,48632.44444157659,3418
2023-03-12 00:00:00,48632.44444157659,48552.73474264311,47423.38182296844,48272.828460899844,9232
2023-03-12 01:00:00,48272.828460899844,48838.661282359404,48052.29787119253,48432.42065928831,8043
2023-03-12 02:00:00,48432.42065928831,50812.20085625464,48845.791223295404,50081.59183973027,7886
2023-03-12 03:00:00,50081.59183973027,50276.874748013346,49115.60847087583,49188.92798500646,4709
2023-03-12 04:00:00,49188.92798500646,49903.48124264859,48670.66223049498,49161.692644791714,7552
2023-03-12 05:00:00,49161.692644791714,48882.42174165903,46660.3357782037,48494.232892024345,7238
2023-03-12 06:00:00,48494.232892024345,50921.117450545105,48708.074725678554,49992.817136248086,5778
2023-03-12 07:00:00,49992.817136248086,49214.327058527524,48238.01164695017,48571.50133199001,7100
2023-03-12 08:00:00,48571.50133199001,48625.07078524009,47961.89277991424,48597.03815202464,4831
2023-03-12 09:00:00,48597.03815202464,49626.075248087196,47522.8072787431,48711.84029978304,7235
2023-03-12 10:00:00,48711.84029978304,49723.019069153714,48966.61546869545,49669.67167740156,2634
2023-03-12 11:00:00,49669.67167740156,50236.52870174174,48303.345112982875,49584.451920722866,9390
2023-03-12 12:00:00,49584.451920722866,50683.01852096514,48267.980412944504,48786.533057001325,7360
2023-03-12 13:00:00,48786.533057001325,49755.891059605856,48445.40581297736,49103.29785934018,8627
2023-03-12 14:00:00,49103.29785934018,50041.210147531725,47920.792772432964,49131.24788632509,6825
2023-03-12 15:00:00,49131.24788632509,48925.41350158117,47903.26506321968,48655.45250753326,8406
2023-03-12 16:00:00,48655.45250753326,52053.93022692476,48890.91398547966,49015.776637041985,3870
2023-03-12 17:00:00,49015.776637041985,49142.67000107561,48302.67402883348,48359.50165443843,4169
2023-03-12 18:00:00,48359.50165443843,50997.187986820805,48876.53828136335,49794.56668362957,8452
2023-03-12 19:00:00,49794.56668362957,49360.22414233087,47518.81914572216,48847.18735164,5271
2023-03-12 20:00:00,48847.18735164,51183.94406763113,48919.13544775874,49331.95801428982,6731
2023-03-12 21:00:00,49331.95801428982,49974.79835828204,47000.17392338431,48995.147198756225,1440
2023-03-12 22:00:00,48995.147198756225,47979.50609077555,47501.368173788804,47776.27562340694,3333
2023-03-12 23:00:00,47776.27562340694,49511.36470490777,48881.19851810562,49103.659248595504,8544
2023-03-13 00:00:00,49103.659248595504,50706.78619506911,48182.2299254945,50061.365402033276,2471
2023-03-13 01:00:00,50061.365402033276,49268.71491955557,47074.649719611254,48833.40502032574,2730
2023-03-13 02:00:00,48833.40502032574,48735.32402898375,46995.36475597107,48618.68495447052,6534
2023-03-13 03:00:00,48618.68495447052,49219.1034507562,48711.13776169695,48958.53143455777,4117
2023-03-13 04:00:00,48958.53143455777,51476.63564330508,48899.38320810191,49134.76261715112,5963
2023-03-13 05:00:00,49134.76261715112,49994.27125544709,48172.59940782924,48761.55896969138,3846
2023-03-13 06:00:00,48761.55896969138,50040.65834454321,47755.54860095529,48986.598110293475,3293
2023-03-13 07:00:00,48986.598110293475,50228.97228339522,48326.98545495208,49233.0084962713,9974
2023-03-13 08:00:00,49233.0084962713,51525.55052520643,48465.33592872074,49552.46982068223,4331
2023-03-13 09:00:00,49552.46982068223,50255.13297455182,48285.06625096244,49711.48638146473,8647
2023-03-13 10:00:00,49711.48638146473,49656.25734628994,48358.63603808012,49568.89339152691,8704
2023-03-13 11:00:00,49568.89339152691,49800.878395676096,48652.02124747908,49690.47773074294,3991
2023-03-13 12:00:00,49690.47773074294,50137.93150202856,48714.881808539314,48967.69504609376,5114
2023-03-13 13:00:00,48967.69504609376,50496.76770610982,48201.373591844764,49462.30852602213,5733
2023-03-13 14:00:00,49462.30852602213,48409.12063024367,46922.89303517618,48379.17577020244,5492
2023-03-13 15:00:00,48379.17577020244,49506.9922519712,47655.050852642606,49161.46119298757,3694
2023-03-13 16:00:00,49161.46119298757,49220.963302286335,48234.62642633913,48707.351077187974,8517
2023-03-13 17:00:00,48707.351077187974,50087.203072306576,49288.35013113762,49808.12988216712,5397
2023-03-13 18:00:00,49808.12988216712,49116.24727902252,48022.01678682015,48443.37040436475,4392
2023-03-13 19:00:00,48443.37040436475,48891.97828715206,48450.05063213013,48610.74257519222,2586
2023-03-13 20:00:00,48610.74257519222,49805.770908538834,47687.628233044175,48805.59282840809,8404
2023-03-13 21:00:00,48805.59282840809,48792.32693049537,47844.84099826761,48384.01779923583,9556
2023-03-13 22:00:00,48384.01779923583,49497.66018855547,47912.863914050635,48730.91643951371,7941
2023-03-13 23:00:00,48730.91643951371,51247.11826139962,49001.28113337553,50034.63923046577,1921
2023-03-14 00:00:00,50034.63923046577,49952.87624390373,48132.22595029079,48821.05402970444,4995
2023-03-14 01:00:00,48821.05402970444,49675.78352254356,48272.64598001355,48423.45844094541,8098
2023-03-14 02:00:00,48423.45844094541,50379.01286534157,49834.224261172116,49959.78808110553,9594
2023-03-14 03:00:00,49959.78808110553,49955.78356339801,49156.63772911587,49523.328122386825,4017
2023-03-14 04:00:00,49523.328122386825,49489.649985338845,47624.595509456936,48343.737690854956,4201
2023-03-14 05:00:00,48343.737690854956,49203.38785263611,48897.26590160964,49078.11480767065,9696
2023-03-14 06:00:00,49078.11480767065,49555.644341608684,48725.793305098625,48902.931743126646,6565
2023-03-14 07:00:00,48902.931743126646,49311.1572693156,48847.932880765824,48972.38965033964,7517
2023-03-14 08:00:00,48972.38965033964,48891.88716073614,48264.77351645647,48483.340287066596,9865
2023-03-14 09:00:00,48483.340287066596,50374.339531388876,48331.65670715199,48371.495003118514,9784
2023-03-14 10:00:00,48371.495003118514,48988.462115860675,47542.72956513354,47962.902395669,6399
2023-03-14 11:00:00,47962.902395669,50553.44061145603,49471.84036238922,49711.11455776241,7120
2023-03-14 12:00:00,49711.11455776241,48364.312585225634,47055.48969224132,47717.228917917055,7172
2023-03-14 13:00:00,47717.228917917055,50719.734876499395,48046.31611102586,48987.603119021864,7487
2023-03-14 14:00:00,48987.603119021864,49864.87054714847,47886.87698723622,48762.4335921468,2924
2023-03-14 15:00:00,48762.4335921468,49933.03276770149,48477.793991658145,49355.49375639465,1862
2023-03-14 16:00:00,49355.49375639465,48783.23047951334,47179.007752406,48224.86207499721,7052
2023-03-14 17:00:00,48224.86207499721,49986.69823646099,48775.68120372446,48918.261003535576,6678
2023-03-14 18:00:00,48918.261003535576,49117.22353616175,48420.41914071883,48759.580523442084,8114
2023-03-14 19:00:00,48759.580523442084,50507.45826310099,49675.681241320075,49997.179047926125,7063
2023-03-14 20:00:00,49997.179047926125,49542.65414891925,48386.778177551845,49008.323099951485,3594
2023-03-14 21:00:00,49008.323099951485,49187.3499970295,47813.34173406111,48855.89544187714,9139
2023-03-14 22:00:00,48855.89544187714,49435.37386127104,47889.51510354245,48723.901509069074,6725
2023-03-14 23:00:00,48723.901509069074,49262.5162146484,48125.27371696635,49065.44554964701,1124
2023-03-15 00:00:00,49065.44554964701,49596.968546738666,48310.11585849926,48355.45252199934,6517
2023-03-15 01:00:00,48355.45252199934,49327.13963545842,48107.84655606599,49013.943869373856,1394
2023-03-15 02:00:00,49013.943869373856,49215.955996208286,47638.30438575915,48780.680387080305,5628
2023-03-15 03:00:00,48780.680387080305,49496.0223625028,48447.71797134964,48612.945521751695,7269
2023-03-15 04:00:00,48612.945521751695,49015.876731028715,48166.74959412661,48181.95359161355,7589
2023-03-15 05:00:00,48181.95359161355,49613.20604638556,48867.68747871465,49296.74542213161,4033
2023-03-15 06:00:00,49296.74542213161,52332.83681491757,48939.25415977147,49273.35074505286,7595
2023-03-15 07:00:00,49273.35074505286,48938.91327345783,46482.01923759629,47957.038623560235,3568
2023-03-15 08:00:00,47957.038623560235,49143.83804601992,47096.65360603676,47822.42532097567,2897
2023-03-15 09:00:00,47822.42532097567,50693.39591390927,49590.54662210668,49885.8830755427,5092
2023-03-15 10:00:00,49885.8830755427,49484.82204332297,47559.22237645022,48487.07751878847,9704
2023-03-15 11:00:00,48487.07751878847,50992.18310675343,49175.26958912526,50111.16635552271,9623
2023-03-15 12:00:00,50111.16635552271,48714.42903862941,47585.5848119474,48553.21406543439,5840
2023-03-15 13:00:00,48553.21406543439,50920.095314137056,49876.69685250758,50012.79868690098,1275
2023-03-15 14:00:00,50012.79868690098,49372.34299211138,47573.97431999532,48467.991981870684,7054
2023-03-15 15:00:00,48467.991981870684,50040.240613594244,48777.62292232106,49890.60244134607,4978
2023-03-15 16:00:00,49890.60244134607,49189.51633522996,48650.94403568346,48691.71852973188,3655
2023-03-15 17:00:00,48691.71852973188,49660.54491682451,47328.01807100848,49021.642203036456,9791
2023-03-15 18:00:00,49021.642203036456,51995.55415311091,48679.60610719382,49831.69704443245,5462
2023-03-15 19:00:00,49831.69704443245,49105.26249482186,48313.90725927131,48572.52219190332,7609
2023-03-15 20:00:00,48572.52219190332,49767.73465870791,49032.71212849252,49273.37812887923,6151
2023-03-15 21:00:00,49273.37812887923,50685.07576081308,49659.89856403279,49855.0853078442,1188
2023-03-15 22:00:00,49855.0853078442,50044.792212891814,48639.8961554213,49107.19625207625,1599
2023-03-15 23:00:00,49107.19625207625,48879.25131451951,47644.316537715706,48345.14316703652,6301
2023-03-16 00:00:00,48345.14316703652,50750.97065741792,48480.17643421632,50389.78225817168,3024
2023-03-16 01:00:00,50389.78225817168,51670.15554563803,48724.98853189505,49120.69663319889,6453
2023-03-16 02:00:00,49120.69663319889,50367.720088933085,47861.935126490505,49203.77779068197,8202
2023-03-16 03:00:00,49203.77779068197,49150.3319493525,47966.477101144425,48497.36628626331,4501
2023-03-16 04:00:00,48497.36628626331,48909.15383632686,46601.61067989523,48773.761385509155,7716
2023-03-16 05:00:00,48773.761385509155,50323.95873565213,49039.22914966632,49752.272401352246,7822
2023-03-16 06:00:00,49752.272401352246,51583.24409954995,47873.5686981769,49186.87422133959,5885
2023-03-16 07:00:00,49186.87422133959,50580.341424545644,48608.40113564553,49703.62657627311,6082
2023-03-16 08:00:00,49703.62657627311,49774.858365800996,48695.33945213643,49623.980636108194,3797
2023-03-16 09:00:00,49623.980636108194,49847.36450938885,49667.66674703212,49833.03085382089,8926
2023-03-16 10:00:00,49833.03085382089,49555.768166117574,49168.70949235816,49279.83447246553,9046
2023-03-16 11:00:00,49279.83447246553,49720.778903329694,48072.029747680295,49330.548674654485,8392
2023-03-16 12:00:00,49330.548674654485,49347.216105805346,48866.91017623966,48872.71276155246,8976
2023-03-16 13:00:00,48872.71276155246,48758.05250605585,48653.06710795912,48663.61907824163,5303
2023-03-16 14:00:00,48663.61907824163,51440.21061883982,49065.68009409805,49870.31053458882,8408
2023-03-16 15:00:00,49870.31053458882,49375.28005802736,47686.43162035361,48600.97486435287,6778
2023-03-16 16:00:00,48600.97486435287,48626.57349709887,48084.25718346261,48571.68154725055,9429
2023-03-16 17:00:00,48571.68154725055,48875.2670142506,47787.751052561376,48764.698040008996,2584
2023-03-16 18:00:00,48764.698040008996,49127.354826828945,48381.7150059014,49032.98767600295,8720
2023-03-16 19:00:00,49032.98767600295,49638.03205762788,49341.80912182116,49540.411660965256,8766
2023-03-16 20:00:00,49540.411660965256,48729.930746482176,46973.674492759164,48507.19136956306,9638
2023-03-16 21:00:00,48507.19136956306,52521.02856786901,47659.09964880019,49827.729454351815,2422
2023-03-16 22:00:00,49827.729454351815,50403.335837367114,49739.01503294718,49763.51565827249,4081
2023-03-16 23:00:00,49763.51565827249,49532.809800887655,48177.59265414262,49153.03675835883,9650
2023-03-17 00:00:00,49153.03675835883,49903.774782524284,48162.30682441235,48912.96173510474,1741
2023-03-17 01:00:00,48912.96173510474,49756.327021387035,47895.507596684016,49281.5482884835,5723
2023-03-17 02:00:00,49281.5482884835,50293.29284278613,46131.60003947522,48893.25435829593,8426
2023-03-17 03:00:00,48893.25435829593,50016.99812167954,49722.712382802245,49835.70540347724,7486
2023-03-17 04:00:00,49835.70540347724,50029.223248397226,47745.64207669583,49092.61842502762,8422
2023-03-17 05:00:00,49092.61842502762,49688.668045279235,49172.2676953704,49362.87992113873,6521
2023-03-17 06:00:00,49362.87992113873,49698.81853342155,47728.47484300823,49511.93040537427,1246
2023-03-17 07:00:00,49511.93040537427,50811.77907154192,48895.52375748099,49689.1091346767,8278
2023-03-17 08:00:00,49689.1091346767,49395.49505078312,48109.55417215021,49185.87429631791,8190
2023-03-17 09:00:00,49185.87429631791,49926.48980066703,49751.17244427537,49783.68707013137,6284
2023-03-17 10:00:00,49783.68707013137,50693.42920139639,49427.142488255784,49518.01629464477,8940
2023-03-17 11:00:00,49518.01629464477,50592.185448176926,48914.29365254496,49371.11942863398,3945
2023-03-17 12:00:00,49371.11942863398,49205.70415958697,47362.79901313188,48883.02463979965,1415
2023-03-17 13:00:00,48883.02463979965,50846.29519999445,48546.811583310344,49745.639473298565,4366
2023-03-17 14:00:00,49745.639473298565,49464.87899221587,48477.58002150359,49053.25807770332,3559
2023-03-17 15:00:00,49053.25807770332,50477.618276502726,47780.77401328102,49060.708070738176,3957
2023-03-17 16:00:00,49060.708070738176,50742.50329806378,49547.92452212939,49757.39122781345,4951
2023-03-17 17:00:00,49757.39122781345,49717.92073524507,48640.74965382184,49526.87608387985,5137
2023-03-17 18:00:00,49526.87608387985,52801.94748770566,47938.949516105786,49585.968132322196,4544
2023-03-17 19:00:00,49585.968132322196,50399.693765548414,49539.59998208017,49637.58852147291,8262
2023-03-17 20:00:00,49637.58852147291,50271.61027606644,47683.61269311998,49324.837447884194,7659
2023-03-17 21:00:00,49324.837447884194,50151.66140356863,48086.741835862675,49405.62180564558,3940
2023-03-17 22:00:00,49405.62180564558,49226.19387867188,47773.429599663075,48873.34470149289,5976
2023-03-17 23:00:00,48873.34470149289,49945.89123070262,48244.14034836708,49545.108670535956,8501
2023-03-18 00:00:00,49545.108670535956,50098.547658596704,48316.24785540864,49232.12913332375,6613
2023-03-18 01:00:00,49232.12913332375,49924.49539974342,49725.35985920123,49731.726268728686,8206
2023-03-18 02:00:00,49731.726268728686,49932.33367663683,48213.83221968551,49052.22935375249,6958
2023-03-18 03:00:00,49052.22935375249,49874.97014213288,48953.77436642727,49655.61524415023,9670
2023-03-18 04:00:00,49655.61524415023,48508.02034832335,46353.59196676085,48438.70774767775,5167
2023-03-18 05:00:00,48438.70774767775,51568.12828880913,50369.21654101432,50596.82081382251,2958
2023-03-18 06:00:00,50596.82081382251,50159.53458177939,47997.946946749136,49134.65801411155,4774
2023-03-18 07:00:00,49134.65801411155,52128.10567274559,48538.55286717663,49663.81255543998,1777
2023-03-18 08:00:00,49663.81255543998,49379.05554496718,48773.18030681657,48888.487021102424,8404
2023-03-18 09:00:00,48888.487021102424,50719.68672716478,48541.966078519865,49822.01893821271,8967
2023-03-18 10:00:00,49822.01893821271,50428.8863569113,49026.788037928345,49704.71449734557,6745
2023-03-18 11:00:00,49704.71449734557,50719.1973926211,49796.28819298175,49981.31184177192,3673
2023-03-18 12:00:00,49981.31184177192,50412.951351651216,49373.75030224305,49962.891984893125,2228
2023-03-18 13:00:00,49962.891984893125,50222.422497724954,48624.86750633285,49598.03403399769,2971
2023-03-18 14:00:00,49598.03403399769,50546.32130090602,48273.542215416586,49495.44360780037,3386
2023-03-18 15:00:00,49495.44360780037,49841.195952767004,48779.427652657825,49538.837998644936,4859
2023-03-18 16:00:00,49538.837998644936,49756.63769559652,47929.74498834381,49391.79702797416,8242
2023-03-18 17:00:00,49391.79702797416,50393.18672062954,50153.99439941254,50212.376022542296,3700
2023-03-18 18:00:00,50212.376022542296,49195.277752998634,46864.58369749498,49182.17461883276,4162
2023-03-18 19:00:00,49182.17461883276,51261.51982283035,48459.05553316653,49751.427283103374,3137
2023-03-18 20:00:00,49751.427283103374,50360.54634873814,48988.62488747137,49553.610716208714,2805
2023-03-18 21:00:00,49553.610716208714,50590.832014593936,49093.87956403092,50058.92827901584,6310
2023-03-18 22:00:00,50058.92827901584,50879.79676694513,50021.665897658895,50178.32800927601,5089
2023-03-18 23:00:00,50178.32800927601,50227.10114964986,47234.943705808546,49502.242300556485,8554
2023-03-19 00:00:00,49502.242300556485,51153.25121399798,48341.082970909454,49834.82433833478,6515
2023-03-19 01:00:00,49834.82433833478,50163.47146583347,47721.62920719752,49567.436143753795,1785
2023-03-19 02:00:00,49567.436143753795,50421.21642258558,50026.36641969041,50415.54800731347,3446
2023-03-19 03:00:00,50415.54800731347,51434.55995723207,48270.85368870596,49279.275177992175,9628
2023-03-19 04:00:00,49279.275177992175,51674.06533716774,49669.18964478567,49860.84701172767,6566
2023-03-19 05:00:00,49860.84701172767,51306.9637758458,49340.67090822095,50392.095334872814,2489
2023-03-19 06:00:00,50392.095334872814,50255.06936122115,49538.35809967106,49745.65088547873,8690
2023-03-19 07:00:00,49745.65088547873,50087.18476580796,48932.200126954034,49076.12330599404,1230
2023-03-19 08:00:00,49076.12330599404,49041.40555093271,48141.455913020494,48677.58368210136,3962
2023-03-19 09:00:00,48677.58368210136,50141.85486052447,49531.38611043643,49675.41503455117,3784
2023-03-19 10:00:00,49675.41503455117,51381.18646503255,50649.88591481456,50921.3185918177,6766
2023-03-19 11:00:00,50921.3185918177,51046.602727810794,49540.41150112907,49723.66256309756,1175
2023-03-19 12:00:00,49723.66256309756,52571.15491461195,50222.700509241025,50639.09066268256,4532
2023-03-19 13:00:00,50639.09066268256,49253.242036875155,47161.013428893566,48902.38100499544,6456
2023-03-19 14:00:00,48902.38100499544,50402.58935281784,48797.55456516324,50096.04163038839,1656
2023-03-19 15:00:00,50096.04163038839,51540.315776151416,49359.12988589119,50349.804330140185,8038
2023-03-19 16:00:00,50349.804330140185,49179.763413670065,47711.27008596918,48665.4176433329,4041
2023-03-19 17:00:00,48665.4176433329,50272.39446340375,49039.74777611654,49420.0409246098,9453
2023-03-19 18:00:00,49420.0409246098,51419.59216733485,49506.49052189256,49914.46374153077,2604
2023-03-19 19:00:00,49914.46374153077,50460.21873233833,49751.74270593877,49791.52661562365,9846
2023-03-19 20:00:00,49791.52661562365,50416.58586710447,49415.83132953987,49782.2642137865,8143
2023-03-19 21:00:00,49782.2642137865,50466.10140402381,48474.39967413787,49197.41606201325,9218
2023-03-19 22:00:00,49197.41606201325,52197.17385842912,49719.857466982256,50141.245648545584,5113
2023-03-19 23:00:00,50141.245648545584,50464.66431653877,49874.52655626969,49974.85293607422,9348
2023-03-20 00:00:00,49974.85293607422,50645.575016236726,49299.83322627009,49808.98587227268,7226
2023-03-20 01:00:00,49808.98587227268,51449.83598477002,49436.179227831395,49996.72120824052,9633
2023-03-20 02:00:00,49996.72120824052,49479.30413870643,48239.93594953175,49181.78008302001,5175
2023-03-20 03:00:00,49181.78008302001,50300.91028128308,49606.245480855454,50092.75895935667,2367
2023-03-20 04:00:00,50092.75895935667,51906.06562270995,49086.74921627884,49715.30139219168,4405
2023-03-20 05:00:00,49715.30139219168,50184.038793962536,48507.48803168979,48964.22411006156,3662
2023-03-20 06:00:00,48964.22411006156,51525.74289531255,49250.04903571952,50979.79931786447,5616
2023-03-20 07:00:00,50979.79931786447,50148.52316017665,49879.52319253682,49957.87829498342,2666
2023-03-20 08:00:00,49957.87829498342,50226.767779246606,48995.27023553631,49973.77894525498,3200
2023-03-20 09:00:00,49973.77894525498,50658.538769915576,48405.87189328885,50400.141924561925,9774
2023-03-20 10:00:00,50400.141924561925,51205.131834653585,49312.13092790526,50007.52834260681,2883
2023-03-20 11:00:00,50007.52834260681,51632.40486877841,49887.60346805125,50659.497260111115,6623
2023-03-20 12:00:00,50659.497260111115,50795.339645258784,47572.028438600995,49741.94647718766,1368
2023-03-20 13:00:00,49741.94647718766,49888.481720420976,49248.11552636334,49780.623156084286,8562
2023-03-20 14:00:00,49780.623156084286,49942.855217396114,48395.45818965188,49658.77482318865,1544
2023-03-20 15:00:00,49658.77482318865,50921.58113155995,49005.010782297606,50282.625269349075,2230
2023-03-20 16:00:00,50282.625269349075,49525.30315083195,49323.4046010338,49440.797740144604,1558
2023-03-20 17:00:00,49440.797740144604,50512.708472926686,49566.96008536762,50019.90289897661,5038
2023-03-20 18:00:00,50019.90289897661,50317.444348126985,49688.85386377429,49909.42895265058,9336
2023-03-20 19:00:00,49909.42895265058,51262.663953812276,48661.70256682346,49495.60219693601,9992
2023-03-20 20:00:00,49495.60219693601,50653.41146498934,48202.83599476438,49816.8860290912,1672
2023-03-20 21:00:00,49816.8860290912,50021.772231240204,48001.935284839994,49659.82552310796,4846
2023-03-20 22:00:00,49659.82552310796,52458.49946304857,50308.75758087823,50764.23342480651,1568
2023-03-20 23:00:00,50764.23342480651,51039.80594248853,48377.07453282474,49916.92810806938,1407
2023-03-21 00:00:00,49916.92810806938,50229.12899608553,48870.056179049134,50013.00404666852,1493
2023-03-21 01:00:00,50013.00404666852,50320.35937905817,49905.56407927195,49980.47238395311,5385
2023-03-21 02:00:00,49980.47238395311,51641.373729233404,49382.26566098619,50259.0816320597,7228
2023-03-21 03:00:00,50259.0816320597,50439.13899813474,49568.92234025322,49654.01055669146,3380
2023-03-21 04:00:00,49654.01055669146,49493.470809234204,49130.790086133136,49370.32025057738,8847
2023-03-21 05:00:00,49370.32025057738,51119.94922196215,50063.82371314863,50258.84916113963,7800
2023-03-21 06:00:00,50258.84916113963,50455.21222406801,49952.9416369024,50444.89576441158,3407
2023-03-21 07:00:00,50444.89576441158,49409.04619713333,48163.73435903408,49213.71758954013,4293
2023-03-21 08:00:00,49213.71758954013,51032.55698777847,49611.571899982,50613.852498357206,4311
2023-03-21 09:00:00,50613.852498357206,50959.86351040689,50300.770415627405,50427.3646587134,8694
2023-03-21 10:00:00,50427.3646587134,50401.78455337789,49026.688748435714,50275.03724149421,5378
2023-03-21 11:00:00,50275.03724149421,49510.20790966017,48622.14059996445,49338.15310329125,8520
2023-03-21 12:00:00,49338.15310329125,50940.662935176275,49203.30362679143,50182.20594796152,5075
2023-03-21 13:00:00,50182.20594796152,49822.54914036983,49321.87305625562,49661.38153022586,9052
2023-03-21 14:00:00,49661.38153022586,51999.32415164657,49800.478744123335,50397.344541300314,9863
2023-03-21 15:00:00,50397.344541300314,50458.274119061345,50324.46964225549,50363.578258800095,5923
2023-03-21 16:00:00,50363.578258800095,50986.20997816619,49693.53293946796,50867.166306425424,6554
2023-03-21 17:00:00,50867.166306425424,50844.122884859215,48679.52835436362,50533.53432932406,7900
2023-03-21 18:00:00,50533.53432932406,51550.51794613599,49620.93865401244,50540.98544528814,8671
2023-03-21 19:00:00,50540.98544528814,51278.98961535752,49817.52469258678,50045.74704086059,4267
2023-03-21 20:00:00,50045.74704086059,49701.10299861163,49404.46332979907,49608.98128452216,5027
2023-03-21 21:00:00,49608.98128452216,51446.485886950686,47937.148282662725,50130.22628755949,8471
2023-03-21 22:00:00,50130.22628755949,51030.362531813866,50044.99501069431,50529.601690952055,1715
2023-03-21 23:00:00,50529.601690952055,51314.157752121115,48496.60221823088,50193.03857730844,5742
2023-03-22 00:00:00,50193.03857730844,50679.06217076018,48783.67728308663,50002.092823274455,6044
2023-03-22 01:00:00,50002.092823274455,50623.8532461511,48958.64170867155,49681.46952564566,8261
2023-03-22 02:00:00,49681.46952564566,50940.58604250493,50665.44342213146,50792.40432886598,3057
2023-03-22 03:00:00,50792.40432886598,50557.54395912266,49538.87039050875,50157.21399943158,1202
2023-03-22 04:00:00,50157.21399943158,49691.42008730612,49106.98054923509,49681.22418448888,2617
2023-03-22 05:00:00,49681.22418448888,51184.73434026359,50245.875875659796,50653.331070598026,3962
2023-03-22 06:00:00,50653.331070598026,49885.992807606046,49667.65315151453,49863.41053646142,6699
2023-03-22 07:00:00,49863.41053646142,50816.72395398967,50169.37290404225,50350.12316251009,6280
2023-03-22 08:00:00,50350.12316251009,51359.37785619144,48785.351589596394,50729.16012175462,2898
2023-03-22 09:00:00,50729.16012175462,51104.30006663596,48997.17624458198,50344.13312531278,4232
2023-03-22 10:00:00,50344.13312531278,50092.67772943196,49033.19300855536,50055.73125526208,2848
2023-03-22 11:00:00,50055.73125526208,52579.936189175445,50293.71744071242,50351.56929427172,5379
2023-03-22 12:00:00,50351.56929427172,50497.28119521631,48598.755638303264,50103.707601024784,8283
2023-03-22 13:00:00,50103.707601024784,52725.62517913413,51203.371318644706,51303.957429134425,5986
2023-03-22 14:00:00,51303.957429134425,52135.28044198647,50449.452028072694,50984.19243101183,1832
2023-03-22 15:00:00,50984.19243101183,50689.50949946534,50212.25430459543,50572.42136133898,1288
2023-03-22 16:00:00,50572.42136133898,49855.827202092914,49581.186589228964,49762.73036854733,1039
2023-03-22 17:00:00,49762.73036854733,51868.682889081145,50141.57263161194,51105.10383098331,1182
2023-03-22 18:00:00,51105.10383098331,51835.57289713784,50629.927367847355,50640.257517370614,9688
2023-03-22 19:00:00,50640.257517370614,50759.19285046738,49836.36491777253,50427.68251560485,9876
2023-03-22 20:00:00,50427.68251560485,51484.73699550181,50419.371860004496,50622.44159035798,1318
2023-03-22 21:00:00,50622.44159035798,50488.18764487126,49205.53286552936,50096.16738609559,1728
2023-03-22 22:00:00,50096.16738609559,51549.64196929646,50403.52246732138,50817.851159423946,1024
2023-03-22 23:00:00,50817.851159423946,50812.340343733544,49603.110314684556,50474.83706129173,6107
2023-03-23 00:00:00,50474.83706129173,51773.54450945551,50036.699180950476,50989.18272517028,3156
2023-03-23 01:00:00,50989.18272517028,51249.65663334767,49964.56800981594,50864.63420847828,9911
2023-03-23 02:00:00,50864.63420847828,50191.230546142106,48667.70414519981,49626.77000016069,4172
2023-03-23 03:00:00,49626.77000016069,52941.76442505714,50129.27810604522,51089.35906606327,3058
2023-03-23 04:00:00,51089.35906606327,52976.08437611154,49952.47894173425,50953.31815746068,2870
2023-03-23 05:00:00,50953.31815746068,52992.24517033566,50382.26266834574,50796.34081979137,1774
2023-03-23 06:00:00,50796.34081979137,51290.13287421248,50187.667742744045,50548.92302387896,9885
2023-03-23 07:00:00,50548.92302387896,51862.7934528847,49304.79196196928,50152.27097760746,2716
2023-03-23 08:00:00,50152.27097760746,51203.96199389622,50165.3915482395,50472.017076120086,8381
2023-03-23 09:00:00,50472.017076120086,50640.79501940884,48914.46860142189,49938.75334191582,8310
2023-03-23 10:00:00,49938.75334191582,51175.271389967966,49401.11455073313,50282.10303077907,6422
2023-03-23 11:00:00,50282.10303077907,51542.85319306063,50021.566830241405,50766.01751322297,5378
2023-03-23 12:00:00,50766.01751322297,50880.50630888754,49594.58462025775,50242.902449775655,4741
2023-03-23 13:00:00,50242.902449775655,51158.63427220901,50340.94870302791,50625.49975970635,8997
2023-03-23 14:00:00,50625.49975970635,51210.61447063117,49750.69253966466,50952.97653778719,1393
2023-03-23 15:00:00,50952.97653778719,50785.91159460955,49894.23694057205,50657.47402591742,5690
2023-03-23 16:00:00,50657.47402591742,51265.50293499656,49549.3375473227,50808.50232909234,1905
2023-03-23 17:00:00,50808.50232909234,50286.60665794182,48415.252453679146,49897.5344919298,5618
2023-03-23 18:00:00,49897.5344919298,50640.31597656834,50522.60499408453,50542.07275666611,1572
2023-03-23 19:00:00,50542.07275666611,51356.376895140194,49996.1612230756,50949.609418794666,8013
2023-03-23 20:00:00,50949.609418794666,52785.94342242851,50765.011147475605,50810.386144519616,6682
2023-03-23 21:00:00,50810.386144519616,52323.91857951807,50243.020371079016,51495.94580986997,5568
2023-03-23 22:00:00,51495.94580986997,51760.80854743394,50698.68011123605,51120.16884304621,2121
2023-03-23 23:00:00,51120.16884304621,51357.58278777113,50716.71604602432,50940.81702761821,1055
2023-03-24 00:00:00,50940.81702761821,50417.998472325926,49684.97465463273,50088.304109826575,9451
2023-03-24 01:00:00,50088.304109826575,50530.99173997951,49177.38444995361,50374.76745113584,1403
2023-03-24 02:00:00,50374.76745113584,52641.99256097448,50466.01116745794,51383.1760294084,8423
2023-03-24 03:00:00,51383.1760294084,50005.84611954541,49291.24309122444,49578.874589796666,6197
2023-03-24 04:00:00,49578.874589796666,51991.835204942356,50703.55963353551,51236.83441243977,5755
2023-03-24 05:00:00,51236.83441243977,52165.14695871084,49737.25227785417,51001.134832999676,5596
2023-03-24 06:00:00,51001.134832999676,50798.27150218148,49681.55895194219,50153.5757789107,8661
2023-03-24 07:00:00,50153.5757789107,51853.304392196966,47995.14532167878,50382.71723308286,4432
2023-03-24 08:00:00,50382.71723308286,51201.45494251082,51087.723629252694,51093.46917613416,6229
2023-03-24 09:00:00,51093.46917613416,50921.285781436585,50023.335844739595,50508.036660120226,8818
2023-03-24 10:00:00,50508.036660120226,52563.569700491935,50271.84729147813,50699.90015236313,5864
2023-03-24 11:00:00,50699.90015236313,51173.21010837849,50069.55887774064,50919.910617921174,3339
2023-03-24 12:00:00,50919.910617921174,52286.97347436407,50082.64109462179,51777.04504846765,6381
2023-03-24 13:00:00,51777.04504846765,52613.036896753096,50491.125585749476,51222.06629008953,6892
2023-03-24 14:00:00,51222.06629008953,52604.265473189436,50232.30044366089,51024.28653341905,5027
2023-03-24 15:00:00,51024.28653341905,50521.40567196425,49234.70722496956,49903.82316445968,8479
2023-03-24 16:00:00,49903.82316445968,51616.77075365332,49581.08178559919,51501.510223276564,1027
2023-03-24 17:00:00,51501.510223276564,51189.578564917116,49725.05949753054,50310.09720820943,3427
2023-03-24 18:00:00,50310.09720820943,51034.537160029584,50109.62600362207,50910.28560031415,4355
2023-03-24 19:00:00,50910.28560031415,51864.393761070554,50779.211455986544,50968.35352211934,6236
2023-03-24 20:00:00,50968.35352211934,53003.91375111539,50184.82575478049,51601.91108584922,9313
2023-03-24 21:00:00,51601.91108584922,50622.622685952105,49334.15207188356,50359.100009007336,9887
2023-03-24 22:00:00,50359.100009007336,52901.89277648682,50589.32758024034,51710.61275998751,6444
2023-03-24 23:00:00,51710.61275998751,50645.90975562295,49427.327039007614,50336.638911599395,3959
2023-03-25 00:00:00,50336.638911599395,51137.339885688256,49480.61395716053,49862.42059535691,7064
2023-03-25 01:00:00,49862.42059535691,51241.858387710185,48861.70999612253,50634.676343111576,8374
2023-03-25 02:00:00,50634.676343111576,51609.61620420389,49724.73628039855,50528.05763310015,5459
2023-03-25 03:00:00,50528.05763310015,52052.87313261158,49932.322511822924,50682.62056235821,9418
2023-03-25 04:00:00,50682.62056235821,51771.11933900562,51266.888762335235,51296.314029702284,3941
2023-03-25 05:00:00,51296.314029702284,52235.005911787084,50348.53862383504,50937.32577864472,1760
2023-03-25 06:00:00,50937.32577864472,52250.163262504815,50249.089360101156,50765.17801398291,1957
2023-03-25 07:00:00,50765.17801398291,51395.20564289764,50846.06085626971,51111.51152073965,8493
2023-03-25 08:00:00,51111.51152073965,52119.663583698566,49647.2464673105,50918.84873643419,6006
2023-03-25 09:00:00,50918.84873643419,51512.00055305608,49778.735776106565,51174.818776420136,8541
2023-03-25 10:00:00,51174.818776420136,52306.55612622692,50510.019327779846,51237.363790509975,7557
2023-03-25 11:00:00,51237.363790509975,51110.24465673221,49931.82085214249,50627.28480261489,1166
2023-03-25 12:00:00,50627.28480261489,51439.116374663536,49219.696909635226,51262.161058094534,2125
2023-03-25 13:00:00,51262.161058094534,53374.27100663464,50029.84929625963,50246.404736469616,2634
2023-03-25 14:00:00,50246.404736469616,51449.623275875325,49930.62102793089,51051.1140433177,7640
2023-03-25 15:00:00,51051.1140433177,50770.1130362596,50139.676993190966,50665.61210816837,3808
2023-03-25 16:00:00,50665.61210816837,52700.00446801991,50214.946474043645,51306.16259515623,1822
2023-03-25 17:00:00,51306.16259515623,52581.143581844706,50011.50331625257,50916.806286440915,4865
2023-03-25 18:00:00,50916.806286440915,50738.925774861964,48232.54354904938,50254.37693902744,1077
2023-03-25 19:00:00,50254.37693902744,52557.97427684201,50990.616066357936,51359.262747898574,8135
2023-03-25 20:00:00,51359.262747898574,51076.088945435804,48332.588789166075,50810.67678751619,7673
2023-03-25 21:00:00,50810.67678751619,51109.0988537041,50818.81594494457,50842.02508113782,2659
2023-03-25 22:00:00,50842.02508113782,51576.32280263087,49897.710480245274,51377.4028619444,2044
2023-03-25 23:00:00,51377.4028619444,51181.81470720083,48532.3263972768,50271.80617625009,6621
2023-03-26 00:00:00,50271.80617625009,50472.98305847866,48511.79398089374,49561.8517017813,3250
2023-03-26 01:00:00,49561.8517017813,51480.661212475905,49299.67063951178,51461.459095878956,5624
2023-03-26 02:00:00,51461.459095878956,51414.427101114445,50208.77473204404,50875.29678799497,6868
2023-03-26 03:00:00,50875.29678799497,51296.410238915225,48923.2440048918,50643.92019355972,1667
2023-03-26 04:00:00,50643.92019355972,52899.63091508647,50796.076113051226,51373.74135133857,4440
2023-03-26 05:00:00,51373.74135133857,52977.74147150593,49883.922743240735,51141.14707535937,6403
2023-03-26 06:00:00,51141.14707535937,51779.78713208606,50667.8474575018,50786.74463353233,7230
2023-03-26 07:00:00,50786.74463353233,53858.58937173874,51201.06936320629,52404.263813727826,4167
2023-03-26 08:00:00,52404.263813727826,52921.11479888113,49474.38543004927,51195.32869362003,4856
2023-03-26 09:00:00,51195.32869362003,51203.26700516714,49580.31061533258,51090.307235516455,1701
2023-03-26 10:00:00,51090.307235516455,52266.774468790136,50094.452363536824,51099.20908696731,7836
2023-03-26 11:00:00,51099.20908696731,52325.089553524864,50057.28117658137,51105.49638187948,3249
2023-03-26 12:00:00,51105.49638187948,52348.52007699288,49720.17214862666,51229.54397810316,9118
2023-03-26 13:00:00,51229.54397810316,51126.39274785493,50526.885967570306,50889.031485866115,9102
2023-03-26 14:00:00,50889.031485866115,51418.77799618217,50525.1529951637,51149.17152726697,9534
2023-03-26 15:00:00,51149.17152726697,51549.91613337353,50794.788182459866,51168.998161062016,6790
2023-03-26 16:00:00,51168.998161062016,53129.92326747819,50243.588894456094,50693.35739488185,7830
2023-03-26 17:00:00,50693.35739488185,51791.22246298698,50869.976317362685,51159.56107158213,4632
2023-03-26 18:00:00,51159.56107158213,53833.19591653876,50052.02597268885,51537.595071007716,9208
2023-03-26 19:00:00,51537.595071007716,50904.4681224422,49320.03815140046,50659.56278035959,7799
2023-03-26 20:00:00,50659.56278035959,51862.40502875488,50670.713527088956,50938.59017849949,7329
2023-03-26 21:00:00,50938.59017849949,51157.34404621841,49825.15813359582,51067.71999042071,3513
2023-03-26 22:00:00,51067.71999042071,51242.1540132131,49579.609444698945,50007.51158000133,9516
2023-03-26 23:00:00,50007.51158000133,51259.76893008182,50529.323993126454,50858.39555527897,7125
2023-03-27 00:00:00,50858.39555527897,50711.1404749183,48962.342353607484,50662.992428802325,7260
2023-03-27 01:00:00,50662.992428802325,50665.10893613067,48759.95860866659,50058.10418126845,5597
2023-03-27 02:00:00,50058.10418126845,51399.67262910872,50873.4041161483,50903.12966065787,7935
2023-03-27 03:00:00,50903.12966065787,51642.82518061006,49223.28085768773,51056.002995842944,3724
2023-03-27 04:00:00,51056.002995842944,52785.28644943576,50384.303548599855,50823.41435540474,4646
2023-03-27 05:00:00,50823.41435540474,51928.872082662616,51107.59668736634,51726.002409357294,2271
2023-03-27 06:00:00,51726.002409357294,52115.59085330124,51057.67164785632,51126.069615132976,5941
2023-03-27 07:00:00,51126.069615132976,51364.95391956553,49321.51184104903,50500.10118185228,4677
2023-03-27 08:00:00,50500.10118185228,52315.94519059112,50529.95014576014,50721.180712282236,6256
2023-03-27 09:00:00,50721.180712282236,51940.449431851455,50398.81399048283,51051.48937923854,6156
2023-03-27 10:00:00,51051.48937923854,51394.27791423885,49026.154840770156,50623.685371936845,7775
2023-03-27 11:00:00,50623.685371936845,52046.80965094135,50287.06019771216,51456.70509704525,7444
2023-03-27 12:00:00,51456.70509704525,51649.922151619125,50739.590351719635,51134.16353134225,4727
2023-03-27 13:00:00,51134.16353134225,52139.04432872244,50264.67507552844,51689.554688306656,7381
2023-03-27 14:00:00,51689.554688306656,51277.23192019178,50650.49713629738,51125.83972605258,5345
2023-03-27 15:00:00,51125.83972605258,52396.90776903859,50387.19411618051,50621.135720629725,6968
2023-03-27 16:00:00,50621.135720629725,51079.79297803541,48441.106103983024,50244.80714036565,9361
2023-03-27 17:00:00,50244.80714036565,51073.72242321084,49870.69261173221,50823.888262708984,7476
2023-03-27 18:00:00,50823.888262708984,50205.8312526455,49844.68511015741,50063.43795612061,6255
2023-03-27 19:00:00,50063.43795612061,51187.23073762583,48359.95057504684,50486.44593974477,9298
2023-03-27 20:00:00,50486.44593974477,52450.45059244282,50045.85877097815,50935.34847067326,2688
2023-03-27 21:00:00,50935.34847067326,52281.36864072559,50662.08418124324,51106.927425687834,4343
2023-03-27 22:00:00,51106.927425687834,51107.14187623373,50432.8459083751,50453.73953077191,3815
2023-03-27 23:00:00,50453.73953077191,52697.41277615436,51333.792806726386,51897.948766001515,7386
2023-03-28 00:00:00,51897.948766001515,52204.19727158622,51800.390399507574,51823.82515792722,9554
2023-03-28 01:00:00,51823.82515792722,51338.22395023109,50873.41445383619,50994.39431826625,7929
2023-03-28 02:00:00,50994.39431826625,52520.446041075644,50676.25690192525,51627.94193196637,5002
2023-03-28 03:00:00,51627.94193196637,51087.49994424075,50585.29803643744,50795.34124596335,6318
2023-03-28 04:00:00,50795.34124596335,53029.459032579216,50444.695000702435,51155.86658153558,9203
2023-03-28 05:00:00,51155.86658153558,51311.71993234903,50565.46275777993,50987.278368505344,7082
2023-03-28 06:00:00,50987.278368505344,52174.49241185634,51585.898911851305,51802.250123667625,9432
2023-03-28 07:00:00,51802.250123667625,51155.304129745855,50212.536286156945,51136.469812901196,5991
2023-03-28 08:00:00,51136.469812901196,50876.776611847396,48312.3657870014,49660.855389757955,3329
2023-03-28 09:00:00,49660.855389757955,52554.14341164448,49226.73093200049,50926.19715910361,8043
2023-03-28 10:00:00,50926.19715910361,51507.85603813332,50849.631578836204,51091.764791701615,1218
2023-03-28 11:00:00,51091.764791701615,51900.15038642904,50905.94823196374,51530.639674910155,9058
2023-03-28 12:00:00,51530.639674910155,50889.59658128272,49938.36498778449,50590.089666785956,8677
2023-03-28 13:00:00,50590.089666785956,51920.17040263175,50398.252872405894,50852.59730052447,5037
2023-03-28 14:00:00,50852.59730052447,52110.20266326072,48282.99992563992,50719.51143546134,7548
2023-03-28 15:00:00,50719.51143546134,52644.93230532253,48251.87705399314,50996.08488933624,1082
2023-03-28 16:00:00,50996.08488933624,51952.68698474649,50767.186738031945,51190.26768845193,4256
2023-03-28 17:00:00,51190.26768845193,50252.76187509432,49039.54767023352,50028.153322262166,2694
2023-03-28 18:00:00,50028.153322262166,52770.86969642748,51235.593337130325,51338.964859446394,8326
2023-03-28 19:00:00,51338.964859446394,50866.57385738984,50345.97809050139,50814.629615105456,4620
2023-03-28 20:00:00,50814.629615105456,52001.59506769512,49565.743137319885,50578.79242045351,6094
2023-03-28 21:00:00,50578.79242045351,52019.32399408443,50480.00387206255,50848.800689825664,8472
2023-03-28 22:00:00,50848.800689825664,50753.53307137268,50245.96171694081,50441.298023988296,7731
2023-03-28 23:00:00,50441.298023988296,51286.134683001226,49935.16547033343,51165.6972478499,3910
2023-03-29 00:00:00,51165.6972478499,52104.092577732474,50248.770962931725,51069.0342315498,3184
2023-03-29 01:00:00,51069.0342315498,52619.37094142973,49842.16583540036,50741.4366115328,8255
2023-03-29 02:00:00,50741.4366115328,52183.26853260575,50214.17231011715,50653.97747702002,1050
2023-03-29 03:00:00,50653.97747702002,50631.12057257772,50194.313152557384,50610.62502425061,7030
2023-03-29 04:00:00,50610.62502425061,51630.79429951503,50289.305642790445,51077.590794398624,1044
2023-03-29 05:00:00,51077.590794398624,51857.664230846916,49297.24405880479,50537.34528210397,8000
2023-03-29 06:00:00,50537.34528210397,51216.54999270554,50203.26902647619,50858.46660629688,6564
2023-03-29 07:00:00,50858.46660629688,51718.247666970376,49832.352936590374,51017.19025690307,8551
2023-03-29 08:00:00,51017.19025690307,50070.00468485242,48857.086103611255,49668.40755288661,9631
2023-03-29 09:00:00,49668.40755288661,50817.01634873301,50484.32623283191,50626.09642545527,1650
2023-03-29 10:00:00,50626.09642545527,50164.77593582283,49716.55785184992,50087.04237887351,4032
2023-03-29 11:00:00,50087.04237887351,52380.33806130324,49967.37909956883,51147.09730496405,9653
2023-03-29 12:00:00,51147.09730496405,50698.72550972698,49427.40565368753,50311.21168679727,4039
2023-03-29 13:00:00,50311.21168679727,51419.85732951323,50020.49785482179,50364.93945703112,4240
2023-03-29 14:00:00,50364.93945703112,51259.19616770876,49359.57061522647,50531.162067358746,6269
2023-03-29 15:00:00,50531.162067358746,49740.8492175774,48843.19357629573,49411.81573844349,2832
2023-03-29 16:00:00,49411.81573844349,50622.667162005695,49751.801793035054,50269.47855380883,8634
2023-03-29 17:00:00,50269.47855380883,50635.419506270584,48043.288585012175,50557.37722294564,7208
2023-03-29 18:00:00,50557.37722294564,50720.594435146915,48893.668934538306,49891.60164592048,8328
2023-03-29 19:00:00,49891.60164592048,51567.02977500286,50266.378138038075,51094.47459067426,4367
2023-03-29 20:00:00,51094.47459067426,50645.227894761476,49148.64404422891,50570.191267770875,2030
2023-03-29 21:00:00,50570.191267770875,51696.96749690263,48159.619206820316,49903.299522296744,4667
2023-03-29 22:00:00,49903.299522296744,51983.87635715225,50915.29069628353,51218.97995353793,9546
2023-03-29 23:00:00,51218.97995353793,52095.34899285651,49429.28857574149,51379.51957475809,8695
2023-03-30 00:00:00,51379.51957475809,51885.61209248438,50283.93922365018,51042.439774864004,5535
2023-03-30 01:00:00,51042.439774864004,52274.944977978725,50014.26902431372,50987.73269897962,8739
2023-03-30 02:00:00,50987.73269897962,52325.13432572804,48944.244099165204,50775.8810300681,8549
2023-03-30 03:00:00,50775.8810300681,53421.61449540629,51124.04812973836,51441.18988623505,8428
2023-03-30 04:00:00,51441.18988623505,51639.03512184854,50343.736593627465,51008.330958807855,7037
2023-03-30 05:00:00,51008.330958807855,50594.19305997012,50064.6677938979,50158.01936394477,2302
2023-03-30 06:00:00,50158.01936394477,50911.66060222465,48492.21341523077,50568.68284672483,8521
2023-03-30 07:00:00,50568.68284672483,51375.510139557875,46156.15934301257,50697.74913749691,7667
2023-03-30 08:00:00,50697.74913749691,52058.723466771626,50223.53648050148,51174.06175448015,6979
2023-03-30 09:00:00,51174.06175448015,51547.25381248275,50950.08846526055,51069.716738886484,3489
2023-03-30 10:00:00,51069.716738886484,50522.14567464872,49815.538548948905,49941.70228989296,7023
2023-03-30 11:00:00,49941.70228989296,52954.22129006118,50764.32030156221,51804.3314352205,4027
2023-03-30 12:00:00,51804.3314352205,51154.41334651117,49625.52945900159,50670.67916483709,8121
2023-03-30 13:00:00,50670.67916483709,51153.75401794558,50212.8192724067,50798.504560778296,3589
2023-03-30 14:00:00,50798.504560778296,52100.96396457141,48647.85063854811,50140.15670675969,7414
2023-03-30 15:00:00,50140.15670675969,51197.9577360361,50522.733054993514,51196.44750755381,9360
2023-03-30 16:00:00,51196.44750755381,53556.70815921129,50246.359950286904,51382.59428207299,1574
2023-03-30 17:00:00,51382.59428207299,50660.30084682993,50017.90410693851,50218.76127401866,8227
2023-03-30 18:00:00,50218.76127401866,51084.52478737187,49452.87915216835,50512.573399321765,6877
2023-03-30 19:00:00,50512.573399321765,51230.75093526636,49942.1248376665,50503.113829546746,3134
2023-03-30 20:00:00,50503.113829546746,51868.82110594916,50631.7460515936,50887.91356725102,4911
2023-03-30 21:00:00,50887.91356725102,49664.11509875142,48338.72014407927,49635.79642939968,9051
2023-03-30 22:00:00,49635.79642939968,51316.64724133629,50385.220358880026,51089.22262389536,9142
2023-03-30 23:00:00,51089.22262389536,51651.8095217668,49648.13969906855,50354.53578960807,4978
2023-03-31 00:00:00,50354.53578960807,50104.697423643265,49930.03179669488,50067.13084129032,7377
2023-03-31 01:00:00,50067.13084129032,51441.30605279466,49185.12276073799,50546.23397213402,9428
2023-03-31 02:00:00,50546.23397213402,51488.1046004326,49295.85071879756,50104.82088013526,1908
2023-03-31 03:00:00,50104.82088013526,50959.42054221351,49373.001413906626,50761.81356898007,6870
2023-03-31 04:00:00,50761.81356898007,50186.35594815964,49763.482272650355,49817.704734520514,4345
2023-03-31 05:00:00,49817.704734520514,52710.903433066036,49284.89038396212,51053.02586762823,3718
2023-03-31 06:00:00,51053.02586762823,50758.63982342738,49750.51269276068,50658.928335475575,8035
2023-03-31 07:00:00,50658.928335475575,51590.56471176897,50434.59079806116,50641.257319526405,1332
2023-03-31 08:00:00,50641.257319526405,52461.27350848029,50826.57110538464,50844.23236557504,9012
2023-03-31 09:00:00,50844.23236557504,50451.76704509173,49764.282554539124,50318.23792041338,8039
2023-03-31 10:00:00,50318.23792041338,51972.73244938648,50313.112313667676,50419.077629563406,2057
2023-03-31 11:00:00,50419.077629563406,50710.017338760495,49670.66344207576,49752.286973822964,1026
2023-03-31 12:00:00,49752.286973822964,50635.41444380045,49638.87203829037,50569.25245275431,7629
2023-03-31 13:00:00,50569.25245275431,50362.0721768831,49328.08001415961,50100.1260606564,3018
2023-03-31 14:00:00,50100.1260606564,50623.198679190034,49034.22198291019,49804.361294979986,7075
2023-03-31 15:00:00,49804.361294979986,52109.24487845863,50421.36007782085,50829.068481557995,2722
2023-03-31 16:00:00,50829.068481557995,49933.72054971181,49096.70728117406,49668.22345469076,2778
2023-03-31 17:00:00,49668.22345469076,51847.9676534949,50348.32649253594,50823.57422614593,3010
2023-03-31 18:00:00,50823.57422614593,50590.05924264381,48643.9099535609,50216.13149462862,9505
2023-03-31 19:00:00,50216.13149462862,50485.077942579956,49287.42950233451,49566.59155707306,2671
2023-03-31 20:00:00,49566.59155707306,50956.9539751868,49628.1052107282,50622.593678397316,8014
2023-03-31 21:00:00,50622.593678397316,51874.12262220449,49031.15816771846,50924.32350255244,8819
2023-03-31 22:00:00,50924.32350255244,51442.9282168512,50520.923524732425,50975.041759062064,1715
2023-03-31 23:00:00,50975.041759062064,51613.979271441734,49635.85718420308,50233.77900713013,3640
2023-04-01 00:00:00,50233.77900713013,50859.961935766914,49705.67089471311,50339.177544222825,3194
2023-04-01 01:00:00,50339.177544222825,50879.74795607002,49118.850080156895,49846.4270202522,2591
2023-04-01 02:00:00,49846.4270202522,51409.449064667926,50043.85950237045,50892.85468637121,5440
2023-04-01 03:00:00,50892.85468637121,51138.7927658576,50463.23049311479,50815.03715135012,7982
2023-04-01 04:00:00,50815.03715135012,50666.06439573846,48808.180577287174,50156.20010788066,9454
2023-04-01 05:00:00,50156.20010788066,51337.68359108993,49620.204873489805,49771.52601832679,6669
2023-04-01 06:00:00,49771.52601832679,51465.28601962092,49720.586698900326,50439.39860391599,5323
2023-04-01 07:00:00,50439.39860391599,50379.8994357269,49014.050283733835,50007.90081914432,3084
2023-04-01 08:00:00,50007.90081914432,50866.51907553475,47790.96582771281,50571.14744467941,2535
2023-04-01 09:00:00,50571.14744467941,50916.16053774852,48509.55602316989,50149.24778861806,5190
2023-04-01 10:00:00,50149.24778861806,51299.11991649588,50089.60254974155,50395.24844864788,8452
2023-04-01 11:00:00,50395.24844864788,51193.8673474617,48749.3085840982,50804.20915872672,6091
2023-04-01 12:00:00,50804.20915872672,51013.03243741912,49111.245697073064,50295.0362873531,1829
2023-04-01 13:00:00,50295.0362873531,50167.086292288244,48610.465933896456,49480.59597483245,8988
2023-04-01 14:00:00,49480.59597483245,50286.78723321277,49205.04130634306,49980.68981505959,7690
2023-04-01 15:00:00,49980.68981505959,50531.2317650649,49525.89024628909,50273.08224167361,9828
2023-04-01 16:00:00,50273.08224167361,50271.01276414594,48573.09482332726,49402.91706293509,4752
2023-04-01 17:00:00,49402.91706293509,51083.17500244021,49667.06959983556,50587.9592673101,4521
2023-04-01 18:00:00,50587.9592673101,50319.939212487676,49440.136725788485,50058.44857549321,1506
2023-04-01 19:00:00,50058.44857549321,51718.99838538798,50421.80736443048,50551.39606100625,7750
2023-04-01 20:00:00,50551.39606100625,49808.008639583335,49355.07859376447,49789.47895531723,3397
2023-04-01 21:00:00,49789.47895531723,51123.21438168647,50677.76069783799,50789.9748044006,2309
2023-04-01 22:00:00,50789.9748044006,51598.53969098564,48828.994438623886,51230.76230138597,6950
2023-04-01 23:00:00,51230.76230138597,50383.63769942858,48705.09756547844,50187.60825816274,1755
2023-04-02 00:00:00,50187.60825816274,51427.590443866866,49449.073827389584,50272.489389396826,4574
2023-04-02 01:00:00,50272.489389396826,50863.95053458271,49562.11978485667,49876.197498630034,4598
2023-04-02 02:00:00,49876.197498630034,50937.15920828567,49813.55775814027,50205.88803115979,8429
2023-04-02 03:00:00,50205.88803115979,50470.3127204127,47954.59061466715,50452.29590133698,8997
2023-04-02 04:00:00,50452.29590133698,51456.531541191085,49210.69855900256,51138.02339292971,6498
2023-04-02 05:00:00,51138.02339292971,50052.62746277132,49233.05959870549,49719.0906023131,1676
2023-04-02 06:00:00,49719.0906023131,51166.90113233378,50030.819988429634,50185.63844034854,6566
2023-04-02 07:00:00,50185.63844034854,50537.381911207,48132.54664584134,50185.87214050412,6888
2023-04-02 08:00:00,50185.87214050412,50929.76398533699,49336.732641516886,49874.15435876657,9070
2023-04-02 09:00:00,49874.15435876657,50718.9787193134,49053.29325261563,49349.33534287505,3021
2023-04-02 10:00:00,49349.33534287505,50801.66967476712,49632.93465350048,50348.48234324571,6310
2023-04-02 11:00:00,50348.48234324571,52446.131597227046,49268.7976256834,50456.32082308874,3048
2023-04-02 12:00:00,50456.32082308874,49941.74330175674,49041.49715842913,49770.32636239805,7087
2023-04-02 13:00:00,49770.32636239805,49933.04631247445,48980.28055116228,49348.773465647464,1483
2023-04-02 14:00:00,49348.773465647464,51067.657459358416,49058.5850509621,49534.532873989534,7101
2023-04-02 15:00:00,49534.532873989534,51176.74938500099,50402.95584705702,50479.10745352044,7280
2023-04-02 16:00:00,50479.10745352044,50673.809789684194,50530.854645489555,50534.165550126934,8394
2023-04-02 17:00:00,50534.165550126934,51469.82088933603,48990.03288187095,50161.61989562625,3233
2023-04-02 18:00:00,50161.61989562625,52352.52615640779,48643.34069293227,50400.64109918209,1351
2023-04-02 19:00:00,50400.64109918209,51589.68144058617,49119.42930624803,49774.6191494925,7469
2023-04-02 20:00:00,49774.6191494925,51327.02129435569,49840.88063287723,50395.72574063497,3209
2023-04-02 21:00:00,50395.72574063497,50066.30539390506,49437.29063262003,49916.44951415057,1563
2023-04-02 22:00:00,49916.44951415057,49170.039169757496,47651.26726893208,48686.91882012576,4210
2023-04-02 23:00:00,48686.91882012576,50902.79119384007,49807.75460518324,50230.62976595667,1269
2023-04-03 00:00:00,50230.62976595667,49023.857129779084,48818.62937962515,48941.69347199531,2042
2023-04-03 01:00:00,48941.69347199531,50169.419031730664,48083.577460925226,48796.99365103334,4088
2023-04-03 02:00:00,48796.99365103334,49615.09481583403,48005.990497281375,49354.56385969312,1527
2023-04-03 03:00:00,49354.56385969312,51773.391698226675,49136.50226764226,50361.846158358334,5472
2023-04-03 04:00:00,50361.846158358334,50028.79284915583,47824.88078300653,49311.694909767015,1451
2023-04-03 05:00:00,49311.694909767015,50624.991059637105,48876.650851260754,49446.36522567322,8207
2023-04-03 06:00:00,49446.36522567322,49937.593652858945,48915.83328356304,49617.319262604135,9589
2023-04-03 07:00:00,49617.319262604135,49111.94279880053,47499.399844370186,48731.836049243626,8913
2023-04-03 08:00:00,48731.836049243626,49847.985341901556,48045.305742722136,49556.65184738965,4415
2023-04-03 09:00:00,49556.65184738965,50767.46717714224,50155.633631333956,50174.96033266747,4919
2023-04-03 10:00:00,50174.96033266747,50785.90968808084,49581.15282736504,49682.09806689431,2844
2023-04-03 11:00:00,49682.09806689431,51371.41736477026,48853.28116526956,50058.2886905333,2666
2023-04-03 12:00:00,50058.2886905333,51439.46459369652,48381.39200792455,49908.643865075945,4075
2023-04-03 13:00:00,49908.643865075945,50465.93187191745,49790.25707451067,50127.96216064744,9978
2023-04-03 14:00:00,50127.96216064744,50303.3907271237,48426.791039086536,49395.48221227422,2898
2023-04-03 15:00:00,49395.48221227422,50411.743013552456,49191.121578468155,49815.49729028844,4949
2023-04-03 16:00:00,49815.49729028844,50784.77140982803,50111.76126993275,50504.68564902892,1016
2023-04-03 17:00:00,50504.68564902892,50817.60176731083,48367.389760944745,49497.369747200806,1478
2023-04-03 18:00:00,49497.369747200806,50236.46937188196,49432.16247398842,49885.94025099709,5274
2023-04-03 19:00:00,49885.94025099709,52085.36214715026,49024.573702494505,49873.656110314114,8791
2023-04-03 20:00:00,49873.656110314114,50318.20869313852,48079.3463505137,49051.97101530049,1337
2023-04-03 21:00:00,49051.97101530049,50598.522706966614,49858.16419674579,50038.43828322326,3003
2023-04-03 22:00:00,50038.43828322326,51888.43846032246,49757.41459610231,50623.74016079227,2519
2023-04-03 23:00:00,50623.74016079227,51883.628403087736,49379.72719307352,50271.810007838445,2605
2023-04-04 00:00:00,50271.810007838445,49539.148838961126,48189.06898180766,49102.1226653532,5991
2023-04-04 01:00:00,49102.1226653532,50367.0382921119,49101.99571030583,49880.573195516365,4306
2023-04-04 02:00:00,49880.573195516365,50813.07918789035,49423.40473836905,49856.11141055441,2659
2023-04-04 03:00:00,49856.11141055441,50348.14139618617,49135.13808997007,50295.27687369335,3883
2023-04-04 04:00:00,50295.27687369335,50251.22422528843,49694.73524586911,49917.428313180426,2515
2023-04-04 05:00:00,49917.428313180426,50677.02970189723,49202.49854200772,49893.88597788818,6487
2023-04-04 06:00:00,49893.88597788818,50157.26757640277,49319.267945435626,50005.403616243486,3538
2023-04-04 07:00:00,50005.403616243486,50572.10241946696,49814.09194518124,50143.438218976924,2360
2023-04-04 08:00:00,50143.438218976924,51306.0030408403,48987.204417862515,49749.00405809166,9009
2023-04-04 09:00:00,49749.00405809166,50067.64283638814,49154.03304549138,49872.79600231519,4097
2023-04-04 10:00:00,49872.79600231519,49124.39172652572,48271.08328608239,48789.57452731686,8165
2023-04-04 11:00:00,48789.57452731686,49791.599051613,48263.66039694977,49289.33932076438,4387
2023-04-04 12:00:00,49289.33932076438,50703.65347108679,47955.589283158246,49570.81269306676,3431
2023-04-04 13:00:00,49570.81269306676,49247.76414746974,48908.06136613802,49082.773177715375,1440
2023-04-04 14:00:00,49082.773177715375,49392.89742506168,49024.724632305806,49322.70568197302,3303
2023-04-04 15:00:00,49322.70568197302,50874.77688537757,50021.004623021014,50382.67210925738,6950
2023-04-04 16:00:00,50382.67210925738,50292.513801500674,49859.617751078935,50072.75040440767,3078
2023-04-04 17:00:00,50072.75040440767,48932.7920050266,48206.486153430385,48926.25685341481,2946
2023-04-04 18:00:00,48926.25685341481,50493.671153953466,47140.89481803708,48837.38117141089,4325
2023-04-04 19:00:00,48837.38117141089,50524.765739852446,47481.46035890349,49709.84284148211,7103
2023-04-04 20:00:00,49709.84284148211,50234.71780334416,49507.059176427625,49684.17306208202,3677
2023-04-04 21:00:00,49684.17306208202,50879.84350116103,49302.31307975502,49619.36083189631,7458
2023-04-04 22:00:00,49619.36083189631,49561.34409126487,48643.26917707738,49443.88676933289,4561
2023-04-04 23:00:00,49443.88676933289,50365.39472046445,49866.866807908664,49997.86799377878,5444
2023-04-05 00:00:00,49997.86799377878,49696.40138965587,48421.831275127166,48992.12164698637,8224
2023-04-05 01:00:00,48992.12164698637,50396.22330315772,48797.93193190066,48994.938289997255,9444
2023-04-05 02:00:00,48994.938289997255,50738.487233835374,48348.6714339564,49614.60985702665,2466
2023-04-05 03:00:00,49614.60985702665,49166.902318948654,47917.13739619082,48985.72832191574,5719
2023-04-05 04:00:00,48985.72832191574,50578.59103708922,49829.24921531567,49963.09063822949,1552
2023-04-05 05:00:00,49963.09063822949,51130.118323431474,49351.63793870056,50455.77873381405,1552
2023-04-05 06:00:00,50455.77873381405,50369.53008229953,49951.10143551664,49983.456564285436,1269
2023-04-05 07:00:00,49983.456564285436,50463.44925930257,48642.10996532253,49783.79484610241,6870
2023-04-05 08:00:00,49783.79484610241,50693.15206992017,49047.942832958455,49118.32279742673,1474
2023-04-05 09:00:00,49118.32279742673,51063.42694356154,48373.05865079806,49858.65004421488,2760
2023-04-05 10:00:00,49858.65004421488,50600.01309989591,48824.93695946213,48939.43199059993,4398
2023-04-05 11:00:00,48939.43199059993,49082.20505525044,47933.00299365938,49052.8033699306,4561
2023-04-05 12:00:00,49052.8033699306,49357.260228956395,47816.84983242733,49212.387370560646,2508
2023-04-05 13:00:00,49212.387370560646,51162.14247540399,49251.325440454515,49739.277170342546,4447
2023-04-05 14:00:00,49739.277170342546,50732.53845304794,49258.558862139245,50320.08950435801,6081
2023-04-05 15:00:00,50320.08950435801,49920.1233174308,47481.45966099608,49039.278613328,6335
2023-04-05 16:00:00,49039.278613328,50081.91548276617,48584.15852947641,49623.14717539263,8460
2023-04-05 17:00:00,49623.14717539263,49843.35815289178,49114.92112950504,49294.76829105887,7721
2023-04-05 18:00:00,49294.76829105887,49464.2161636528,48677.32340405712,49200.98082338821,5616
2023-04-05 19:00:00,49200.98082338821,50879.55587809844,47174.008949196534,49730.29274918664,8921
2023-04-05 20:00:00,49730.29274918664,49078.48969849597,48354.85628290995,48821.19091170531,5451
2023-04-05 21:00:00,48821.19091170531,49346.041034577,48453.92414868833,49146.804698015534,1930
2023-04-05 22:00:00,49146.804698015534,50029.19714749285,48512.41645857314,49469.03219603927,4402
2023-04-05 23:00:00,49469.03219603927,51224.576354299585,49588.40853194391,49609.1033601471,9120
2023-04-06 00:00:00,49609.1033601471,51030.0247202676,49059.233665318134,50132.91220193604,9283
2023-04-06 01:00:00,50132.91220193604,50561.80264641266,48055.25918587424,49375.279722185485,5892
2023-04-06 02:00:00,49375.279722185485,49148.870622217815,48139.363797764156,48974.30622409223,3962
2023-04-06 03:00:00,48974.30622409223,49538.11392892326,47177.367405260906,48639.16685019176,4757
2023-04-06 04:00:00,48639.16685019176,49820.338070235215,48592.77523583636,49255.63952751015,9353
2023-04-06 05:00:00,49255.63952751015,49926.37168286246,48500.80402832185,49091.80677720323,7766
2023-04-06 06:00:00,49091.80677720323,49790.70397510135,48135.99564879451,48943.48382519683,5054
2023-04-06 07:00:00,48943.48382519683,49389.88196620308,47444.109318218034,49117.775061220265,2560
2023-04-06 08:00:00,49117.775061220265,50240.168215992475,49096.84834157666,50131.296598463596,6439
2023-04-06 09:00:00,50131.296598463596,50161.07096264267,49413.925102047,49630.002523768846,4183
2023-04-06 10:00:00,49630.002523768846,50245.36610570128,47105.98150996194,48715.95071688905,3409
2023-04-06 11:00:00,48715.95071688905,50841.4198726032,47899.411413051625,49594.10619761519,1026
2023-04-06 12:00:00,49594.10619761519,50277.00693405367,49692.26999554871,49792.44552995337,4096
2023-04-06 13:00:00,49792.44552995337,50652.7340181936,47141.33455120598,49650.42060276099,7238
2023-04-06 14:00:00,49650.42060276099,48821.256020784385,46920.7197906706,48644.71558512281,9308
2023-04-06 15:00:00,48644.71558512281,49657.43316389937,48273.533376224994,49276.35825610442,9963
2023-04-06 16:00:00,49276.35825610442,49171.22479102957,47226.82423077599,48087.29428701486,9371
2023-04-06 17:00:00,48087.29428701486,50181.7850083357,47770.07351234917,49246.49532866674,3988
2023-04-06 18:00:00,49246.49532866674,50583.80750632504,49328.566545103386,49807.27191608096,3214
2023-04-06 19:00:00,49807.27191608096,50737.26414125386,48111.72504908214,49811.69809433732,3901
2023-04-06 20:00:00,49811.69809433732,49898.48763371769,48132.195359277335,49619.75437396409,5834
2023-04-06 21:00:00,49619.75437396409,49877.519554940816,49327.55327799801,49803.21148801083,8084
2023-04-06 22:00:00,49803.21148801083,49426.19444350465,47449.05266591378,49014.23380220313,3244
2023-04-06 23:00:00,49014.23380220313,49482.758164799496,49133.292761614,49380.23883299793,8221
2023-04-07 00:00:00,49380.23883299793,48926.98694321249,47827.81905170844,48711.82265269729,2123
2023-04-07 01:00:00,48711.82265269729,49290.20803128185,48005.13430886292,48116.43091723458,3243
2023-04-07 02:00:00,48116.43091723458,49743.93619737355,47472.112123738436,48866.79434168225,9836
2023-04-07 03:00:00,48866.79434168225,49753.060153609644,48220.41872362081,48963.44506678474,2706
2023-04-07 04:00:00,48963.44506678474,48203.32402127972,47088.893796213415,47695.98346932584,1454
2023-04-07 05:00:00,47695.98346932584,52325.20209722313,48472.91095799064,49057.22004837873,9915
2023-04-07 06:00:00,49057.22004837873,50730.85464289387,48517.58592646888,49968.28747883926,9734
2023-04-07 07:00:00,49968.28747883926,50305.395994012775,48801.32388807188,49485.77289845267,1637
2023-04-07 08:00:00,49485.77289845267,50650.33595702806,48719.54329471546,49726.66858135734,2223
2023-04-07 09:00:00,49726.66858135734,48845.93811180811,48339.46119677548,48724.525600309906,6142
2023-04-07 10:00:00,48724.525600309906,51139.50534154555,48739.03979378571,49300.62587238033,3710
2023-04-07 11:00:00,49300.62587238033,49526.614815710265,46448.83555586475,48812.718100728714,1880
2023-04-07 12:00:00,48812.718100728714,51239.13044935914,48995.401479672764,49497.68106209888,2984
2023-04-07 13:00:00,49497.68106209888,48092.63866354877,46588.96883765696,47617.12571589561,3798
2023-04-07 14:00:00,47617.12571589561,48741.241925904615,47354.16120884652,48460.84299516756,2493
2023-04-07 15:00:00,48460.84299516756,47996.60766655225,46789.496204198906,47649.14223837337,4017
2023-04-07 16:00:00,47649.14223837337,49833.93778415266,47851.16940746055,49126.84026790341,2316
2023-04-07 17:00:00,49126.84026790341,50686.87527019356,49397.92343241198,49753.32394898906,7511
2023-04-07 18:00:00,49753.32394898906,49984.394711244015,49299.2706538992,49864.198864360274,2972
2023-04-07 19:00:00,49864.198864360274,50786.13788109274,48650.57952606255,49034.07475600201,1616
2023-04-07 20:00:00,49034.07475600201,49479.20253292124,48658.49040995983,48931.8306893726,3621
2023-04-07 21:00:00,48931.8306893726,49577.35923676996,47941.86253946999,49356.463420166074,8484
2023-04-07 22:00:00,49356.463420166074,49356.39325334817,48959.33315288286,49351.88426969649,3146
2023-04-07 23:00:00,49351.88426969649,50540.98771914377,49793.09243626926,50115.422489718956,4812
2023-04-08 00:00:00,50115.422489718956,49290.0925231118,48045.4394936312,48564.301282169996,6978
2023-04-08 01:00:00,48564.301282169996,49514.72974133374,47939.8688759233,48631.18453149303,1209
2023-04-08 02:00:00,48631.18453149303,49397.95039289331,46975.00790214629,48889.559639530955,3390
2023-04-08 03:00:00,48889.559639530955,49097.34184853291,47056.58322867383,48792.403963242985,9332
2023-04-08 04:00:00,48792.403963242985,52363.77990275979,47722.7725649632,48947.46233294341,5177
2023-04-08 05:00:00,48947.46233294341,51206.01605421797,49761.14626449694,49856.022786441834,2797
2023-04-08 06:00:00,49856.022786441834,50455.82452786578,48175.654929372125,49038.02368600192,5417
2023-04-08 07:00:00,49038.02368600192,48411.024828855414,46322.271775577,48203.0729374285,3423
2023-04-08 08:00:00,48203.0729374285,49902.766995964856,48333.060690922546,48489.612214446635,3147
2023-04-08 09:00:00,48489.612214446635,48568.45690016936,47448.94501274224,48534.70659507345,2806
2023-04-08 10:00:00,48534.70659507345,50393.79818770834,49499.30184535038,49567.78283196596,9751
2023-04-08 11:00:00,49567.78283196596,49783.024680310016,47560.41787161932,49139.62583676125,4762
2023-04-08 12:00:00,49139.62583676125,50296.716026549926,47645.14869811846,48723.86472539478,9240
2023-04-08 13:00:00,48723.86472539478,50322.95551511995,47714.972078033854,48662.2349307655,3132
2023-04-08 14:00:00,48662.2349307655,49722.88935853232,47374.09139100983,49342.16578192131,3657
2023-04-08 15:00:00,49342.16578192131,49080.65606885856,47921.62074892918,48532.28826194541,8823
2023-04-08 16:00:00,48532.28826194541,49668.36594835538,47063.506953530145,48763.155449726015,7242
2023-04-08 17:00:00,48763.155449726015,49425.833783327835,46798.41082636125,49124.90673786853,7712
2023-04-08 18:00:00,49124.90673786853,50000.46316304454,49148.091644219,49266.69373496408,4185
2023-04-08 19:00:00,49266.69373496408,50235.008509472595,47807.90188368843,48902.98813555321,1195
2023-04-08 20:00:00,48902.98813555321,51751.754183964506,49492.76610536123,49638.01286228235,4995
2023-04-08 21:00:00,49638.01286228235,49311.910639276866,47131.16493513498,48766.51998112736,9186
2023-04-08 22:00:00,48766.51998112736,49010.86958179383,46975.684604912894,48276.820963717386,9370
2023-04-08 23:00:00,48276.820963717386,50289.91107214334,47842.35163709993,49288.509988478414,5542
2023-04-09 00:00:00,49288.509988478414,49950.27815889577,48931.6128907117,48935.29909235528,9287
2023-04-09 01:00:00,48935.29909235528,48992.85213899683,47850.7103140675,48758.60713954392,5363
2023-04-09 02:00:00,48758.60713954392,49316.411376328215,48861.3567683474,48981.9807932855,5715
2023-04-09 03:00:00,48981.9807932855,49512.68312743047,48990.79394018512,49296.83960347009,1876
2023-04-09 04:00:00,49296.83960347009,49819.41162847433,49108.98246140644,49179.40101739177,2630
2023-04-09 05:00:00,49179.40101739177,49697.99670677444,48562.688114867604,48982.07992612789,8373
2023-04-09 06:00:00,48982.07992612789,50215.846252997006,48440.614425275795,49595.673708305694,8051
2023-04-09 07:00:00,49595.673708305694,49391.256174900445,48448.50683809234,49060.39832130063,3090
2023-04-09 08:00:00,49060.39832130063,50220.37532245585,49246.58985311616,49264.83377700676,9425
2023-04-09 09:00:00,49264.83377700676,51224.35776260878,48777.201297674204,48854.51084710883,7256
2023-04-09 10:00:00,48854.51084710883,47852.15029845162,45793.22032467886,47421.529524368314,5101
2023-04-09 11:00:00,47421.529524368314,48848.42116760189,47836.519406186475,48763.345083690365,7214
2023-04-09 12:00:00,48763.345083690365,49486.253911332875,48923.700338213275,49019.57772743174,5831
2023-04-09 13:00:00,49019.57772743174,49400.02643658465,48828.67766698368,48984.606244518225,3264
2023-04-09 14:00:00,48984.606244518225,51035.166897996234,48120.604173498454,49246.13311306474,7977
2023-04-09 15:00:00,49246.13311306474,49855.21571992981,49135.13628740641,49489.66889165388,8050
2023-04-09 16:00:00,49489.66889165388,49172.5363583222,49009.23032521328,49028.09038189315,5661
2023-04-09 17:00:00,49028.09038189315,50560.73858128019,48516.68663766316,49361.69614554815,3871
2023-04-09 18:00:00,49361.69614554815,49687.75635895941,46751.022672132225,49260.696759270046,7071
2023-04-09 19:00:00,49260.696759270046,49906.42373673071,48295.32037191984,49221.60798389873,9896
2023-04-09 20:00:00,49221.60798389873,49120.634511576056,48239.50801478917,48874.80332496915,8051
2023-04-09 21:00:00,48874.80332496915,49365.47567956187,48081.79234833303,48476.049277665166,1892
2023-04-09 22:00:00,48476.049277665166,50173.855556290306,47849.39333687056,49068.87273179592,7051
2023-04-09 23:00:00,49068.87273179592,48905.83181993887,48233.59355708733,48894.749943807685,4417
2023-04-10 00:00:00,48894.749943807685,48915.035166364025,47967.23156208923,48821.1303904398,5151
2023-04-10 01:00:00,48821.1303904398,49252.920195823535,46871.50823396581,49173.54060145798,8506
2023-04-10 02:00:00,49173.54060145798,50738.61309513876,48839.43335023504,49667.1418645087,6673
2023-04-10 03:00:00,49667.1418645087,50211.48868243472,47628.32782516161,49389.17048800348,2883
2023-04-10 04:00:00,49389.17048800348,49834.4303244418,47698.59208268417,49363.67831335028,6220
2023-04-10 05:00:00,49363.67831335028,49411.410482398845,48786.13907700036,49224.43790911284,4080
2023-04-10 06:00:00,49224.43790911284,49342.40167765704,47898.21441083911,49158.62015818075,2569
2023-04-10 07:00:00,49158.62015818075,49453.84806654571,47524.85154187555,48908.8816864514,3513
2023-04-10 08:00:00,48908.8816864514,49485.20888095417,48937.607978801985,49437.34042541875,5329
2023-04-10 09:00:00,49437.34042541875,49078.11449629868,47644.96403059298,48554.3942499566,8630
2023-04-10 10:00:00,48554.3942499566,50493.16386218908,48679.00135827095,49055.0225165935,2750
2023-04-10 11:00:00,49055.0225165935,49979.825829259156,48850.412204219894,49437.31085756619,4012
2023-04-10 12:00:00,49437.31085756619,49874.53918185648,48308.18288016635,49650.276989540915,9548
2023-04-10 13:00:00,49650.276989540915,47909.11991701468,46540.749129951495,47462.77882615867,8547
2023-04-10 14:00:00,47462.77882615867,50378.48392307264,47554.22366778012,49200.46095897182,8951
2023-04-10 15:00:00,49200.46095897182,49466.25095697635,47148.29176099299,48567.10231944775,3407
2023-04-10 16:00:00,48567.10231944775,49098.58856613703,48538.389123123095,48909.75964942619,5027
2023-04-10 17:00:00,48909.75964942619,48943.876109837634,46959.5825384579,48741.5173054123,4135
2023-04-10 18:00:00,48741.5173054123,49266.22807046376,48203.44552232458,48983.272398528024,8530
2023-04-10 19:00:00,48983.272398528024,49248.54813532057,48270.414173877936,48871.93434141363,1404
2023-04-10 20:00:00,48871.93434141363,49633.106952946015,48689.82555412132,49207.7230630198,3467
2023-04-10 21:00:00,49207.7230630198,49236.05367463523,47856.39451850073,48447.358014451755,4959
2023-04-10 22:00:00,48447.358014451755,50258.46490041461,47808.54468303769,48109.17548240496,4368
2023-04-10 23:00:00,48109.17548240496,49694.93627331666,49416.8676106162,49455.50671407397,1679
2023-04-11 00:00:00,49455.50671407397,50422.44924286384,47867.36801684161,49061.92224529476,8927
2023-04-11 01:00:00,49061.92224529476,50104.36087078483,48127.71598437917,48739.55600690797,5789
2023-04-11 02:00:00,48739.55600690797,48584.47644179719,47411.4915600258,48299.6788725136,5545
2023-04-11 03:00:00,48299.6788725136,49630.28044987965,48395.68273194328,49427.518814210656,8978
2023-04-11 04:00:00,49427.518814210656,50052.02237152014,48723.62135761641,48897.6196351354,8655
2023-04-11 05:00:00,48897.6196351354,48885.449309560216,46600.41649708376,48155.7083138994,6679
2023-04-11 06:00:00,48155.7083138994,50030.24364571067,47658.84170989491,48716.15676635966,2604
2023-04-11 07:00:00,48716.15676635966,49381.840499569465,48430.8298440932,48999.38313411103,9743
2023-04-11 08:00:00,48999.38313411103,49081.49609049449,47834.80296834844,48692.270325464735,7117
2023-04-11 09:00:00,48692.270325464735,49489.84978659025,48820.74835337154,48995.35729434611,8273
2023-04-11 10:00:00,48995.35729434611,49698.165583847185,48074.887594805245,49048.10742214416,4400
2023-04-11 11:00:00,49048.10742214416,49831.75589138004,48640.26201769968,49137.30673085799,3204
2023-04-11 12:00:00,49137.30673085799,51276.489951218085,48859.352271003496,49270.1665612218,7764
2023-04-11 13:00:00,49270.1665612218,50644.43440172479,49309.04801750502,49553.96591635387,2290
2023-04-11 14:00:00,49553.96591635387,50806.623708808744,48293.13914536852,48636.00248282242,2997
2023-04-11 15:00:00,48636.00248282242,50255.31229592444,46942.663974031646,48574.520448248586,8209
2023-04-11 16:00:00,48574.520448248586,49540.133676739024,48947.99766430787,49483.73485703378,8451
2023-04-11 17:00:00,49483.73485703378,50449.669377729275,49145.6971869555,49224.11536058013,9813
2023-04-11 18:00:00,49224.11536058013,49046.92888414355,47700.56817098283,48803.52827713895,8828
2023-04-11 19:00:00,48803.52827713895,49671.115343427235,47460.52142519083,48863.257353041336,5014
2023-04-11 20:00:00,48863.257353041336,49870.97557104738,48350.91368220252,49233.054097862696,4505
2023-04-11 21:00:00,49233.054097862696,49625.55611620637,48688.66697043299,49131.06433093389,1265
2023-04-11 22:00:00,49131.06433093389,50166.923781464946,47958.80869638428,49474.618957066836,7906
2023-04-11 23:00:00,49474.618957066836,49622.18342984147,48134.96756332359,48948.37468227128,5676
2023-04-12 00:00:00,48948.37468227128,50691.941396326525,48273.555348270354,49458.46055003962,6724
2023-04-12 01:00:00,49458.46055003962,50817.99355051665,49370.33004218639,50496.971740796704,1178
2023-04-12 02:00:00,50496.971740796704,49681.87525158246,48886.17273701569,49303.82519227295,6021
2023-04-12 03:00:00,49303.82519227295,51325.66665711136,48799.83046262088,50408.86087094779,9542
2023-04-12 04:00:00,50408.86087094779,50133.034042502695,49522.59391853139,49718.8525881192,8275
2023-04-12 05:00:00,49718.8525881192,49370.317042350216,47687.3608037898,49180.43060996861,7561
2023-04-12 06:00:00,49180.43060996861,49002.59741557942,48569.48586269584,48844.35309847181,6390
2023-04-12 07:00:00,48844.35309847181,50349.566505749935,47319.77836799264,48588.20947842091,1065
2023-04-12 08:00:00,48588.20947842091,49852.87087117522,48214.025394868615,48427.91648160118,7800
2023-04-12 09:00:00,48427.91648160118,49364.15326382886,48633.63207975652,49259.18718063724,6823
2023-04-12 10:00:00,49259.18718063724,49722.95165143838,47400.31713845758,49023.41685858985,2832
2023-04-12 11:00:00,49023.41685858985,50142.290319948996,48116.45396446192,49974.6719051099,8137
2023-04-12 12:00:00,49974.6719051099,49661.84203551727,48687.51702181703,49416.92842925023,4116
2023-04-12 13:00:00,49416.92842925023,49183.777314141335,48623.62478770074,48799.841298533305,8598
2023-04-12 14:00:00,48799.841298533305,50156.77127138997,48079.60771899496,49529.113307692496,3242
2023-04-12 15:00:00,49529.113307692496,50081.04844421041,49572.4178285197,49803.56883020998,1307
2023-04-12 16:00:00,49803.56883020998,50672.283308581085,49920.53649490044,50015.00665954232,3842
2023-04-12 17:00:00,50015.00665954232,49633.16563022716,49262.884955470945,49572.34664246582,7373
2023-04-12 18:00:00,49572.34664246582,49992.32371733019,46749.24624246995,49105.740104488905,5072
2023-04-12 19:00:00,49105.740104488905,50251.83297207124,49634.75192511131,50154.41604414727,5472
2023-04-12 20:00:00,50154.41604414727,51249.18764827544,47930.69665016772,49675.53000431524,5847
2023-04-12 21:00:00,49675.53000431524,49355.11751226997,48581.17883719262,48754.80860587356,5749
2023-04-12 22:00:00,48754.80860587356,49635.47792083321,48615.276266520086,49309.660573542875,1002
2023-04-12 23:00:00,49309.660573542875,49425.77231170793,48821.300053352425,49373.53683349285,2517
2023-04-13 00:00:00,49373.53683349285,50415.36905335943,48523.15666560963,48824.66073947881,3379
2023-04-13 01:00:00,48824.66073947881,50759.047152129024,49413.29074449351,49695.225076316296,1205
2023-04-13 02:00:00,49695.225076316296,49186.38963801083,48113.59951053402,48892.0901777816,7258
2023-04-13 03:00:00,48892.0901777816,49284.91365623985,49145.419764806364,49221.4043339662,1785
2023-04-13 04:00:00,49221.4043339662,50714.90720706237,48274.621444311735,49880.957675183105,3157
2023-04-13 05:00:00,49880.957675183105,48863.525007013835,46689.94650916501,48847.801449600986,9172
2023-04-13 06:00:00,48847.801449600986,49429.86308330447,48639.181033755754,49021.31407554211,3493
2023-04-13 07:00:00,49021.31407554211,50967.73226125838,48265.44026631466,50103.523271265774,3424
2023-04-13 08:00:00,50103.523271265774,51135.4048632694,49287.52940853676,49529.07644645506,3376
2023-04-13 09:00:00,49529.07644645506,49969.86532257861,49553.518100912814,49562.94679725161,4547
2023-04-13 10:00:00,49562.94679725161,49890.49133975206,49098.81236880037,49278.97883033969,1121
2023-04-13 11:00:00,49278.97883033969,50201.34093888827,47876.70214895491,50123.05641627212,4722
2023-04-13 12:00:00,50123.05641627212,49889.336823413585,49155.20559485792,49639.55770990427,7723
2023-04-13 13:00:00,49639.55770990427,50333.30004052101,46974.23611997063,50203.25661403318,8421
2023-04-13 14:00:00,50203.25661403318,50113.831347369516,49152.943882632426,49254.682666738656,9468
2023-04-13 15:00:00,49254.682666738656,49761.92639291535,49591.49191154405,49632.86706788457,4402
2023-04-13 16:00:00,49632.86706788457,50094.74441835722,48774.54279022049,49449.456167631484,2768
2023-04-13 17:00:00,49449.456167631484,49260.60189055729,48135.69722131048,48435.3891464721,7621
2023-04-13 18:00:00,48435.3891464721,50182.91952159977,49909.199700074496,50102.61798363356,1140
2023-04-13 19:00:00,50102.61798363356,50437.41921743676,48979.328160610254,49821.59237620539,4573
2023-04-13 20:00:00,49821.59237620539,51021.04349285047,49190.46738697001,50173.86578671914,9534
2023-04-13 21:00:00,50173.86578671914,50025.78690648936,47906.30890399115,48868.83215941278,4120
2023-04-13 22:00:00,48868.83215941278,49573.783298128445,49402.34126595654,49475.6979334001,1010
2023-04-13 23:00:00,49475.6979334001,49341.08754849024,48898.20735775255,49223.60775485346,2471
2023-04-14 00:00:00,49223.60775485346,51527.572413714646,50057.74282793223,50118.61279075337,5628
2023-04-14 01:00:00,50118.61279075337,49720.534356236305,48198.05984314884,48939.71695642982,9776
2023-04-14 02:00:00,48939.71695642982,50405.58038784676,49832.558933237095,49833.107254391325,2634
2023-04-14 03:00:00,49833.107254391325,51318.14874569038,48855.639137615646,50251.92016558359,3844
2023-04-14 04:00:00,50251.92016558359,50618.80117146838,50087.411966285086,50120.22314797222,6190
2023-04-14 05:00:00,50120.22314797222,49142.21028171976,48137.510823399185,48950.44750424079,7475
2023-04-14 06:00:00,48950.44750424079,50778.31135527499,49449.15569393778,50184.312903165046,4620
2023-04-14 07:00:00,50184.312903165046,51198.38445311982,48819.00261279294,49915.16310385688,1017
2023-04-14 08:00:00,49915.16310385688,49205.85388144208,48502.411664800755,49157.828262955816,6554
2023-04-14 09:00:00,49157.828262955816,50655.02565785775,47758.08920086557,49836.602243916415,1315
2023-04-14 10:00:00,49836.602243916415,50548.95847276489,48194.51001361663,49573.06660797007,9511
2023-04-14 11:00:00,49573.06660797007,51232.921819360636,50092.110024916845,50259.13538820496,8107
2023-04-14 12:00:00,50259.13538820496,50867.71087271792,50255.82438451282,50435.15622203535,9864
2023-04-14 13:00:00,50435.15622203535,50950.84104412529,47683.19881745229,49679.37304831969,7782
2023-04-14 14:00:00,49679.37304831969,49273.12949724329,47196.96644186905,48685.5553751146,5697
2023-04-14 15:00:00,48685.5553751146,49084.09023118586,48918.65127415709,49049.758533502456,7995
2023-04-14 16:00:00,49049.758533502456,50186.24563873099,48012.45030324122,49805.63635088768,8464
2023-04-14 17:00:00,49805.63635088768,49060.836970978904,48001.6969009618,48647.597804721016,4435
2023-04-14 18:00:00,48647.597804721016,52253.158684710594,49384.85637456446,50209.86891461144,9544
2023-04-14 19:00:00,50209.86891461144,50465.05686399818,48424.70577804686,49702.754909165196,6414
2023-04-14 20:00:00,49702.754909165196,50856.641810435445,50245.3919856491,50604.58513215352,1213
2023-04-14 21:00:00,50604.58513215352,50255.661619792605,49126.7484041446,49830.93504000616,5254
2023-04-14 22:00:00,49830.93504000616,51248.862175474016,50964.615560006874,51002.302640636866,9213
2023-04-14 23:00:00,51002.302640636866,50297.25497490943,49330.17065701236,50155.58421638227,2261
2023-04-15 00:00:00,50155.58421638227,50440.80151251458,49779.823760905456,50107.08618451597,3815
2023-04-15 01:00:00,50107.08618451597,50277.58254902726,49076.271311226636,49808.42003632453,3631
2023-04-15 02:00:00,49808.42003632453,51679.235739194846,51283.17905218523,51399.94486798603,3176
2023-04-15 03:00:00,51399.94486798603,49861.133920616434,48770.37900611758,49430.156024443895,6599
2023-04-15 04:00:00,49430.156024443895,50021.391122453104,48882.35393265312,49636.96325497183,5119
2023-04-15 05:00:00,49636.96325497183,51038.345519980234,49389.68246154604,49706.74805059176,3544
2023-04-15 06:00:00,49706.74805059176,49361.40631932778,48221.06892204656,49245.34063966219,3334
2023-04-15 07:00:00,49245.34063966219,50209.17175322245,48701.60124588819,50137.334566230944,5883
2023-04-15 08:00:00,50137.334566230944,50802.592907049584,49157.85823935162,49831.900333506754,1744
2023-04-15 09:00:00,49831.900333506754,51373.02786121124,49970.496331952,50280.998871302196,5161
2023-04-15 10:00:00,50280.998871302196,51194.23393919831,48685.10534072798,49805.36184490591,4247
2023-04-15 11:00:00,49805.36184490591,51307.2088951188,49023.60626445756,49678.37535631703,1003
2023-04-15 12:00:00,49678.37535631703,51947.218660256694,50362.35075285801,50963.224633836304,4727
2023-04-15 13:00:00,50963.224633836304,50427.61857220537,48945.98316015398,50151.353200550024,9349
2023-04-15 14:00:00,50151.353200550024,50222.681711113924,48321.46343110956,49594.656097083265,6073
2023-04-15 15:00:00,49594.656097083265,49482.671259853356,48241.44742233139,49172.327302584774,3796
2023-04-15 16:00:00,49172.327302584774,50718.078428289526,49202.73190006902,49367.04415559403,3805
2023-04-15 17:00:00,49367.04415559403,50279.52027873485,48851.59396522398,49773.13824503119,6850
2023-04-15 18:00:00,49773.13824503119,50051.70087270536,48488.257573974464,50011.81035540384,3392
2023-04-15 19:00:00,50011.81035540384,51508.030680496675,49668.932660660765,50640.48810731371,4254
2023-04-15 20:00:00,50640.48810731371,50299.551946638574,49272.344315657305,50293.26488735154,8529
2023-04-15 21:00:00,50293.26488735154,52642.84300679049,50409.339193467546,51231.93884894035,7449
2023-04-15 22:00:00,51231.93884894035,50936.0627066515,48931.80683617411,49703.57635272305,1359
2023-04-15 23:00:00,49703.57635272305,50547.90591338716,50154.9158993674,50250.128310698674,9525
2023-04-16 00:00:00,50250.128310698674,49312.563512207445,48667.491613138096,49222.88847971423,4763
2023-04-16 01:00:00,49222.88847971423,51043.94152401604,49441.34025705879,49672.41557775151,1878
2023-04-16 02:00:00,49672.41557775151,51118.23534533133,50438.79365311097,50625.16182695613,3297
2023-04-16 03:00:00,50625.16182695613,50408.29269178981,49347.31237999284,50086.48708868617,2269
2023-04-16 04:00:00,50086.48708868617,50804.031705816764,48882.43327332744,50015.2346208508,2757
2023-04-16 05:00:00,50015.2346208508,51181.03111965832,49202.50142992995,50294.822914046614,7578
2023-04-16 06:00:00,50294.822914046614,51563.715631486564,49417.002365036424,49993.849667084374,2271
2023-04-16 07:00:00,49993.849667084374,49728.10582234204,49406.867894864554,49577.438125805034,3768
2023-04-16 08:00:00,49577.438125805034,50173.02398874711,49145.22772640765,50158.54062129011,9928
2023-04-16 09:00:00,50158.54062129011,50293.02450467533,49250.59833330272,49946.61222903314,7266
2023-04-16 10:00:00,49946.61222903314,51246.21729219993,50522.035578245916,50691.57656649212,7654
2023-04-16 11:00:00,50691.57656649212,50257.33360870212,49232.82457413876,49507.10502855298,7992
2023-04-16 12:00:00,49507.10502855298,50509.06192878308,49524.93741106357,50085.77703203511,2233
2023-04-16 13:00:00,50085.77703203511,51798.986150654,50855.768975142426,51001.851623547016,9329
2023-04-16 14:00:00,51001.851623547016,50933.91592384624,49166.28741691612,50352.429858826734,2833
2023-04-16 15:00:00,50352.429858826734,51220.13420869839,49761.519857672625,50106.59990743818,7436
2023-04-16 16:00:00,50106.59990743818,49579.421425746674,48368.855183066255,49449.111272390626,6622
2023-04-16 17:00:00,49449.111272390626,50470.47831152228,50255.17520813572,50287.125969804096,4690
2023-04-16 18:00:00,50287.125969804096,50854.56285822261,48960.21422935258,50765.059115631884,4774
2023-04-16 19:00:00,50765.059115631884,51889.185365322584,50410.02189950982,50995.53352486302,3086
2023-04-16 20:00:00,50995.53352486302,50988.84829613562,48437.71398155357,50333.12429780826,8483
2023-04-16 21:00:00,50333.12429780826,50238.59596644322,49129.22319505183,49740.250853505735,3287
2023-04-16 22:00:00,49740.250853505735,53211.1411822563,50967.40185092479,51447.77529592362,5835
2023-04-16 23:00:00,51447.77529592362,51514.506868649936,49822.69173116386,50547.50809646871,2075
2023-04-17 00:00:00,50547.50809646871,50932.69593246194,49417.94823502796,49947.83636147685,3694
2023-04-17 01:00:00,49947.83636147685,51320.246253993486,49288.92031509634,49959.43757578684,8389
2023-04-17 02:00:00,49959.43757578684,51640.50518996227,51013.14270538104,51172.46858309394,8442
2023-04-17 03:00:00,51172.46858309394,51438.41431264741,48150.0315760818,50156.79581037597,4228
2023-04-17 04:00:00,50156.79581037597,50620.6864117607,49628.98766399012,49779.18902794763,8768
2023-04-17 05:00:00,49779.18902794763,51545.35513163704,49920.48567752125,50382.719768748015,5033
2023-04-17 06:00:00,50382.719768748015,50762.8798295251,49435.65504790377,50609.90587403652,5027
2023-04-17 07:00:00,50609.90587403652,51081.28865106857,49762.92515489168,50407.685587013446,2797
2023-04-17 08:00:00,50407.685587013446,50879.00460685388,49255.437408304984,50479.1316135837,1072
2023-04-17 09:00:00,50479.1316135837,52260.16459165994,49486.22785012095,50409.555240483416,8426
2023-04-17 10:00:00,50409.555240483416,50777.96383406856,50251.46484634027,50435.18496449894,3201
2023-04-17 11:00:00,50435.18496449894,52473.662455567835,51555.60329339594,51673.0159994896,2153
2023-04-17 12:00:00,51673.0159994896,50277.86825070457,48755.81222768009,49710.28712831861,9598
2023-04-17 13:00:00,49710.28712831861,51787.46088984441,50610.3487641688,50681.03228438234,4480
2023-04-17 14:00:00,50681.03228438234,50785.020237283476,49108.50557201457,50137.33791044408,8601
2023-04-17 15:00:00,50137.33791044408,50864.84149579068,50490.99061180534,50847.894773862055,3375
2023-04-17 16:00:00,50847.894773862055,50683.52570422653,49618.48357656553,50228.96838574626,7248
2023-04-17 17:00:00,50228.96838574626,52367.77041738131,49386.0633054965,50420.87715273971,9344
2023-04-17 18:00:00,50420.87715273971,50296.009006391265,49969.28196519218,50123.425361862945,4086
2023-04-17 19:00:00,50123.425361862945,51645.07393241172,49981.02078588114,50466.64623628406,5951
2023-04-17 20:00:00,50466.64623628406,51461.40510344559,49612.74441639155,50531.60953566396,5375
2023-04-17 21:00:00,50531.60953566396,52460.54547570695,49591.467200987216,50913.76806860228,1968
2023-04-17 22:00:00,50913.76806860228,51054.44930185673,50249.76410568381,50727.70061982164,1645
2023-04-17 23:00:00,50727.70061982164,51146.6981488209,50283.35602274353,50533.05607844307,9112
2023-04-18 00:00:00,50533.05607844307,52426.75183637149,50865.6739452643,50881.45774979115,8097
2023-04-18 01:00:00,50881.45774979115,50552.29937834796,49127.92102358539,50195.28854598837,1868
2023-04-18 02:00:00,50195.28854598837,51227.89636982632,50574.87321736727,50800.90152867628,7355
2023-04-18 03:00:00,50800.90152867628,51541.96594967028,49709.57112308709,50338.405170342616,5109
2023-04-18 04:00:00,50338.405170342616,50953.35840017939,49833.675746091445,50613.135282647454,1615
2023-04-18 05:00:00,50613.135282647454,51114.02649767266,49967.07837798335,50453.87576149018,7455
2023-04-18 06:00:00,50453.87576149018,51212.00481932735,50119.40209025102,50731.34394294499,6193
2023-04-18 07:00:00,50731.34394294499,50279.55087192767,48930.35396812132,50152.902023896866,1699
2023-04-18 08:00:00,50152.902023896866,51967.25373934883,49303.13284368929,50323.05754789523,2007
2023-04-18 09:00:00,50323.05754789523,50813.45989915157,50190.26474594762,50589.42211073314,8203
2023-04-18 10:00:00,50589.42211073314,52370.61965432458,51538.69770981133,52062.08722374531,7599
2023-04-18 11:00:00,52062.08722374531,50570.56855013487,49256.157058133875,50045.67405045626,5509
2023-04-18 12:00:00,50045.67405045626,50091.72355554131,48548.1484886396,49581.60242755089,8206
2023-04-18 13:00:00,49581.60242755089,51488.474193062786,50324.595116031785,50634.66726811051,3620
2023-04-18 14:00:00,50634.66726811051,51538.621617396784,50925.18135499983,51122.021824087526,6317
2023-04-18 15:00:00,51122.021824087526,51072.1867488764,49520.19975037687,50567.09815293297,1404
2023-04-18 16:00:00,50567.09815293297,51049.49624995065,50043.1308746987,50085.24158117562,8564
2023-04-18 17:00:00,50085.24158117562,50369.41529435933,49078.398184815,50020.35882351602,6514
2023-04-18 18:00:00,50020.35882351602,50728.90655871888,50040.06444318365,50166.6531038348,6311
2023-04-18 19:00:00,50166.6531038348,51877.42938641517,50939.061273501924,51572.94144758479,5524
2023-04-18 20:00:00,51572.94144758479,51466.668783216955,49384.29731242825,49751.78497395405,3449
2023-04-18 21:00:00,49751.78497395405,51795.677685933115,50353.63426196613,50693.31966944932,8103
2023-04-18 22:00:00,50693.31966944932,51130.356330777264,49834.371344577594,50469.76192349364,9706
2023-04-18 23:00:00,50469.76192349364,53934.83396037725,50471.77054618317,50883.640081527534,6416
2023-04-19 00:00:00,50883.640081527534,51666.575788466966,49293.658044010284,49730.49412422015,6670
2023-04-19 01:00:00,49730.49412422015,51509.71339870997,50079.544707983645,50821.57632761007,1315
2023-04-19 02:00:00,50821.57632761007,51602.647737920925,51295.359171303375,51586.289587357496,5757
2023-04-19 03:00:00,51586.289587357496,51253.47984099087,49001.4586914329,50706.301596192614,1727
2023-04-19 04:00:00,50706.301596192614,51306.274080176336,48807.74767618805,50438.66721880647,8924
2023-04-19 05:00:00,50438.66721880647,51615.042455797164,48342.932269933095,50524.86782086784,3560
2023-04-19 06:00:00,50524.86782086784,51517.9357858058,50438.65566396327,50578.43472520934,6032
2023-04-19 07:00:00,50578.43472520934,52836.81320411389,50831.15212142822,51215.45477655425,3520
2023-04-19 08:00:00,51215.45477655425,51649.389318512396,50047.24297756551,50503.714703090496,8597
2023-04-19 09:00:00,50503.714703090496,51595.73297519953,51018.67661968144,51150.7506286138,9841
2023-04-19 10:00:00,51150.7506286138,51229.744360384655,49190.886314226365,51187.72935066398,6297
2023-04-19 11:00:00,51187.72935066398,50679.456420649854,47935.317981731736,50528.56456310623,8805
2023-04-19 12:00:00,50528.56456310623,52184.48911257775,50334.913721318655,50817.88583375421,2128
2023-04-19 13:00:00,50817.88583375421,51600.49346325419,50155.89107856814,50253.69054144879,8574
2023-04-19 14:00:00,50253.69054144879,53563.5018880423,50067.970551970015,50998.47060859942,6477
2023-04-19 15:00:00,50998.47060859942,53187.391184096494,49691.56948483905,51057.276320819175,9515
2023-04-19 16:00:00,51057.276320819175,50957.32091711068,49850.46670938608,50557.79862905348,4712
2023-04-19 17:00:00,50557.79862905348,50577.90821784984,49634.44738516675,50217.111777780345,3944
2023-04-19 18:00:00,50217.111777780345,52114.51312918629,50715.19422255958,50830.814091888584,3260
2023-04-19 19:00:00,50830.814091888584,51080.559670610906,48683.52896521745,50365.10234094542,8386
2023-04-19 20:00:00,50365.10234094542,50957.16929201833,49783.62171802874,50301.321452569246,9320
2023-04-19 21:00:00,50301.321452569246,51462.074854955434,50533.25759779148,51050.94301682477,4787
2023-04-19 22:00:00,51050.94301682477,52186.77908919959,49869.60628477029,51327.97481920867,4772
2023-04-19 23:00:00,51327.97481920867,52247.8606841615,49350.00037312698,51109.19467142549,6693
2023-04-20 00:00:00,51109.19467142549,50919.28685060114,48941.090753841665,50731.80162761405,4032
2023-04-20 01:00:00,50731.80162761405,52872.485144631675,51447.96939289387,51899.823832840004,4670
2023-04-20 02:00:00,51899.823832840004,53089.87703823896,51294.78322685242,51470.6439481461,3336
2023-04-20 03:00:00,51470.6439481461,51851.1751293245,49698.17863644694,51293.40696156308,4656
2023-04-20 04:00:00,51293.40696156308,51072.81238953936,48684.82160263278,50458.042367730064,2030
2023-04-20 05:00:00,50458.042367730064,52949.871506710646,49734.63432911967,51212.00646530887,3516
2023-04-20 06:00:00,51212.00646530887,51022.774342133845,49580.08322026228,50883.80402170221,9684
2023-04-20 07:00:00,50883.80402170221,50752.130966965415,49455.99775926101,50115.06781568314,3526
2023-04-20 08:00:00,50115.06781568314,52950.143648913014,50240.012221805555,51111.74122819343,5189
2023-04-20 09:00:00,51111.74122819343,50655.80058538632,49877.01848143903,50633.970221303585,4343
2023-04-20 10:00:00,50633.970221303585,50857.88736587191,49773.95763936377,50165.63454723548,7023
2023-04-20 11:00:00,50165.63454723548,50810.09357198824,50058.01192815042,50343.64004334428,6171
2023-04-20 12:00:00,50343.64004334428,51378.085217934684,49965.920805525304,50544.94938670824,4860
2023-04-20 13:00:00,50544.94938670824,53134.01889793012,50257.94490610489,51928.03047605858,7909
2023-04-20 14:00:00,51928.03047605858,50770.22743234292,49889.60564832873,50532.45085083117,9292
2023-04-20 15:00:00,50532.45085083117,51214.87758923259,50093.69520366023,51134.8462209867,7411
2023-04-20 16:00:00,51134.8462209867,51404.38167020511,49451.654771099296,50521.79058662487,3515
2023-04-20 17:00:00,50521.79058662487,51597.268114640094,50588.54023230825,50661.92815876472,9700
2023-04-20 18:00:00,50661.92815876472,51980.86849794635,49991.92767006284,51300.21572879844,5720
2023-04-20 19:00:00,51300.21572879844,52366.93677522918,52217.035042519274,52236.90173130863,9459
2023-04-20 20:00:00,52236.90173130863,51297.20776614615,50823.32941866929,51294.62258419661,5906
2023-04-20 21:00:00,51294.62258419661,51547.621014580676,50182.03756273404,51339.75336193309,2116
2023-04-20 22:00:00,51339.75336193309,50409.525164289094,49756.78789084437,50318.44520730601,2058
2023-04-20 23:00:00,50318.44520730601,51010.07485133357,50454.92000021173,50991.66801032328,9152
2023-04-21 00:00:00,50991.66801032328,52578.76718105716,50582.456405758894,51284.108721284094,9395
2023-04-21 01:00:00,51284.108721284094,51359.07030692199,50381.070842441535,51258.33842995879,6700
2023-04-21 02:00:00,51258.33842995879,52788.38124562645,50932.04619677777,51170.92725526061,1355
2023-04-21 03:00:00,51170.92725526061,52046.52198613262,50269.86845642084,51646.234787768655,8710
2023-04-21 04:00:00,51646.234787768655,51984.58301621214,49581.11843268962,51421.80383045683,7363
2023-04-21 05:00:00,51421.80383045683,52419.35940207741,51025.68579511962,51199.06897940087,7182
2023-04-21 06:00:00,51199.06897940087,50690.994767054835,49121.63010618196,50512.582588863814,3079
2023-04-21 07:00:00,50512.582588863814,51885.877727461564,49843.604695100425,50890.81288236788,1834
2023-04-21 08:00:00,50890.81288236788,51812.29238841881,50262.79268978445,51357.131530838305,6290
2023-04-21 09:00:00,51357.131530838305,51965.10145814628,51072.146881997964,51119.98356472167,3052
2023-04-21 10:00:00,51119.98356472167,51042.266860704,50466.32065381977,50826.11105228048,9379
2023-04-21 11:00:00,50826.11105228048,52918.16242653593,50095.01908035399,51262.060289546615,9051
2023-04-21 12:00:00,51262.060289546615,52473.576163185484,50298.96115024866,51527.94859836788,3127
2023-04-21 13:00:00,51527.94859836788,52725.14099726446,49657.34518120433,50562.70821884644,8816
2023-04-21 14:00:00,50562.70821884644,51093.23027901204,50336.775482727564,50500.0873182272,9496
2023-04-21 15:00:00,50500.0873182272,51782.856180519724,50739.772845923864,51607.62620167209,7249
2023-04-21 16:00:00,51607.62620167209,51347.60424815819,50489.27257159527,51085.676761169416,6047
2023-04-21 17:00:00,51085.676761169416,51036.00340445136,49616.11692933285,50862.0086132252,2459
2023-04-21 18:00:00,50862.0086132252,51549.74827428235,49545.23617893696,50881.66581173253,4500
2023-04-21 19:00:00,50881.66581173253,51313.74547432264,50742.59376123659,51263.067789544075,7419
2023-04-21 20:00:00,51263.067789544075,51387.74625741563,50036.79817903136,50395.0342772334,6238
2023-04-21 21:00:00,50395.0342772334,52293.73736188063,49184.614579183486,51101.449835685875,9074
2023-04-21 22:00:00,51101.449835685875,51333.475719555354,49668.26051274974,50992.789747995455,2003
2023-04-21 23:00:00,50992.789747995455,51203.614846140685,49373.68406346101,51106.54890226484,2066
2023-04-22 00:00:00,51106.54890226484,50322.96248971349,49365.39397816741,50125.36031140115,7608
2023-04-22 01:00:00,50125.36031140115,51647.860242509305,49937.19805984169,50871.38094989712,7171
2023-04-22 02:00:00,50871.38094989712,51850.990128748206,49986.000945066764,51596.2512916419,7069
2023-04-22 03:00:00,51596.2512916419,51594.56777216612,50017.63134124653,50750.228403022054,9734
2023-04-22 04:00:00,50750.228403022054,50608.53442703352,50376.39653227823,50598.21833290127,5499
2023-04-22 05:00:00,50598.21833290127,51388.56042234864,48229.39457638018,51384.22141561827,4172
2023-04-22 06:00:00,51384.22141561827,51838.35386921268,49455.10537396919,51211.75904186761,5206
2023-04-22 07:00:00,51211.75904186761,51768.98304998389,48694.77391961531,50715.466319461324,3927
2023-04-22 08:00:00,50715.466319461324,52393.16811366316,51757.7735644899,51833.12104338198,2648
2023-04-22 09:00:00,51833.12104338198,50322.317747844216,48397.869232936086,49894.580060821,2838
2023-04-22 10:00:00,49894.580060821,51589.925827949584,50716.740163901515,51009.90313058324,6477
2023-04-22 11:00:00,51009.90313058324,52497.0557188879,50586.755159088374,51180.81553315053,7499
2023-04-22 12:00:00,51180.81553315053,53320.93608771147,50690.21647457598,51573.870578017704,3864
2023-04-22 13:00:00,51573.870578017704,51559.451806510406,51188.19775956351,51439.04223106975,9638
2023-04-22 14:00:00,51439.04223106975,50831.84442092416,49544.200079715505,50536.76700832751,8039
2023-04-22 15:00:00,50536.76700832751,51689.820138787705,49451.050042318064,50849.197512705716,1118
2023-04-22 16:00:00,50849.197512705716,51734.52663022393,50423.07719294917,51042.71130196074,4819
2023-04-22 17:00:00,51042.71130196074,50708.55197290331,48937.55979862199,50520.932893537596,9634
2023-04-22 18:00:00,50520.932893537596,50843.47063966655,49374.047771117854,50234.683670545426,9280
2023-04-22 19:00:00,50234.683670545426,52974.43715115762,49671.35608408376,50831.745562360215,8637
2023-04-22 20:00:00,50831.745562360215,54049.94880259703,51181.85885628914,51776.22904129703,3983
2023-04-22 21:00:00,51776.22904129703,51559.83611568612,49440.72539076629,50416.313168391796,8834
2023-04-22 22:00:00,50416.313168391796,52722.83898264319,50594.955206527695,50942.56598057035,8418
2023-04-22 23:00:00,50942.56598057035,52007.18868319476,51119.84236455393,51345.16342579877,8661
2023-04-23 00:00:00,51345.16342579877,50506.61686122457,49733.69697978091,49851.47523175985,2482
2023-04-23 01:00:00,49851.47523175985,51080.69302710374,49875.37186577812,50696.43023370025,1642
2023-04-23 02:00:00,50696.43023370025,51129.91642912992,50538.04777858427,50662.620100447646,1054
2023-04-23 03:00:00,50662.620100447646,52374.324035715,49401.375215402055,51811.85879643513,5587
2023-04-23 04:00:00,51811.85879643513,51646.61720975442,49602.66640354656,50979.937774561164,6056
2023-04-23 05:00:00,50979.937774561164,50307.630569020665,48969.211269721905,50211.2297616874,9015
2023-04-23 06:00:00,50211.2297616874,51240.5741216972,49481.71387053652,49874.88567054366,1736
2023-04-23 07:00:00,49874.88567054366,51122.12985508823,50894.67799911865,51041.62816642076,1227
2023-04-23 08:00:00,51041.62816642076,52645.52486985069,49326.8980618461,51033.064520795655,7156
2023-04-23 09:00:00,51033.064520795655,51702.000329689035,50943.99489069956,51355.97495483052,2619
2023-04-23 10:00:00,51355.97495483052,53445.29986163517,50228.74676298333,51318.48295682341,8742
2023-04-23 11:00:00,51318.48295682341,51528.93913865513,50876.84386981327,51103.030886457425,1797
2023-04-23 12:00:00,51103.030886457425,50782.20723784945,50004.03914365923,50744.56254454309,3764
2023-04-23 13:00:00,50744.56254454309,51784.045431872124,49426.58313892837,50986.33618104965,9199
2023-04-23 14:00:00,50986.33618104965,52333.373338102865,50674.683185173766,50940.009918355856,4874
2023-04-23 15:00:00,50940.009918355856,51648.14245686959,51451.72653613129,51507.31597178393,9805
2023-04-23 16:00:00,51507.31597178393,52956.91469494131,51030.03229512423,51487.99771334448,2160
2023-04-23 17:00:00,51487.99771334448,51883.54049335587,50450.11868364604,50663.05957466523,3003
2023-04-23 18:00:00,50663.05957466523,53191.93159594954,49342.86319720998,51358.72765006578,8318
2023-04-23 19:00:00,51358.72765006578,51607.40845972234,50328.53833555491,51238.69255847235,6169
2023-04-23 20:00:00,51238.69255847235,50926.602363183585,49259.6391430114,49924.40096982772,9697
2023-04-23 21:00:00,49924.40096982772,51289.98443782732,49313.35303870473,50318.53543210836,8935
2023-04-23 22:00:00,50318.53543210836,50629.32691085896,49978.5064417624,50309.10418371139,3392
2023-04-23 23:00:00,50309.10418371139,52198.440847239624,49886.966305740774,50855.788463495,5433
2023-04-24 00:00:00,50855.788463495,53427.31867132423,50470.03574982781,51225.09538183976,1630
2023-04-24 01:00:00,51225.09538183976,51064.871869348644,50055.179815137235,50883.97290745662,3707
2023-04-24 02:00:00,50883.97290745662,50538.93135771324,48347.380572364746,50002.08429572964,5230
2023-04-24 03:00:00,50002.08429572964,51706.30117299311,50145.59502269997,50575.50432692537,2867
2023-04-24 04:00:00,50575.50432692537,52179.91146093493,49712.954827251284,50707.281266087695,7156
2023-04-24 05:00:00,50707.281266087695,51445.246550987766,50502.14666803336,50569.59844195794,6767
2023-04-24 06:00:00,50569.59844195794,51481.86741041592,50004.98425863375,51463.48488025204,9809
2023-04-24 07:00:00,51463.48488025204,52244.14678608754,49590.77871187437,50837.18347369707,6332
2023-04-24 08:00:00,50837.18347369707,50753.18126218669,50023.47896859422,50545.26546393244,1179
2023-04-24 09:00:00,50545.26546393244,50624.336772578106,49808.60506930916,50585.720051762604,6464
2023-04-24 10:00:00,50585.720051762604,51227.814740209375,49943.81920383406,50741.14050459274,6527
2023-04-24 11:00:00,50741.14050459274,51847.7256411829,51661.860061032,51729.838047021374,8465
2023-04-24 12:00:00,51729.838047021374,50443.63440854551,48740.269334570316,50137.53374046652,1151
2023-04-24 13:00:00,50137.53374046652,51664.589619288505,50008.4816100246,50890.85290675726,4625
2023-04-24 14:00:00,50890.85290675726,50996.43813753498,49595.680422500045,50277.818765744174,5534
2023-04-24 15:00:00,50277.818765744174,53125.27106749549,50087.87691724728,51527.27002433338,4229
2023-04-24 16:00:00,51527.27002433338,50981.83503710406,49691.341182509284,50682.732742601256,8099
2023-04-24 17:00:00,50682.732742601256,51240.47055224077,50522.102125169724,50713.23022882404,6906
2023-04-24 18:00:00,50713.23022882404,51751.78297960101,51073.341353026575,51139.17347534195,8261
2023-04-24 19:00:00,51139.17347534195,51270.311538216105,49366.2304692074,50430.732162271255,7300
2023-04-24 20:00:00,50430.732162271255,51518.63040844564,48930.92220871368,50786.4498484312,7563
2023-04-24 21:00:00,50786.4498484312,51817.71273590265,49961.44053856793,50916.25239579282,2689
2023-04-24 22:00:00,50916.25239579282,52416.30430224668,50357.93185105428,50847.68969490283,5575
2023-04-24 23:00:00,50847.68969490283,51128.55009523605,50439.494540435735,50971.71252106403,1637
2023-04-25 00:00:00,50971.71252106403,50719.545723452364,49630.83817964217,50524.30968500919,9881
2023-04-25 01:00:00,50524.30968500919,51803.049736134046,50589.22185472925,51586.46603255249,9630
2023-04-25 02:00:00,51586.46603255249,51139.671246510574,49746.20076428664,50751.794288407036,2488
2023-04-25 03:00:00,50751.794288407036,51977.89345234786,50428.174753480365,51304.40155698312,2417
2023-04-25 04:00:00,51304.40155698312,51359.44122655638,50772.865356613904,50975.79962274581,3925
2023-04-25 05:00:00,50975.79962274581,51021.241276358596,50268.94633487594,50762.51395903826,2011
2023-04-25 06:00:00,50762.51395903826,51386.822456605136,50859.959864423676,51107.78427365347,1272
2023-04-25 07:00:00,51107.78427365347,52510.77638300413,50014.462191047336,50942.90922637157,1356
2023-04-25 08:00:00,50942.90922637157,51181.512745234526,50501.42016560133,50529.11874021336,7614
2023-04-25 09:00:00,50529.11874021336,51495.32471011649,50820.64468916012,51224.994003347674,1062
2023-04-25 10:00:00,51224.994003347674,51838.71536308922,50795.37217368874,51748.306860124896,6328
2023-04-25 11:00:00,51748.306860124896,52097.09447086697,49386.22419328065,50062.66645283584,8887
2023-04-25 12:00:00,50062.66645283584,50717.1290281199,49553.04661025923,50367.56986052829,8633
2023-04-25 13:00:00,50367.56986052829,51557.696350922495,50766.59914963436,51483.90535515667,6113
2023-04-25 14:00:00,51483.90535515667,52708.62425126205,50315.89991129443,50944.36289776132,6832
2023-04-25 15:00:00,50944.36289776132,50125.074720909775,49975.342828433844,49979.73214587494,3812
2023-04-25 16:00:00,49979.73214587494,53175.4399384731,49596.935086093574,51083.89478316758,6177
2023-04-25 17:00:00,51083.89478316758,49598.386329948255,48287.201389897724,49388.747120544824,7721
2023-04-25 18:00:00,49388.747120544824,51133.86984811097,50190.97307028242,50576.13675093717,9989
2023-04-25 19:00:00,50576.13675093717,52110.20006130519,50998.51665332342,51003.954259685495,8961
2023-04-25 20:00:00,51003.954259685495,51637.935243030006,49573.13703887856,50762.195029804796,9258
2023-04-25 21:00:00,50762.195029804796,50784.1805346155,49213.92812861204,49866.932840723544,8791
2023-04-25 22:00:00,49866.932840723544,51845.97088962663,50250.68837596741,50932.53881507575,9770
2023-04-25 23:00:00,50932.53881507575,50603.63968158293,49620.21011915184,49858.878100407484,8165
2023-04-26 00:00:00,49858.878100407484,51259.82407431221,49828.23311839934,50271.016859817144,5505
2023-04-26 01:00:00,50271.016859817144,51180.00378114826,48007.74700790354,50287.429289952095,9051
2023-04-26 02:00:00,50287.429289952095,50319.80477673138,49214.76475201139,50280.121493223545,3154
2023-04-26 03:00:00,50280.121493223545,51376.1085969212,49644.14403721304,50585.61384680762,3220
2023-04-26 04:00:00,50585.61384680762,51119.122381545276,49558.790039958054,50515.885258856906,1721
2023-04-26 05:00:00,50515.885258856906,50583.906598047186,50165.24700031829,50189.510041236616,6803
2023-04-26 06:00:00,50189.510041236616,51538.860057436235,49251.58462288756,50662.51694307891,6156
2023-04-26 07:00:00,50662.51694307891,51848.15822543629,49289.051506813325,51799.35836303994,5812
2023-04-26 08:00:00,51799.35836303994,51171.82231508304,48536.164418406275,50362.75251370294,8461
2023-04-26 09:00:00,50362.75251370294,51727.178324359535,49496.3427140162,51006.28087118684,7522
2023-04-26 10:00:00,51006.28087118684,52777.41333632443,49702.83021511034,51358.33222529496,6973
2023-04-26 11:00:00,51358.33222529496,52180.92206466593,49283.62319348081,50417.361982073846,3046
2023-04-26 12:00:00,50417.361982073846,51378.66978727902,49202.85252991354,49671.74603650887,8023
2023-04-26 13:00:00,49671.74603650887,51505.44770200882,49263.52228695893,50735.32714586057,7086
2023-04-26 14:00:00,50735.32714586057,52244.4364082436,50973.083764209005,51155.79412046571,7834
2023-04-26 15:00:00,51155.79412046571,51310.92113744982,48214.89403891494,50685.47252829336,4473
2023-04-26 16:00:00,50685.47252829336,51291.774253009724,49992.78891201083,50792.64598848302,6399
2023-04-26 17:00:00,50792.64598848302,50546.967710989775,49529.22390572879,49739.04924085094,5604
2023-04-26 18:00:00,49739.04924085094,51551.415490580905,50925.86840115532,50980.24185308607,6364
2023-04-26 19:00:00,50980.24185308607,51956.09787177701,50801.9584959358,50834.511701763295,1603
2023-04-26 20:00:00,50834.511701763295,51859.31757052437,49344.77887371884,50423.90522856653,9867
2023-04-26 21:00:00,50423.90522856653,51331.81668789993,50443.4636682549,50800.98287430051,2844
2023-04-26 22:00:00,50800.98287430051,52020.795328329965,50295.19961559157,50763.59734112256,6634
2023-04-26 23:00:00,50763.59734112256,51358.758596931984,50362.8108146947,50756.450172063756,7958
2023-04-27 00:00:00,50756.450172063756,49944.61382758273,48437.22525349149,49902.75755950853,6517
2023-04-27 01:00:00,49902.75755950853,50733.62521431918,49404.78409324772,50126.22330720062,2344
2023-04-27 02:00:00,50126.22330720062,51234.89565897154,49824.845549676895,50196.023803391654,3759
2023-04-27 03:00:00,50196.023803391654,49568.0972632566,48624.20203189428,49394.46783544884,4422
2023-04-27 04:00:00,49394.46783544884,51202.26396353909,49200.10555160463,50459.945549437005,5852
2023-04-27 05:00:00,50459.945549437005,50401.552229578825,50344.90621627321,50360.49718216497,2982
2023-04-27 06:00:00,50360.49718216497,51048.6990210671,49901.67525636117,50856.79553362204,9209
2023-04-27 07:00:00,50856.79553362204,52509.003032535875,49897.77737693348,50533.14909465653,3770
2023-04-27 08:00:00,50533.14909465653,50873.25506180684,48031.10924775618,49967.409027063426,8564
2023-04-27 09:00:00,49967.409027063426,50342.292441586294,48623.05757812033,48949.78097896434,5680
2023-04-27 10:00:00,48949.78097896434,51106.42006284646,50914.65058056232,51081.26949072763,3268
2023-04-27 11:00:00,51081.26949072763,50306.99201764617,49628.481339809216,50174.11592995688,8461
2023-04-27 12:00:00,50174.11592995688,50646.377642126834,50022.970848974066,50482.17028888245,6801
2023-04-27 13:00:00,50482.17028888245,50878.09194032564,46554.46261381911,49411.05713280202,2405
2023-04-27 14:00:00,49411.05713280202,50275.91526458755,50066.33828138329,50134.96138094343,3727
2023-04-27 15:00:00,50134.96138094343,51830.03990837522,50099.899997188935,50493.32336055939,7291
2023-04-27 16:00:00,50493.32336055939,51932.44279456749,48310.01152423375,50202.23237752751,2755
2023-04-27 17:00:00,50202.23237752751,52302.55864039322,49782.825624745754,50729.330586550815,2203
2023-04-27 18:00:00,50729.330586550815,50514.78106282278,49387.13410987302,50345.21744466254,8688
2023-04-27 19:00:00,50345.21744466254,50876.980110397286,49057.330326469484,50034.674122775425,8349
2023-04-27 20:00:00,50034.674122775425,50654.597559842994,49688.27882308876,50233.99602961057,7147
2023-04-27 21:00:00,50233.99602961057,51642.50820429361,50817.20315870488,51089.3250348693,9830
2023-04-27 22:00:00,51089.3250348693,50438.79405301951,50180.42462852559,50243.92652429872,4275
2023-04-27 23:00:00,50243.92652429872,49360.745664051574,48199.28743400389,48910.27991344214,5069
2023-04-28 00:00:00,48910.27991344214,51273.58910607073,48954.53073067773,50014.07813250521,1345
2023-04-28 01:00:00,50014.07813250521,50917.61230976574,48122.39579960521,50090.70087584776,4770
2023-04-28 02:00:00,50090.70087584776,49546.915764030695,48275.91055196971,49267.79405272771,9048
2023-04-28 03:00:00,49267.79405272771,50443.66679088382,49179.486591964174,50385.02213918713,1450
2023-04-28 04:00:00,50385.02213918713,51089.324325106456,49521.736605682294,50089.77654379379,5004
2023-04-28 05:00:00,50089.77654379379,51709.407614990945,50516.88358747161,50605.21746239999,5734
2023-04-28 06:00:00,50605.21746239999,51508.2478223491,49783.84669434609,50301.67146560635,1813
2023-04-28 07:00:00,50301.67146560635,51746.624147576535,49533.48136908184,50540.019734168214,2937
2023-04-28 08:00:00,50540.019734168214,50915.59363071462,49903.8054680291,50247.05598475161,4588
2023-04-28 09:00:00,50247.05598475161,50567.87657863487,50111.07371170717,50440.62341035964,8825
2023-04-28 10:00:00,50440.62341035964,50086.966348811446,48886.0212317284,49575.2854327693,7956
2023-04-28 11:00:00,49575.2854327693,51055.75563962096,49326.788865372764,50184.74517624285,4736
2023-04-28 12:00:00,50184.74517624285,50897.816933910166,49121.71012088312,49779.98619708419,1401
2023-04-28 13:00:00,49779.98619708419,51220.9468676956,48858.68037692302,50726.54512439625,7352
2023-04-28 14:00:00,50726.54512439625,49241.43935227203,47926.55188335872,49166.25475716818,7279
2023-04-28 15:00:00,49166.25475716818,51993.07402587892,50181.296215608614,50811.22437669109,4534
2023-04-28 16:00:00,50811.22437669109,51796.790314479804,50115.52377198103,50487.90874609391,3738
2023-04-28 17:00:00,50487.90874609391,50363.54603029833,49506.98299447238,50049.910675450184,2568
2023-04-28 18:00:00,50049.910675450184,50746.77324753546,50454.77522377922,50562.407842468856,5720
2023-04-28 19:00:00,50562.407842468856,51604.038973123126,48242.60823838319,49584.51275825427,9221
2023-04-28 20:00:00,49584.51275825427,50203.4978719047,49939.94411291984,49956.2421764126,4819
2023-04-28 21:00:00,49956.2421764126,49637.48013812772,49611.70839625516,49634.04587852274,9221
2023-04-28 22:00:00,49634.04587852274,49821.686825602,49073.49819396923,49498.54288825453,9998
2023-04-28 23:00:00,49498.54288825453,49377.074153823654,48826.81222167603,49210.48801819094,4468
2023-04-29 00:00:00,49210.48801819094,51184.8174205383,48557.53693177413,49221.15522996368,7516
2023-04-29 01:00:00,49221.15522996368,51172.48853367166,48358.632247668495,50288.28362968581,6240
2023-04-29 02:00:00,50288.28362968581,51178.53722010395,49825.338400391534,50585.220007661796,5993
2023-04-29 03:00:00,50585.220007661796,52567.42469836371,48489.900234020824,49933.80274308097,9997
2023-04-29 04:00:00,49933.80274308097,51987.521599279964,51256.1521249341,51312.356289959534,4363
2023-04-29 05:00:00,51312.356289959534,50242.404697776794,49276.626937836045,49898.96637446607,2605
2023-04-29 06:00:00,49898.96637446607,52088.11959466695,50189.12100457702,50551.717240548736,4159
2023-04-29 07:00:00,50551.717240548736,50561.187249624294,48154.75038739791,49620.24743529338,1420
2023-04-29 08:00:00,49620.24743529338,49875.296470153735,49193.751699195374,49687.77504332599,6932
2023-04-29 09:00:00,49687.77504332599,50631.65463591809,48739.86668432259,49871.67697407047,5064
2023-04-29 10:00:00,49871.67697407047,50286.264967802446,47917.54779866994,49090.2800343645,5989
2023-04-29 11:00:00,49090.2800343645,50630.269409255714,48889.373144500554,49579.83114312588,8473
2023-04-29 12:00:00,49579.83114312588,50010.101615261694,48461.2017774756,49733.398532524785,3711
2023-04-29 13:00:00,49733.398532524785,49497.38750264974,48140.49170890232,48934.50843107725,7812
2023-04-29 14:00:00,48934.50843107725,49486.31258134058,47800.39395543547,49274.65745597963,6863
2023-04-29 15:00:00,49274.65745597963,50975.79473289042,48527.614469711516,50052.10878393375,6132
2023-04-29 16:00:00,50052.10878393375,49425.23086714177,47974.11914170686,49407.345443344515,9466
2023-04-29 17:00:00,49407.345443344515,50824.2757355387,49002.69332210071,50076.440853943466,3922
2023-04-29 18:00:00,50076.440853943466,51234.76017203107,49621.62529812951,49651.68310744889,5013
2023-04-29 19:00:00,49651.68310744889,50369.53718714627,48019.31322976628,49448.6563130613,7290
2023-04-29 20:00:00,49448.6563130613,49055.44118238271,48620.645095570064,48697.63459955178,1133
2023-04-29 21:00:00,48697.63459955178,52119.9433487815,49808.30749052122,49881.216001694345,2060
2023-04-29 22:00:00,49881.216001694345,51436.781518271535,49754.63790195824,50670.74900144767,3186
2023-04-29 23:00:00,50670.74900144767,49678.15963297342,48154.911309465795,49193.76085133219,3646
2023-04-30 00:00:00,49193.76085133219,50668.691396955786,48850.475016846874,49902.10481163493,8372
2023-04-30 01:00:00,49902.10481163493,50965.73603787889,46372.51134921721,49481.016989107826,4808
2023-04-30 02:00:00,49481.016989107826,50262.482931474304,48006.823732857374,49553.914787584734,7953
2023-04-30 03:00:00,49553.914787584734,49481.6464743148,47485.79893904407,48723.35638527701,6810
2023-04-30 04:00:00,48723.35638527701,51192.027110818,49498.767016744285,50526.9820705746,5937
2023-04-30 05:00:00,50526.9820705746,49682.44633219068,49324.50876279698,49353.760082049244,1737
2023-04-30 06:00:00,49353.760082049244,50282.993636236,48755.67852405345,49038.402917637824,1529
2023-04-30 07:00:00,49038.402917637824,50402.93708141062,48635.06801875517,49518.91310373345,6798
2023-04-30 08:00:00,49518.91310373345,51597.960174788,48262.58859259145,49598.73304753626,8058
2023-04-30 09:00:00,49598.73304753626,50408.60035978349,48742.163122420345,49637.04031490227,2370
2023-04-30 10:00:00,49637.04031490227,50456.33588409166,47644.35066186898,49512.03549313925,5002
2023-04-30 11:00:00,49512.03549313925,50004.792814602886,48735.428224282354,49456.8752435655,7822
2023-04-30 12:00:00,49456.8752435655,50399.41922812054,49371.901907256055,50294.82279649529,1362
2023-04-30 13:00:00,50294.82279649529,50204.60390003365,48656.26076606717,49628.47959421477,9505
2023-04-30 14:00:00,49628.47959421477,49419.5712206168,48548.13739246539,49073.933921598786,3393
2023-04-30 15:00:00,49073.933921598786,48988.62449351871,48163.02763292174,48828.31957269113,1989
2023-04-30 16:00:00,48828.31957269113,49934.42647984583,49338.093968433226,49733.716015323655,7410
2023-04-30 17:00:00,49733.716015323655,50703.95482142135,47806.26929918809,49642.09760630963,1910
2023-04-30 18:00:00,49642.09760630963,50039.74495443619,47000.896311485536,49043.78195474262,3123
2023-04-30 19:00:00,49043.78195474262,49166.95121969877,48552.12021363487,48906.47344525267,2615
2023-04-30 20:00:00,48906.47344525267,49706.44550495566,48733.13447119555,48837.56306336599,7869
2023-04-30 21:00:00,48837.56306336599,49784.860776219495,48153.487656153186,48985.39650154561,4216
2023-04-30 22:00:00,48985.39650154561,50701.68297133049,47591.94021217855,49332.61443752059,8498
2023-04-30 23:00:00,49332.61443752059,51934.27203339615,49372.28322715902,49915.68807401281,2961
2023-05-01 00:00:00,49915.68807401281,50532.064312945135,48055.179650179416,49738.76411112677,7047
2023-05-01 01:00:00,49738.76411112677,49009.112951241186,47004.781923332994,48768.427424850546,4626
2023-05-01 02:00:00,48768.427424850546,50784.797344110666,49105.60183898425,49302.94630259231,7268
2023-05-01 03:00:00,49302.94630259231,49465.41960625574,48975.28285387496,49414.519962570776,6479
2023-05-01 04:00:00,49414.519962570776,49133.735315663944,48098.159553770936,48634.51902365271,7263
2023-05-01 05:00:00,48634.51902365271,49640.37981426287,48666.24562815266,49357.56235481158,5953
2023-05-01 06:00:00,49357.56235481158,51492.125191911655,48196.23080463734,49013.974159866186,1260
2023-05-01 07:00:00,49013.974159866186,49237.36599797521,48121.88966437576,48772.59995879431,4006
2023-05-01 08:00:00,48772.59995879431,49366.60898632725,49154.64285897347,49238.23780744038,3820
2023-05-01 09:00:00,49238.23780744038,51975.28359619299,49638.77093674341,49757.048426949535,8758
2023-05-01 10:00:00,49757.048426949535,49388.65293266908,48866.447287879,49056.448127779026,8889
2023-05-01 11:00:00,49056.448127779026,52125.60167473791,49712.029490566034,50440.18573939801,5287
2023-05-01 12:00:00,50440.18573939801,51903.4113203014,48144.084981308944,49678.488034380825,3995
2023-05-01 13:00:00,49678.488034380825,50346.92571637023,49907.15607278221,50345.97902951455,1153
2023-05-01 14:00:00,50345.97902951455,49413.65978718438,48493.9163463808,49412.52372922059,3019
2023-05-01 15:00:00,49412.52372922059,48170.98133583516,47380.97365808381,48102.467831803304,9340
2023-05-01 16:00:00,48102.467831803304,49473.20035339204,48587.034203578616,49418.02847261874,6507
2023-05-01 17:00:00,49418.02847261874,50250.461729271505,47452.33456851883,49287.18950635248,6967
2023-05-01 18:00:00,49287.18950635248,49634.13787578674,49077.12614418472,49206.653184712886,3492
2023-05-01 19:00:00,49206.653184712886,49590.61138990085,47448.47279377859,49003.98922476551,9774
2023-05-01 20:00:00,49003.98922476551,49763.68366320322,48184.24970907669,49202.33639758072,9511
2023-05-01 21:00:00,49202.33639758072,50896.124490541864,49306.95260136567,50223.0447135224,1714
2023-05-01 22:00:00,50223.0447135224,49632.24016562141,47900.96257485508,49375.76579443759,8346
2023-05-01 23:00:00,49375.76579443759,49731.51820953928,48949.294670051306,49117.27133109442,2127
2023-05-02 00:00:00,49117.27133109442,50179.621948039865,48101.46296986646,49177.90439767557,1782
2023-05-02 01:00:00,49177.90439767557,51234.89535790817,49822.29936995544,50008.13521141362,3406
2023-05-02 02:00:00,50008.13521141362,49018.06218526799,48235.96756445256,48859.3677388863,3724
2023-05-02 03:00:00,48859.3677388863,51709.059655060526,48400.40495685589,49612.89115629367,7300
2023-05-02 04:00:00,49612.89115629367,50247.18632714524,49333.91951424865,49351.10776382741,3889
2023-05-02 05:00:00,49351.10776382741,49929.89158941209,47489.51843292286,49122.27381782266,5222
2023-05-02 06:00:00,49122.27381782266,51112.184743188925,47075.7484790727,49382.405785772404,9688
2023-05-02 07:00:00,49382.405785772404,50883.0276408122,49474.72316804193,49838.70583493047,8925
2023-05-02 08:00:00,49838.70583493047,49133.01308178441,48343.42604141507,48395.749096750274,3248
2023-05-02 09:00:00,48395.749096750274,50841.26123756696,47831.29929183819,49243.46765996526,6644
2023-05-02 10:00:00,49243.46765996526,50330.543640851305,49474.41162372994,49900.987498780414,9310
2023-05-02 11:00:00,49900.987498780414,50520.76711996685,49005.03228913883,49153.43189005135,3914
2023-05-02 12:00:00,49153.43189005135,49937.796395849466,48677.58208146109,49616.048919824214,8026
2023-05-02 13:00:00,49616.048919824214,49302.70978281429,48485.196279199234,48989.65369734382,3471
2023-05-02 14:00:00,48989.65369734382,50671.93328198963,49863.57440133596,49913.758129278736,4374
2023-05-02 15:00:00,49913.758129278736,50590.19158712916,48425.06081965924,48888.553175543115,6985
2023-05-02 16:00:00,48888.553175543115,49084.9249347731,47545.41813365218,48580.21868507146,1900
2023-05-02 17:00:00,48580.21868507146,50804.52162667226,47377.111133341015,48109.05737437399,4606
2023-05-02 18:00:00,48109.05737437399,49687.92594775162,46822.948137177984,48893.26656521127,2221
2023-05-02 19:00:00,48893.26656521127,49221.57992164161,47719.87390299051,48665.79803776569,3425
2023-05-02 20:00:00,48665.79803776569,50246.030131649495,47549.402604564435,48873.62791648013,6402
2023-05-02 21:00:00,48873.62791648013,50041.64070186334,48683.6269619379,48915.81839106835,6099
2023-05-02 22:00:00,48915.81839106835,49709.55351388433,47756.365189538104,48656.6735287245,7844
2023-05-02 23:00:00,48656.6735287245,48382.35264017876,46332.930938801845,48239.997456662684,8649
2023-05-03 00:00:00,48239.997456662684,49457.88098775224,48433.02530062345,48872.449348277674,5112
2023-05-03 01:00:00,48872.449348277674,48828.83251243281,48124.91451322833,48810.15142096109,6423
2023-05-03 02:00:00,48810.15142096109,49934.98835369412,49366.2025610698,49735.900484777645,3678
2023-05-03 03:00:00,49735.900484777645,48559.97405219054,47592.5689995481,48219.44756512939,1841
2023-05-03 04:00:00,48219.44756512939,49102.050900325376,47994.38497330994,48810.874283904785,5349
2023-05-03 05:00:00,48810.874283904785,49514.31892552003,47686.59924663537,48756.29848334406,8118
2023-05-03 06:00:00,48756.29848334406,49221.14646987987,48142.08370510679,48906.35077597376,1256
2023-05-03 07:00:00,48906.35077597376,49717.06021455679,48102.98965245008,49198.35191907965,7867
2023-05-03 08:00:00,49198.35191907965,50340.148673964024,48375.154998753256,48634.52110178617,9513
2023-05-03 09:00:00,48634.52110178617,49576.471256911536,47904.545323178194,48596.4646323643,7277
2023-05-03 10:00:00,48596.4646323643,49588.959178119745,49202.20355006905,49270.73701350993,5324
2023-05-03 11:00:00,49270.73701350993,50864.094603813246,48709.158690455224,49235.735675800424,9310
2023-05-03 12:00:00,49235.735675800424,50495.24172350554,49563.139294646295,49764.56343292226,6016
2023-05-03 13:00:00,49764.56343292226,48963.38302875154,46535.090674644896,48314.508926076065,7452
2023-05-03 14:00:00,48314.508926076065,50330.06828019537,49440.69487547218,49895.2315014119,3441
2023-05-03 15:00:00,49895.2315014119,49132.652252864245,48447.72476241352,48637.189968667335,6794
2023-05-03 16:00:00,48637.189968667335,50277.506774668684,47081.632192478326,48872.639967331546,9385
2023-05-03 17:00:00,48872.639967331546,49689.189236251004,49177.08360414129,49401.65253243764,8123
2023-05-03 18:00:00,49401.65253243764,48999.5417985121,47929.2520823418,48278.5604369158,8864
2023-05-03 19:00:00,48278.5604369158,50492.53779905955,49188.25545277515,49538.80943287588,9921
2023-05-03 20:00:00,49538.80943287588,50212.12043041556,48457.18031255896,49571.01293486938,5945
2023-05-03 21:00:00,49571.01293486938,50375.11946189643,48761.647164591275,49572.67215685573,3758
2023-05-03 22:00:00,49572.67215685573,47975.78854087873,45983.264617081346,47762.13012131114,2660
2023-05-03 23:00:00,47762.13012131114,49845.85176807037,49371.64439295757,49549.8529374633,6586
2023-05-04 00:00:00,49549.8529374633,48913.56056937193,48348.66825171604,48821.66314907203,7125
2023-05-04 01:00:00,48821.66314907203,48282.19958068078,47017.63091858115,47562.56567162963,3923
2023-05-04 02:00:00,47562.56567162963,49479.76170399987,46296.595925070935,48560.25430554307,5171
2023-05-04 03:00:00,48560.25430554307,50512.08561721433,48393.469028471955,48965.14087919191,8476
2023-05-04 04:00:00,48965.14087919191,50150.93697271871,48205.16630594544,49209.91636950872,8510
2023-05-04 05:00:00,49209.91636950872,49327.209853168584,48004.52220529622,48557.13104143966,7405
2023-05-04 06:00:00,48557.13104143966,48363.15013788295,47130.02783670333,48065.29722828067,8857
2023-05-04 07:00:00,48065.29722828067,48598.51132030783,47759.005937244365,48450.5693417929,4960
2023-05-04 08:00:00,48450.5693417929,49442.6865150037,48290.3070658413,49079.518481693645,1201
2023-05-04 09:00:00,49079.518481693645,49522.57828953634,48296.31765819929,49038.12895993746,2364
2023-05-04 10:00:00,49038.12895993746,49343.56551271937,47787.81920041449,48562.73656071831,2330
2023-05-04 11:00:00,48562.73656071831,50280.807618548104,47258.8920870551,49074.917882612084,5683
2023-05-04 12:00:00,49074.917882612084,50895.45735367234,49076.33271689607,49192.32238158111,2263
2023-05-04 13:00:00,49192.32238158111,48917.11555322689,47812.25917328398,48589.698368167694,2665
2023-05-04 14:00:00,48589.698368167694,47961.8918773276,46220.12917576303,47828.921461700265,1136
2023-05-04 15:00:00,47828.921461700265,51274.601502319885,48040.96641561338,49206.69873546648,9760
2023-05-04 16:00:00,49206.69873546648,49514.83270958311,47901.6449165105,48195.05733172736,9325
2023-05-04 17:00:00,48195.05733172736,50702.415834584164,49727.240445635245,50100.758861937364,9318
2023-05-04 18:00:00,50100.758861937364,49920.171876876964,48086.67296969673,49367.89376296992,9187
2023-05-04 19:00:00,49367.89376296992,48648.04076448033,48047.09604126583,48208.5803366723,4726
2023-05-04 20:00:00,48208.5803366723,50121.40763832174,48517.56817645811,49396.79412007468,3280
2023-05-04 21:00:00,49396.79412007468,50623.97804334401,48273.37569110096,49561.15124143438,9572
2023-05-04 22:00:00,49561.15124143438,48851.30120094257,47321.56593900026,48228.04907203426,3648
2023-05-04 23:00:00,48228.04907203426,49166.20833094965,47745.23082996531,48987.25675606192,6086
2023-05-05 00:00:00,48987.25675606192,50058.54778693777,49220.36934267068,49377.744683018165,9119
2023-05-05 01:00:00,49377.744683018165,50136.21311628535,48990.15219929229,49401.74745328916,1018
2023-05-05 02:00:00,49401.74745328916,49998.31059795113,49019.99333224302,49273.144190926,1414
2023-05-05 03:00:00,49273.144190926,50105.16977971813,49016.525102461615,49997.71681437334,6309
2023-05-05 04:00:00,49997.71681437334,52845.39252359558,48943.0129202104,50022.14254822474,5745
2023-05-05 05:00:00,50022.14254822474,48877.60107593975,48101.09140602421,48281.37208394198,9172
2023-05-05 06:00:00,48281.37208394198,49337.19175794719,48230.84486972579,49033.145047024926,1645
2023-05-05 07:00:00,49033.145047024926,50981.31602365929,49053.67901065139,49582.772148539974,1006
2023-05-05 08:00:00,49582.772148539974,49008.15712789038,47799.32586073538,48674.960422480086,6630
2023-05-05 09:00:00,48674.960422480086,50174.08930302025,47930.30213640098,48972.433009905864,8387
2023-05-05 10:00:00,48972.433009905864,48031.17558588177,47403.47678899058,47895.97452299678,5661
2023-05-05 11:00:00,47895.97452299678,49263.01454407114,48441.85985444177,48654.192563043776,2163
2023-05-05 12:00:00,48654.192563043776,51014.30247901884,49186.867096480935,49286.98111144798,9187
2023-05-05 13:00:00,49286.98111144798,50130.578730689675,49138.5976786438,49219.23088255257,9947
2023-05-05 14:00:00,49219.23088255257,50222.92814225007,49536.17964161543,49787.204279436286,8575
2023-05-05 15:00:00,49787.204279436286,49573.55247056758,47383.66320311267,49174.62239768345,7090
2023-05-05 16:00:00,49174.62239768345,50256.251175073565,48448.32134213056,48695.880073298016,3012
2023-05-05 17:00:00,48695.880073298016,49020.259708812264,48693.220042216264,49000.91727911451,6104
2023-05-05 18:00:00,49000.91727911451,49065.508578780114,48410.36778775209,48784.79399009058,5502
2023-05-05 19:00:00,48784.79399009058,50496.91146863011,48069.86775635217,49136.516874356894,8623
2023-05-05 20:00:00,49136.516874356894,51322.452477642786,48727.9666808062,49242.81681947981,1996
2023-05-05 21:00:00,49242.81681947981,49709.6053029135,47844.6095437874,49071.21432214458,4700
2023-05-05 22:00:00,49071.21432214458,50018.73057638563,48278.63502601423,48379.2254596195,6427
2023-05-05 23:00:00,48379.2254596195,48567.53292336475,48112.06913353593,48404.649089566046,9715
2023-05-06 00:00:00,48404.649089566046,48810.69755282808,48273.6212144523,48674.70303215821,1715
2023-05-06 01:00:00,48674.70303215821,48764.25485094561,48265.25407152602,48716.82036943291,4611
2023-05-06 02:00:00,48716.82036943291,49748.82183158731,48312.155129778555,49410.87190476981,1753
2023-05-06 03:00:00,49410.87190476981,48832.36714361435,46785.748904656866,48200.94965639142,1435
2023-05-06 04:00:00,48200.94965639142,49589.39323019559,48526.089593150566,48578.24481322627,5929
2023-05-06 05:00:00,48578.24481322627,50634.79911375071,48844.41235912684,49221.9848219597,6813
2023-05-06 06:00:00,49221.9848219597,50971.55408234035,48955.02706885878,49548.089269483484,2979
2023-05-06 07:00:00,49548.089269483484,50098.484153213016,46183.536246280804,48573.004725434985,8160
2023-05-06 08:00:00,48573.004725434985,49882.27978985741,48656.6861381394,49105.28330704662,6083
2023-05-06 09:00:00,49105.28330704662,50169.03362497331,49466.566493641265,49492.30769825334,7579
2023-05-06 10:00:00,49492.30769825334,49590.83052681567,49029.75287198548,49212.68130179732,2921
2023-05-06 11:00:00,49212.68130179732,49678.15587466404,48633.303702499215,48880.56821166171,3503
2023-05-06 12:00:00,48880.56821166171,50349.54658077046,48487.36638132517,49078.76646921973,2521
2023-05-06 13:00:00,49078.76646921973,49570.3089770753,47811.5494513354,48271.04400762484,6310
2023-05-06 14:00:00,48271.04400762484,49827.029495398594,47603.02542319682,48731.64609411507,3822
2023-05-06 15:00:00,48731.64609411507,50506.81436563731,48297.30517809713,48814.10807850162,1859
2023-05-06 16:00:00,48814.10807850162,50063.07734110847,46871.211982105626,48584.70115379242,1436
2023-05-06 17:00:00,48584.70115379242,50095.252867690564,48718.04309647369,49066.46175633624,5094
2023-05-06 18:00:00,49066.46175633624,50685.51635064405,46220.39522821756,48188.40818463147,8241
2023-05-06 19:00:00,48188.40818463147,50142.035498280675,48967.184303609036,49448.70186760783,1673
2023-05-06 20:00:00,49448.70186760783,50176.33242222399,48266.134377632305,49653.67069889108,1895
2023-05-06 21:00:00,49653.67069889108,49043.774021233825,47344.328248163954,48872.1080900774,8273
2023-05-06 22:00:00,48872.1080900774,49560.40158005651,48656.21448765521,48845.65939459469,4273
2023-05-06 23:00:00,48845.65939459469,50280.4041562116,49688.264348999066,49824.02524588845,2522
2023-05-07 00:00:00,49824.02524588845,49616.55052677404,47710.00532860684,48629.519381470636,3456
2023-05-07 01:00:00,48629.519381470636,49806.6388088406,49415.57364487202,49575.332619805056,9237
2023-05-07 02:00:00,49575.332619805056,50346.00964267542,49066.85448320115,49496.13711773509,8591
2023-05-07 03:00:00,49496.13711773509,50441.33647095511,49431.29058700348,49823.491036103784,4597
2023-05-07 04:00:00,49823.491036103784,49922.707047569245,49090.73619304382,49590.41180520154,1565
2023-05-07 05:00:00,49590.41180520154,51192.61417370587,48493.55203238479,49383.54553650247,1113
2023-05-07 06:00:00,49383.54553650247,49952.47557366462,48951.196300017305,49450.1172444765,6839
2023-05-07 07:00:00,49450.1172444765,50396.557295570456,49579.86057546355,50286.95061956733,6070
2023-05-07 08:00:00,50286.95061956733,50715.74581712266,48429.33431450348,48961.207860776834,3065
2023-05-07 09:00:00,48961.207860776834,49656.313305952615,48292.62751176061,49650.065545219964,7030
2023-05-07 10:00:00,49650.065545219964,49059.549919673846,47830.13494727881,48858.35054148205,1792
2023-05-07 11:00:00,48858.35054148205,48949.55948702809,47285.538987596665,48358.11928710953,2060
2023-05-07 12:00:00,48358.11928710953,49412.52970667223,49145.26861656826,49343.84103352807,2149
2023-05-07 13:00:00,49343.84103352807,49205.243191677044,47461.17457229929,48738.72843659308,6049
2023-05-07 14:00:00,48738.72843659308,49456.66740555053,48210.33152918315,48680.199693722774,7797
2023-05-07 15:00:00,48680.199693722774,50904.79236293629,49753.173013607964,49800.04600620499,5905
2023-05-07 16:00:00,49800.04600620499,49857.547343840415,48570.107187779686,49298.59999600142,8074
2023-05-07 17:00:00,49298.59999600142,49731.247167873975,47467.36540756987,49212.00292886558,1459
2023-05-07 18:00:00,49212.00292886558,50015.47225349509,48838.61411276019,48983.80501913069,4763
2023-05-07 19:00:00,48983.80501913069,49192.86699882388,48175.115066430466,48381.59178685287,1997
2023-05-07 20:00:00,48381.59178685287,49500.52306060651,48850.48462894972,49141.15236970836,2678
2023-05-07 21:00:00,49141.15236970836,49765.96667159015,47734.16270979214,49214.47176026049,3926
2023-05-07 22:00:00,49214.47176026049,48908.78880519838,47884.27670603587,48737.67837676691,8025
2023-05-07 23:00:00,48737.67837676691,51295.66705377453,48613.70553865387,49548.27492802256,7504
2023-05-08 00:00:00,49548.27492802256,50270.61889323871,48993.910214404685,49227.64022132459,4998
2023-05-08 01:00:00,49227.64022132459,50626.024734008475,48394.00084944165,48831.07488070917,1051
2023-05-08 02:00:00,48831.07488070917,50246.583123932614,48158.46415439786,49310.875642817235,4330
2023-05-08 03:00:00,49310.875642817235,49593.67183919399,47971.25750403719,49375.52876932428,2361
2023-05-08 04:00:00,49375.52876932428,51897.88908786803,49385.46049016432,49737.30721718297,3112
2023-05-08 05:00:00,49737.30721718297,50587.78824937581,48623.487113998424,48784.12668908181,3712
2023-05-08 06:00:00,48784.12668908181,49185.10175445435,47233.56667525024,48858.03268637166,7469
2023-05-08 07:00:00,48858.03268637166,49672.662886398015,47327.26680899338,48596.25654252925,5705
2023-05-08 08:00:00,48596.25654252925,51756.94266448112,48110.45692622728,48799.38917342878,1105
2023-05-08 09:00:00,48799.38917342878,49470.246321841136,48346.20396336211,48726.756874984785,1698
2023-05-08 10:00:00,48726.756874984785,49993.13638567757,47411.0607332818,48831.269384035986,6739
2023-05-08 11:00:00,48831.269384035986,50400.86393250396,48838.862086719215,49085.00440079849,3977
2023-05-08 12:00:00,49085.00440079849,49409.469665901706,47649.48744488144,49337.63230267725,2891
2023-05-08 13:00:00,49337.63230267725,49614.669230992666,47989.29627754076,49375.06432296512,3039
2023-05-08 14:00:00,49375.06432296512,49061.880571775626,47610.65051139202,48889.32409638319,2617
2023-05-08 15:00:00,48889.32409638319,50140.85886148671,49402.52495524435,50035.623955345545,2646
2023-05-08 16:00:00,50035.623955345545,49436.07275258579,47845.801937371936,48565.33426766644,8190
2023-05-08 17:00:00,48565.33426766644,49452.999694741404,47778.910264957594,49026.632393515065,5860
2023-05-08 18:00:00,49026.632393515065,49790.91578005516,49279.16884971412,49326.85047208531,8713
2023-05-08 19:00:00,49326.85047208531,48945.253020015334,48634.54892378775,48742.37528638201,2637
2023-05-08 20:00:00,48742.37528638201,51151.55328336069,48873.26073614508,49038.831363960286,9142
2023-05-08 21:00:00,49038.831363960286,50095.58677693566,48489.59140970942,49809.81408337418,6156
2023-05-08 22:00:00,49809.81408337418,49573.29908918426,49255.71416117365,49315.975951425775,3944
2023-05-08 23:00:00,49315.975951425775,49733.881601990826,48642.07999122271,49688.16359760262,5072
2023-05-09 00:00:00,49688.16359760262,49300.82556640098,48992.37691663816,49244.677638391775,6209
2023-05-09 01:00:00,49244.677638391775,49967.97393969681,48877.88531280316,49176.61517430318,6728
2023-05-09 02:00:00,49176.61517430318,50091.44520256267,49390.41356309001,49497.59736184018,6627
2023-05-09 03:00:00,49497.59736184018,49820.66297921768,48019.5945843717,48936.66198155832,8241
2023-05-09 04:00:00,48936.66198155832,49547.170234151374,47828.70188080445,48950.2788416569,1387
2023-05-09 05:00:00,48950.2788416569,51137.02326679633,47896.49269333347,49618.5652405089,5061
2023-05-09 06:00:00,49618.5652405089,48984.38064625418,47753.89119934505,48943.16983240785,5108
2023-05-09 07:00:00,48943.16983240785,48698.25388007617,47332.18578443611,48628.03545568395,6251
2023-05-09 08:00:00,48628.03545568395,50943.72916654455,49256.69023338464,49854.385502648176,6994
2023-05-09 09:00:00,49854.385502648176,50644.61217335377,48116.834953285506,48659.30410676126,5983
2023-05-09 10:00:00,48659.30410676126,49279.188809373925,48312.19837472217,49129.51094994038,4618
2023-05-09 11:00:00,49129.51094994038,50598.7694514561,48380.272826354834,49367.83209867916,6178
2023-05-09 12:00:00,49367.83209867916,50392.158589103994,49530.344469984506,49672.234836649055,7458
2023-05-09 13:00:00,49672.234836649055,50861.41019660184,49367.46071295372,49526.807030987446,5994
2023-05-09 14:00:00,49526.807030987446,49272.49271377438,48210.035070989594,48808.39783868387,9921
2023-05-09 15:00:00,48808.39783868387,49481.343386953886,49168.10218857498,49345.848502197696,6799
2023-05-09 16:00:00,49345.848502197696,49107.90830115727,47871.47891176862,48880.83719286139,1715
2023-05-09 17:00:00,48880.83719286139,51156.717583708276,49561.82281684819,49934.48950525304,8223
2023-05-09 18:00:00,49934.48950525304,49537.72838695131,48821.66403506828,49353.04776488304,6192
2023-05-09 19:00:00,49353.04776488304,52095.03415099679,49024.31865718308,50489.222506307226,3598
2023-05-09 20:00:00,50489.222506307226,49761.01992262563,46551.09545189676,49147.0741628,2944
2023-05-09 21:00:00,49147.0741628,50913.74572211,49852.99017872165,50114.27018392218,4540
2023-05-09 22:00:00,50114.27018392218,51078.515882062406,48978.300179773476,50178.83995326518,5669
2023-05-09 23:00:00,50178.83995326518,49258.65511988094,48167.38789860706,49011.356221303475,4261
2023-05-10 00:00:00,49011.356221303475,50656.6752712194,49283.611023338424,50036.59797701151,4351
2023-05-10 01:00:00,50036.59797701151,50073.6589730376,48911.903811594515,49489.389335770815,7447
2023-05-10 02:00:00,49489.389335770815,51280.7898554332,48974.41382445248,49333.45297902065,8668
2023-05-10 03:00:00,49333.45297902065,49721.11162815827,48905.50896771401,49401.39462397529,2530
2023-05-10 04:00:00,49401.39462397529,50905.59757236496,46837.22407661149,49040.51979627035,2363
2023-05-10 05:00:00,49040.51979627035,52844.71193968981,50084.50803810167,50534.282007267924,1577
2023-05-10 06:00:00,50534.282007267924,50920.51498262731,50164.65486655775,50399.65427454263,2931
2023-05-10 07:00:00,50399.65427454263,50778.56300431895,49579.15273373504,49682.03569558999,9427
2023-05-10 08:00:00,49682.03569558999,49837.95828081244,49017.65961910479,49296.787531316084,5432
2023-05-10 09:00:00,49296.787531316084,50965.806014191236,49006.86531043164,49699.90884969994,1579
2023-05-10 10:00:00,49699.90884969994,49193.4621746463,48307.394810646445,48993.54997237895,4941
2023-05-10 11:00:00,48993.54997237895,49113.25176820003,47071.29490166632,48833.65154836273,2252
2023-05-10 12:00:00,48833.65154836273,50532.526327236665,48945.42118534031,49065.44544703297,3422
2023-05-10 13:00:00,49065.44544703297,52581.73850284891,49724.296549602666,50358.020987061966,1085
2023-05-10 14:00:00,50358.020987061966,51665.63603393977,48744.509480396395,49667.52030877383,6066
2023-05-10 15:00:00,49667.52030877383,51236.09269622148,50374.960703696604,50633.0294112745,6700
2023-05-10 16:00:00,50633.0294112745,51193.88898942433,48565.12025505791,49539.26024564211,9674
2023-05-10 17:00:00,49539.26024564211,50869.65668576138,47999.81019542826,49908.25381182227,1350
2023-05-10 18:00:00,49908.25381182227,51892.67392062144,48729.76117015593,49405.92871394643,8413
2023-05-10 19:00:00,49405.92871394643,50671.00919034905,48169.91721664994,49549.89422481879,2585
2023-05-10 20:00:00,49549.89422481879,49245.39117701228,47758.17131990452,48497.24728452969,9302
2023-05-10 21:00:00,48497.24728452969,51666.48439455373,50029.468638917235,50235.30797052147,7577
2023-05-10 22:00:00,50235.30797052147,50165.60329112283,48971.29305190033,49785.966233585714,9072
2023-05-10 23:00:00,49785.966233585714,50084.69715196474,49426.27946693874,49948.90244383464,8362
2023-05-11 00:00:00,49948.90244383464,49765.637652642945,49236.916904910766,49308.60121982472,5963
2023-05-11 01:00:00,49308.60121982472,50935.88299543381,50096.76288797581,50253.79888114999,5991
2023-05-11 02:00:00,50253.79888114999,51212.01045303057,49371.64905707713,50047.4209023297,2561
2023-05-11 03:00:00,50047.4209023297,51707.132428327735,50066.791305463055,50130.0330245106,6560
2023-05-11 04:00:00,50130.0330245106,50962.30160805558,49986.7813683683,50320.328154570685,8715
2023-05-11 05:00:00,50320.328154570685,49975.24557865092,48612.73678693463,49647.39545321503,7826
2023-05-11 06:00:00,49647.39545321503,51274.97829021152,48785.18727508094,49989.75474337626,9129
2023-05-11 07:00:00,49989.75474337626,49605.75723531724,47063.67114386075,48745.67082490686,3876
2023-05-11 08:00:00,48745.67082490686,49321.66510133737,48913.32406255921,49187.00376155583,5107
2023-05-11 09:00:00,49187.00376155583,50408.753013440364,49627.24815030471,49702.84338077703,6669
2023-05-11 10:00:00,49702.84338077703,50871.69026764218,49921.25429246744,50266.482867003855,4008
2023-05-11 11:00:00,50266.482867003855,50964.75174516182,50002.656221533296,50043.78956614795,6420
2023-05-11 12:00:00,50043.78956614795,50355.56183298519,48400.55649123438,49968.81906435334,3911
2023-05-11 13:00:00,49968.81906435334,50843.59018958514,48787.19671598604,50393.409152959866,1773
2023-05-11 14:00:00,50393.409152959866,50566.45559068833,48095.79257224439,50166.94730516039,7397
2023-05-11 15:00:00,50166.94730516039,51359.973492834644,49476.91146323549,50300.48222980843,4237
2023-05-11 16:00:00,50300.48222980843,51199.53910183543,48993.62386862799,49398.50333372806,2897
2023-05-11 17:00:00,49398.50333372806,50552.01828691385,47915.8838169895,49991.30771581438,3567
2023-05-11 18:00:00,49991.30771581438,50140.82843835855,48321.347077455015,49868.1819382578,5637
2023-05-11 19:00:00,49868.1819382578,51104.527873078645,49099.72473822069,49997.10284375489,5024
2023-05-11 20:00:00,49997.10284375489,50418.16322020487,50022.14491315767,50071.762041420814,4282
2023-05-11 21:00:00,50071.762041420814,50530.977008098685,50416.42288806945,50499.224079926214,4069
2023-05-11 22:00:00,50499.224079926214,50534.17273012385,49614.28447385843,49691.09647402547,5452
2023-05-11 23:00:00,49691.09647402547,50733.58555403039,50098.57215345199,50357.535386178395,4686
2023-05-12 00:00:00,50357.535386178395,50397.916203500674,49191.16931593959,49862.03354660298,8661
2023-05-12 01:00:00,49862.03354660298,50972.81953676553,50165.34709396185,50762.720090759314,4034
2023-05-12 02:00:00,50762.720090759314,52480.75881430529,49015.34225174983,50257.94454822194,6348
2023-05-12 03:00:00,50257.94454822194,50959.16467256,50276.00017596971,50387.987733730544,5223
2023-05-12 04:00:00,50387.987733730544,51676.51955563376,47599.167410134294,49490.666984891606,6023
2023-05-12 05:00:00,49490.666984891606,50126.280215395396,49418.00889917382,49774.410056756926,6160
2023-05-12 06:00:00,49774.410056756926,49711.097011213504,49051.472008767494,49356.56271321064,3612
2023-05-12 07:00:00,49356.56271321064,50697.08475584612,50258.00270812017,50651.815808348394,6919
2023-05-12 08:00:00,50651.815808348394,50919.62529886847,49686.01362425823,50585.205142361214,8352
2023-05-12 09:00:00,50585.205142361214,50607.474162308936,49487.168712389175,50533.59401181889,2153
2023-05-12 10:00:00,50533.59401181889,52452.703707748726,49040.43517397366,50129.35472877722,8536
2023-05-12 11:00:00,50129.35472877722,51244.449370501,50099.06138963985,50730.763225671755,3384
2023-05-12 12:00:00,50730.763225671755,51155.316476643486,50127.05050309628,50437.28261227432,2366
2023-05-12 13:00:00,50437.28261227432,50582.63145627743,50188.05963012569,50502.52286327037,3316
2023-05-12 14:00:00,50502.52286327037,50724.06926807676,49731.34262540697,49892.077844148,8909
2023-05-12 15:00:00,49892.077844148,51630.013084748134,50077.294933336685,50114.320582563334,2166
2023-05-12 16:00:00,50114.320582563334,50181.18733415567,49862.663912868346,50174.594858927296,6029
2023-05-12 17:00:00,50174.594858927296,51690.300305566714,49491.08305576402,50840.90932999915,5739
2023-05-12 18:00:00,50840.90932999915,51152.92899661016,48525.64418161846,49490.82124814436,4122
2023-05-12 19:00:00,49490.82124814436,51215.392302671775,50476.64133709076,50515.96594965119,2230
2023-05-12 20:00:00,50515.96594965119,52410.25959038904,50245.34611944108,50273.16715436595,3023
2023-05-12 21:00:00,50273.16715436595,51071.874218732955,49504.201258578774,49549.571934531996,1533
2023-05-12 22:00:00,49549.571934531996,52942.41937173501,49538.26259433073,50093.64411072645,2752
2023-05-12 23:00:00,50093.64411072645,50723.152214467875,49507.503031481494,50289.55567596467,4653
2023-05-13 00:00:00,50289.55567596467,50476.37592246192,49291.871304278946,50035.46221101213,8652
2023-05-13 01:00:00,50035.46221101213,50536.54672508041,48775.88414259104,50245.08334964394,2540
2023-05-13 02:00:00,50245.08334964394,53170.58526342741,49549.95291322642,50219.49863109863,6467
2023-05-13 03:00:00,50219.49863109863,50226.55540740902,50043.04101409762,50203.23307776177,2738
2023-05-13 04:00:00,50203.23307776177,50932.33312997296,50039.84966771256,50333.19794910058,6269
2023-05-13 05:00:00,50333.19794910058,51318.628973146624,50221.35270332835,50940.81236899662,6076
2023-05-13 06:00:00,50940.81236899662,50280.568972462155,49216.87568401027,49952.29569226136,1627
2023-05-13 07:00:00,49952.29569226136,49984.68502318459,48830.38049805448,49806.02841494413,6166
2023-05-13 08:00:00,49806.02841494413,51600.53422711278,50491.200292849724,50700.33930345623,5540
2023-05-13 09:00:00,50700.33930345623,50361.66980321959,49856.621341585436,50222.78371712912,2914
2023-05-13 10:00:00,50222.78371712912,50528.77614304429,48508.746513002065,49579.46072512083,9549
2023-05-13 11:00:00,49579.46072512083,49908.55042502643,49273.40085682035,49609.682701822574,2028
2023-05-13 12:00:00,49609.682701822574,51500.26491696445,50893.82967462948,50931.85006273449,4526
2023-05-13 13:00:00,50931.85006273449,51092.83744933933,50318.41385627552,50719.80788660284,7278
2023-05-13 14:00:00,50719.80788660284,51314.18613351257,49365.25174386892,51282.47932283895,6859
2023-05-13 15:00:00,51282.47932283895,50959.01656119098,46475.43253280444,49246.998780828726,4595
2023-05-13 16:00:00,49246.998780828726,50648.83066647758,48935.820505360636,50192.6462887429,7981
2023-05-13 17:00:00,50192.6462887429,51140.7787496298,49894.81943596014,50320.953225072226,5177
2023-05-13 18:00:00,50320.953225072226,51220.62224548911,50819.47473990406,51062.26745503411,5978
2023-05-13 19:00:00,51062.26745503411,51585.79971125988,49911.30019808117,50983.1324657967,2932
2023-05-13 20:00:00,50983.1324657967,50594.55310619552,50199.24640326423,50475.465272683185,6247
2023-05-13 21:00:00,50475.465272683185,52160.49552909769,48665.62027151378,50489.16469257031,3620
2023-05-13 22:00:00,50489.16469257031,49869.885684412024,48813.685382677504,49744.765083225015,6931
2023-05-13 23:00:00,49744.765083225015,51699.26297591269,49734.16761645032,50409.02369578025,1018
2023-05-14 00:00:00,50409.02369578025,51702.03891025114,49083.60769272602,51115.483067815934,9079
2023-05-14 01:00:00,51115.483067815934,51024.29980799266,49655.69469776312,49779.09552902804,1294
2023-05-14 02:00:00,49779.09552902804,52496.068317649406,50205.29869375555,50877.21500641432,2585
2023-05-14 03:00:00,50877.21500641432,51093.988894235416,50490.82439129462,50504.5244128277,7812
2023-05-14 04:00:00,50504.5244128277,51687.22618483073,49871.331610684116,50181.09260010964,7343
2023-05-14 05:00:00,50181.09260010964,51743.866016242086,49248.958609488385,50925.67773795811,9637
2023-05-14 06:00:00,50925.67773795811,50097.2619287712,49630.55168029212,49886.84415241406,8636
2023-05-14 07:00:00,49886.84415241406,50261.72587712078,49000.99829886939,49822.040777712675,2934
2023-05-14 08:00:00,49822.040777712675,52606.238204505375,49515.784307903035,50140.63813449441,4294
2023-05-14 09:00:00,50140.63813449441,52476.67948552482,50763.38257020798,50807.727689541076,5392
2023-05-14 10:00:00,50807.727689541076,52140.33350895745,50421.96088572228,51232.85685150914,8116
2023-05-14 11:00:00,51232.85685150914,51311.40880127164,49355.26366436962,50725.71724282124,5350
2023-05-14 12:00:00,50725.71724282124,50971.75828389115,50238.8990450091,50671.19314596635,7610
2023-05-14 13:00:00,50671.19314596635,50576.07410736354,47966.47248624536,50539.56846353694,7883
2023-05-14 14:00:00,50539.56846353694,51176.58743152771,49927.52537058449,50760.68153886717,9302
2023-05-14 15:00:00,50760.68153886717,50984.229766868964,50148.419084695895,50263.19032264855,9857
2023-05-14 16:00:00,50263.19032264855,52990.33040309116,50764.66667614279,51347.83781576945,2317
2023-05-14 17:00:00,51347.83781576945,52218.891406843424,49720.95155749881,50503.693104836006,5114
2023-05-14 18:00:00,50503.693104836006,51288.09617346896,48876.43103522043,50213.9706906221,7138
2023-05-14 19:00:00,50213.9706906221,51035.349751375616,50358.42808229435,50702.72998808799,7450
2023-05-14 20:00:00,50702.72998808799,51719.48559787853,50262.121502142545,50895.84740180321,8787
2023-05-14 21:00:00,50895.84740180321,51906.95111073585,50407.29235178733,51398.199526497876,1081
2023-05-14 22:00:00,51398.199526497876,50583.22309929296,49739.422504184426,50423.367908439766,9944
2023-05-14 23:00:00,50423.367908439766,49866.159336088174,48782.04926794393,49354.417562983945,4586
2023-05-15 00:00:00,49354.417562983945,50854.946966357806,48665.91865161218,49999.658593220345,6597
2023-05-15 01:00:00,49999.658593220345,51188.74921335546,49535.03680815866,50513.734989481214,5544
2023-05-15 02:00:00,50513.734989481214,51681.64690594669,50184.53385113454,50542.1791948539,3510
2023-05-15 03:00:00,50542.1791948539,51719.5692638017,49546.35050438942,50954.37175180841,2375
2023-05-15 04:00:00,50954.37175180841,50804.998583051274,49976.12300036763,50631.536285143324,1090
2023-05-15 05:00:00,50631.536285143324,52444.76931913706,50707.41181913935,51152.194035636654,2721
2023-05-15 06:00:00,51152.194035636654,51739.051299868224,48766.81621744685,50260.07390192726,3547
2023-05-15 07:00:00,50260.07390192726,51461.489634717036,50178.99523642462,50484.58960803059,1459
2023-05-15 08:00:00,50484.58960803059,51766.804773827724,49762.585080609984,50887.7833816234,5715
2023-05-15 09:00:00,50887.7833816234,52670.56111211546,50402.93639549703,51211.36955539442,6897
2023-05-15 10:00:00,51211.36955539442,51629.76881977389,50222.60430635958,50422.30362770617,9664
2023-05-15 11:00:00,50422.30362770617,51243.98850367137,49568.83634089212,50234.82005680534,2712
2023-05-15 12:00:00,50234.82005680534,52907.78195573258,50105.52188511892,51240.30156232907,7684
2023-05-15 13:00:00,51240.30156232907,51010.729110918895,50358.141305079764,50810.15962101771,4262
2023-05-15 14:00:00,50810.15962101771,50289.12299914792,49725.31242670409,50119.33700553595,5578
2023-05-15 15:00:00,50119.33700553595,51298.22372742773,50615.47958235809,51059.75429520727,8408
2023-05-15 16:00:00,51059.75429520727,52418.84511727479,50343.702474574115,51169.77459413653,7005
2023-05-15 17:00:00,51169.77459413653,52702.94553072525,48703.62772802754,50529.02125910476,3261
2023-05-15 18:00:00,50529.02125910476,51460.35097112555,49522.016770067356,50445.39137188088,9296
2023-05-15 19:00:00,50445.39137188088,50769.82787178749,49348.61471120745,50625.78735056748,7785
2023-05-15 20:00:00,50625.78735056748,50845.481571154414,48827.618305004486,49598.79791563421,1058
2023-05-15 21:00:00,49598.79791563421,52141.26679542986,50750.42817962309,51101.145630319435,5644
2023-05-15 22:00:00,51101.145630319435,50521.24167420108,48435.36805817063,50344.6987205095,2196
2023-05-15 23:00:00,50344.6987205095,51832.76278581444,50288.34601420684,50952.71828253459,9416
2023-05-16 00:00:00,50952.71828253459,50062.69478311547,49008.127948023684,49797.791132540275,8111
2023-05-16 01:00:00,49797.791132540275,51879.62595460213,50550.35689715901,50649.94865763983,2604
2023-05-16 02:00:00,50649.94865763983,52203.617243484216,50537.01441465533,52071.56752434684,9017
2023-05-16 03:00:00,52071.56752434684,50954.9306898127,48054.14765350097,50123.96197464451,2198
2023-05-16 04:00:00,50123.96197464451,52935.51912864891,50718.39908848749,51493.59239905591,1576
2023-05-16 05:00:00,51493.59239905591,52599.073132217396,49585.67183891842,50385.034353767216,1228
2023-05-16 06:00:00,50385.034353767216,51779.36199789349,49440.62391860148,51176.159599292354,1984
2023-05-16 07:00:00,51176.159599292354,51286.672809795986,49714.83618508656,51039.057242530136,1531
2023-05-16 08:00:00,51039.057242530136,52553.48440228399,50762.626248016226,51445.18350161249,1561
2023-05-16 09:00:00,51445.18350161249,53429.31424646156,49513.67165898521,50679.941656034905,4145
2023-05-16 10:00:00,50679.941656034905,50353.89962276681,49536.24972105371,50259.84983505665,3391
2023-05-16 11:00:00,50259.84983505665,51284.91633195601,49849.192979285835,50184.988399450456,3252
2023-05-16 12:00:00,50184.988399450456,50835.50236673223,49747.15301257341,50746.58852928734,6229
2023-05-16 13:00:00,50746.58852928734,52247.514721384294,50558.813428167334,51127.04114217166,8553
2023-05-16 14:00:00,51127.04114217166,51709.63504861372,51122.93648572905,51596.7905539595,9069
2023-05-16 15:00:00,51596.7905539595,52335.220489140134,50972.40618064206,51331.446137624866,2677
2023-05-16 16:00:00,51331.446137624866,52708.2406861304,49588.45358228063,50740.71867090814,2606
2023-05-16 17:00:00,50740.71867090814,50868.49964415539,50074.267321833475,50546.109188322844,5587
2023-05-16 18:00:00,50546.109188322844,51025.95567566795,50626.6058676829,50975.82184183819,9162
2023-05-16 19:00:00,50975.82184183819,51520.651069405714,49004.17214107438,51074.54319426635,8051
2023-05-16 20:00:00,51074.54319426635,52210.87010918499,50685.97206105173,50870.87164993867,1598
2023-05-16 21:00:00,50870.87164993867,52464.255753055164,50122.61872968608,51315.21470021163,9003
2023-05-16 22:00:00,51315.21470021163,51622.61309219079,50401.11077582763,51057.96995734686,7176
2023-05-16 23:00:00,51057.96995734686,51600.48709699865,50256.00829190478,50898.97430919437,1797
2023-05-17 00:00:00,50898.97430919437,51708.48634755626,49565.68242958065,50521.89263400783,6911
2023-05-17 01:00:00,50521.89263400783,51848.96609820661,49240.8505770188,51157.058838888544,9980
2023-05-17 02:00:00,51157.058838888544,52584.78717982429,49871.7298223626,51559.50971924992,8102
2023-05-17 03:00:00,51559.50971924992,51596.115036083924,50212.73400904984,51344.460343219915,6785
2023-05-17 04:00:00,51344.460343219915,52001.756011057754,50769.55976581576,51284.3932295023,2951
2023-05-17 05:00:00,51284.3932295023,51432.817533034045,49653.46002849296,50427.25559757198,9985
2023-05-17 06:00:00,50427.25559757198,51485.768884148616,48645.313555774504,49604.75470576718,6973
2023-05-17 07:00:00,49604.75470576718,51107.62960297961,50302.88713914473,50854.32145084051,4274
2023-05-17 08:00:00,50854.32145084051,53633.93428893101,50186.901298784265,50761.174353081486,6932
2023-05-17 09:00:00,50761.174353081486,52380.225864116765,49795.55100544354,50537.895821279264,6362
2023-05-17 10:00:00,50537.895821279264,51961.81283851592,51226.43553634033,51240.614555555054,2236
2023-05-17 11:00:00,51240.614555555054,52226.66688327388,50544.72761586111,51530.51808521555,3346
2023-05-17 12:00:00,51530.51808521555,50757.29309839022,50182.63969246006,50581.06730195113,5106
2023-05-17 13:00:00,50581.06730195113,51250.63585210345,50004.975790849,50255.28064546673,3302
2023-05-17 14:00:00,50255.28064546673,52202.56475078017,51085.42528781828,51514.75733196099,8146
2023-05-17 15:00:00,51514.75733196099,51913.89100152228,51653.91867538597,51662.40054259889,6092
2023-05-17 16:00:00,51662.40054259889,52385.46053756392,51597.61272541863,51636.04838843616,2513
2023-05-17 17:00:00,51636.04838843616,52268.47183266682,50935.745043830146,51700.40496405215,7749
2023-05-17 18:00:00,51700.40496405215,51595.851682531356,51052.41190805935,51319.91504704554,8154
2023-05-17 19:00:00,51319.91504704554,50971.1088527981,50436.771686753855,50872.6708397718,6669
2023-05-17 20:00:00,50872.6708397718,52459.97882188861,50486.41968836822,51615.54616362203,2205
2023-05-17 21:00:00,51615.54616362203,50967.05601470889,49121.76827072813,50311.947789845486,4098
2023-05-17 22:00:00,50311.947789845486,51429.376632306754,50543.373761252864,50740.96812325575,7436
2023-05-17 23:00:00,50740.96812325575,51702.492158372894,51288.164241190745,51555.2266661589,3939
2023-05-18 00:00:00,51555.2266661589,52563.69159169873,49192.889309696024,50473.795782142544,5860
2023-05-18 01:00:00,50473.795782142544,50205.21802484421,49565.97632265074,50082.460748094934,4162
2023-05-18 02:00:00,50082.460748094934,51732.46303470468,49187.29827549661,51102.14631236319,8845
2023-05-18 03:00:00,51102.14631236319,50458.32951022134,50031.26829375856,50208.44787258435,6206
2023-05-18 04:00:00,50208.44787258435,51565.58183930871,50993.91926553842,51034.253209982984,4349
2023-05-18 05:00:00,51034.253209982984,51657.16923592899,49554.15237359151,50854.51399425683,1373
2023-05-18 06:00:00,50854.51399425683,51751.39338030641,51036.05511016371,51118.759563376865,8633
2023-05-18 07:00:00,51118.759563376865,50617.88560357004,48899.5094851067,50395.48969297504,3119
2023-05-18 08:00:00,50395.48969297504,51694.978978663465,48709.65771104206,50675.02226888392,4045
2023-05-18 09:00:00,50675.02226888392,51927.99867696237,51625.91101553701,51648.61735156266,3217
2023-05-18 10:00:00,51648.61735156266,50934.63627007781,48899.69041554067,50680.23530571384,7594
2023-05-18 11:00:00,50680.23530571384,52910.393707221,51640.98914012219,51852.86983627974,1650
2023-05-18 12:00:00,51852.86983627974,52966.24940675005,49516.772634767556,51010.25158266378,4198
2023-05-18 13:00:00,51010.25158266378,52393.355988981355,51088.55028568133,51192.615168699216,5964
2023-05-18 14:00:00,51192.615168699216,50466.49427249521,48994.547042601036,50130.58138622928,3904
2023-05-18 15:00:00,50130.58138622928,51274.811462754165,50146.86456568305,51074.12208324195,9360
2023-05-18 16:00:00,51074.12208324195,52625.47844113629,50354.69011900474,51080.63188829701,5121
2023-05-18 17:00:00,51080.63188829701,52227.96558291245,50265.16590713272,51460.302905474666,2729
2023-05-18 18:00:00,51460.302905474666,52273.12194054827,51548.083797385836,52075.466072539144,3168
2023-05-18 19:00:00,52075.466072539144,51598.015523192356,50250.78044221801,50976.27147858047,8668
2023-05-18 20:00:00,50976.27147858047,52827.84487080603,51565.096124127456,52160.04035640302,8674
2023-05-18 21:00:00,52160.04035640302,52100.51833814677,50646.03890693815,50862.28524300685,5721
2023-05-18 22:00:00,50862.28524300685,52149.92809632652,48699.677117856576,51067.7832465306,9431
2023-05-18 23:00:00,51067.7832465306,52243.976169641064,49538.12766101324,50951.061806068785,2142
2023-05-19 00:00:00,50951.061806068785,50472.89967645403,49453.16862189177,49943.95182119446,1760
2023-05-19 01:00:00,49943.95182119446,52712.7574526314,50751.727943112295,51695.42149165098,4140
2023-05-19 02:00:00,51695.42149165098,53107.63441464346,50398.94119781502,51185.665857957465,4557
2023-05-19 03:00:00,51185.665857957465,52388.9914372596,51178.925984713576,51191.09811640659,3196
2023-05-19 04:00:00,51191.09811640659,50781.204814424855,48850.36102268021,50579.21439322369,5751
2023-05-19 05:00:00,50579.21439322369,50908.441981269665,49801.820710993365,50761.08387844666,8735
2023-05-19 06:00:00,50761.08387844666,52454.88068504007,48466.32771904225,50300.318842409084,8772
2023-05-19 07:00:00,50300.318842409084,51705.4996907216,50655.07028082028,50933.297641716854,3022
2023-05-19 08:00:00,50933.297641716854,53836.62929079553,50480.846486396644,51849.19935516177,8394
2023-05-19 09:00:00,51849.19935516177,51975.36191048306,50399.69602019092,50613.129331423035,7011
2023-05-19 10:00:00,50613.129331423035,52645.70669910968,51404.85618374841,51843.84653636305,7618
2023-05-19 11:00:00,51843.84653636305,50645.89239154971,49403.514357704116,50474.50311681014,1411
2023-05-19 12:00:00,50474.50311681014,52849.96498960699,50032.566127963444,51041.7973659758,2305
2023-05-19 13:00:00,51041.7973659758,51201.912303800185,49464.14680413131,50766.91252637919,5595
2023-05-19 14:00:00,50766.91252637919,51553.97132580457,49838.778396596426,51104.634069373096,6612
2023-05-19 15:00:00,51104.634069373096,52621.83370494079,50695.9183358322,51840.83676412239,5875
2023-05-19 16:00:00,51840.83676412239,51796.77025181188,50820.593200046846,51696.42504771384,1006
2023-05-19 17:00:00,51696.42504771384,53558.02937795278,50192.91515068532,51074.839483139964,8663
2023-05-19 18:00:00,51074.839483139964,50748.68730915565,49923.76620322783,50607.97096459089,4299
2023-05-19 19:00:00,50607.97096459089,50780.23501526175,48258.82726318648,49567.05863890318,5952
2023-05-19 20:00:00,49567.05863890318,50691.69854260878,49501.1296971876,50454.855060351656,4489
2023-05-19 21:00:00,50454.855060351656,51285.6693597071,49684.899860500605,50804.83692918627,1644
2023-05-19 22:00:00,50804.83692918627,51978.10550354348,50955.65853154699,51260.617322772014,4584
2023-05-19 23:00:00,51260.617322772014,52482.6786106016,49862.61870895881,50573.17486954835,2894
2023-05-20 00:00:00,50573.17486954835,51210.17497992596,50151.31858924596,50964.93339461797,5300
2023-05-20 01:00:00,50964.93339461797,51585.21986819493,51262.68704968734,51288.50177063398,3070
2023-05-20 02:00:00,51288.50177063398,52750.36553780867,49440.83912483323,50447.65146467276,7010
2023-05-20 03:00:00,50447.65146467276,50704.615747806696,50574.66652072435,50616.85204490292,7148
2023-05-20 04:00:00,50616.85204490292,52622.06506258782,50593.789819081416,51021.48640208644,1906
2023-05-20 05:00:00,51021.48640208644,50921.48955382,49433.89915315618,50858.55516588044,5895
2023-05-20 06:00:00,50858.55516588044,51109.487757178205,50939.22091977965,50951.630765366994,6543
2023-05-20 07:00:00,50951.630765366994,50577.00972177493,49243.4177196184,50412.521795706845,6161
2023-05-20 08:00:00,50412.521795706845,52300.90282470913,49600.730407107876,50521.55369022531,3048
2023-05-20 09:00:00,50521.55369022531,51302.47929087027,49475.93409370521,50513.72177739635,1205
2023-05-20 10:00:00,50513.72177739635,53139.7745441512,50057.55720591765,51093.641856248505,7733
2023-05-20 11:00:00,51093.641856248505,52268.7464748886,50260.551180228074,50316.57799192786,4012
2023-05-20 12:00:00,50316.57799192786,52647.288886247574,48632.96652755117,51416.32549107019,9270
2023-05-20 13:00:00,51416.32549107019,52537.04017993723,50231.41991068647,50434.823052891996,6789
2023-05-20 14:00:00,50434.823052891996,51695.79387019738,50449.69876020405,50769.6391090045,3335
2023-05-20 15:00:00,50769.6391090045,50935.28532672605,48401.06786125363,50136.051517280735,2425
2023-05-20 16:00:00,50136.051517280735,50662.55942061971,49551.53498330098,50249.081134945984,3522
2023-05-20 17:00:00,50249.081134945984,52611.22732602985,50310.34545218003,50841.260589369616,5684
2023-05-20 18:00:00,50841.260589369616,51994.32284649343,49321.623590987976,50676.08562402305,2117
2023-05-20 19:00:00,50676.08562402305,51589.00872176182,50775.32841731722,51531.467969966056,5721
2023-05-20 20:00:00,51531.467969966056,52127.40739630879,50720.16707827997,50955.5177100461,5777
2023-05-20 21:00:00,50955.5177100461,51835.80002557395,49309.84669837384,51036.12375954289,5380
2023-05-20 22:00:00,51036.12375954289,51419.3492985013,49538.40147037828,50760.67691112092,7960
2023-05-20 23:00:00,50760.67691112092,52412.44546414348,50470.92835649821,51227.23965494832,6043
2023-05-21 00:00:00,51227.23965494832,52777.94786465859,49928.06335007692,51335.36698230924,4493
2023-05-21 01:00:00,51335.36698230924,50125.14121917303,48079.17557299618,49540.3084500305,4119
2023-05-21 02:00:00,49540.3084500305,52896.091226368524,50961.82793745551,51378.921081252105,1474
2023-05-21 03:00:00,51378.921081252105,51643.94438061945,49806.67423523521,50661.83512194636,5823
2023-05-21 04:00:00,50661.83512194636,52905.363704169315,51534.972713722316,51658.44972135905,1939
2023-05-21 05:00:00,51658.44972135905,51073.48305661909,49659.07464955652,50320.117945189384,5989
2023-05-21 06:00:00,50320.117945189384,50591.72312762822,50060.522013119364,50415.75634620642,9422
2023-05-21 07:00:00,50415.75634620642,51392.55048343697,49906.875752785134,51005.185355088026,5304
2023-05-21 08:00:00,51005.185355088026,51279.49521129103,50727.25095952158,50910.76269748745,3903
2023-05-21 09:00:00,50910.76269748745,50768.617195744635,49432.10760938643,50227.348033984774,8964
2023-05-21 10:00:00,50227.348033984774,51072.66440470013,50133.93579107954,50536.5489773814,1122
2023-05-21 11:00:00,50536.5489773814,50599.25746933822,48763.166961838375,49978.71409752431,5433
2023-05-21 12:00:00,49978.71409752431,50675.67341940133,49327.21974804676,50256.19364476255,7825
2023-05-21 13:00:00,50256.19364476255,51151.714138251366,49952.11859350941,50968.71283632537,4580
2023-05-21 14:00:00,50968.71283632537,50798.09874730367,49505.368287722835,50612.53614145882,4403
2023-05-21 15:00:00,50612.53614145882,51348.84660596872,48446.68788036096,50313.149711628204,4097
2023-05-21 16:00:00,50313.149711628204,51370.273738872485,50498.2750774631,50871.97747667493,3946
2023-05-21 17:00:00,50871.97747667493,50970.19375009613,48954.095909054755,49487.68265490838,2482
2023-05-21 18:00:00,49487.68265490838,51075.407348400295,49511.59537565726,50919.397300644094,5470
2023-05-21 19:00:00,50919.397300644094,50979.72214727034,50122.72757630574,50747.340301300166,2712
2023-05-21 20:00:00,50747.340301300166,51229.45736554296,50468.01573140885,50564.145329531115,7254
2023-05-21 21:00:00,50564.145329531115,52375.80791666609,50774.343845113464,51488.50763611852,9918
2023-05-21 22:00:00,51488.50763611852,50988.99897779621,49746.91271153397,50852.195706327766,1091
2023-05-21 23:00:00,50852.195706327766,51194.162636863715,50108.98852991972,50781.10538416955,4679
2023-05-22 00:00:00,50781.10538416955,51092.2565668884,50195.935932038155,50319.631381715604,9198
2023-05-22 01:00:00,50319.631381715604,51874.672035411735,50453.928496949426,50643.400617924875,6162
2023-05-22 02:00:00,50643.400617924875,50566.667930658645,49262.50951205146,50032.699624970664,9704
2023-05-22 03:00:00,50032.699624970664,51287.78605369618,50713.117018831166,51019.02833478463,1545
2023-05-22 04:00:00,51019.02833478463,51919.56737817173,50564.85057391381,50763.125840517125,5085
2023-05-22 05:00:00,50763.125840517125,50558.88747025481,50069.178160523064,50512.03450030398,3184
2023-05-22 06:00:00,50512.03450030398,52164.25770517864,50002.39261210127,50591.82094081393,6168
2023-05-22 07:00:00,50591.82094081393,50618.75442473097,49632.105824742706,50446.742733072286,2019
2023-05-22 08:00:00,50446.742733072286,51235.47236631277,48921.10196301601,50361.61823757427,3985
2023-05-22 09:00:00,50361.61823757427,52332.773891355464,49386.78872656837,49999.05413271971,1705
2023-05-22 10:00:00,49999.05413271971,51884.010145972126,50212.80125870316,50899.619076856914,3484
2023-05-22 11:00:00,50899.619076856914,51335.52004880125,48851.0956831014,50320.68945852606,3546
2023-05-22 12:00:00,50320.68945852606,51236.93518962749,49899.06483803271,50236.6554460605,6628
2023-05-22 13:00:00,50236.6554460605,52970.312694838234,50771.884276589706,51231.40459679842,4114
2023-05-22 14:00:00,51231.40459679842,53488.541841270235,49245.44818414624,51311.17810982866,3041
2023-05-22 15:00:00,51311.17810982866,51908.49535406008,50271.30835301126,51131.642977733885,1689
2023-05-22 16:00:00,51131.642977733885,50517.06543618291,49696.74995187728,50053.43202764654,6832
2023-05-22 17:00:00,50053.43202764654,52516.04902531116,51045.96307035495,51332.45509487017,2613
2023-05-22 18:00:00,51332.45509487017,51002.88530326148,49746.731955896095,50423.32665233099,6067
2023-05-22 19:00:00,50423.32665233099,51908.467069579674,49527.97763313689,50824.64996992712,4158
2023-05-22 20:00:00,50824.64996992712,50664.883150931826,49424.51741855927,49815.61765607112,1455
2023-05-22 21:00:00,49815.61765607112,52250.944656245214,49527.044117698475,49742.88766847359,6099
2023-05-22 22:00:00,49742.88766847359,50806.03080406758,48159.40726688096,49396.70703420894,1059
2023-05-22 23:00:00,49396.70703420894,50655.38012600889,50116.88538766642,50529.1808103414,6686
2023-05-23 00:00:00,50529.1808103414,50474.797240914566,48303.235388337656,49688.52057603977,4421
2023-05-23 01:00:00,49688.52057603977,50289.35694093261,49804.38258591752,50148.383412949464,9144
2023-05-23 02:00:00,50148.383412949464,52386.05187971775,50232.71056768793,51330.177895273,6437
2023-05-23 03:00:00,51330.177895273,51745.798076725594,50394.243494339935,50681.9370616161,9749
2023-05-23 04:00:00,50681.9370616161,51090.94263375878,48897.340778428115,50096.34138590001,7115
2023-05-23 05:00:00,50096.34138590001,52358.70471473135,49509.18190313065,50378.35695965181,5358
2023-05-23 06:00:00,50378.35695965181,51280.41949578169,49677.593120219426,50157.33053996634,1139
2023-05-23 07:00:00,50157.33053996634,50858.245480670084,49316.32641015428,49991.12920257555,8285
2023-05-23 08:00:00,49991.12920257555,52107.92459539101,49406.50487769627,50410.68276150441,9536
2023-05-23 09:00:00,50410.68276150441,51471.8293833866,48971.045144123906,49758.96532937653,3594
2023-05-23 10:00:00,49758.96532937653,50110.83907551131,48240.44669092684,49453.69808899657,3122
2023-05-23 11:00:00,49453.69808899657,50746.051139231284,49518.82341816173,50200.04218103239,7853
2023-05-23 12:00:00,50200.04218103239,51237.45226908418,49765.08705478423,50036.52996350825,1735
2023-05-23 13:00:00,50036.52996350825,50886.956151948274,49654.8394520359,49886.10421026675,1395
2023-05-23 14:00:00,49886.10421026675,52161.96702268687,48829.905443201686,50523.13179004313,5361
2023-05-23 15:00:00,50523.13179004313,51217.63604294737,49000.49297632919,50533.328441226375,1373
2023-05-23 16:00:00,50533.328441226375,50605.91255428879,49549.2501985657,49791.457330293604,9331
2023-05-23 17:00:00,49791.457330293604,49905.39572702311,49310.029205639396,49900.18473521994,2564
2023-05-23 18:00:00,49900.18473521994,49565.072107541026,48798.48085821043,49405.218564150244,4496
2023-05-23 19:00:00,49405.218564150244,51924.83471410621,50076.77091686507,51105.324867721545,5473
2023-05-23 20:00:00,51105.324867721545,51872.99936218879,49380.94254820427,50102.75645696025,4343
2023-05-23 21:00:00,50102.75645696025,50886.91052538843,49156.82240362733,50688.10595948544,5328
2023-05-23 22:00:00,50688.10595948544,52263.66897058263,51135.170815460646,51151.564882198225,6620
2023-05-23 23:00:00,51151.564882198225,50644.2983099958,49650.10604655638,50348.99286041836,8015
2023-05-24 00:00:00,50348.99286041836,52731.663674895935,48621.35806077464,50726.22852981425,3785
2023-05-24 01:00:00,50726.22852981425,49973.129202274125,48826.85908953038,49799.26670933695,6336
2023-05-24 02:00:00,49799.26670933695,50829.64917858784,48658.85453035123,49530.80889711653,3993
2023-05-24 03:00:00,49530.80889711653,51295.42516825297,49704.629190806794,50515.93063523572,8645
2023-05-24 04:00:00,50515.93063523572,49991.032809746575,48785.58586566936,49943.87172644864,3665
2023-05-24 05:00:00,49943.87172644864,50386.07974946447,49599.23512250879,49710.90880723181,4120
2023-05-24 06:00:00,49710.90880723181,50438.31698539914,49537.74157622526,49784.28484142976,3578
2023-05-24 07:00:00,49784.28484142976,51045.47866894938,48800.68902714991,49327.2176715118,1586
2023-05-24 08:00:00,49327.2176715118,50134.32371842282,49967.448594160414,50109.055678906196,7042
2023-05-24 09:00:00,50109.055678906196,51084.4732379674,48911.71852991285,50026.07235714181,2296
2023-05-24 10:00:00,50026.07235714181,49722.788095950425,47785.389532738474,49703.42715446378,7604
2023-05-24 11:00:00,49703.42715446378,53019.09511540879,49954.29070051633,51002.259902272046,6108
2023-05-24 12:00:00,51002.259902272046,50700.09457988007,48478.226270960404,50040.534363903746,6261
2023-05-24 13:00:00,50040.534363903746,52347.0986806222,51046.493926517134,51844.51612650128,1010
2023-05-24 14:00:00,51844.51612650128,50711.31833709273,49493.372439490944,50293.71019948779,3389
2023-05-24 15:00:00,50293.71019948779,50888.84509200741,47775.56399553933,49788.736698020875,3552
2023-05-24 16:00:00,49788.736698020875,49511.24080229446,49317.664302200305,49484.61822368025,3310
2023-05-24 17:00:00,49484.61822368025,49543.93873385625,47348.29851757937,49300.179397894055,8581
2023-05-24 18:00:00,49300.179397894055,50108.769840520166,49703.867907211636,50055.89859546704,9652
2023-05-24 19:00:00,50055.89859546704,50371.182831722836,49323.606733296634,49785.73908621591,6291
2023-05-24 20:00:00,49785.73908621591,51115.685627448445,48715.48807592147,50152.257220513035,9845
2023-05-24 21:00:00,50152.257220513035,50524.80071127591,49725.85119784747,49818.32132875737,7566
2023-05-24 22:00:00,49818.32132875737,51984.47385871983,49290.256560469585,49541.17510427303,6068
2023-05-24 23:00:00,49541.17510427303,51189.86555276835,50610.15969743159,50644.013791371544,2318
2023-05-25 00:00:00,50644.013791371544,51383.709843340956,49286.74687725944,50545.35205885821,9498
2023-05-25 01:00:00,50545.35205885821,49346.9516997048,49181.14838718878,49311.73329181636,2896
2023-05-25 02:00:00,49311.73329181636,51721.48202002468,49282.02791271821,51223.897783031796,4911
2023-05-25 03:00:00,51223.897783031796,50437.32128835928,49509.38121364828,49919.64179001982,4904
2023-05-25 04:00:00,49919.64179001982,51188.96518268555,48929.50994749357,49610.242283187574,3955
2023-05-25 05:00:00,49610.242283187574,50381.63858793525,49132.30790509472,49557.5181986531,5996
2023-05-25 06:00:00,49557.5181986531,49577.38680443239,48955.76811789507,49243.31545926208,6862
2023-05-25 07:00:00,49243.31545926208,50093.37637252328,48141.05643106124,49328.603628746256,8967
2023-05-25 08:00:00,49328.603628746256,50492.873042151004,49051.97816666574,49346.769492224426,8938
2023-05-25 09:00:00,49346.769492224426,51131.57423834628,49618.42896300311,50299.93859279669,2141
2023-05-25 10:00:00,50299.93859279669,51505.21016450265,49444.918225496185,49858.818725879835,8007
2023-05-25 11:00:00,49858.818725879835,50133.87087968163,49934.40437481533,50094.891943649156,6824
2023-05-25 12:00:00,50094.891943649156,50355.965934255735,49544.823167973285,49616.173549859246,3836
2023-05-25 13:00:00,49616.173549859246,51630.48650438701,48609.22019726604,49185.200100971546,3702
2023-05-25 14:00:00,49185.200100971546,50388.63139001548,50105.804230023256,50307.80509798174,9451
2023-05-25 15:00:00,50307.80509798174,50609.80076524233,48811.148675838194,50296.98131943057,6992
2023-05-25 16:00:00,50296.98131943057,50748.340891977714,50256.963606545396,50346.730935971296,7597
2023-05-25 17:00:00,50346.730935971296,50277.61698868043,49222.63308058337,50242.51843574804,4406
2023-05-25 18:00:00,50242.51843574804,51715.29858920147,49827.25220805974,50134.51577134092,2545
2023-05-25 19:00:00,50134.51577134092,51292.59013263339,49640.505792872835,50357.67575441662,3859
2023-05-25 20:00:00,50357.67575441662,50320.37460637489,47874.90957484066,49426.59390921666,2264
2023-05-25 21:00:00,49426.59390921666,50697.8513416273,48537.22805639488,48872.895354770095,9811
2023-05-25 22:00:00,48872.895354770095,52345.82078343086,49886.18178689352,50643.41246721407,6298
2023-05-25 23:00:00,50643.41246721407,49939.96592242169,49495.915462597186,49781.87037142039,8594
2023-05-26 00:00:00,49781.87037142039,49987.71642672189,49613.891768391884,49840.73718151409,7619
2023-05-26 01:00:00,49840.73718151409,50728.52905667895,49079.14793793982,49544.41913453817,6642
2023-05-26 02:00:00,49544.41913453817,50657.47532268164,49580.43315358388,49974.75758416781,3751
2023-05-26 03:00:00,49974.75758416781,50679.04264519313,48834.93469812034,49657.04826452926,6140
2023-05-26 04:00:00,49657.04826452926,50106.83907586228,49862.43694733104,50099.32119729241,5065
2023-05-26 05:00:00,50099.32119729241,50440.30566285325,49291.41555646903,49649.692830089036,2907
2023-05-26 06:00:00,49649.692830089036,50540.775066446084,48530.52091406271,50249.84527670838,8825
2023-05-26 07:00:00,50249.84527670838,49906.30348910127,49462.45687187081,49671.84934878893,1181
2023-05-26 08:00:00,49671.84934878893,51847.10011041103,49162.77997894262,50151.57230061994,1989
2023-05-26 09:00:00,50151.57230061994,50122.85657959703,48380.88331694719,48666.74449914367,1706
2023-05-26 10:00:00,48666.74449914367,50869.35807386505,49804.621790465535,50286.51668639258,5330
2023-05-26 11:00:00,50286.51668639258,49975.904095161735,48437.02018601197,49286.2550553257,7596
2023-05-26 12:00:00,49286.2550553257,49991.426837756655,47696.81647760176,49333.98516424282,9614
2023-05-26 13:00:00,49333.98516424282,50671.20079668964,49504.651295894815,50646.305967342276,5010
2023-05-26 14:00:00,50646.305967342276,50459.605212027454,48697.7290271485,49562.46520170845,5646
2023-05-26 15:00:00,49562.46520170845,52085.791463005815,49913.95904727583,50063.94253356965,3536
2023-05-26 16:00:00,50063.94253356965,51728.14290477223,49490.673997152546,50111.30645657606,8438
2023-05-26 17:00:00,50111.30645657606,50388.9756235646,49266.912812784874,49415.750054007935,1120
2023-05-26 18:00:00,49415.750054007935,49587.14548532381,48238.30370996483,49292.61686273301,1620
2023-05-26 19:00:00,49292.61686273301,50508.38933229913,47599.12157177026,49746.5880766422,1958
2023-05-26 20:00:00,49746.5880766422,48749.53789512556,47733.89003865535,48650.09271793564,5335
2023-05-26 21:00:00,48650.09271793564,49473.3272717548,48909.53299543329,49413.77055336352,9388
2023-05-26 22:00:00,49413.77055336352,49914.60136971498,49667.028749041434,49910.834243135294,6890
2023-05-26 23:00:00,49910.834243135294,51273.66846046358,50071.33152277841,50191.77610938293,7099
2023-05-27 00:00:00,50191.77610938293,50997.99383183344,49801.02593576967,50229.3494996623,9560
2023-05-27 01:00:00,50229.3494996623,50385.34009387892,48765.5385027385,49515.06314286184,7729
2023-05-27 02:00:00,49515.06314286184,50790.570907569454,49049.76562143204,49857.09605336239,9048
2023-05-27 03:00:00,49857.09605336239,51432.905589749476,49656.03667668297,49684.41853674892,8117
2023-05-27 04:00:00,49684.41853674892,49965.765368346954,48668.960506896045,49046.31463626063,5483
2023-05-27 05:00:00,49046.31463626063,52251.22275164661,48521.653744168805,49493.53042984402,2943
2023-05-27 06:00:00,49493.53042984402,49334.67070275122,48087.3034700434,48646.64340588508,1414
2023-05-27 07:00:00,48646.64340588508,50639.67230782837,49063.00413420114,49466.613830497685,8203
2023-05-27 08:00:00,49466.613830497685,52249.0597613626,48983.46136428792,49642.68060911076,1741
2023-05-27 09:00:00,49642.68060911076,49628.305780300005,47899.803427776,48871.19195704621,9725
2023-05-27 10:00:00,48871.19195704621,50032.571182795364,48809.66521530949,49586.5408712773,8508
2023-05-27 11:00:00,49586.5408712773,51298.65486259589,48737.63325018896,49149.662198477105,1264
2023-05-27 12:00:00,49149.662198477105,49073.149088119346,48377.922844161556,48916.672334901865,4202
2023-05-27 13:00:00,48916.672334901865,51167.962680687764,49312.99125526115,50013.197147562234,1388
2023-05-27 14:00:00,50013.197147562234,49243.46034663697,48665.243969121126,48925.31857172421,4256
2023-05-27 15:00:00,48925.31857172421,49577.86530132899,48477.89470386031,48989.827677425885,3859
2023-05-27 16:00:00,48989.827677425885,49248.560960771836,48751.821496587545,49166.90633292633,7071
2023-05-27 17:00:00,49166.90633292633,50214.751169204465,47964.56887506466,48605.171416899335,8695
2023-05-27 18:00:00,48605.171416899335,50422.607039218674,47161.27788200971,49081.66662750494,6417
2023-05-27 19:00:00,49081.66662750494,50655.53979699225,48341.38350598631,49304.942357595064,6521
2023-05-27 20:00:00,49304.942357595064,51415.03320278403,47702.846665364516,48765.77438338061,4592
2023-05-27 21:00:00,48765.77438338061,49617.60856223052,47869.8936658667,49535.05198343433,8546
2023-05-27 22:00:00,49535.05198343433,49619.362168372725,48828.807148352505,49491.2704767619,6802
2023-05-27 23:00:00,49491.2704767619,48516.25110525866,46571.67843059569,48458.47905637239,9729
2023-05-28 00:00:00,48458.47905637239,50741.264583564,48396.13497887388,49299.98722563424,4062
2023-05-28 01:00:00,49299.98722563424,49681.38826763866,49322.279181932325,49651.64232013265,5411
2023-05-28 02:00:00,49651.64232013265,49977.94602962867,49574.51016198456,49601.06730032579,3854
2023-05-28 03:00:00,49601.06730032579,50119.729105275765,49085.34677517591,49352.81524555992,3977
2023-05-28 04:00:00,49352.81524555992,48923.120281281364,47637.094695780856,48817.64591419411,9221
2023-05-28 05:00:00,48817.64591419411,49284.02769796084,49056.081356308976,49176.75922398726,8526
2023-05-28 06:00:00,49176.75922398726,48599.42861066258,47345.67378951663,48233.75127791383,6340
2023-05-28 07:00:00,48233.75127791383,49266.6934172177,48767.07826367542,48799.87344500321,2963
2023-05-28 08:00:00,48799.87344500321,50815.147805133536,47815.97343166931,49849.88496089349,4070
2023-05-28 09:00:00,49849.88496089349,49969.18662129675,47960.01309459813,49880.991965341374,8418
2023-05-28 10:00:00,49880.991965341374,51760.159551167046,49764.0549211002,50277.61523611519,2182
2023-05-28 11:00:00,50277.61523611519,50729.85835226514,48782.63637636753,49163.2454731633,9483
2023-05-28 12:00:00,49163.2454731633,50851.352522487876,49737.90054069097,49856.86831363404,4428
2023-05-28 13:00:00,49856.86831363404,48930.98754988944,47405.872141055814,48901.79137377462,6986
2023-05-28 14:00:00,48901.79137377462,49596.42298574543,47265.86942703232,48168.5918874586,4468
2023-05-28 15:00:00,48168.5918874586,48379.08977720943,45495.1163141315,48271.48954033715,4191
2023-05-28 16:00:00,48271.48954033715,50055.009349596956,48049.23800563604,49640.860948745496,3879
2023-05-28 17:00:00,49640.860948745496,50241.48036483662,48350.43394943399,50039.98347943503,3832
2023-05-28 18:00:00,50039.98347943503,50333.347899998735,49009.40312073697,49789.359596814276,6758
2023-05-28 19:00:00,49789.359596814276,48399.86605154929,47536.41728731162,48330.23046746096,9111
2023-05-28 20:00:00,48330.23046746096,51844.33125142124,48707.74338695107,49153.00704345528,4405
2023-05-28 21:00:00,49153.00704345528,48601.57998795045,48141.70614707576,48474.46011463029,4914
2023-05-28 22:00:00,48474.46011463029,49315.08168572911,48470.19510557165,49108.16207702615,3642
2023-05-28 23:00:00,49108.16207702615,49426.704534394754,48925.70273311773,49017.23280106662,7138
2023-05-29 00:00:00,49017.23280106662,49138.50291060115,48130.90210979742,48967.19339351155,2728
2023-05-29 01:00:00,48967.19339351155,49408.67509334448,48961.496149124265,49078.71886375578,4160
2023-05-29 02:00:00,49078.71886375578,50606.784174867316,48328.19173821807,49322.32634309647,8839
2023-05-29 03:00:00,49322.32634309647,50144.35793172924,49014.4032229611,49220.6339855768,7325
2023-05-29 04:00:00,49220.6339855768,49357.8311175034,48592.97222311617,48660.46935392704,2575
2023-05-29 05:00:00,48660.46935392704,49603.87704270653,46987.78014443481,48913.870273112916,4481
2023-05-29 06:00:00,48913.870273112916,49362.48072508205,48928.97667484669,48944.48685745691,7395
2023-05-29 07:00:00,48944.48685745691,49763.189151711675,47714.254516137196,49464.67214873196,5801
2023-05-29 08:00:00,49464.67214873196,50100.13065562276,48413.67814755726,48694.80848584031,9973
2023-05-29 09:00:00,48694.80848584031,49939.97168819874,48600.11527395021,49087.75461108389,2526
2023-05-29 10:00:00,49087.75461108389,50053.9093699243,47916.1210788457,48139.44552346769,2500
2023-05-29 11:00:00,48139.44552346769,51071.6383900779,48406.79998997662,49414.14096890591,7457
2023-05-29 12:00:00,49414.14096890591,50566.44303445418,48807.842925449404,49752.0797377512,3086
2023-05-29 13:00:00,49752.0797377512,49148.68136373539,48794.491940614105,49000.14993119315,3589
2023-05-29 14:00:00,49000.14993119315,50110.440205110186,49106.64320922858,49138.11651030278,3508
2023-05-29 15:00:00,49138.11651030278,49743.723903777034,48884.556705062605,49341.672067122636,2193
2023-05-29 16:00:00,49341.672067122636,49210.49775956436,47154.526493098645,48772.979475424785,9439
2023-05-29 17:00:00,48772.979475424785,50597.39461161539,49511.8702538096,49750.28528699481,4672
2023-05-29 18:00:00,49750.28528699481,49422.69670283999,48943.289543842,49264.130303468206,8181
2023-05-29 19:00:00,49264.130303468206,48768.44293503583,47694.50860693124,48221.8220897221,6371
2023-05-29 20:00:00,48221.8220897221,49990.117920556455,48230.456900006175,49296.42658016588,7223
2023-05-29 21:00:00,49296.42658016588,48084.05396928409,47623.637836105765,47729.301508421195,9049
2023-05-29 22:00:00,47729.301508421195,49774.787861428864,48095.90067235649,48683.88106427279,9216
2023-05-29 23:00:00,48683.88106427279,49442.552897149086,49289.64780224178,49420.23291600836,9970
2023-05-30 00:00:00,49420.23291600836,51714.5288409465,49104.05043297515,49375.402274100954,6698
2023-05-30 01:00:00,49375.402274100954,48183.85152327202,47681.922452731604,48005.5444770971,6196
2023-05-30 02:00:00,48005.5444770971,49552.508273263695,48647.84616415365,48651.41823737469,9072
2023-05-30 03:00:00,48651.41823737469,49936.53295879281,48309.47978974752,48833.18719570809,2343
2023-05-30 04:00:00,48833.18719570809,49090.776928844505,48694.63419357514,49003.08539606913,1048
2023-05-30 05:00:00,49003.08539606913,49321.77244969601,48337.88303932574,48359.346878064775,9170
2023-05-30 06:00:00,48359.346878064775,49391.301808074284,46755.45538295452,48967.26850732599,3720
2023-05-30 07:00:00,48967.26850732599,49859.96580910801,48727.934247859,48967.27181391508,6379
2023-05-30 08:00:00,48967.27181391508,49080.87377104096,47128.673177182834,49041.649624617035,2958
2023-05-30 09:00:00,49041.649624617035,49061.04805480729,47892.36651597755,48895.73077599031,6884
2023-05-30 10:00:00,48895.73077599031,50325.772483364846,49259.20726119188,49318.04819543382,6502
2023-05-30 11:00:00,49318.04819543382,50079.38554042243,47987.59380217079,49194.837539761975,7558
2023-05-30 12:00:00,49194.837539761975,48616.09675870606,47909.81588799104,48531.2831848403,7528
2023-05-30 13:00:00,48531.2831848403,50279.92579583774,47523.76294672849,48648.70294807181,6690
2023-05-30 14:00:00,48648.70294807181,49443.46918726026,48781.03181114954,48829.37743209662,9644
2023-05-30 15:00:00,48829.37743209662,48792.90128137372,47709.28119287188,48541.87091081902,8631
2023-05-30 16:00:00,48541.87091081902,50744.055092349634,47725.90004418322,49348.726747679924,1101
2023-05-30 17:00:00,49348.726747679924,50386.45419989154,48083.11720120409,50062.02897488119,1535
2023-05-30 18:00:00,50062.02897488119,48025.252691032496,47465.646622243396,47986.48908347772,8039
2023-05-30 19:00:00,47986.48908347772,50873.7119247944,48328.16528170198,49014.06597046409,5344
2023-05-30 20:00:00,49014.06597046409,50427.56951415578,48595.591549996694,49491.13341439123,1712
2023-05-30 21:00:00,49491.13341439123,50030.57885204919,47414.704102069794,49143.597500254975,7241
2023-05-30 22:00:00,49143.597500254975,49221.83150132905,48506.69449354195,48941.40318610393,1026
2023-05-30 23:00:00,48941.40318610393,48379.67665390073,47540.30008248719,48254.33164425524,3253
2023-05-31 00:00:00,48254.33164425524,49162.52616169253,47674.89124808227,49025.25241660419,2086
2023-05-31 01:00:00,49025.25241660419,50006.611041902805,48395.60063639771,48570.39641566375,8123
2023-05-31 02:00:00,48570.39641566375,49132.162844057726,48876.58180075309,49067.86046284378,5467
2023-05-31 03:00:00,49067.86046284378,50796.377238276706,49716.82166347899,49733.4985761639,5255
2023-05-31 04:00:00,49733.4985761639,50143.87145269993,48555.46233974598,49563.84359516812,6647
2023-05-31 05:00:00,49563.84359516812,49871.92295943752,48263.58197381244,48799.14949427035,1474
2023-05-31 06:00:00,48799.14949427035,52036.21081207294,48151.90231045345,48782.521317143146,7532
2023-05-31 07:00:00,48782.521317143146,49706.482835730974,48280.3501308242,49267.28371322726,2061
2023-05-31 08:00:00,49267.28371322726,51006.9394150991,48594.54531552421,49761.86474767553,1303
2023-05-31 09:00:00,49761.86474767553,48354.819369643774,45886.43929677232,48113.11535427924,6724
2023-05-31 10:00:00,48113.11535427924,47923.955083609326,47145.03451171707,47846.18103303792,5133
2023-05-31 11:00:00,47846.18103303792,50680.1692109418,50221.85256939456,50541.89485040855,8571
2023-05-31 12:00:00,50541.89485040855,49395.11459934659,47256.11166974695,48422.52526623017,9782
2023-05-31 13:00:00,48422.52526623017,50463.735075342214,48834.665265740034,48957.418144840805,9855
2023-05-31 14:00:00,48957.418144840805,50507.78320528006,48141.95743138125,49314.1775242316,7743
2023-05-31 15:00:00,49314.1775242316,50389.84520908686,49469.23084790837,49825.94778600312,3028
2023-05-31 16:00:00,49825.94778600312,49762.039019517186,48887.64281362514,49346.082707928246,3769
2023-05-31 17:00:00,49346.082707928246,50969.18904154558,48161.963434906844,49625.61536485958,3987
2023-05-31 18:00:00,49625.61536485958,49783.695707387895,48029.707547736645,49121.410174034136,1780
2023-05-31 19:00:00,49121.410174034136,48694.595723964456,48152.496900914804,48483.80153697671,4313
2023-05-31 20:00:00,48483.80153697671,48908.678255359635,48129.706486615614,48761.818488327925,4043
2023-05-31 21:00:00,48761.818488327925,49612.70121824396,46787.511936555566,48661.94249962355,2169
2023-05-31 22:00:00,48661.94249962355,49826.14338609957,47586.35091271321,48670.57994913708,5022
2023-05-31 23:00:00,48670.57994913708,49430.94128259803,47988.857340778486,48993.46043514323,7664
2023-06-01 00:00:00,48993.46043514323,49276.775271013765,47889.58400913634,48249.53082624886,5966
2023-06-01 01:00:00,48249.53082624886,50254.49132815122,47983.878281565405,48618.07982021915,1656
2023-06-01 02:00:00,48618.07982021915,50078.9596238277,49184.206837555685,49472.31823153293,7426
2023-06-01 03:00:00,49472.31823153293,51907.553820665424,49053.50417225816,49900.882328817126,8791
2023-06-01 04:00:00,49900.882328817126,50690.8372361066,48279.78223928639,49316.81589300017,2793
2023-06-01 05:00:00,49316.81589300017,50281.057574435894,48513.65169715001,50219.53592069232,1645
2023-06-01 06:00:00,50219.53592069232,49331.74809113892,47011.710027308756,49002.93394528454,4584
2023-06-01 07:00:00,49002.93394528454,50548.02400618315,48710.29159218904,49678.786773070504,1661
2023-06-01 08:00:00,49678.786773070504,49408.24548713661,47765.56033220858,48672.53481086884,1387
2023-06-01 09:00:00,48672.53481086884,49604.951601934445,48909.5526317067,49042.894639100115,7471
2023-06-01 10:00:00,49042.894639100115,49198.20502064134,47519.728802425874,48588.7744912493,5019
2023-06-01 11:00:00,48588.7744912493,50256.90149875851,48922.15324070117,49124.41361487311,1034
2023-06-01 12:00:00,49124.41361487311,49256.865099743234,47835.274268989764,48896.5914687688,8618
2023-06-01 13:00:00,48896.5914687688,50355.566875130135,48343.32146141657,48661.317908738245,4176
2023-06-01 14:00:00,48661.317908738245,49255.76527828372,48409.41896406283,48981.048104822585,2586
2023-06-01 15:00:00,48981.048104822585,50208.605764029635,48734.56402691878,49402.10377156538,1952
2023-06-01 16:00:00,49402.10377156538,50136.92291455714,48907.976525114864,49703.02689628459,3970
2023-06-01 17:00:00,49703.02689628459,49528.32053917678,48916.17550691076,49004.10634737859,9791
2023-06-01 18:00:00,49004.10634737859,51289.23023091368,47792.8414296196,48499.507260048784,9752
2023-06-01 19:00:00,48499.507260048784,49655.54091942421,48901.631647861344,49555.39272054611,3811
2023-06-01 20:00:00,49555.39272054611,49148.922530005606,48350.19310954338,49027.855391413,1048
2023-06-01 21:00:00,49027.855391413,49772.23139130395,48340.23511670685,48714.93327842452,5372
2023-06-01 22:00:00,48714.93327842452,49515.49709968241,47404.48335962101,48549.25249817468,9421
2023-06-01 23:00:00,48549.25249817468,49281.8924507569,47862.02205947285,48832.324069148606,7368
2023-06-02 00:00:00,48832.324069148606,49207.515888372254,48196.74937433757,48514.97890584762,6133
2023-06-02 01:00:00,48514.97890584762,49775.965402434944,48343.16807902632,49607.90475157821,9524
2023-06-02 02:00:00,49607.90475157821,48914.72127975316,47895.64697690923,48792.60997547936,1942
2023-06-02 03:00:00,48792.60997547936,50039.4353825999,48253.60332627836,49222.79776699542,2991
2023-06-02 04:00:00,49222.79776699542,47721.60249571128,45811.340828367094,47535.200172044926,1112
2023-06-02 05:00:00,47535.200172044926,50665.53625600168,48882.066221356254,49780.597702051935,3811
2023-06-02 06:00:00,49780.597702051935,49510.883958415405,47260.90220164065,48579.170023679864,9421
2023-06-02 07:00:00,48579.170023679864,49011.03863440294,48380.13708905587,48690.914174629186,3518
2023-06-02 08:00:00,48690.914174629186,48804.55165855658,47549.46756863763,48100.0159990676,2041
2023-06-02 09:00:00,48100.0159990676,50462.51925592845,49690.885114184544,49845.98867121,2302
2023-06-02 10:00:00,49845.98867121,51421.790798115515,49043.08258619546,49701.49574922602,9868
2023-06-02 11:00:00,49701.49574922602,49071.357244696206,47923.891243331294,48179.912820658916,2260
2023-06-02 12:00:00,48179.912820658916,50991.187013702045,47502.432030383796,49030.84761522897,6412
2023-06-02 13:00:00,49030.84761522897,50058.672954670394,47271.384295083604,49216.29268470437,6587
2023-06-02 14:00:00,49216.29268470437,49792.90613609413,49057.893034909175,49452.761642282465,1244
2023-06-02 15:00:00,49452.761642282465,49877.20877258001,49218.28656045063,49308.97705337304,1249
2023-06-02 16:00:00,49308.97705337304,49438.69187161787,48770.00828516862,48871.56352355328,6971
2023-06-02 17:00:00,48871.56352355328,51668.70889673364,49275.663640529056,49478.51481175652,6968
2023-06-02 18:00:00,49478.51481175652,50323.74713970288,49214.64249053028,49821.38228819133,1073
2023-06-02 19:00:00,49821.38228819133,51126.30998832512,48399.17454736211,49279.72345698924,4679
2023-06-02 20:00:00,49279.72345698924,49307.94667419162,47704.18235373278,48265.27959049803,1984
2023-06-02 21:00:00,48265.27959049803,51050.0867850206,49280.731916874276,49744.82094188312,4955
2023-06-02 22:00:00,49744.82094188312,49465.410896398454,48608.99671185599,49350.228880294555,4045
2023-06-02 23:00:00,49350.228880294555,49881.09647019803,47213.218654968005,48695.71620567691,8637
2023-06-03 00:00:00,48695.71620567691,50237.80106223614,47950.19755562789,48646.68538389017,3373
2023-06-03 01:00:00,48646.68538389017,49399.98966902236,47827.42687427876,48516.635327895776,4974
2023-06-03 02:00:00,48516.635327895776,50690.40832898843,48261.102010443414,49874.96680550444,2951
2023-06-03 03:00:00,49874.96680550444,50365.5288261906,47764.064023202314,49233.336408956086,7725
2023-06-03 04:00:00,49233.336408956086,49884.9057407202,49554.40389428961,49764.90149971825,4769
2023-06-03 05:00:00,49764.90149971825,50183.775586686876,48745.53535334403,49614.75998781682,3343
2023-06-03 06:00:00,49614.75998781682,49723.6032941885,44677.98910534635,49073.52677432883,2054
2023-06-03 07:00:00,49073.52677432883,50297.0470119446,49718.226973712626,50165.734025716745,5014
2023-06-03 08:00:00,50165.734025716745,49977.40594755386,49006.57412586386,49531.21689794001,3508
2023-06-03 09:00:00,49531.21689794001,49225.95842786653,47707.58827812327,48929.07513062828,8423
2023-06-03 10:00:00,48929.07513062828,50437.05951094227,49318.78953799846,49596.19973295778,4613
2023-06-03 11:00:00,49596.19973295778,50486.58211749633,48626.94369337847,48987.564618217126,3400
2023-06-03 12:00:00,48987.564618217126,49856.41600853197,47423.3464619816,48974.7002409541,8626
2023-06-03 13:00:00,48974.7002409541,49682.31217755948,48437.83966738133,49263.32919267323,1833
2023-06-03 14:00:00,49263.32919267323,48695.5868705775,47505.92195141901,48285.87458742607,4164
2023-06-03 15:00:00,48285.87458742607,50506.49102168792,48862.87488029161,50233.83436951361,8166
2023-06-03 16:00:00,50233.83436951361,49831.95732900353,48983.538266542215,49559.4862033531,2690
2023-06-03 17:00:00,49559.4862033531,50161.196819545636,48396.25734966868,49460.879340042826,5288
2023-06-03 18:00:00,49460.879340042826,51243.502292391975,48862.02914726987,49467.91199447799,9116
2023-06-03 19:00:00,49467.91199447799,49062.22695119885,47905.72957689024,48878.92717763282,8086
2023-06-03 20:00:00,48878.92717763282,51567.49520607534,49016.97415959444,49440.81753532423,5747
2023-06-03 21:00:00,49440.81753532423,49922.12614453092,49068.573368684716,49447.756438008844,1592
2023-06-03 22:00:00,49447.756438008844,50508.0871820579,49204.009053515845,49714.835903672385,3421
2023-06-03 23:00:00,49714.835903672385,51230.420066770166,48565.83043574865,49345.821460873,9559
2023-06-04 00:00:00,49345.821460873,49504.562067577164,48674.206613262635,49140.314793582445,2728
2023-06-04 01:00:00,49140.314793582445,48499.85789130371,47904.737076271296,48402.45075601014,3173
2023-06-04 02:00:00,48402.45075601014,50869.4979763581,48597.21536682912,49400.40360461212,3021
2023-06-04 03:00:00,49400.40360461212,50477.52899424528,48718.76418136155,50019.91595331281,9839
2023-06-04 04:00:00,50019.91595331281,50782.172209606295,48487.17782220797,49631.16538097411,7368
2023-06-04 05:00:00,49631.16538097411,49588.394708352935,48717.92971829367,49259.67730749064,6873
2023-06-04 06:00:00,49259.67730749064,50809.467847882195,49774.74591194833,50191.499929708174,6635
2023-06-04 07:00:00,50191.499929708174,50205.84281388166,48613.580569085156,49715.867530220334,1652
2023-06-04 08:00:00,49715.867530220334,49965.85885892977,47688.44398041337,49962.1292766192,4964
2023-06-04 09:00:00,49962.1292766192,50766.14424119203,48659.114017971675,49429.84013145518,6101
2023-06-04 10:00:00,49429.84013145518,50714.484377322944,49304.53359736909,49588.8924374317,3696
2023-06-04 11:00:00,49588.8924374317,48758.785811421534,47566.523945630994,48517.61882440341,9966
2023-06-04 12:00:00,48517.61882440341,49992.944285132005,47753.840377962995,48952.32534093182,4048
2023-06-04 13:00:00,48952.32534093182,50604.98874568236,47989.412513070885,49292.34683556356,3074
2023-06-04 14:00:00,49292.34683556356,50568.0525962589,48572.79684441407,49418.856047258196,3312
2023-06-04 15:00:00,49418.856047258196,51099.198762911095,48787.80462628015,49945.831084095116,2350
2023-06-04 16:00:00,49945.831084095116,50046.30787549112,48821.60753006807,49707.67096614274,8323
2023-06-04 17:00:00,49707.67096614274,48924.7251243936,48645.800853606546,48860.396441805926,8546
2023-06-04 18:00:00,48860.396441805926,49305.23961680936,47632.46140694028,48676.03633152116,7486
2023-06-04 19:00:00,48676.03633152116,50320.351050682795,47140.96529147593,48751.61678049176,2009
2023-06-04 20:00:00,48751.61678049176,49349.18617631874,48248.727596794386,49009.89367791788,3272
2023-06-04 21:00:00,49009.89367791788,49965.06041226017,48920.47149376654,49627.20321991193,7063
2023-06-04 22:00:00,49627.20321991193,49793.47408102919,48219.47156613909,49459.1316354814,6709
2023-06-04 23:00:00,49459.1316354814,50522.37095909879,48911.96008127752,49810.74486860425,1282
2023-06-05 00:00:00,49810.74486860425,51036.76625976542,49879.21296158495,50901.93241634443,4286
2023-06-05 01:00:00,50901.93241634443,50331.58063067634,48952.42790720789,49908.82508690544,2882
2023-06-05 02:00:00,49908.82508690544,50556.024231001924,50149.22005477857,50273.16040377118,4889
2023-06-05 03:00:00,50273.16040377118,50672.715705243245,48869.037689831166,49289.49969516808,7358
2023-06-05 04:00:00,49289.49969516808,50263.88172960653,48330.30325066553,49414.40771769058,5749
2023-06-05 05:00:00,49414.40771769058,51665.65074825793,48365.56159631554,49787.84166595362,8636
2023-06-05 06:00:00,49787.84166595362,50795.701704041814,49449.677224862564,50068.9531195503,4957
2023-06-05 07:00:00,50068.9531195503,49210.52214850674,47820.4479836206,49041.12975445638,8531
2023-06-05 08:00:00,49041.12975445638,51167.5847567924,49496.78539501886,49954.11148615386,6731
2023-06-05 09:00:00,49954.11148615386,48959.59886988989,48460.86183552366,48908.90150226042,9032
2023-06-05 10:00:00,48908.90150226042,50243.20777617724,48625.56609354558,49575.46701064443,2861
2023-06-05 11:00:00,49575.46701064443,51866.49632788896,48500.30434885688,49023.700010214816,1242
2023-06-05 12:00:00,49023.700010214816,50238.38743625401,47928.83428241459,49180.64043675407,6511
2023-06-05 13:00:00,49180.64043675407,50085.243387051625,49116.47342469578,49436.28988273144,8636
2023-06-05 14:00:00,49436.28988273144,50736.025751341906,49458.78423960248,49939.50476156971,5003
2023-06-05 15:00:00,49939.50476156971,49531.384948157305,49057.49975191007,49486.18182802593,3195
2023-06-05 16:00:00,49486.18182802593,50345.842721078225,49101.222451345144,50284.556394736814,6634
2023-06-05 17:00:00,50284.556394736814,50656.2560582225,50427.7182741983,50521.84882714445,5562
2023-06-05 18:00:00,50521.84882714445,51367.96693830606,49522.641930428676,49761.623244451985,5713
2023-06-05 19:00:00,49761.623244451985,49506.081421351555,49296.51168490879,49498.71884449236,3075
2023-06-05 20:00:00,49498.71884449236,50240.30018921846,47929.014485413274,49832.422357666466,2057
2023-06-05 21:00:00,49832.422357666466,50401.43931406982,49001.77535851011,49537.642310023846,2320
2023-06-05 22:00:00,49537.642310023846,50103.82929961291,46229.04486925898,49389.2291636072,4699
2023-06-05 23:00:00,49389.2291636072,50465.551779429115,49142.002709532135,49944.33402335073,7562
2023-06-06 00:00:00,49944.33402335073,50678.70425809564,49456.27682458179,50127.98434602522,7163
2023-06-06 01:00:00,50127.98434602522,50967.78685720123,48986.13878748038,49346.01140671703,8537
2023-06-06 02:00:00,49346.01140671703,50715.61892186747,48541.853783729,49743.105695413775,4623
2023-06-06 03:00:00,49743.105695413775,50139.27955000584,48184.594249274596,49500.75162191821,3569
2023-06-06 04:00:00,49500.75162191821,50827.89434625633,49635.8022259678,50822.39400661991,5462
2023-06-06 05:00:00,50822.39400661991,49691.65636711799,47402.72403133421,49677.30383029594,9602
2023-06-06 06:00:00,49677.30383029594,52153.818544982125,49029.96949766239,49839.553990035376,3060
2023-06-06 07:00:00,49839.553990035376,49990.056963964016,48442.54947761535,49839.11048588516,1677
2023-06-06 08:00:00,49839.11048588516,48705.91066275343,48632.33172191061,48677.402979100334,9986
2023-06-06 09:00:00,48677.402979100334,50618.42343585767,48104.111094850414,49420.61186656244,5734
2023-06-06 10:00:00,49420.61186656244,49852.9335382042,49281.36445247756,49567.98680284231,4866
2023-06-06 11:00:00,49567.98680284231,51186.63463630872,50823.37945612345,51031.52550474095,7039
2023-06-06 12:00:00,51031.52550474095,50276.11136701735,48812.16828675541,49606.83662683629,7315
2023-06-06 13:00:00,49606.83662683629,51171.04116810588,49868.78226174266,50082.22325663209,7092
2023-06-06 14:00:00,50082.22325663209,50429.236459727625,48543.25905248011,49735.98892666651,8979
2023-06-06 15:00:00,49735.98892666651,51663.58284328737,49065.97661128658,50202.23988170607,3883
2023-06-06 16:00:00,50202.23988170607,49392.3052082508,48984.615284029955,49085.223436432934,1674
2023-06-06 17:00:00,49085.223436432934,50465.45078513707,49065.258747373504,50113.89145487697,4993
2023-06-06 18:00:00,50113.89145487697,50100.622650823134,48968.437985444965,49502.78448528461,4392
2023-06-06 19:00:00,49502.78448528461,50725.48567926427,48740.85557806494,49707.46851725567,4659
2023-06-06 20:00:00,49707.46851725567,49195.96670306723,48422.92920144017,48892.91537505788,5891
2023-06-06 21:00:00,48892.91537505788,51470.675936983374,49347.053875774676,50237.230777156874,7254
2023-06-06 22:00:00,50237.230777156874,49907.2704231519,48166.43734035757,49718.839674721006,2150
2023-06-06 23:00:00,49718.839674721006,49769.985327927534,48696.05365666223,49410.57381134398,8729
2023-06-07 00:00:00,49410.57381134398,50515.26657095686,47701.75061938996,48897.96412394158,7325
2023-06-07 01:00:00,48897.96412394158,50308.19085010433,48805.47325214121,49811.80187230613,4938
2023-06-07 02:00:00,49811.80187230613,50168.527266433906,49189.0279242353,49957.917152639784,3192
2023-06-07 03:00:00,49957.917152639784,52822.31994952847,49018.96455620684,50663.242644979706,6171
2023-06-07 04:00:00,50663.242644979706,51105.4377604631,49922.54478732702,50234.98688240364,7480
2023-06-07 05:00:00,50234.98688240364,52256.279261551485,49419.871438940325,49519.346424737916,7779
2023-06-07 06:00:00,49519.346424737916,51849.950750448224,49642.3199102592,50860.347583359166,8856
2023-06-07 07:00:00,50860.347583359166,51392.560960402334,50594.549295036864,50989.43500411103,3921
2023-06-07 08:00:00,50989.43500411103,50023.09615323279,49247.60752737271,49462.182510832805,2321
2023-06-07 09:00:00,49462.182510832805,51029.578712525086,49714.131741300385,50182.24276983618,9886
2023-06-07 10:00:00,50182.24276983618,51408.17451240849,49432.43993315997,50053.64680378086,6220
2023-06-07 11:00:00,50053.64680378086,50495.689127708465,49427.709522971985,49963.681124896764,2753
2023-06-07 12:00:00,49963.681124896764,50792.228653677106,48842.72642258929,49514.60374652546,5335
2023-06-07 13:00:00,49514.60374652546,53213.477131397085,50225.79338497725,50526.20918372655,9925
2023-06-07 14:00:00,50526.20918372655,49919.08733067186,48588.43919765974,49239.57260370373,5918
2023-06-07 15:00:00,49239.57260370373,51150.280993454515,49327.45590116706,49497.17384039336,1993
2023-06-07 16:00:00,49497.17384039336,50532.77011343327,49372.020781435436,49828.89702394419,2964
2023-06-07 17:00:00,49828.89702394419,50583.03945205373,49540.610562382724,50144.46415618807,9290
2023-06-07 18:00:00,50144.46415618807,51048.65845533507,50870.66023151914,50880.67657338455,6494
2023-06-07 19:00:00,50880.67657338455,50088.05149120879,47333.853662106114,49448.3183575229,8701
2023-06-07 20:00:00,49448.3183575229,50720.08674981562,49578.49682817655,50140.2319965409,7544
2023-06-07 21:00:00,50140.2319965409,49693.61259798362,49428.596778636056,49450.43869832491,9613
2023-06-07 22:00:00,49450.43869832491,50612.70898707595,50370.6712547001,50509.511512762365,6362
2023-06-07 23:00:00,50509.511512762365,51780.48103379179,50396.510217092124,50867.81260045572,3452
2023-06-08 00:00:00,50867.81260045572,51360.45465145203,49700.21947446805,49784.65188817414,7801
2023-06-08 01:00:00,49784.65188817414,51451.11765944122,49851.6747881905,50613.77730607984,9096
2023-06-08 02:00:00,50613.77730607984,51531.342170804746,49948.59661444249,50299.77981584877,2318
2023-06-08 03:00:00,50299.77981584877,52879.89861545321,49749.11980592413,50527.73239229299,5779
2023-06-08 04:00:00,50527.73239229299,50763.29585386414,49935.92597318051,50181.68413110578,2324
2023-06-08 05:00:00,50181.68413110578,51044.19960120976,49556.86506851484,49913.35583947889,9384
2023-06-08 06:00:00,49913.35583947889,50211.022936418536,49212.33261964839,49725.548168518675,8378
2023-06-08 07:00:00,49725.548168518675,50820.66049484338,50376.811041179266,50389.775707617606,4400
2023-06-08 08:00:00,50389.775707617606,50445.537580645585,49585.54221242045,50017.29975446081,5611
2023-06-08 09:00:00,50017.29975446081,52197.02076546864,49202.80317177652,49857.31535048591,1658
2023-06-08 10:00:00,49857.31535048591,50251.10407534524,49400.27087512371,49926.051325921224,3375
2023-06-08 11:00:00,49926.051325921224,50055.645450671844,49231.301803586335,49981.51086162014,5581
2023-06-08 12:00:00,49981.51086162014,51618.71220602352,48326.132199559404,50284.90539366682,7670
2023-06-08 13:00:00,50284.90539366682,49445.8528551688,47931.10628325639,48474.78082961322,4251
2023-06-08 14:00:00,48474.78082961322,51810.174444552504,49914.81756224109,50131.74417107853,4771
2023-06-08 15:00:00,50131.74417107853,50738.91789484253,49675.174060192556,49798.370942353446,3419
2023-06-08 16:00:00,49798.370942353446,51536.62912730324,50214.30111477136,51095.35197874769,1685
2023-06-08 17:00:00,51095.35197874769,51470.80613919859,50201.40850520039,50552.7760747967,1710
2023-06-08 18:00:00,50552.7760747967,50932.71592514059,49608.549794049555,50111.89582474516,3594
2023-06-08 19:00:00,50111.89582474516,50500.04324030455,48794.721068492654,50006.66841340877,5143
2023-06-08 20:00:00,50006.66841340877,52508.87932733001,50457.06514165481,50806.6944563224,4605
2023-06-08 21:00:00,50806.6944563224,51486.20453526686,50475.75118258122,50640.671685303205,1130
2023-06-08 22:00:00,50640.671685303205,50686.258483641766,50546.82537812856,50599.61258654864,4729
2023-06-08 23:00:00,50599.61258654864,51368.45842260015,47762.319599907845,49985.52903634216,8039
2023-06-09 00:00:00,49985.52903634216,51354.356493368665,49471.77936015487,50774.340871169195,1507
2023-06-09 01:00:00,50774.340871169195,51728.274010344816,49513.07919904059,50224.067492237344,9951
2023-06-09 02:00:00,50224.067492237344,50431.228602845156,49884.03931212022,50259.93615761495,9082
2023-06-09 03:00:00,50259.93615761495,50799.86740534275,49386.41269354261,49536.82541136981,2222
2023-06-09 04:00:00,49536.82541136981,51752.389465919456,50119.58789104268,50502.453043495174,1540
2023-06-09 05:00:00,50502.453043495174,50924.75744140908,50204.41685559693,50469.92416920056,7702
2023-06-09 06:00:00,50469.92416920056,51841.62810628453,49907.20009030032,50199.41937438929,9083
2023-06-09 07:00:00,50199.41937438929,53350.17295573534,49704.853782467755,51504.72056862708,3480
2023-06-09 08:00:00,51504.72056862708,50782.01387068973,48710.80794998778,49960.56211961988,7742
2023-06-09 09:00:00,49960.56211961988,50416.13992141906,49734.990895946874,50307.486469677366,6638
2023-06-09 10:00:00,50307.486469677366,51683.21858828357,49524.14433880094,50749.5569879511,6523
2023-06-09 11:00:00,50749.5569879511,51063.765866186295,48940.82152559955,50350.95625460293,4058
2023-06-09 12:00:00,50350.95625460293,51247.87844314436,48185.12817622846,49459.69368349478,8948
2023-06-09 13:00:00,49459.69368349478,50121.05653453039,49999.74789684798,50116.921794547015,8232
2023-06-09 14:00:00,50116.921794547015,51258.89702733819,49996.66375024076,50617.35655332778,5835
2023-06-09 15:00:00,50617.35655332778,51418.112184086065,49413.39893726029,50885.30188707468,7873
2023-06-09 16:00:00,50885.30188707468,51209.46327135307,49834.49764417335,50883.88416328075,8701
2023-06-09 17:00:00,50883.88416328075,50751.11612621768,49322.29916071592,50328.003241447615,4039
2023-06-09 18:00:00,50328.003241447615,50838.06169025099,50139.210277760845,50557.42331601684,8459
2023-06-09 19:00:00,50557.42331601684,50170.62171812778,46955.13984408715,49579.33789322332,9447
2023-06-09 20:00:00,49579.33789322332,50492.922748048375,48993.88866783036,50450.057192155655,7131
2023-06-09 21:00:00,50450.057192155655,50797.1780824185,48844.09795114678,50230.82963140239,1825
2023-06-09 22:00:00,50230.82963140239,49921.225167765086,48509.96457647963,48809.11741425072,1533
2023-06-09 23:00:00,48809.11741425072,52083.87844710381,49595.84537802122,50178.78980063066,2237
2023-06-10 00:00:00,50178.78980063066,51107.87751766004,50195.59514396955,50222.14146929114,5836
2023-06-10 01:00:00,50222.14146929114,51419.06519701693,50517.20993496746,51403.438335824285,1459
2023-06-10 02:00:00,51403.438335824285,52642.38095538719,50127.16095285821,51091.975148570506,6980
2023-06-10 03:00:00,51091.975148570506,52092.43973264223,50259.20281470918,50919.33478623524,4226
2023-06-10 04:00:00,50919.33478623524,51162.522621673044,49138.84034272367,50556.95046130945,5092
2023-06-10 05:00:00,50556.95046130945,50841.717242529325,49861.60572726511,50364.25478184945,5528
2023-06-10 06:00:00,50364.25478184945,51052.0991014876,50306.83135137228,50591.456105167636,4997
2023-06-10 07:00:00,50591.456105167636,52201.04309277111,50985.46870966194,51407.14741504426,3701
2023-06-10 08:00:00,51407.14741504426,51445.84200043261,49031.37745567543,49983.05724105018,6349
2023-06-10 09:00:00,49983.05724105018,51264.71842978802,49435.7742706296,51120.38895825817,4475
2023-06-10 10:00:00,51120.38895825817,51196.88011033493,49557.20433336568,50146.270182510845,1617
2023-06-10 11:00:00,50146.270182510845,51790.26310849561,49044.85428887545,51206.464360859136,9377
2023-06-10 12:00:00,51206.464360859136,51011.294381241874,50418.25950261197,50565.42764361961,5808
2023-06-10 13:00:00,50565.42764361961,52907.59787969834,50056.814003830594,50699.73093736671,1382
2023-06-10 14:00:00,50699.73093736671,50876.06579673947,48944.63973230288,50290.80027235553,6059
2023-06-10 15:00:00,50290.80027235553,50704.8694763331,48216.0950322089,50069.998305300935,3368
2023-06-10 16:00:00,50069.998305300935,51304.94250975188,50859.23716150558,50909.49569449243,8898
2023-06-10 17:00:00,50909.49569449243,52917.427737592785,49636.996365244515,51084.43322888366,3398
2023-06-10 18:00:00,51084.43322888366,51758.5451752813,51160.421459728124,51345.557904746405,3588
2023-06-10 19:00:00,51345.557904746405,52561.51103707082,49145.57176187716,50144.52321248241,5399
2023-06-10 20:00:00,50144.52321248241,52036.945246170995,50947.053747920436,51487.53551290307,2249
2023-06-10 21:00:00,51487.53551290307,53718.1162793111,50185.50602742984,50781.046927512,1497
2023-06-10 22:00:00,50781.046927512,50664.329625222475,50033.58204922638,50066.836622236704,8578
2023-06-10 23:00:00,50066.836622236704,50773.76525106125,49625.379544531475,49979.316436665074,2466
2023-06-11 00:00:00,49979.316436665074,51854.75960511183,50662.92979968506,50876.789895000096,1490
2023-06-11 01:00:00,50876.789895000096,50929.702898463685,49719.78052030395,50922.673809998545,2918
2023-06-11 02:00:00,50922.673809998545,51486.914511272684,48969.830514238085,50807.19836182738,7099
2023-06-11 03:00:00,50807.19836182738,50708.73564346312,48445.60259715028,49976.22483788134,2713
2023-06-11 04:00:00,49976.22483788134,51298.74615232094,49876.08136169616,51080.35561892091,4844
2023-06-11 05:00:00,51080.35561892091,51403.85544060429,50980.9828473929,51133.73331551333,3363
2023-06-11 06:00:00,51133.73331551333,50873.723298356344,50704.82037849611,50762.021546199416,4761
2023-06-11 07:00:00,50762.021546199416,51836.34086585634,50188.788271034646,51136.74575122026,8179
2023-06-11 08:00:00,51136.74575122026,51091.607435621336,50044.14814965527,50437.7296999177,7907
2023-06-11 09:00:00,50437.7296999177,52266.83242908321,50486.205099715255,50995.95317725651,1082
2023-06-11 10:00:00,50995.95317725651,51718.19961629395,51134.97143716322,51551.0650214442,6760
2023-06-11 11:00:00,51551.0650214442,53281.539660793846,51001.306077292444,51018.61378443445,9796
2023-06-11 12:00:00,51018.61378443445,51219.44516743699,49632.645564819104,50503.44179504063,9922
2023-06-11 13:00:00,50503.44179504063,51727.27571712447,50132.72964092493,50933.5379324828,1977
2023-06-11 14:00:00,50933.5379324828,52271.9173966158,51909.29061811312,52033.37546356919,4300
2023-06-11 15:00:00,52033.37546356919,50420.14128635391,49389.945465988996,50228.759075699934,9327
2023-06-11 16:00:00,50228.759075699934,51316.524803141314,50881.673683033776,51240.330928279014,3398
2023-06-11 17:00:00,51240.330928279014,52445.01593896487,49620.01510918682,51190.79973413133,6363
2023-06-11 18:00:00,51190.79973413133,51857.86956892457,50791.932962597406,50877.885328164804,3134
2023-06-11 19:00:00,50877.885328164804,50043.77674281488,49908.787993963146,50037.888506413416,4689
2023-06-11 20:00:00,50037.888506413416,52279.98101294637,51325.76129931734,51488.090657072506,4390
2023-06-11 21:00:00,51488.090657072506,52018.55985501077,49926.33786977405,50807.66232355627,4796
2023-06-11 22:00:00,50807.66232355627,51677.51029449919,49355.12230195289,51135.65337307904,5306
2023-06-11 23:00:00,51135.65337307904,51489.2435078846,51174.538006049035,51219.57258732351,2446
2023-06-12 00:00:00,51219.57258732351,51218.68176964799,48745.234515042444,50413.788166792576,2717
2023-06-12 01:00:00,50413.788166792576,51592.54320896921,49237.44775336889,50456.74213291166,8475
2023-06-12 02:00:00,50456.74213291166,53091.47705629903,51009.2675014599,51437.63628763592,7594
2023-06-12 03:00:00,51437.63628763592,52284.40092393918,51342.09232026872,52237.13202747776,6755
2023-06-12 04:00:00,52237.13202747776,51618.14927766276,50472.136114375404,50967.21682067634,3974
2023-06-12 05:00:00,50967.21682067634,51628.48995521931,49640.389835012655,50621.953805355464,7826
2023-06-12 06:00:00,50621.953805355464,52220.993191438974,51036.88698102713,51507.981139465475,9764
2023-06-12 07:00:00,51507.981139465475,50689.96976405006,49371.56004335402,50550.6634359514,6018
2023-06-12 08:00:00,50550.6634359514,50868.176288154085,50483.3849631141,50724.464549116055,8467
2023-06-12 09:00:00,50724.464549116055,52101.87038969414,50749.64741497121,51549.434669433525,3655
2023-06-12 10:00:00,51549.434669433525,53022.955875880114,49835.79236774021,50794.294281855524,3129
2023-06-12 11:00:00,50794.294281855524,50214.69442966824,49666.700167259485,50040.30952853598,7866
2023-06-12 12:00:00,50040.30952853598,51241.237549067126,49544.82844679617,50619.09911845071,9754
2023-06-12 13:00:00,50619.09911845071,51537.96803330124,50547.1952385205,51056.81038597138,7249
2023-06-12 14:00:00,51056.81038597138,51699.20102156415,49930.58193915367,50685.583557513295,1986
2023-06-12 15:00:00,50685.583557513295,52121.3618696337,50558.217576222036,51827.61659252001,2569
2023-06-12 16:00:00,51827.61659252001,50802.01865166651,49673.74486278323,50008.66013126855,5176
2023-06-12 17:00:00,50008.66013126855,52401.96596764696,50468.7232044455,50883.84160361652,8906
2023-06-12 18:00:00,50883.84160361652,51542.17458583294,49245.812265497094,50775.999455449644,6882
2023-06-12 19:00:00,50775.999455449644,52163.977186105585,51034.817622203074,51052.997022926116,7870
2023-06-12 20:00:00,51052.997022926116,51785.71173300223,50177.31069424483,50530.46735559447,4406
2023-06-12 21:00:00,50530.46735559447,51200.95509157445,50823.15996844572,51097.17062108806,1554
2023-06-12 22:00:00,51097.17062108806,51455.80867885257,50619.16937181983,51409.05464371367,1948
2023-06-12 23:00:00,51409.05464371367,51461.500112441296,49618.32075455429,51125.449859305576,8419
2023-06-13 00:00:00,51125.449859305576,52080.77094589947,51194.945035746,51568.83041308366,8322
2023-06-13 01:00:00,51568.83041308366,51380.62149967436,48191.33985292035,50876.95227979742,4271
2023-06-13 02:00:00,50876.95227979742,51387.26719605708,49468.68615868323,50414.10051760667,1881
2023-06-13 03:00:00,50414.10051760667,51818.10599951501,50685.31302589625,51362.29967478213,9403
2023-06-13 04:00:00,51362.29967478213,51677.5772501335,50517.524839193495,50856.66117035916,9892
2023-06-13 05:00:00,50856.66117035916,52144.644893630124,49873.381333856996,50580.73467467379,6259
2023-06-13 06:00:00,50580.73467467379,52212.55507885896,50907.24099247769,50955.80027247234,5771
2023-06-13 07:00:00,50955.80027247234,52810.00622460948,49555.38352988221,50814.42117934713,4337
2023-06-13 08:00:00,50814.42117934713,51336.61173626179,50458.39607499145,50772.029759292505,7967
2023-06-13 09:00:00,50772.029759292505,51401.7640950557,49220.62526855079,50799.633574107356,8993
2023-06-13 10:00:00,50799.633574107356,52377.83105586695,51031.62652653455,51732.02236750073,8386
2023-06-13 11:00:00,51732.02236750073,52542.51096189924,50512.033908170284,51033.82663588111,1079
2023-06-13 12:00:00,51033.82663588111,51644.07500028054,50691.34459858786,50835.34907230232,1618
2023-06-13 13:00:00,50835.34907230232,50914.07609106282,49029.75927612041,50847.138627712404,9114
2023-06-13 14:00:00,50847.138627712404,51810.86245114913,50918.19876396933,51272.094284866835,8235
2023-06-13 15:00:00,51272.094284866835,51592.559866965334,49540.73286132884,50572.934352582764,9160
2023-06-13 16:00:00,50572.934352582764,51171.98366771458,49812.35179639507,50556.23978259798,8318
2023-06-13 17:00:00,50556.23978259798,52999.94771300098,50464.075244253836,51268.51540789077,3934
2023-06-13 18:00:00,51268.51540789077,52692.614779880794,50687.52251012049,51071.937879926445,1215
2023-06-13 19:00:00,51071.937879926445,52619.4455951008,50164.19573448401,50674.87220527728,3090
2023-06-13 20:00:00,50674.87220527728,50948.166314624985,49973.91259451367,50486.5583676436,6334
2023-06-13 21:00:00,50486.5583676436,52113.44515142991,50660.453412383606,51400.79032371003,4176
2023-06-13 22:00:00,51400.79032371003,53038.79777671358,50611.87440202748,51356.39491591488,4345
2023-06-13 23:00:00,51356.39491591488,52609.267937036406,51431.18668714949,51945.91009930604,8741
2023-06-14 00:00:00,51945.91009930604,51616.07731067028,50245.94707915145,50545.64999572361,1827
2023-06-14 01:00:00,50545.64999572361,52238.741493702015,50671.98759222921,50821.417864730494,7798
2023-06-14 02:00:00,50821.417864730494,51847.873151838685,50327.983337273254,51160.41580041153,5744
2023-06-14 03:00:00,51160.41580041153,52605.47315326592,49138.73820348489,51194.67124763189,2781
2023-06-14 04:00:00,51194.67124763189,51388.470278099456,50721.519723409954,50873.20514582277,5834
2023-06-14 05:00:00,50873.20514582277,52723.72638694438,50656.99305619303,50963.98957593463,3983
2023-06-14 06:00:00,50963.98957593463,52683.598532407574,50008.87190730689,51228.84529286435,5887
2023-06-14 07:00:00,51228.84529286435,51795.98148747646,50142.26777794804,50163.229594197925,3828
2023-06-14 08:00:00,50163.229594197925,52383.94335361024,49328.880691838334,50855.713482439,3469
2023-06-14 09:00:00,50855.713482439,51964.69649313171,50933.71755762944,51518.18279645041,6432
2023-06-14 10:00:00,51518.18279645041,50773.32113752518,49653.427004534904,50478.85094390532,8077
2023-06-14 11:00:00,50478.85094390532,51287.028863268686,48750.03204602809,50706.71970562384,8001
2023-06-14 12:00:00,50706.71970562384,51691.05090844557,50483.49339674224,50920.29945243565,8210
2023-06-14 13:00:00,50920.29945243565,50990.84066234737,49112.519840657216,50734.27918694973,5690
2023-06-14 14:00:00,50734.27918694973,51143.513120383366,49662.5062034876,50410.80569720142,8986
2023-06-14 15:00:00,50410.80569720142,51651.241946221926,50107.081713407446,50384.521590623284,1831
2023-06-14 16:00:00,50384.521590623284,51099.74080183125,50184.34207292889,50934.58429866054,3117
2023-06-14 17:00:00,50934.58429866054,51094.3523889983,49645.85079134734,50828.52022280748,7760
2023-06-14 18:00:00,50828.52022280748,53394.77756714321,50901.498268738134,51357.43953033892,7062
2023-06-14 19:00:00,51357.43953033892,51422.99117424807,49073.76388345088,51245.87285191988,1410
2023-06-14 20:00:00,51245.87285191988,51773.72173266038,51056.015652008755,51231.555268709584,1598
2023-06-14 21:00:00,51231.555268709584,53861.446727412134,50881.57569299523,50958.323433556994,8086
2023-06-14 22:00:00,50958.323433556994,51036.70959574193,49980.224725744374,50725.31991392437,7700
2023-06-14 23:00:00,50725.31991392437,51881.51509419104,49591.04884558266,51183.98609881159,4740
2023-06-15 00:00:00,51183.98609881159,51992.27566395922,51432.356382066406,51533.80869386391,1043
2023-06-15 01:00:00,51533.80869386391,51684.25526648315,51161.55959065148,51588.31412316087,8278
2023-06-15 02:00:00,51588.31412316087,53761.71669154443,50789.57942035152,51240.37812967471,6615
2023-06-15 03:00:00,51240.37812967471,51658.86960868682,50142.154148032394,51006.6186135137,3995
2023-06-15 04:00:00,51006.6186135137,50964.0501413312,49292.998200195274,50190.069647939454,4284
2023-06-15 05:00:00,50190.069647939454,53141.220461068704,51174.772721236295,51602.28425048793,1616
2023-06-15 06:00:00,51602.28425048793,51865.19479042116,50137.20397807223,51605.469737257095,5887
2023-06-15 07:00:00,51605.469737257095,51806.80226151096,50705.18879202992,51346.13933044935,1812
2023-06-15 08:00:00,51346.13933044935,52407.37620493579,51136.13801544053,52124.576369437775,4424
2023-06-15 09:00:00,52124.576369437775,50944.021621914464,50184.472195730814,50770.337463063166,3207
2023-06-15 10:00:00,50770.337463063166,51614.700783640394,50772.85919054155,51050.56828309152,4368
2023-06-15 11:00:00,51050.56828309152,51328.57980985285,50436.79432281527,51123.32202295685,5380
2023-06-15 12:00:00,51123.32202295685,50521.31165126362,49784.89027991219,50426.29984568205,6221
2023-06-15 13:00:00,50426.29984568205,52527.725959635856,50488.760110884614,51296.51431893033,5612
2023-06-15 14:00:00,51296.51431893033,51153.41092628967,50233.0729080425,50894.64661259363,8059
2023-06-15 15:00:00,50894.64661259363,53510.26342583048,51277.896784760895,51373.16419076584,6635
2023-06-15 16:00:00,51373.16419076584,51463.283043781594,49388.844671796964,50184.40473512055,2429
2023-06-15 17:00:00,50184.40473512055,52336.12486662075,51339.37049998891,51925.599501561366,7271
2023-06-15 18:00:00,51925.599501561366,52726.83861775685,50267.279523789366,51950.57621258807,2547
2023-06-15 19:00:00,51950.57621258807,51483.02831538147,50409.90730020812,50675.952870796944,1513
2023-06-15 20:00:00,50675.952870796944,52351.7716264814,50405.66351379507,51679.078664655775,4803
2023-06-15 21:00:00,51679.078664655775,51851.57399125046,50774.73414574033,51222.292792653585,9003
2023-06-15 22:00:00,51222.292792653585,50878.829700183436,50213.99549230844,50618.760648000185,1976
2023-06-15 23:00:00,50618.760648000185,51700.620194290226,48339.964189277445,50654.655664351376,2549
2023-06-16 00:00:00,50654.655664351376,53809.03830134221,50910.72523501633,51405.31672929191,3621
2023-06-16 01:00:00,51405.31672929191,52124.30188320597,51113.82716512558,51157.417583787545,9351
2023-06-16 02:00:00,51157.417583787545,50596.20605756626,49518.42522894023,50573.59092633359,7399
2023-06-16 03:00:00,50573.59092633359,52489.64564677374,50248.01297309391,50983.83429755545,3795
2023-06-16 04:00:00,50983.83429755545,52438.00813045321,49598.93843904473,51178.212018130616,4588
2023-06-16 05:00:00,51178.212018130616,50014.705754575,49107.90504328794,49953.15409115166,7824
2023-06-16 06:00:00,49953.15409115166,50844.10312016966,50458.61654189983,50552.16329413136,8331
2023-06-16 07:00:00,50552.16329413136,51820.0248403141,51354.04728533497,51742.86168132222,9963
2023-06-16 08:00:00,51742.86168132222,51249.424981819895,49957.185704715666,50372.061816805886,4585
2023-06-16 09:00:00,50372.061816805886,52061.733687565116,49475.527248577986,50610.53222355266,9533
2023-06-16 10:00:00,50610.53222355266,51435.06448260106,50991.75284275592,51071.01341082277,3925
2023-06-16 11:00:00,51071.01341082277,51536.3817824015,49533.55161413099,50763.545886092405,5590
2023-06-16 12:00:00,50763.545886092405,51709.266532832684,51102.64787139624,51225.01201084893,9201
2023-06-16 13:00:00,51225.01201084893,52668.408733816956,51170.94549610851,51868.816539922875,2558
2023-06-16 14:00:00,51868.816539922875,51161.02715361122,50335.27968874431,50340.1724389232,6339
2023-06-16 15:00:00,50340.1724389232,52965.511979757124,50934.557614381265,51791.71955633761,6830
2023-06-16 16:00:00,51791.71955633761,51577.12710652098,50270.193107068095,50494.34059417369,3931
2023-06-16 17:00:00,50494.34059417369,51894.23749704022,51035.85281557544,51096.652688354596,7513
2023-06-16 18:00:00,51096.652688354596,51977.12637734913,49690.54671679135,51019.027981826024,7323
2023-06-16 19:00:00,51019.027981826024,51806.018050893625,50039.128559304576,51476.038397881006,2555
2023-06-16 20:00:00,51476.038397881006,53456.597802488635,50663.18973545022,51235.25334189485,5839
2023-06-16 21:00:00,51235.25334189485,51230.54458319932,50735.49156005995,50928.019301298315,1746
2023-06-16 22:00:00,50928.019301298315,51088.063359970176,50042.12994431756,50677.399296478594,6321
2023-06-16 23:00:00,50677.399296478594,52197.871287843656,50981.33196203445,51370.23576753321,8148
2023-06-17 00:00:00,51370.23576753321,50350.43054226298,47644.7504341324,50319.750786783094,7173
2023-06-17 01:00:00,50319.750786783094,51268.52593757827,50364.37756926208,51173.63383348581,8216
2023-06-17 02:00:00,51173.63383348581,51527.023248968624,49635.48896377079,50392.34949755224,7324
2023-06-17 03:00:00,50392.34949755224,50945.35305814155,47139.984717875275,50190.407980572796,1265
2023-06-17 04:00:00,50190.407980572796,51081.07554445158,50301.83031423079,50586.6397343397,5974
2023-06-17 05:00:00,50586.6397343397,52535.750205319804,49600.368911964884,50676.398929472816,2085
2023-06-17 06:00:00,50676.398929472816,52242.739134532545,49554.5028017103,50678.66558986522,9292
2023-06-17 07:00:00,50678.66558986522,53374.69066133227,50743.242116810026,51380.09523796054,4048
2023-06-17 08:00:00,51380.09523796054,51060.51812780175,49459.84455591453,51015.46321459274,6263
2023-06-17 09:00:00,51015.46321459274,51838.819409181415,50916.58431968887,51607.35136425461,5640
2023-06-17 10:00:00,51607.35136425461,50980.04221036379,49643.91160743118,49903.46403059701,9275
2023-06-17 11:00:00,49903.46403059701,53202.215684685616,50916.98290139239,51724.25246395845,9741
2023-06-17 12:00:00,51724.25246395845,53036.07200745867,49294.68833850554,50497.42172200072,5682
2023-06-17 13:00:00,50497.42172200072,52088.52349107876,49445.78319815097,51052.52072336021,6157
2023-06-17 14:00:00,51052.52072336021,52192.10521231723,50685.946770263654,50966.94123426008,5191
2023-06-17 15:00:00,50966.94123426008,50408.15359553204,49375.95782837351,50210.25739492711,6135
2023-06-17 16:00:00,50210.25739492711,50977.24049077364,49896.53013480545,50596.03292997217,8174
2023-06-17 17:00:00,50596.03292997217,50171.992166886565,49447.085242091845,49956.03051945936,2609
2023-06-17 18:00:00,49956.03051945936,50429.071104409755,49899.75868830414,50291.403799932705,3448
2023-06-17 19:00:00,50291.403799932705,50791.25152536787,50745.20684871491,50760.278152722414,7966
2023-06-17 20:00:00,50760.278152722414,50846.57027716637,50268.71530291491,50374.61481010225,3668
2023-06-17 21:00:00,50374.61481010225,50442.73011311322,49577.31198339789,50014.61706313488,5414
2023-06-17 22:00:00,50014.61706313488,51481.52434045311,50389.09545585788,50577.23952580057,3894
2023-06-17 23:00:00,50577.23952580057,51218.71915731114,50813.74379089089,50989.683053188506,2890
2023-06-18 00:00:00,50989.683053188506,51059.597979730235,49667.40416650294,50527.459971701464,7581
2023-06-18 01:00:00,50527.459971701464,51667.833984935525,50558.315974293066,50937.60844377144,8300
2023-06-18 02:00:00,50937.60844377144,51965.98802857826,49207.82442010204,50284.80659914794,9223
2023-06-18 03:00:00,50284.80659914794,51797.357472465,50731.58282692838,50795.55479972045,1792
2023-06-18 04:00:00,50795.55479972045,51141.640704070174,50042.50015632607,50051.298696269354,9421
2023-06-18 05:00:00,50051.298696269354,50662.252075616416,50396.68606999803,50514.79941939516,5635
2023-06-18 06:00:00,50514.79941939516,53638.47220098073,50308.83101810469,50996.86147104441,6155
2023-06-18 07:00:00,50996.86147104441,51249.366592211954,50632.438348089156,51087.25996126197,1232
2023-06-18 08:00:00,51087.25996126197,52263.42801506957,49684.21487743368,50979.50013117471,8849
2023-06-18 09:00:00,50979.50013117471,52654.5216621245,48939.593321768494,50789.628388631216,2172
2023-06-18 10:00:00,50789.628388631216,50717.69988240175,49760.2212478701,50507.831806690636,8963
2023-06-18 11:00:00,50507.831806690636,50330.41392016605,49589.62040782704,50245.56244373854,2579
2023-06-18 12:00:00,50245.56244373854,50468.099268420796,49266.98856542571,50109.899057530034,8902
2023-06-18 13:00:00,50109.899057530034,50836.28119945742,50469.95622302506,50783.164916219124,3390
2023-06-18 14:00:00,50783.164916219124,52585.004134753195,48348.47173255296,50105.95159764607,9354
2023-06-18 15:00:00,50105.95159764607,51690.34897004891,50906.10756223528,51659.81093328325,7002
2023-06-18 16:00:00,51659.81093328325,52550.89824717869,49456.258790998676,50914.57801756756,1542
2023-06-18 17:00:00,50914.57801756756,50436.193136899616,49249.04398704969,50407.59539134054,2432
2023-06-18 18:00:00,50407.59539134054,50691.950737776344,49209.08166928498,49973.058169126976,1968
2023-06-18 19:00:00,49973.058169126976,50138.1468850644,48774.40162475466,49365.17999067725,5819
2023-06-18 20:00:00,49365.17999067725,51267.30584848502,48971.209550453175,49301.57615553258,5300
2023-06-18 21:00:00,49301.57615553258,50767.1171933768,50269.83477685347,50691.833313406845,4998
2023-06-18 22:00:00,50691.833313406845,50669.227122194985,50388.03679790008,50481.41302167204,6421
2023-06-18 23:00:00,50481.41302167204,50857.108317672864,48102.383267426165,49297.45888409294,9141
2023-06-19 00:00:00,49297.45888409294,51395.647595769704,49110.66230696774,49617.64871260347,6368
2023-06-19 01:00:00,49617.64871260347,50422.904492788635,48675.01749545202,50161.75459608093,5080
2023-06-19 02:00:00,50161.75459608093,50936.55678700244,50128.23580320944,50400.453590425226,1222
2023-06-19 03:00:00,50400.453590425226,50288.448070791295,49708.52543148832,50226.331412775435,3536
2023-06-19 04:00:00,50226.331412775435,50692.58409153182,48123.807578101325,49622.38331873145,8722
2023-06-19 05:00:00,49622.38331873145,51721.50731056413,50160.38852121256,50196.2078160574,2371
2023-06-19 06:00:00,50196.2078160574,50981.8734966569,48954.38776712734,50635.74277818235,9756
2023-06-19 07:00:00,50635.74277818235,50391.65237943716,49450.45946258893,49710.98001611851,5998
2023-06-19 08:00:00,49710.98001611851,50800.590783106185,50199.722516323105,50314.85996231724,2636
2023-06-19 09:00:00,50314.85996231724,50639.27316266523,49930.895126880016,50456.68271211004,2244
2023-06-19 10:00:00,50456.68271211004,52315.94519719173,48703.32714731185,51070.905834942285,6306
2023-06-19 11:00:00,51070.905834942285,51038.56171311704,48223.73664675262,50082.03094542031,9450
2023-06-19 12:00:00,50082.03094542031,52249.29523993904,50232.14387787053,50434.531182644416,6615
2023-06-19 13:00:00,50434.531182644416,50570.0239908913,50048.93263732855,50294.13765405649,4635
2023-06-19 14:00:00,50294.13765405649,50850.35291873568,48701.007565116124,49743.376320018375,9231
2023-06-19 15:00:00,49743.376320018375,51863.750122151905,49036.951312570905,49866.56476038952,3504
2023-06-19 16:00:00,49866.56476038952,50347.779924042574,48437.181486787194,50077.67183771261,5097
2023-06-19 17:00:00,50077.67183771261,51498.60772963125,50414.06936804316,50913.28167527495,7186
2023-06-19 18:00:00,50913.28167527495,49873.091939506274,48500.06854930762,49791.88059048289,8807
2023-06-19 19:00:00,49791.88059048289,50364.148101478575,48406.38545021309,49789.64535885642,5202
2023-06-19 20:00:00,49789.64535885642,49876.04521939409,48710.695704226884,49291.37935486335,6403
2023-06-19 21:00:00,49291.37935486335,49881.788099950405,49751.158774634474,49849.2794080572,6185
2023-06-19 22:00:00,49849.2794080572,50353.91075939701,48573.49148033,49514.503449041156,8152
2023-06-19 23:00:00,49514.503449041156,49875.20644939103,48649.715360858696,49641.965294451904,5942
2023-06-20 00:00:00,49641.965294451904,51721.83733420199,49855.32736534834,50451.717704727474,1741
2023-06-20 01:00:00,50451.717704727474,50227.0749820814,48795.3666711994,49992.58682718004,5509
2023-06-20 02:00:00,49992.58682718004,52092.5328525175,51253.10662211419,51488.24236251282,9009
2023-06-20 03:00:00,51488.24236251282,50783.334233689515,50136.46952218986,50344.92162368914,5808
2023-06-20 04:00:00,50344.92162368914,50993.16532747863,48552.393769328955,49916.03513098432,7733
2023-06-20 05:00:00,49916.03513098432,51184.64391170228,49396.531743101594,50594.21589487655,2014
2023-06-20 06:00:00,50594.21589487655,51393.4049286672,49247.6762309701,49560.46956249132,4106
2023-06-20 07:00:00,49560.46956249132,50890.18818037866,48738.76385015517,50502.677800723635,3584
2023-06-20 08:00:00,50502.677800723635,51257.1328449926,49784.710198040644,50697.85553100208,4782
2023-06-20 09:00:00,50697.85553100208,51016.09632142217,49332.705442648585,49798.14419740254,4481
2023-06-20 10:00:00,49798.14419740254,51698.77259515118,49207.3758558885,50059.80990787548,6336
2023-06-20 11:00:00,50059.80990787548,50249.17202034123,49670.04041534968,49971.23981939294,8897
2023-06-20 12:00:00,49971.23981939294,50398.451160508936,47591.447644691194,49228.199215572626,8051
2023-06-20 13:00:00,49228.199215572626,50916.95649213404,49188.135433250514,50198.03141126494,5380
2023-06-20 14:00:00,50198.03141126494,50837.26577638897,50267.37322172666,50345.93856157658,8665
2023-06-20 15:00:00,50345.93856157658,49803.96968136199,48562.238273594245,49658.293785583024,6869
2023-06-20 16:00:00,49658.293785583024,50005.98922459261,49330.8178407185,49898.86537576154,9186
2023-06-20 17:00:00,49898.86537576154,50989.09403786031,49141.326494288915,50342.59665837564,1623
2023-06-20 18:00:00,50342.59665837564,52028.80708237746,49550.20050964131,50872.89330118199,9769
2023-06-20 19:00:00,50872.89330118199,50959.11774498159,49094.96380689832,49866.356808369994,3198
2023-06-20 20:00:00,49866.356808369994,52219.38370959467,49489.59905452247,50431.23043529134,8755
2023-06-20 21:00:00,50431.23043529134,49606.30929320019,49217.84522699306,49401.666567821056,3596
2023-06-20 22:00:00,49401.666567821056,49631.39478406336,48350.956111501575,49568.84011155829,8720
2023-06-20 23:00:00,49568.84011155829,49986.105468746915,48459.91446018775,49003.225400209434,4841
2023-06-21 00:00:00,49003.225400209434,50415.51262312066,49455.39760196343,49943.63304766847,5918
2023-06-21 01:00:00,49943.63304766847,50158.55622273506,48190.42249823378,50083.65553632897,2220
2023-06-21 02:00:00,50083.65553632897,49458.559133065486,48744.3707187106,49263.19362911945,8388
2023-06-21 03:00:00,49263.19362911945,50627.79636716498,49416.559872897684,49862.00672525563,8617
2023-06-21 04:00:00,49862.00672525563,49201.41239025091,48640.3271446244,48710.11049275449,7456
2023-06-21 05:00:00,48710.11049275449,50072.76174369109,48173.89353509987,49057.5660971564,3439
2023-06-21 06:00:00,49057.5660971564,51639.89698175237,49713.71425103342,50196.0530303748,5824
2023-06-21 07:00:00,50196.0530303748,50440.265593722266,49246.53182742893,49928.18336271457,9391
2023-06-21 08:00:00,49928.18336271457,50017.866771890316,49011.50200472257,49454.902059679654,3036
2023-06-21 09:00:00,49454.902059679654,51352.854040493025,48956.76074988892,50777.595624011956,9207
2023-06-21 10:00:00,50777.595624011956,51099.43401834962,49119.10331191415,50042.479773697465,8721
2023-06-21 11:00:00,50042.479773697465,50614.899961537776,48724.07259613524,48741.2502907107,3053
2023-06-21 12:00:00,48741.2502907107,49728.73460215054,48949.12477235232,49364.33271232549,2113
2023-06-21 13:00:00,49364.33271232549,50454.62830037851,49621.562732408114,50039.54803692783,3127
2023-06-21 14:00:00,50039.54803692783,49691.56578048978,48027.81823842636,49143.34681874556,7652
2023-06-21 15:00:00,49143.34681874556,50047.490155804866,48266.91047286452,49146.62603505717,2348
2023-06-21 16:00:00,49146.62603505717,51465.688761836434,49407.35157724034,49614.73049235021,6789
2023-06-21 17:00:00,49614.73049235021,50421.3842134846,49856.71295967994,50279.68512157459,3142
2023-06-21 18:00:00,50279.68512157459,49723.492194727965,47724.78911132596,48925.57369854496,5739
2023-06-21 19:00:00,48925.57369854496,49536.088538635704,48639.896389361485,49391.212365543244,1458
2023-06-21 20:00:00,49391.212365543244,50356.32490270553,49257.15057015469,49923.52421798122,6450
2023-06-21 21:00:00,49923.52421798122,49284.26938061874,47037.8817585262,49047.61159536028,9536
2023-06-21 22:00:00,49047.61159536028,49089.66803863091,48462.202576726886,49052.02358542276,1345
2023-06-21 23:00:00,49052.02358542276,50534.4247618156,49708.356319114435,50269.29914397796,9715
2023-06-22 00:00:00,50269.29914397796,50851.39840355335,48914.96771167596,49662.2322939502,1258
2023-06-22 01:00:00,49662.2322939502,49886.4869631893,49546.83678966405,49672.73878931351,7487
2023-06-22 02:00:00,49672.73878931351,51060.330038143016,49057.121458187976,50388.01030438249,7343
2023-06-22 03:00:00,50388.01030438249,50974.24197132427,48620.638362661804,49476.52885189018,9001
2023-06-22 04:00:00,49476.52885189018,50988.151585688756,48872.75628265476,49410.86842545114,6140
2023-06-22 05:00:00,49410.86842545114,49371.56915291649,47670.41135496137,48966.71104948853,9629
2023-06-22 06:00:00,48966.71104948853,50941.82321387443,49574.30055430125,49887.37413172285,2512
2023-06-22 07:00:00,49887.37413172285,51603.10223611402,48971.379238226604,50009.687354903755,7176
2023-06-22 08:00:00,50009.687354903755,52113.13337745055,48728.25986796789,49277.26423831903,4600
2023-06-22 09:00:00,49277.26423831903,50582.02786113461,48963.99290196264,49650.7908681458,1260
2023-06-22 10:00:00,49650.7908681458,50437.433122008784,49599.93384914147,49846.369989535866,6944
2023-06-22 11:00:00,49846.369989535866,51373.941669502005,49486.63862429547,50014.01248991121,9995
2023-06-22 12:00:00,50014.01248991121,51005.809234953456,48785.032621765575,50124.625329169976,6190
2023-06-22 13:00:00,50124.625329169976,48691.2579424525,47356.06519075065,47958.169111434756,3748
2023-06-22 14:00:00,47958.169111434756,50960.91305284392,47517.26874485061,49892.53270869827,9095
2023-06-22 15:00:00,49892.53270869827,50664.697011829805,48597.40233394149,48900.27280643709,9155
2023-06-22 16:00:00,48900.27280643709,48478.8604607419,47348.98286202771,48450.11348355497,3532
2023-06-22 17:00:00,48450.11348355497,50704.58335104533,48054.071696560095,50500.25929176281,7465
2023-06-22 18:00:00,50500.25929176281,51854.021920761326,50209.29897457017,50482.756099693645,3974
2023-06-22 19:00:00,50482.756099693645,51962.91967295949,49784.91862412504,49894.05595049979,7444
2023-06-22 20:00:00,49894.05595049979,51086.71048293184,48170.49460889175,49562.86712686195,8219
2023-06-22 21:00:00,49562.86712686195,49996.03459126239,49113.45738730705,49882.381830384744,1452
2023-06-22 22:00:00,49882.381830384744,50597.88378085375,48801.551646563414,49119.58985519704,9137
2023-06-22 23:00:00,49119.58985519704,49927.046484944694,48838.209958738626,49420.40514343335,5794
2023-06-23 00:00:00,49420.40514343335,52540.65537814357,48912.06289173707,49743.042713009025,9493
2023-06-23 01:00:00,49743.042713009025,51257.08320242264,50123.05570345576,50290.62744118665,4047
2023-06-23 02:00:00,50290.62744118665,51349.4342798406,49098.48946387558,49193.965729696654,2546
2023-06-23 03:00:00,49193.965729696654,51211.2201368001,49572.37726989234,50667.13934449831,4566
2023-06-23 04:00:00,50667.13934449831,49785.25665212374,48099.4457853482,48885.17393899992,2627
2023-06-23 05:00:00,48885.17393899992,50019.11148817386,48517.872342117145,49688.603659623666,9608
2023-06-23 06:00:00,49688.603659623666,50866.29312821678,49002.60165504299,49716.72840030913,9857
2023-06-23 07:00:00,49716.72840030913,49170.332301022994,48951.6739191362,49041.78499164245,7477
2023-06-23 08:00:00,49041.78499164245,48799.86748178319,48123.49608900296,48616.97085925745,9460
2023-06-23 09:00:00,48616.97085925745,51219.430410255896,49670.30016391481,50094.24967542807,9848
2023-06-23 10:00:00,50094.24967542807,50934.326536050714,49416.57128680299,50097.917765554834,4973
2023-06-23 11:00:00,50097.917765554834,50358.9032996738,47748.16101756497,49137.5079851889,2336
2023-06-23 12:00:00,49137.5079851889,51412.561086971284,48600.237156943615,49189.801003591485,2825
2023-06-23 13:00:00,49189.801003591485,50022.11311712524,47239.15962699582,49816.80949854759,6776
2023-06-23 14:00:00,49816.80949854759,50009.984753004544,49472.313106052316,49594.63768240814,4676
2023-06-23 15:00:00,49594.63768240814,50203.32254222895,49408.602924005776,49426.73036400205,2827
2023-06-23 16:00:00,49426.73036400205,49162.601836535396,48367.31981861474,48548.51728078441,5688
2023-06-23 17:00:00,48548.51728078441,49282.04609349631,48939.662375596454,49132.82830055726,7328
2023-06-23 18:00:00,49132.82830055726,49387.04797346865,48875.1386377816,49203.949352743446,1684
2023-06-23 19:00:00,49203.949352743446,50128.93578672349,47531.922717432106,48542.95508381868,1733
2023-06-23 20:00:00,48542.95508381868,50507.92717466899,48171.33641971058,49365.851334551124,6450
2023-06-23 21:00:00,49365.851334551124,50600.94690294535,49278.03624685742,49350.982110863275,7303
2023-06-23 22:00:00,49350.982110863275,50078.17852912074,46627.33763652602,49829.32374953802,5710
2023-06-23 23:00:00,49829.32374953802,49126.18485343664,48544.389441058556,48901.22285835451,3390
2023-06-24 00:00:00,48901.22285835451,51886.217716967745,49432.51164023012,49559.13890399912,2391
2023-06-24 01:00:00,49559.13890399912,49721.04896564729,48869.01026829365,49647.92859567606,8768
2023-06-24 02:00:00,49647.92859567606,48865.50725711088,47653.26743808261,48718.85811865456,6785
2023-06-24 03:00:00,48718.85811865456,49702.711298680304,47360.410378706234,48861.297180964306,7174
2023-06-24 04:00:00,48861.297180964306,49945.178536307976,48611.19727428943,49281.020735907376,6445
2023-06-24 05:00:00,49281.020735907376,49375.51790200852,48596.23559742722,48927.54769409139,5581
2023-06-24 06:00:00,48927.54769409139,49930.15878632639,48728.3199348019,49316.5896668087,4542
2023-06-24 07:00:00,49316.5896668087,49463.28836510072,49034.46228790377,49327.253511880575,7914
2023-06-24 08:00:00,49327.253511880575,50153.61391736159,48489.82800002433,49249.98970563873,5756
2023-06-24 09:00:00,49249.98970563873,48718.66852529428,47623.29089260664,48668.33782481446,9756
2023-06-24 10:00:00,48668.33782481446,48182.295182728536,47750.881577876266,47900.83078689314,9300
2023-06-24 11:00:00,47900.83078689314,50490.07286890681,47113.68342629635,49012.881587959724,4338
2023-06-24 12:00:00,49012.881587959724,48936.25119447039,48351.84904566608,48645.19283327505,4813
2023-06-24 13:00:00,48645.19283327505,49239.46674647868,49019.30270996844,49220.46619422684,1011
2023-06-24 14:00:00,49220.46619422684,50216.3280909751,48922.313440806676,49253.44749107003,1874
2023-06-24 15:00:00,49253.44749107003,50164.995408544106,48920.74046291209,49716.94644956109,8710
2023-06-24 16:00:00,49716.94644956109,49311.46478162632,46765.51268811857,48361.76854231759,9162
2023-06-24 17:00:00,48361.76854231759,49663.3348574387,48466.19988038995,49273.000026588794,8537
2023-06-24 18:00:00,49273.000026588794,48885.63821819059,47774.29156993747,48455.953073127515,2465
2023-06-24 19:00:00,48455.953073127515,49242.01512303033,47964.46012234303,49019.966225106036,7246
2023-06-24 20:00:00,49019.966225106036,49777.884102475284,48185.909552553094,48902.76465291702,9767
2023-06-24 21:00:00,48902.76465291702,49618.745397538405,49358.74456977243,49518.46091902827,1069
2023-06-24 22:00:00,49518.46091902827,49516.47355124058,48061.277796972536,49151.5860834427,9934
2023-06-24 23:00:00,49151.5860834427,50831.142754440945,48842.81656133888,49044.956337299474,9601
2023-06-25 00:00:00,49044.956337299474,50235.871120860946,48192.026104638266,49642.48359187206,6134
2023-06-25 01:00:00,49642.48359187206,49513.45073629497,48595.17599584953,48972.02228896732,8778
2023-06-25 02:00:00,48972.02228896732,48546.365235768404,46869.85140881472,47871.722270277125,3337
2023-06-25 03:00:00,47871.722270277125,48405.946790049326,47591.840244956365,48199.453001504255,4193
2023-06-25 04:00:00,48199.453001504255,49199.68697911849,48617.43562060483,49027.67001740959,1141
2023-06-25 05:00:00,49027.67001740959,49731.72186674645,49288.61381683174,49547.604330812945,9687
2023-06-25 06:00:00,49547.604330812945,49672.261101477045,47838.4210602532,49170.23442531323,6999
2023-06-25 07:00:00,49170.23442531323,49744.50180329594,49167.12626564581,49183.44722145307,4215
2023-06-25 08:00:00,49183.44722145307,49418.743681082546,47214.51148993546,49078.97793770158,2293
2023-06-25 09:00:00,49078.97793770158,49711.97009364044,47731.59411667993,48773.72091802184,9595
2023-06-25 10:00:00,48773.72091802184,50292.94970689322,48940.43708135684,49497.78550043759,2546
2023-06-25 11:00:00,49497.78550043759,49006.96004660206,48458.10808535316,48587.928464587174,8640
2023-06-25 12:00:00,48587.928464587174,49551.87955802501,48104.474539481234,49003.75200755196,8489
2023-06-25 13:00:00,49003.75200755196,49432.14877069827,47340.087620385115,48565.109883135796,9652
2023-06-25 14:00:00,48565.109883135796,48975.68879243063,48160.977540791144,48746.99711074834,2133
2023-06-25 15:00:00,48746.99711074834,50986.478717708924,48802.830796723574,48970.70503592428,8555
2023-06-25 16:00:00,48970.70503592428,50632.081113317035,48359.51615991227,49377.433902831304,9418
2023-06-25 17:00:00,49377.433902831304,50526.13613552089,48610.88461353546,49079.43441589551,9461
2023-06-25 18:00:00,49079.43441589551,49931.1898146566,49031.50017173996,49099.48933408498,6148
2023-06-25 19:00:00,49099.48933408498,50676.4838044865,49184.24235035192,49255.042322288835,7789
2023-06-25 20:00:00,49255.042322288835,50310.04354626078,48441.133508663755,49696.50715966169,1765
2023-06-25 21:00:00,49696.50715966169,49759.13516868495,47587.060999740264,48338.73673526736,3496
2023-06-25 22:00:00,48338.73673526736,49146.406889185775,47828.70749858795,48567.156757529454,6050
2023-06-25 23:00:00,48567.156757529454,50855.65537484745,48791.53315045867,50096.36091363883,7664
2023-06-26 00:00:00,50096.36091363883,49665.57950909347,49030.10012883128,49155.2018690377,3612
2023-06-26 01:00:00,49155.2018690377,50047.40854349733,48290.35969998198,49212.5554926106,8032
2023-06-26 02:00:00,49212.5554926106,49000.075902621575,47713.79774553902,48670.74123380963,5786
2023-06-26 03:00:00,48670.74123380963,50085.426734296154,48950.70328304742,49346.67310224578,7078
2023-06-26 04:00:00,49346.67310224578,49201.07936589649,47274.08869897713,48991.93663330667,4162
2023-06-26 05:00:00,48991.93663330667,50628.88461179887,48600.6239715087,49772.87948552131,8829
2023-06-26 06:00:00,49772.87948552131,48684.12278842968,47146.43907585223,47895.18903753311,2934
2023-06-26 07:00:00,47895.18903753311,48600.444997335806,47751.800096265106,48423.21324803515,7334
2023-06-26 08:00:00,48423.21324803515,49863.8651807359,48387.98213990371,48785.05683815402,2525
2023-06-26 09:00:00,48785.05683815402,49809.34396746742,49335.125775789194,49676.11564669079,2794
2023-06-26 10:00:00,49676.11564669079,49631.80929450385,47223.580061040666,48690.42379002134,7369
2023-06-26 11:00:00,48690.42379002134,49913.595792328255,49070.861137624976,49741.427828488806,3192
2023-06-26 12:00:00,49741.427828488806,49510.0585174321,48099.90307335103,48674.17723296621,3320
2023-06-26 13:00:00,48674.17723296621,48969.41772150198,47864.881404460735,48682.82801992836,6351
2023-06-26 14:00:00,48682.82801992836,48984.881585216346,48009.94344399984,48195.46127251368,5235
2023-06-26 15:00:00,48195.46127251368,49181.791005276275,47946.08513149372,48299.32472167289,5114
2023-06-26 16:00:00,48299.32472167289,49068.339746108715,48159.552991172655,48956.45206614333,4659
2023-06-26 17:00:00,48956.45206614333,48797.41703398323,47633.048911195154,48312.117374226495,1227
2023-06-26 18:00:00,48312.117374226495,49894.93202797592,49269.479246653544,49355.14737092752,8623
2023-06-26 19:00:00,49355.14737092752,49385.010329326564,47358.29962900514,48484.79419929505,5928
2023-06-26 20:00:00,48484.79419929505,50837.164179430896,48258.04085404969,48616.17384199558,6819
2023-06-26 21:00:00,48616.17384199558,49188.85816703545,48007.843537028486,48493.987727623826,7038
2023-06-26 22:00:00,48493.987727623826,49039.84396383506,48008.80927434217,48702.203892462785,6136
2023-06-26 23:00:00,48702.203892462785,49605.51093326549,48699.15953549515,49350.04755632922,9469
2023-06-27 00:00:00,49350.04755632922,49979.67499701993,48537.696794131516,49585.062768550706,5770
2023-06-27 01:00:00,49585.062768550706,50486.344639509094,48195.090460525185,49511.597472293535,3714
2023-06-27 02:00:00,49511.597472293535,49303.89457278555,47664.25895555099,48757.03104379228,5868
2023-06-27 03:00:00,48757.03104379228,49454.449321634354,47931.50511991851,48854.099727135595,2737
2023-06-27 04:00:00,48854.099727135595,49000.17061268609,47021.79160585989,48832.52487285558,2037
2023-06-27 05:00:00,48832.52487285558,49069.22078746186,47862.68345079655,48568.43360863713,6953
2023-06-27 06:00:00,48568.43360863713,50797.348507061964,48374.44776720864,49284.9230769577,2075
2023-06-27 07:00:00,49284.9230769577,49748.012580045346,48747.47009771542,49281.79892154544,4477
2023-06-27 08:00:00,49281.79892154544,50673.006423928404,49151.286682765654,49230.96800059856,3380
2023-06-27 09:00:00,49230.96800059856,49529.47859027667,48692.35139080273,49108.11747523238,4249
2023-06-27 10:00:00,49108.11747523238,50720.45428478614,48209.70642706737,49637.169152748516,6315
2023-06-27 11:00:00,49637.169152748516,50136.9483862305,49331.66367773281,49558.46810377547,5356
2023-06-27 12:00:00,49558.46810377547,50366.8881763965,48741.65453503131,49096.63496194679,8605
2023-06-27 13:00:00,49096.63496194679,49346.4983337296,47918.21168354274,48489.06570780026,9698
2023-06-27 14:00:00,48489.06570780026,49566.71942620268,47024.94205850977,48469.67755061468,3781
2023-06-27 15:00:00,48469.67755061468,50017.33069771417,47772.95229258624,49105.07411083855,1566
2023-06-27 16:00:00,49105.07411083855,49397.91272352229,48323.14834437885,48779.482592779284,5571
2023-06-27 17:00:00,48779.482592779284,50197.550701841385,48009.60975828648,48282.43579078597,5815
2023-06-27 18:00:00,48282.43579078597,50295.36075973076,49319.51821601619,49698.281495497096,5781
2023-06-27 19:00:00,49698.281495497096,51420.34924656661,48376.73981496188,49365.42486005744,8057
2023-06-27 20:00:00,49365.42486005744,50069.973478821805,47410.319357342276,49862.51351370579,6496
2023-06-27 21:00:00,49862.51351370579,50282.0090327883,49017.102262481414,49339.79955408393,1398
2023-06-27 22:00:00,49339.79955408393,49795.40559149974,47128.262486170766,48338.18940365238,2942
2023-06-27 23:00:00,48338.18940365238,49548.826956784986,48306.09254994578,49016.840744178815,7464
2023-06-28 00:00:00,49016.840744178815,51647.672527186,49600.28595984637,49987.6125766104,3461
2023-06-28 01:00:00,49987.6125766104,50043.679499620834,48241.46895910261,49617.05652696682,2087
2023-06-28 02:00:00,49617.05652696682,49775.485409336405,48658.38536110368,48874.54063328787,6124
2023-06-28 03:00:00,48874.54063328787,50046.57294545334,48184.61211919489,48661.159062525185,1141
2023-06-28 04:00:00,48661.159062525185,49047.470193418536,48172.00884974428,49039.99796560696,2555
2023-06-28 05:00:00,49039.99796560696,49560.218469925654,49074.65925314737,49131.249601102514,2028
2023-06-28 06:00:00,49131.249601102514,50249.878635584086,49690.33564400655,50117.974059658765,5594
2023-06-28 07:00:00,50117.974059658765,49804.9849856335,49225.77532860377,49628.88094974039,4429
2023-06-28 08:00:00,49628.88094974039,50524.47838009675,49075.46684940773,49405.52065731737,5431
2023-06-28 09:00:00,49405.52065731737,49376.32399587776,47712.38815122451,49159.72912760705,7514
2023-06-28 10:00:00,49159.72912760705,49802.990550030365,47134.266969821416,49066.18126253157,6349
2023-06-28 11:00:00,49066.18126253157,50333.32696266622,48351.841807799996,49326.044052410536,2341
2023-06-28 12:00:00,49326.044052410536,48218.815659751104,48090.23232134033,48205.73052076593,3087
2023-06-28 13:00:00,48205.73052076593,49821.054932606974,48979.951638006976,49276.01781950205,7275
2023-06-28 14:00:00,49276.01781950205,51485.7703359616,49088.90255626057,49682.3737867578,7470
2023-06-28 15:00:00,49682.3737867578,50305.51650328058,47725.223535404446,49282.18869189988,9979
2023-06-28 16:00:00,49282.18869189988,48940.42203010606,47567.76767124624,48590.292444211205,4147
2023-06-28 17:00:00,48590.292444211205,51605.086424600624,48948.71718407251,49301.5728808081,9026
2023-06-28 18:00:00,49301.5728808081,49394.01289917832,48644.29855739999,48781.80324247108,9508
2023-06-28 19:00:00,48781.80324247108,51225.48330419922,48955.44761306269,49408.87843232194,3768
2023-06-28 20:00:00,49408.87843232194,49752.95235167474,49351.62042847521,49377.00503025909,7719
2023-06-28 21:00:00,49377.00503025909,48617.82607546317,47481.510541706586,48034.62853836856,7555
2023-06-28 22:00:00,48034.62853836856,49187.86555185143,46641.958091981396,49004.955687656075,5597
2023-06-28 23:00:00,49004.955687656075,48710.638908578185,46106.1896960811,48297.98228323711,8208
2023-06-29 00:00:00,48297.98228323711,49871.57265175576,48914.214219289184,49191.21892422219,7136
2023-06-29 01:00:00,49191.21892422219,49279.29451931216,47346.65751452667,49029.42174083208,3302
2023-06-29 02:00:00,49029.42174083208,50620.0356379273,46920.92511322546,49657.41519313875,9498
2023-06-29 03:00:00,49657.41519313875,50975.626903775876,49180.89660996366,49310.42110795651,2427
2023-06-29 04:00:00,49310.42110795651,49821.31728918255,47835.3131060956,48761.772563318045,2455
2023-06-29 05:00:00,48761.772563318045,50014.01344126325,48379.467579986485,49360.543259014856,2961
2023-06-29 06:00:00,49360.543259014856,49866.304479776976,49535.317693814395,49726.19479392736,6690
2023-06-29 07:00:00,49726.19479392736,50634.85850805427,49489.85492047645,50037.788304621936,6458
2023-06-29 08:00:00,50037.788304621936,49655.736404448704,47376.94613139734,48780.58895855452,9047
2023-06-29 09:00:00,48780.58895855452,50737.55417260287,48147.901376024485,49461.29447548314,5582
2023-06-29 10:00:00,49461.29447548314,49435.94745943592,48490.177808342625,49093.244100456875,1834
2023-06-29 11:00:00,49093.244100456875,48863.68137276664,48293.512302335585,48693.70761969599,6440
2023-06-29 12:00:00,48693.70761969599,49666.37141033475,49120.2480923841,49550.63645871974,2801
2023-06-29 13:00:00,49550.63645871974,50622.603132284785,48118.474844487275,49986.55876435503,9357
2023-06-29 14:00:00,49986.55876435503,50193.584354707025,49041.50977561023,49546.24423884865,1331
2023-06-29 15:00:00,49546.24423884865,51220.54879795435,48360.14499901264,49801.18271298917,7979
2023-06-29 16:00:00,49801.18271298917,49649.83053698801,48796.6494830315,49319.04075638402,2589
2023-06-29 17:00:00,49319.04075638402,49748.59607849238,48434.37545844724,49700.107422820045,9679
2023-06-29 18:00:00,49700.107422820045,48889.54823422708,47220.668482877365,48884.68812271976,5497
2023-06-29 19:00:00,48884.68812271976,49214.423885693344,48412.32122059184,49088.008777291965,6254
2023-06-29 20:00:00,49088.008777291965,50703.70930663853,48356.77283178206,49813.802870713385,6298
2023-06-29 21:00:00,49813.802870713385,49459.58368645617,48418.42485590984,48662.41017632167,1377
2023-06-29 22:00:00,48662.41017632167,49278.034499860725,48109.48587257448,48686.660122446294,2146
2023-06-29 23:00:00,48686.660122446294,49997.44349251417,47855.56925481498,48953.938164049134,6449
2023-06-30 00:00:00,48953.938164049134,50237.544530611915,47513.945976164476,48885.43601487156,5423
2023-06-30 01:00:00,48885.43601487156,50685.6939244625,47872.86855518071,49371.34919127587,1788
2023-06-30 02:00:00,49371.34919127587,48331.39531872498,47150.60162656477,48301.21563437263,7577
2023-06-30 03:00:00,48301.21563437263,49963.283554699774,48085.99850845791,49181.150965402725,5608
2023-06-30 04:00:00,49181.150965402725,49749.13408566206,47736.924334496754,48736.4171827787,4062
2023-06-30 05:00:00,48736.4171827787,49884.647280541794,49116.73964579672,49586.066570885014,6694
2023-06-30 06:00:00,49586.066570885014,50408.13398559392,48154.53240161286,49244.49229040132,9814
2023-06-30 07:00:00,49244.49229040132,48916.86461442141,48162.7993766478,48734.5776950425,4865
2023-06-30 08:00:00,48734.5776950425,50611.86308189153,48948.95011629731,50152.86288833086,4871
2023-06-30 09:00:00,50152.86288833086,49846.190745101514,48749.10206643745,49399.814439072026,8164
2023-06-30 10:00:00,49399.814439072026,49976.06701059044,48585.72491936701,48647.022649834675,8758
2023-06-30 11:00:00,48647.022649834675,50492.24771721527,49906.09752071011,50187.27596465532,1229
2023-06-30 12:00:00,50187.27596465532,51086.67020971357,48387.37575563356,49792.62829984908,1977
2023-06-30 13:00:00,49792.62829984908,49881.473424509604,48541.86773309265,49026.38112122157,5939
2023-06-30 14:00:00,49026.38112122157,50756.7465540014,49193.62149520831,49777.392754904715,8194
2023-06-30 15:00:00,49777.392754904715,52483.794775306334,49631.13221571503,50172.081684400335,4725
2023-06-30 16:00:00,50172.081684400335,51449.00859832027,49470.048669263604,49992.101957470855,5814
2023-06-30 17:00:00,49992.101957470855,50476.24814842141,49034.54905402511,49854.15385618471,7085
2023-06-30 18:00:00,49854.15385618471,50563.184826273595,48889.36914029967,49634.366542480064,4881
2023-06-30 19:00:00,49634.366542480064,49769.3305678858,47456.47738590124,48617.86714488298,7805
2023-06-30 20:00:00,48617.86714488298,51066.65987411784,49282.18732170285,49478.69062717019,3898
2023-06-30 21:00:00,49478.69062717019,50425.84929240558,47975.61285157741,49849.71755305876,5249
2023-06-30 22:00:00,49849.71755305876,49842.930650253285,49353.985083182015,49607.002363149484,4411
2023-06-30 23:00:00,49607.002363149484,50179.25788049726,48344.716519874986,50140.85226407993,1605
2023-07-01 00:00:00,50140.85226407993,49791.20135181451,49237.04049016706,49534.89772494151,6795
2023-07-01 01:00:00,49534.89772494151,50334.17353425265,48906.37530533642,49571.33008998996,4807
2023-07-01 02:00:00,49571.33008998996,51573.48445185333,48083.85485905601,49419.85342044009,1810
2023-07-01 03:00:00,49419.85342044009,51116.14580841709,49287.698362940144,49941.148588552365,8908
2023-07-01 04:00:00,49941.148588552365,48815.75476270291,47465.95428222072,48799.34036672472,7389
2023-07-01 05:00:00,48799.34036672472,49083.943633328934,48329.62447246569,48917.83064390503,4558
2023-07-01 06:00:00,48917.83064390503,50052.18875895044,48823.59465645496,49224.61990659528,7300
2023-07-01 07:00:00,49224.61990659528,50903.18018419526,49578.92433170578,49845.02155088641,4294
2023-07-01 08:00:00,49845.02155088641,50126.18841778655,49162.82106487817,49868.39915079433,7914
2023-07-01 09:00:00,49868.39915079433,51259.51955783742,49095.720283290735,49750.34792987472,6083
2023-07-01 10:00:00,49750.34792987472,51660.80911423002,49031.138358530916,49119.108831158475,2601
2023-07-01 11:00:00,49119.108831158475,49628.49458014227,48728.343738853255,49338.810503135035,5167
2023-07-01 12:00:00,49338.810503135035,50138.30457061545,49266.296762322025,49408.90093612645,3881
2023-07-01 13:00:00,49408.90093612645,50027.595795740046,49613.19118549616,49866.639200225785,2103
2023-07-01 14:00:00,49866.639200225785,49740.985302635614,49356.079361929915,49666.40215262473,3177
2023-07-01 15:00:00,49666.40215262473,50128.46261536383,48703.35937024435,49202.613562661856,9727
2023-07-01 16:00:00,49202.613562661856,50410.76905642418,49237.73856279229,49707.86063657735,9324
2023-07-01 17:00:00,49707.86063657735,50321.06208428142,49414.545092856424,49781.52656052211,3052
2023-07-01 18:00:00,49781.52656052211,51011.77640075523,48872.7546233717,49441.91557163733,7044
2023-07-01 19:00:00,49441.91557163733,50533.50816598436,49192.57811693113,50096.54709639949,6505
2023-07-01 20:00:00,50096.54709639949,50019.159487871075,48815.332391774056,49536.36527994435,7562
2023-07-01 21:00:00,49536.36527994435,50092.873488664714,49314.79993441866,49596.55449990167,7146
2023-07-01 22:00:00,49596.55449990167,48934.70213002764,48409.06843830646,48731.4989613872,5532
2023-07-01 23:00:00,48731.4989613872,50631.423944368325,48256.34335366509,49361.20693152644,3477
2023-07-02 00:00:00,49361.20693152644,50629.39918658458,49198.70946575265,49569.750198321584,6829
2023-07-02 01:00:00,49569.750198321584,49488.83894141306,48705.29864189233,48959.227777240085,7346
2023-07-02 02:00:00,48959.227777240085,51370.32381013587,49357.547641161575,50469.310788408045,3650
2023-07-02 03:00:00,50469.310788408045,50337.443556510334,49360.11292819267,50161.43527731036,1877
2023-07-02 04:00:00,50161.43527731036,51383.57990243296,49125.0045677119,49383.80786681639,4876
2023-07-02 05:00:00,49383.80786681639,49724.143427480725,48872.38379221362,49604.068083643695,7118
2023-07-02 06:00:00,49604.068083643695,52112.23032003508,49243.0435068957,49592.82427460246,1567
2023-07-02 07:00:00,49592.82427460246,50412.33024727368,49628.55075017904,50028.91823808046,2353
2023-07-02 08:00:00,50028.91823808046,50666.73280204757,47549.745168796966,49581.23080969646,5965
2023-07-02 09:00:00,49581.23080969646,50560.03189850395,50260.929521614744,50412.721835301105,1193
2023-07-02 10:00:00,50412.721835301105,49981.940583986325,48948.94413227727,49934.42356860123,5616
2023-07-02 11:00:00,49934.42356860123,52547.30548214141,49433.46287462964,50528.21035086209,2383
2023-07-02 12:00:00,50528.21035086209,49364.56297186777,47944.89527220387,49160.51901486722,8924
2023-07-02 13:00:00,49160.51901486722,50238.40405418335,49799.25736247453,50106.25887994066,4932
2023-07-02 14:00:00,50106.25887994066,50047.8891847838,49330.197922555926,49599.01408460475,1464
2023-07-02 15:00:00,49599.01408460475,50106.20573072265,49579.253914989866,49931.221797257705,1604
2023-07-02 16:00:00,49931.221797257705,50686.991101274674,49171.92705685784,50237.35055650806,3602
2023-07-02 17:00:00,50237.35055650806,51927.135601826325,49669.674344492836,50641.22647402603,7681
2023-07-02 18:00:00,50641.22647402603,51147.9172328586,48772.10736292216,50194.56251203831,9070
2023-07-02 19:00:00,50194.56251203831,50319.4296578241,47714.81147533103,49188.81531142097,2069
2023-07-02 20:00:00,49188.81531142097,50634.59762282451,49479.35394858175,50458.165867709235,5820
2023-07-02 21:00:00,50458.165867709235,50368.454480589586,49053.51234167005,49812.424277802784,5149
2023-07-02 22:00:00,49812.424277802784,50480.23240897442,48066.30568869208,50385.36719679082,5837
2023-07-02 23:00:00,50385.36719679082,49626.84051716861,48980.29622199269,49336.22125955399,4922
2023-07-03 00:00:00,49336.22125955399,50690.91494973581,49313.38554601615,50039.95468359352,7310
2023-07-03 01:00:00,50039.95468359352,51604.18059421529,48543.2678594993,49788.404708695016,9162
2023-07-03 02:00:00,49788.404708695016,51215.796973251745,49387.54149214208,49593.53901707416,1546
2023-07-03 03:00:00,49593.53901707416,49836.76282388473,48388.12631008103,49744.53509450901,6884
2023-07-03 04:00:00,49744.53509450901,51110.036452892266,49384.10847949319,49828.625115781775,2259
2023-07-03 05:00:00,49828.625115781775,49862.37335382086,48234.5171070204,49067.56046694681,2562
2023-07-03 06:00:00,49067.56046694681,52310.06099052833,50241.8622283953,50433.6984440004,4669
2023-07-03 07:00:00,50433.6984440004,51041.05530231379,50484.106303049375,50589.98336949074,1204
2023-07-03 08:00:00,50589.98336949074,50342.44351131799,48504.80819650812,49428.45675760682,8049
2023-07-03 09:00:00,49428.45675760682,50629.91063436196,48218.365323356345,50333.353941193825,2105
2023-07-03 10:00:00,50333.353941193825,51050.78541503645,48885.70454974581,49019.1670793315,5197
2023-07-03 11:00:00,49019.1670793315,50699.77245646674,48321.29005303126,50020.47827881244,4381
2023-07-03 12:00:00,50020.47827881244,50479.29677068413,49658.450912167136,50429.44964710498,7679
2023-07-03 13:00:00,50429.44964710498,50509.57263538944,50176.981297128565,50221.3124292135,5671
2023-07-03 14:00:00,50221.3124292135,51811.455721424725,50381.17832712477,50408.7886200727,5291
2023-07-03 15:00:00,50408.7886200727,53105.98171872245,49032.67846256159,50109.12640779581,1091
2023-07-03 16:00:00,50109.12640779581,51070.115835779674,49283.342145803064,50126.59194167837,1101
2023-07-03 17:00:00,50126.59194167837,50825.87740435177,49906.53386907877,50230.115780502296,8509
2023-07-03 18:00:00,50230.115780502296,50939.55550178257,50294.37031614931,50778.056359279384,9752
2023-07-03 19:00:00,50778.056359279384,51187.09313826273,48300.5561419349,49792.38610539372,6008
2023-07-03 20:00:00,49792.38610539372,50339.522832730225,48903.82651804832,49444.58184118814,7153
2023-07-03 21:00:00,49444.58184118814,51658.95944451361,49704.476432191266,50304.421539915245,3254
2023-07-03 22:00:00,50304.421539915245,50847.01509844026,49343.69875879634,49524.37228686853,7103
2023-07-03 23:00:00,49524.37228686853,50631.74226928641,49427.07001622058,49853.341054560224,6631
2023-07-04 00:00:00,49853.341054560224,51755.647323055986,50321.852515850165,50637.54638036644,5454
2023-07-04 01:00:00,50637.54638036644,50721.258517062975,49539.628592316236,50166.72642889012,8250
2023-07-04 02:00:00,50166.72642889012,50321.85383163486,48258.73622988265,49510.731582800014,5718
2023-07-04 03:00:00,49510.731582800014,52976.54550189399,49845.50207981931,50492.82877243039,8767
2023-07-04 04:00:00,50492.82877243039,51555.10079434358,50003.06736722396,50565.63950034043,4963
2023-07-04 05:00:00,50565.63950034043,51300.01324215574,49017.19396820471,50071.96777527373,2324
2023-07-04 06:00:00,50071.96777527373,51588.61245569216,48475.200839131765,49854.93904023584,2767
2023-07-04 07:00:00,49854.93904023584,51937.68284822003,49998.059456171395,50295.78181985851,7466
2023-07-04 08:00:00,50295.78181985851,51729.626753723955,49735.10185493634,50578.776803232875,1533
2023-07-04 09:00:00,50578.776803232875,49966.85675753373,48335.91848918214,49878.611074051594,1064
2023-07-04 10:00:00,49878.611074051594,50106.58880283454,48384.072158321505,49262.8553556127,3985
2023-07-04 11:00:00,49262.8553556127,51069.75051501516,49469.15808865,49941.59568594343,5255
2023-07-04 12:00:00,49941.59568594343,50553.98161298173,50335.54265716668,50349.25931253003,4981
2023-07-04 13:00:00,50349.25931253003,50243.92693433566,48789.36624332028,49383.46064769574,8695
2023-07-04 14:00:00,49383.46064769574,50499.22159082677,49441.41141061852,50368.42792903723,4047
2023-07-04 15:00:00,50368.42792903723,51100.72792894021,49319.49467223246,49481.19967885389,5881
2023-07-04 16:00:00,49481.19967885389,51905.62156797727,49715.21351670697,50955.644226506774,5870
2023-07-04 17:00:00,50955.644226506774,50516.249210084716,49162.86924188568,49905.653950284075,1571
2023-07-04 18:00:00,49905.653950284075,50143.72982568378,48972.998661101265,49655.76279297844,1596
2023-07-04 19:00:00,49655.76279297844,51021.42305007449,49852.427033962755,50390.14933508775,5250
2023-07-04 20:00:00,50390.14933508775,50255.467991499194,49269.160169475515,50206.435257374425,4318
2023-07-04 21:00:00,50206.435257374425,51126.29054717343,49315.444415238264,50199.98847699005,8221
2023-07-04 22:00:00,50199.98847699005,51690.55562692528,49657.09721301329,49763.274030643246,5562
2023-07-04 23:00:00,49763.274030643246,50213.975870973205,48457.1517569235,50061.007087727514,6973
2023-07-05 00:00:00,50061.007087727514,50621.69644021058,49339.27224711901,50206.61691978704,1925
2023-07-05 01:00:00,50206.61691978704,51603.5272795236,49330.010523201025,50208.881828450394,3922
2023-07-05 02:00:00,50208.881828450394,51274.2476089872,49971.235539101646,50627.6468301006,1919
2023-07-05 03:00:00,50627.6468301006,50836.445020701474,50160.715060567076,50358.33841447464,2953
2023-07-05 04:00:00,50358.33841447464,52170.82271338136,49766.20081309647,50299.7500878789,7570
2023-07-05 05:00:00,50299.7500878789,51101.885817011476,49252.58450974272,50705.54167280432,5582
2023-07-05 06:00:00,50705.54167280432,51363.18710873893,49210.061203539095,49910.1287185761,3052
2023-07-05 07:00:00,49910.1287185761,52572.322654216245,49401.48592399846,51478.63711046651,1025
2023-07-05 08:00:00,51478.63711046651,52086.82145495109,49790.36776862683,50617.39681972103,7553
2023-07-05 09:00:00,50617.39681972103,50876.97374605646,50147.84858423242,50784.527153463634,2129
2023-07-05 10:00:00,50784.527153463634,50814.850661450924,50467.71477772663,50588.53808455279,6641
2023-07-05 11:00:00,50588.53808455279,51104.72212602878,49724.46360954024,50569.27611646764,5797
2023-07-05 12:00:00,50569.27611646764,50834.160333842374,48547.638404923695,50114.52661521182,1559
2023-07-05 13:00:00,50114.52661521182,49765.62822116627,48682.455060056855,49737.775519295676,7900
2023-07-05 14:00:00,49737.775519295676,51000.719706900774,50851.44631212128,50857.948317785915,5612
2023-07-05 15:00:00,50857.948317785915,51904.55950951593,49289.19702199631,50113.11950454051,8347
2023-07-05 16:00:00,50113.11950454051,52543.50317344696,48914.80742435177,50672.483173212175,4498
2023-07-05 17:00:00,50672.483173212175,51155.294040421875,50682.49957664058,50756.44319199465,9124
2023-07-05 18:00:00,50756.44319199465,50861.42110341397,49955.662856405004,50295.86086127178,7898
2023-07-05 19:00:00,50295.86086127178,52097.57750688608,50925.2515680724,50969.20388764908,8214
2023-07-05 20:00:00,50969.20388764908,51083.07847132202,50585.115502682456,50762.490524659304,6514
2023-07-05 21:00:00,50762.490524659304,51150.60775903002,49636.0744600716,50511.19542934468,5251
2023-07-05 22:00:00,50511.19542934468,51251.43729718878,49845.802737331775,50901.51512274839,1888
2023-07-05 23:00:00,50901.51512274839,50752.96589332259,49825.27212112673,50436.676445601806,3169
2023-07-06 00:00:00,50436.676445601806,51510.03039935202,50227.58058331108,50657.09326230293,9017
2023-07-06 01:00:00,50657.09326230293,51634.20686339769,50220.353009914455,50689.57891868818,1529
2023-07-06 02:00:00,50689.57891868818,50993.019114132374,49922.35025104854,50115.712074897296,9485
2023-07-06 03:00:00,50115.712074897296,50875.883204143065,50236.91508679426,50593.04431104862,3611
2023-07-06 04:00:00,50593.04431104862,52570.90933200907,51357.93286863918,51744.59708135786,4389
2023-07-06 05:00:00,51744.59708135786,53149.26951669033,50164.87044884094,50555.610906646885,3840
2023-07-06 06:00:00,50555.610906646885,52644.20208472647,50994.25284029394,51562.130134035,7054
2023-07-06 07:00:00,51562.130134035,50864.05840106456,49928.836012919586,50822.27589956095,9560
2023-07-06 08:00:00,50822.27589956095,52959.09654578985,49295.83653325368,50581.4264395101,1896
2023-07-06 09:00:00,50581.4264395101,51275.46931471804,50599.50189707415,50754.60367210413,7345
2023-07-06 10:00:00,50754.60367210413,51248.67712493635,50939.73918116618,50949.73554808918,3380
2023-07-06 11:00:00,50949.73554808918,51081.47788435284,49998.96115579722,50071.917336035614,4135
2023-07-06 12:00:00,50071.917336035614,50452.69539236509,50392.918794052595,50410.30660768463,3617
2023-07-06 13:00:00,50410.30660768463,51318.46761229231,49692.36817701738,51215.705393368335,9101
2023-07-06 14:00:00,51215.705393368335,52073.963067249846,49239.40447601292,50517.466983502294,7222
2023-07-06 15:00:00,50517.466983502294,51129.40646589527,49125.29669589852,50554.13640350028,3563
2023-07-06 16:00:00,50554.13640350028,51701.41235677448,50235.58588755935,50641.63988906113,6809
2023-07-06 17:00:00,50641.63988906113,50808.61410065377,49139.279448964706,50604.23381893853,9574
2023-07-06 18:00:00,50604.23381893853,52315.72744955162,49149.59577574937,49953.33771237389,4497
2023-07-06 19:00:00,49953.33771237389,51843.05267927726,50533.17823952401,50880.44339200679,4394
2023-07-06 20:00:00,50880.44339200679,51519.973350787055,51260.77135886524,51485.746534265905,3597
2023-07-06 21:00:00,51485.746534265905,51991.46359362382,50773.7648247904,51485.1239195824,7649
2023-07-06 22:00:00,51485.1239195824,52523.01014047263,51157.993444599735,51415.474777097355,7442
2023-07-06 23:00:00,51415.474777097355,51005.66833820651,49434.72928543417,50301.59037845493,1973
2023-07-07 00:00:00,50301.59037845493,51294.77647230448,48708.702733765276,50739.281857823415,2188
2023-07-07 01:00:00,50739.281857823415,50832.237121900995,48649.04908095523,50660.084445008055,6684
2023-07-07 02:00:00,50660.084445008055,52211.11644972639,50183.041532852956,51462.076354899575,7740
2023-07-07 03:00:00,51462.076354899575,51378.25905159965,50334.16848510042,51196.6781551143,6678
2023-07-07 04:00:00,51196.6781551143,52429.74449402303,50475.674869947325,51622.52989775747,4350
2023-07-07 05:00:00,51622.52989775747,52184.59770632354,49143.21004888282,50487.324175059024,4845
2023-07-07 06:00:00,50487.324175059024,51758.6908952387,49039.04172993285,50579.24206254645,9219
2023-07-07 07:00:00,50579.24206254645,51996.62382352249,49185.70497824272,51254.94963571489,7662
2023-07-07 08:00:00,51254.94963571489,49947.172398647606,48647.194753344345,49907.85861600991,7401
2023-07-07 09:00:00,49907.85861600991,51851.81922558797,50525.784366862164,50870.848795417915,7283
2023-07-07 10:00:00,50870.848795417915,51695.436148400004,50595.006425521584,51620.888833802084,8599
2023-07-07 11:00:00,51620.888833802084,51289.28427343069,50567.761131312385,51231.951377733676,6053
2023-07-07 12:00:00,51231.951377733676,52061.26111898018,49929.34109231807,51374.12792625746,2128
2023-07-07 13:00:00,51374.12792625746,51264.663974706404,48727.29865312162,49871.88200699675,2696
2023-07-07 14:00:00,49871.88200699675,50666.69436286062,49006.21388688325,50270.24661940214,5220
2023-07-07 15:00:00,50270.24661940214,52096.687648908235,49703.67647920282,51342.93877277893,6434
2023-07-07 16:00:00,51342.93877277893,51485.103546396655,51164.12438401549,51432.2394652985,6554
2023-07-07 17:00:00,51432.2394652985,51661.40513903735,49517.041357657865,50214.23792044712,7865
2023-07-07 18:00:00,50214.23792044712,52444.033136281396,50263.96023472567,50940.061919578606,9644
2023-07-07 19:00:00,50940.061919578606,51104.55570865712,49639.00528766409,50381.6601515025,3838
2023-07-07 20:00:00,50381.6601515025,51735.96189244445,50363.67762722974,50505.66164064863,7374
2023-07-07 21:00:00,50505.66164064863,52105.2229979109,50824.10163345074,51210.2895056332,8812
2023-07-07 22:00:00,51210.2895056332,53099.027435905286,51680.08101743568,51685.99521958647,8777
2023-07-07 23:00:00,51685.99521958647,51561.294279323876,49845.61066644507,51325.78790013654,7286
2023-07-08 00:00:00,51325.78790013654,52355.78976601146,50117.99598354576,51236.88243485664,6848
2023-07-08 01:00:00,51236.88243485664,51604.76773045683,51201.91611885396,51429.102898399935,7680
2023-07-08 02:00:00,51429.102898399935,51349.67362478543,50412.92563789993,50557.89561571694,7984
2023-07-08 03:00:00,50557.89561571694,51579.41697749155,50162.63737384946,50781.796739069636,7551
2023-07-08 04:00:00,50781.796739069636,50731.1356913485,50154.05681854488,50316.052072166196,6939
2023-07-08 05:00:00,50316.052072166196,52567.850420654155,50946.162278818454,51107.348949357176,4226
2023-07-08 06:00:00,51107.348949357176,52344.19281060279,50789.04664626932,51586.8904459123,4970
2023-07-08 07:00:00,51586.8904459123,51349.50971503496,50521.52395650072,50914.05180585188,3470
2023-07-08 08:00:00,50914.05180585188,52124.11044103198,50333.81328387545,51069.34654731061,5051
2023-07-08 09:00:00,51069.34654731061,51404.662214673896,49587.76890288241,50012.49912162592,2174
2023-07-08 10:00:00,50012.49912162592,50911.24447137026,50149.133663951,50186.12393628279,7116
2023-07-08 11:00:00,50186.12393628279,50999.97913829289,48872.10632847007,50902.4193657902,5770
2023-07-08 12:00:00,50902.4193657902,52082.93597902333,50225.8413966811,51384.17700033618,5856
2023-07-08 13:00:00,51384.17700033618,50498.142117650605,49659.25642484675,50374.915813665524,5801
2023-07-08 14:00:00,50374.915813665524,51338.982491604875,50707.11772084671,50774.51564963941,2337
2023-07-08 15:00:00,50774.51564963941,50888.53527477292,49892.61119405525,50598.05772283268,3374
2023-07-08 16:00:00,50598.05772283268,51256.094045396174,50201.896016026316,50888.282050676644,9579
2023-07-08 17:00:00,50888.282050676644,52059.09647812895,50243.03959163809,51522.75700050251,5151
2023-07-08 18:00:00,51522.75700050251,51186.76741158224,50410.99913775689,50968.151010026435,9505
2023-07-08 19:00:00,50968.151010026435,51016.05905084977,50135.15748677238,50558.19253872088,9115
2023-07-08 20:00:00,50558.19253872088,51319.02234630145,50394.963111682024,50771.508191983725,9352
2023-07-08 21:00:00,50771.508191983725,51584.416192121156,49477.75172160875,51243.133874638224,2737
2023-07-08 22:00:00,51243.133874638224,52131.86789967283,48705.668146562355,51322.480166114015,4395
2023-07-08 23:00:00,51322.480166114015,51164.14288827903,49600.64607346209,50702.73909388434,5957
2023-07-09 00:00:00,50702.73909388434,52837.35331537202,51109.6310924627,51708.49353480064,9696
2023-07-09 01:00:00,51708.49353480064,53485.203124180356,51659.445240814435,51738.75253112654,6113
2023-07-09 02:00:00,51738.75253112654,50958.952209698036,48313.1462746381,50391.46771684304,1010
2023-07-09 03:00:00,50391.46771684304,52481.92122440104,48968.83692924821,50127.52594275923,8334
2023-07-09 04:00:00,50127.52594275923,52523.90829925924,50728.955868718986,51773.69817789662,1284
2023-07-09 05:00:00,51773.69817789662,51263.82982918844,50581.043785109,51123.354507722375,3435
2023-07-09 06:00:00,51123.354507722375,51845.4306817666,49021.01766243614,50772.89754278733,7584
2023-07-09 07:00:00,50772.89754278733,53082.848144966876,51574.65610147502,51974.305363312946,8755
2023-07-09 08:00:00,51974.305363312946,52707.425786723674,49274.69375150152,50690.53810309103,8135
2023-07-09 09:00:00,50690.53810309103,50894.601682349734,50422.39803464772,50807.3188284161,3019
2023-07-09 10:00:00,50807.3188284161,53455.428598766106,50025.43261372944,51621.5234295201,6313
2023-07-09 11:00:00,51621.5234295201,51440.64913034531,49610.473604646315,51060.75614416447,9461
2023-07-09 12:00:00,51060.75614416447,50987.27617462692,49191.44012142275,50367.754489915234,4503
2023-07-09 13:00:00,50367.754489915234,51098.70357211025,50297.74925994153,50733.369733399806,3284
2023-07-09 14:00:00,50733.369733399806,51825.197867278504,51027.19896946569,51494.52634089515,3808
2023-07-09 15:00:00,51494.52634089515,52701.74902708053,50884.41031098121,51673.83003032127,7355
2023-07-09 16:00:00,51673.83003032127,52057.30551605515,49664.455075588136,50812.55312356619,6796
2023-07-09 17:00:00,50812.55312356619,52049.832668136536,51114.455352121084,51209.2279567587,4459
2023-07-09 18:00:00,51209.2279567587,51920.63529806803,51112.090903646334,51197.170443731484,5567
2023-07-09 19:00:00,51197.170443731484,51709.374920226175,50421.5049815254,51258.84003429482,7237
2023-07-09 20:00:00,51258.84003429482,52884.486267529115,50555.133250002975,50828.116762350124,9130
2023-07-09 21:00:00,50828.116762350124,51585.096890781926,50791.68868748285,51445.241662953784,4316
2023-07-09 22:00:00,51445.241662953784,51594.691051125366,51050.39654692657,51355.78186706423,7572
2023-07-09 23:00:00,51355.78186706423,51985.47440417513,50530.62142979569,51679.4287256342,1638
2023-07-10 00:00:00,51679.4287256342,52738.088923396586,50178.52451363347,50277.03304062302,7668
2023-07-10 01:00:00,50277.03304062302,52524.909856194026,50814.72809750706,50995.36727371273,1550
2023-07-10 02:00:00,50995.36727371273,52355.84864612708,48942.39374700298,51020.503703145216,5178
2023-07-10 03:00:00,51020.503703145216,51491.24104390075,50066.40464465566,50580.95103439134,5051
2023-07-10 04:00:00,50580.95103439134,52667.76936518344,50685.40908414532,51485.112048757685,8375
2023-07-10 05:00:00,51485.112048757685,52040.30331830824,50552.75507867426,51994.984714491795,1611
2023-07-10 06:00:00,51994.984714491795,51138.7392326076,50409.07513993631,51124.38991094996,7837
2023-07-10 07:00:00,51124.38991094996,50741.276480238485,48752.26120734305,50719.088768143156,4577
2023-07-10 08:00:00,50719.088768143156,52934.39332573191,50684.616556596855,51508.54511983318,3261
2023-07-10 09:00:00,51508.54511983318,51825.138972609275,51193.49432048035,51379.6291145117,8235
2023-07-10 10:00:00,51379.6291145117,51729.99457238047,48211.82890770059,50891.45912396174,2660
2023-07-10 11:00:00,50891.45912396174,51245.5548364161,50350.08288314864,50783.20066592204,7010
2023-07-10 12:00:00,50783.20066592204,52650.319200477206,50086.722571938255,50124.344867748005,1412
2023-07-10 13:00:00,50124.344867748005,51289.33152751403,49616.701800702576,50734.795189684606,9672
2023-07-10 14:00:00,50734.795189684606,51761.206753653976,50528.43164835601,51180.89077092737,3519
2023-07-10 15:00:00,51180.89077092737,52573.60032744233,50365.31483163693,51087.30282421124,1180
2023-07-10 16:00:00,51087.30282421124,52607.68664108639,51193.1818525328,51257.97658347124,6038
2023-07-10 17:00:00,51257.97658347124,52558.09353023256,49580.904689141826,50736.369188690136,2064
2023-07-10 18:00:00,50736.369188690136,52124.55716606317,50964.75130463179,51252.79281994323,1538
2023-07-10 19:00:00,51252.79281994323,52971.98520854141,50503.09411126182,51560.595307091666,1248
2023-07-10 20:00:00,51560.595307091666,51849.49527702889,50858.968738502095,50911.068640818485,2335
2023-07-10 21:00:00,50911.068640818485,51544.86781862269,50171.87858765852,51494.24919047929,9691
2023-07-10 22:00:00,51494.24919047929,51628.49760676962,50679.06001233606,50926.66114000902,8556
2023-07-10 23:00:00,50926.66114000902,50735.272950873245,50122.56578240859,50455.19217281836,4745
2023-07-11 00:00:00,50455.19217281836,52070.52498395984,50709.64628424462,51123.26392156428,7460
2023-07-11 01:00:00,51123.26392156428,51168.971331763656,49870.091158906114,50970.45948373165,3934
2023-07-11 02:00:00,50970.45948373165,50830.26810776594,50297.63483357124,50370.21917588545,5319
2023-07-11 03:00:00,50370.21917588545,52210.93869685977,49372.146765742495,50755.103203080005,2147
2023-07-11 04:00:00,50755.103203080005,50967.19053798241,49485.43694845042,50675.23642349755,9134
2023-07-11 05:00:00,50675.23642349755,50748.9901767547,49694.64856997305,50708.60907866047,8226
2023-07-11 06:00:00,50708.60907866047,50794.83127234537,50203.54595530397,50739.98964735893,1992
2023-07-11 07:00:00,50739.98964735893,51623.035378593835,49707.5655464173,51097.549307335015,6961
2023-07-11 08:00:00,51097.549307335015,51760.83165352091,50635.35910168008,50893.79879189614,8552
2023-07-11 09:00:00,50893.79879189614,52439.126080873386,49824.02765180571,51117.360862847876,9147
2023-07-11 10:00:00,51117.360862847876,52891.092429226104,51304.39290822257,51722.8422541685,7055
2023-07-11 11:00:00,51722.8422541685,50502.99740333068,48987.36097668203,50008.789039590236,4686
2023-07-11 12:00:00,50008.789039590236,52744.32432813976,50421.297825571986,51082.906561214986,5695
2023-07-11 13:00:00,51082.906561214986,51719.4052128388,49956.287532908595,50139.756587073614,2143
2023-07-11 14:00:00,50139.756587073614,52375.442746713736,50194.01944561676,51609.12866831271,2224
2023-07-11 15:00:00,51609.12866831271,52247.44839547286,49777.46537560449,50666.28848898599,1181
2023-07-11 16:00:00,50666.28848898599,51251.756472145236,50141.16905118427,50654.75629840218,8450
2023-07-11 17:00:00,50654.75629840218,50786.182894064645,50207.05951815335,50746.550504781226,9846
2023-07-11 18:00:00,50746.550504781226,51098.572170091364,48125.80998633825,50029.96486163965,3831
2023-07-11 19:00:00,50029.96486163965,51916.56514254749,49918.68539739559,49957.39099431491,4248
2023-07-11 20:00:00,49957.39099431491,51799.3914500307,50838.39686542644,51317.761790466415,9501
2023-07-11 21:00:00,51317.761790466415,51188.33042576425,49362.81831735307,50406.16356397387,2249
2023-07-11 22:00:00,50406.16356397387,54902.03390328464,50944.86388005791,51131.14584664334,8447
2023-07-11 23:00:00,51131.14584664334,53829.55397420746,50589.588107917596,51460.308820252656,1589
2023-07-12 00:00:00,51460.308820252656,52211.18960417829,49962.35509609787,50989.931884065736,5412
2023-07-12 01:00:00,50989.931884065736,50644.18054364917,49412.18092851642,50642.709272897235,5680
2023-07-12 02:00:00,50642.709272897235,51795.651433730425,50071.38238430388,50750.26491531826,5827
2023-07-12 03:00:00,50750.26491531826,50468.955616516774,49908.75593625704,50075.37115250615,7167
2023-07-12 04:00:00,50075.37115250615,52009.290128035784,50719.86099450284,50923.87150154427,8934
2023-07-12 05:00:00,50923.87150154427,51055.05519280273,49751.79206858518,50514.007754886305,1282
2023-07-12 06:00:00,50514.007754886305,51369.77423609645,48943.504670683564,50830.040774065026,2398
2023-07-12 07:00:00,50830.040774065026,51361.31971146247,49684.88891890569,51141.375168598584,4238
2023-07-12 08:00:00,51141.375168598584,51231.16411299983,50154.52311229773,50742.740418552414,8210
2023-07-12 09:00:00,50742.740418552414,50287.69508810147,49685.613928096136,50148.24153956198,6784
2023-07-12 10:00:00,50148.24153956198,51268.797077326795,49724.52015094283,49963.61216456611,6640
2023-07-12 11:00:00,49963.61216456611,51910.3198484063,49613.88006458418,50186.11200129118,5525
2023-07-12 12:00:00,50186.11200129118,51771.554695077226,50127.1624566048,50754.53018259684,4856
2023-07-12 13:00:00,50754.53018259684,50419.775300076726,49063.064148074314,50227.788296994746,5307
2023-07-12 14:00:00,50227.788296994746,50496.33757171293,49306.94070897478,50392.976252567285,7714
2023-07-12 15:00:00,50392.976252567285,50708.462195778025,50050.68066835767,50273.32202519213,9541
2023-07-12 16:00:00,50273.32202519213,49965.62423706723,49595.84267171025,49926.10444526675,5346
2023-07-12 17:00:00,49926.10444526675,53660.05504013412,50611.5424233738,51595.308367585894,7868
2023-07-12 18:00:00,51595.308367585894,50936.7367231302,49833.32429370518,50092.376921508505,7041
2023-07-12 19:00:00,50092.376921508505,50541.32983365527,50236.85296460892,50505.806447187744,1923
2023-07-12 20:00:00,50505.806447187744,51316.68607073219,49833.68543952877,50188.123152098015,4303
2023-07-12 21:00:00,50188.123152098015,52424.315516551906,50069.630720233195,50606.368117713646,6580
2023-07-12 22:00:00,50606.368117713646,53111.18004214017,51375.21511074462,51470.316462176364,9122
2023-07-12 23:00:00,51470.316462176364,51676.327959492766,49657.72446990385,50334.00914150869,8375
2023-07-13 00:00:00,50334.00914150869,51126.06326538401,50565.71680155023,51046.14264368451,6489
2023-07-13 01:00:00,51046.14264368451,50363.24159089441,48649.714948195855,49739.19542025995,1230
2023-07-13 02:00:00,49739.19542025995,51418.78263659913,49243.19798923523,50479.93003256679,7833
2023-07-13 03:00:00,50479.93003256679,51623.54016830872,50797.754652488584,51330.52140526953,1760
2023-07-13 04:00:00,51330.52140526953,52679.96690639104,49650.62415334639,51199.71104813195,2296
2023-07-13 05:00:00,51199.71104813195,51068.93799175783,49181.31390041414,49741.85840621356,5396
2023-07-13 06:00:00,49741.85840621356,51512.525340433545,49540.22012223715,50866.278431150844,8316
2023-07-13 07:00:00,50866.278431150844,51912.27577889785,50047.572514552325,50506.08063699954,5891
2023-07-13 08:00:00,50506.08063699954,51018.73988773071,49204.369605547174,50706.5362517411,2323
2023-07-13 09:00:00,50706.5362517411,51889.80395485958,50371.7276129158,50995.93578335408,1688
2023-07-13 10:00:00,50995.93578335408,50386.729275899124,48050.99578518122,49376.72507726653,4447
2023-07-13 11:00:00,49376.72507726653,51992.50242613419,49483.25542873737,50826.21464742966,9075
2023-07-13 12:00:00,50826.21464742966,51756.56584880915,49436.75538893636,51068.45121519372,7149
2023-07-13 13:00:00,51068.45121519372,51283.986844384446,50066.96226492684,50782.39575468284,6916
2023-07-13 14:00:00,50782.39575468284,51768.81977496804,50651.13921599064,50808.27901929904,6013
2023-07-13 15:00:00,50808.27901929904,52398.19303911784,49224.81061475078,50101.35201976122,1652
2023-07-13 16:00:00,50101.35201976122,51719.33713973949,49286.31415796373,50235.04515378102,8740
2023-07-13 17:00:00,50235.04515378102,50798.38974172766,49838.11072272505,50050.637187798726,4595
2023-07-13 18:00:00,50050.637187798726,52903.27709600967,49934.18578223975,50997.90976726926,2882
2023-07-13 19:00:00,50997.90976726926,49998.971177964595,48253.79445670765,49682.671232687884,4696
2023-07-13 20:00:00,49682.671232687884,51527.06877372065,50276.70011696622,51028.355019398914,7189
2023-07-13 21:00:00,51028.355019398914,50830.25024927201,49338.82296125877,50738.663012686826,8336
2023-07-13 22:00:00,50738.663012686826,51415.757828192865,50242.57059553585,51060.34123301693,3162
2023-07-13 23:00:00,51060.34123301693,50567.1521194313,49596.54879604661,50061.17914515309,6167
2023-07-14 00:00:00,50061.17914515309,50629.666313983296,49782.058921407246,50487.243992795404,1154
2023-07-14 01:00:00,50487.243992795404,51129.77264288116,49191.38416363371,49753.4791157866,7797
2023-07-14 02:00:00,49753.4791157866,51860.21815251858,49193.079354651265,50014.29618531078,1576
2023-07-14 03:00:00,50014.29618531078,51527.26912926556,49188.43253455452,49954.788864293296,9553
2023-07-14 04:00:00,49954.788864293296,50560.058164652204,49886.38502027134,50291.74432745847,4110
2023-07-14 05:00:00,50291.74432745847,51327.91213477001,48430.621056942975,49678.83766313327,9541
2023-07-14 06:00:00,49678.83766313327,50766.51420026786,50000.61229845829,50656.99138846141,1108
2023-07-14 07:00:00,50656.99138846141,52030.04741842332,50583.58398616345,51003.72060390864,7721
2023-07-14 08:00:00,51003.72060390864,52187.12858079486,49071.1426038379,50761.23354238647,9156
2023-07-14 09:00:00,50761.23354238647,51247.006818566886,50174.14863209139,50295.532720264695,3455
2023-07-14 10:00:00,50295.532720264695,52858.7912887941,50805.65948361124,50876.744264118934,8827
2023-07-14 11:00:00,50876.744264118934,52064.330010895574,49482.02747635116,50338.771919181825,8806
2023-07-14 12:00:00,50338.771919181825,51674.96737802659,50060.29245263086,50318.69712023416,6963
2023-07-14 13:00:00,50318.69712023416,51072.000525721276,50244.03313800703,50426.411172107335,1682
2023-07-14 14:00:00,50426.411172107335,50905.092735039725,49689.594911491404,50444.56370545354,2606
2023-07-14 15:00:00,50444.56370545354,51362.09602887463,49302.079023577026,50620.516555924005,8208
2023-07-14 16:00:00,50620.516555924005,51792.2176528588,50056.878112576785,50308.004231390456,7319
2023-07-14 17:00:00,50308.004231390456,51409.45524483677,50385.83310824958,50754.88716407138,9156
2023-07-14 18:00:00,50754.88716407138,50792.431763303975,49814.644369919726,50205.42739056713,6168
2023-07-14 19:00:00,50205.42739056713,50780.07534338062,48767.6331466787,50602.36375378117,4723
2023-07-14 20:00:00,50602.36375378117,51077.519131347755,49334.960151928135,50436.17471532476,5239
2023-07-14 21:00:00,50436.17471532476,51808.30160371178,49723.39120360704,50581.8021613658,4550
2023-07-14 22:00:00,50581.8021613658,52125.98303016727,50482.717241027036,50705.57122338241,5360
2023-07-14 23:00:00,50705.57122338241,52311.68245609578,48729.58375514824,50476.49532724033,7316
2023-07-15 00:00:00,50476.49532724033,51288.39858656611,49864.70735787531,51020.81671203519,6182
2023-07-15 01:00:00,51020.81671203519,51046.55637773389,49284.205981704035,50374.06672948494,2216
2023-07-15 02:00:00,50374.06672948494,52194.30100044215,49015.977830711665,49545.59014074993,7703
2023-07-15 03:00:00,49545.59014074993,51343.49767659442,50242.35571595102,50953.89670036888,8311
2023-07-15 04:00:00,50953.89670036888,51490.48265430091,49429.57318934742,50462.13299442738,3272
2023-07-15 05:00:00,50462.13299442738,50570.1813393431,49002.07606217138,50241.42658018364,3215
2023-07-15 06:00:00,50241.42658018364,52257.90235448136,49857.758240527895,50421.67060862016,9046
2023-07-15 07:00:00,50421.67060862016,50864.90592950731,49005.865064733865,49732.81340539392,4546
2023-07-15 08:00:00,49732.81340539392,51344.305760281226,49328.69824852986,50844.820755559915,4664
2023-07-15 09:00:00,50844.820755559915,50634.92777365139,49635.27147227758,50302.37556216738,4932
2023-07-15 10:00:00,50302.37556216738,49699.586519636716,49651.3433414623,49680.34431735246,6757
2023-07-15 11:00:00,49680.34431735246,49938.013839132516,49046.35490754705,49700.3833053395,1830
2023-07-15 12:00:00,49700.3833053395,51651.862274007784,49030.06786885199,50375.83824673377,8937
2023-07-15 13:00:00,50375.83824673377,51462.85791828422,50427.41917520184,51055.1818968485,1221
2023-07-15 14:00:00,51055.1818968485,51719.8868055837,50098.20267423608,50577.32141484228,5117
2023-07-15 15:00:00,50577.32141484228,51073.78141952512,50209.966604379784,50920.32197152509,2188
2023-07-15 16:00:00,50920.32197152509,50341.557604418485,49152.814723497664,50137.47521217958,9600
2023-07-15 17:00:00,50137.47521217958,50795.320586142414,50439.33107987224,50494.31341971586,1498
2023-07-15 18:00:00,50494.31341971586,51098.24373358001,49884.854391301014,49896.58684576458,9323
2023-07-15 19:00:00,49896.58684576458,51640.29928168801,49641.696746395006,50443.664308047155,1471
2023-07-15 20:00:00,50443.664308047155,50212.83055254891,49846.39568607162,49917.83549294513,5482
2023-07-15 21:00:00,49917.83549294513,51057.38412715759,49455.40390301312,49999.33645137503,8877
2023-07-15 22:00:00,49999.33645137503,51771.5542933925,49013.274636679256,50996.38571619934,6446
2023-07-15 23:00:00,50996.38571619934,50223.81560023398,49364.179205484514,49869.24260620746,2310
2023-07-16 00:00:00,49869.24260620746,51916.16387507054,50241.22353229163,50750.0810212587,5056
2023-07-16 01:00:00,50750.0810212587,50587.85157254165,49420.08757337699,49608.511273763645,1259
2023-07-16 02:00:00,49608.511273763645,50978.04850991202,49068.85527792911,49850.43774992242,7290
2023-07-16 03:00:00,49850.43774992242,49602.294454023984,48924.693472041,49595.16334566013,6867
2023-07-16 04:00:00,49595.16334566013,50610.32424675971,49463.59310330566,50225.40064237851,1228
2023-07-16 05:00:00,50225.40064237851,50478.88161481362,48374.60116617883,49898.46452646949,2624
2023-07-16 06:00:00,49898.46452646949,50313.21520875698,48682.2614374198,50153.8257306817,7521
2023-07-16 07:00:00,50153.8257306817,50531.88785648827,48900.45857304811,50061.424297377125,7436
2023-07-16 08:00:00,50061.424297377125,51399.63441548901,49792.361827097964,50006.42316038235,7594
2023-07-16 09:00:00,50006.42316038235,51172.29233218901,49506.98467500547,49677.68165092525,2185
2023-07-16 10:00:00,49677.68165092525,51051.14686968961,50403.60475180895,50985.323294543385,4420
2023-07-16 11:00:00,50985.323294543385,50148.33173019141,48438.083260291416,49547.74451332601,9062
2023-07-16 12:00:00,49547.74451332601,50186.80415199943,48771.29622076334,49634.0645594157,7957
2023-07-16 13:00:00,49634.0645594157,49765.778068559,48381.48760082776,49234.115252277334,9471
2023-07-16 14:00:00,49234.115252277334,50852.61982917774,49277.62637097945,49879.91748921914,3884
2023-07-16 15:00:00,49879.91748921914,51996.642207300865,48820.15490044649,49873.02234332894,5640
2023-07-16 16:00:00,49873.02234332894,50230.91678529323,48534.78045945617,49787.735145202416,4414
2023-07-16 17:00:00,49787.735145202416,50472.165752863446,49759.66621654386,49942.14459140322,3078
2023-07-16 18:00:00,49942.14459140322,49482.361294525304,48421.466943789565,49024.117891174734,4689
2023-07-16 19:00:00,49024.117891174734,49737.416016152965,49605.91821370782,49606.73492794316,8839
2023-07-16 20:00:00,49606.73492794316,51088.41192002966,49924.172983785014,50242.82431110189,2753
2023-07-16 21:00:00,50242.82431110189,50294.673789812005,49686.18608225957,50070.56258765321,6764
2023-07-16 22:00:00,50070.56258765321,50825.26144259,49925.54802598091,49967.08349213372,7216
2023-07-16 23:00:00,49967.08349213372,49909.99073631948,48766.43846274076,49476.84877878178,6325
2023-07-17 00:00:00,49476.84877878178,50332.87171957533,49378.955370560194,49860.08029169589,8082
2023-07-17 01:00:00,49860.08029169589,49838.96076783874,49048.217395881,49724.35896065557,3629
2023-07-17 02:00:00,49724.35896065557,50613.112735784984,48698.56568316884,49795.29311722837,7275
2023-07-17 03:00:00,49795.29311722837,49987.124825363164,48575.258903486625,49935.128832617826,2719
2023-07-17 04:00:00,49935.128832617826,49734.791968318066,48370.190968612194,49171.600071324596,9751
2023-07-17 05:00:00,49171.600071324596,49895.29344665611,48661.55652425953,48858.1862273276,6869
2023-07-17 06:00:00,48858.1862273276,49911.929289639964,49559.98616046404,49730.42045204523,6075
2023-07-17 07:00:00,49730.42045204523,50911.69452739576,50480.1828256632,50556.2971022169,4828
2023-07-17 08:00:00,50556.2971022169,50025.403710422885,48532.13446054435,49502.771396269454,6014
2023-07-17 09:00:00,49502.771396269454,49801.86548051322,48413.912755336256,49760.59191959538,1318
2023-07-17 10:00:00,49760.59191959538,51102.58354419036,50163.58694724776,50530.76415609287,6057
2023-07-17 11:00:00,50530.76415609287,50856.352793347636,50088.63701755536,50247.83848501562,3814
2023-07-17 12:00:00,50247.83848501562,49723.50644428553,48597.0044731843,49499.15095723538,3989
2023-07-17 13:00:00,49499.15095723538,51342.81486818466,47378.426956163596,49843.25980379692,4074
2023-07-17 14:00:00,49843.25980379692,50781.3270714791,49396.85270196295,50342.290870662386,8386
2023-07-17 15:00:00,50342.290870662386,50777.290745873215,48995.256983401705,50282.56393962265,7375
2023-07-17 16:00:00,50282.56393962265,50831.78201610985,49090.501338022754,49809.4005092183,2831
2023-07-17 17:00:00,49809.4005092183,49737.644366628934,48413.72742159422,49643.17358938067,4810
2023-07-17 18:00:00,49643.17358938067,49893.319944758,49063.90273799268,49852.03421741873,3297
2023-07-17 19:00:00,49852.03421741873,49269.84684113917,48082.49941184317,49040.73858122112,2961
2023-07-17 20:00:00,49040.73858122112,50003.628796621306,49606.28667586448,50000.893191662675,8257
2023-07-17 21:00:00,50000.893191662675,51117.77700845425,50400.84620839022,50460.59126754149,4242
2023-07-17 22:00:00,50460.59126754149,51018.424125765305,48615.48137499243,50279.7847065049,6786
2023-07-17 23:00:00,50279.7847065049,49817.23621513622,48863.14500203578,49096.9508115455,3845
2023-07-18 00:00:00,49096.9508115455,51270.49589047876,48865.69823186135,50097.284824545364,6334
2023-07-18 01:00:00,50097.284824545364,50959.37279243117,49851.393309623105,49956.18776737148,2176
2023-07-18 02:00:00,49956.18776737148,50461.016939447385,48675.39803880665,49997.606212663406,2724
2023-07-18 03:00:00,49997.606212663406,49843.81815272234,47757.048860127914,49061.61363091137,3548
2023-07-18 04:00:00,49061.61363091137,49519.6434030132,48500.49730316535,49438.58080243529,1977
2023-07-18 05:00:00,49438.58080243529,50878.41166989942,48541.37067116625,48881.18053816621,2894
2023-07-18 06:00:00,48881.18053816621,50512.3179845012,49158.09233931922,50142.68645907218,2565
2023-07-18 07:00:00,50142.68645907218,49934.9837864039,48842.946229231275,49335.91747011884,1467
2023-07-18 08:00:00,49335.91747011884,51428.27371157445,50091.40794453832,50521.61961566163,9176
2023-07-18 09:00:00,50521.61961566163,51176.34557673593,49552.11037244083,50608.37470436003,2026
2023-07-18 10:00:00,50608.37470436003,49960.332665224414,48750.67333607565,49103.03954254617,9797
2023-07-18 11:00:00,49103.03954254617,50356.97765937846,49453.52676621237,49723.65388039809,6650
2023-07-18 12:00:00,49723.65388039809,51230.70625920356,49198.83076249756,49418.25161375475,1436
2023-07-18 13:00:00,49418.25161375475,50651.35740145684,50021.746429082836,50102.52810275663,6674
2023-07-18 14:00:00,50102.52810275663,49706.79599325612,48049.054302700446,49177.7297067389,2145
2023-07-18 15:00:00,49177.7297067389,49325.21641342894,49022.83624781245,49234.59518445728,5495
2023-07-18 16:00:00,49234.59518445728,51372.271120288424,47713.57828111017,49968.41563251858,9299
2023-07-18 17:00:00,49968.41563251858,49336.676314419936,48623.52470002963,49298.60090132451,5945
2023-07-18 18:00:00,49298.60090132451,49953.8438318736,48720.83230556157,49154.396513754735,1805
2023-07-18 19:00:00,49154.396513754735,49160.32445430878,46553.59799282032,49149.29263638943,5010
2023-07-18 20:00:00,49149.29263638943,51435.77795201065,48015.66282864583,49363.96340435763,8549
2023-07-18 21:00:00,49363.96340435763,51319.25906327972,49020.37190285022,49792.272751671335,8248
2023-07-18 22:00:00,49792.272751671335,50762.960505747644,47983.21909360458,48383.69987979865,4062
2023-07-18 23:00:00,48383.69987979865,49452.36955769067,48083.41579920883,49438.81578840608,1387
2023-07-19 00:00:00,49438.81578840608,50061.18566844119,48736.1224421777,49281.89000887788,3003
2023-07-19 01:00:00,49281.89000887788,51944.354926489395,49407.845442082384,50390.94553365799,1301
2023-07-19 02:00:00,50390.94553365799,51123.49108236713,48303.26674502291,49744.25783210518,5161
2023-07-19 03:00:00,49744.25783210518,49906.98891556121,48224.51383773151,49200.925604434386,2478
2023-07-19 04:00:00,49200.925604434386,49773.953809630075,47627.164876387156,48958.94938834959,7856
2023-07-19 05:00:00,48958.94938834959,50281.78667103304,49193.25637252635,50048.7908384291,1092
2023-07-19 06:00:00,50048.7908384291,50409.7103179235,49214.47334175708,49397.92469573999,5533
2023-07-19 07:00:00,49397.92469573999,50428.11175394153,48438.73199197457,49596.01865680478,4289
2023-07-19 08:00:00,49596.01865680478,50560.60570173189,48431.53226015429,49141.83871574054,7867
2023-07-19 09:00:00,49141.83871574054,49446.59558281124,47879.239844816984,49043.7547776664,3062
2023-07-19 10:00:00,49043.7547776664,47963.06153111236,47857.13308948891,47943.71584723257,1468
2023-07-19 11:00:00,47943.71584723257,50033.097102225685,48441.94526716835,48886.61740689615,7098
2023-07-19 12:00:00,48886.61740689615,50612.768086749944,49008.084331971484,49677.06892062254,5957
2023-07-19 13:00:00,49677.06892062254,49256.978120890984,49099.43062013353,49122.81672393626,1588
2023-07-19 14:00:00,49122.81672393626,50548.448646348115,48256.40512188011,48581.83845033096,4121
2023-07-19 15:00:00,48581.83845033096,51352.29519600376,48912.20238021563,49412.46555225905,8952
2023-07-19 16:00:00,49412.46555225905,49134.05653000955,47231.1295755129,48484.76055276402,5466
2023-07-19 17:00:00,48484.76055276402,50394.41419797936,47626.60604818385,49555.87980160209,9413
2023-07-19 18:00:00,49555.87980160209,49733.115114251115,49374.90158071383,49655.68462971303,2598
2023-07-19 19:00:00,49655.68462971303,50415.257154761115,47845.15377529067,49094.6037176859,9333
2023-07-19 20:00:00,49094.6037176859,51030.50711804946,49088.83831359934,49813.236104966614,6490
2023-07-19 21:00:00,49813.236104966614,49553.980114016544,48865.57527912537,49012.72241119642,2209
2023-07-19 22:00:00,49012.72241119642,49605.11169919726,47635.78737470279,49212.099064540555,8699
2023-07-19 23:00:00,49212.099064540555,50547.12367623739,48286.44907182807,49062.84621764919,3635
2023-07-20 00:00:00,49062.84621764919,51929.45911576131,48826.06517490985,49850.65434533507,4107
2023-07-20 01:00:00,49850.65434533507,49845.43369880788,47831.464916043245,49020.31244863868,9641
2023-07-20 02:00:00,49020.31244863868,50273.789932242085,48840.32106356477,49967.01569042839,3948
2023-07-20 03:00:00,49967.01569042839,49664.364078636914,48770.221936984635,49412.8189320542,4709
2023-07-20 04:00:00,49412.8189320542,49651.3322982605,49049.8298419476,49437.68704814378,8951
2023-07-20 05:00:00,49437.68704814378,49508.457126730216,47838.11538823292,49500.0736452764,5520
2023-07-20 06:00:00,49500.0736452764,48767.673042416944,47248.49998404527,48239.12166681799,9842
2023-07-20 07:00:00,48239.12166681799,50620.34339553735,48575.534944877756,49372.826285504794,3187
2023-07-20 08:00:00,49372.826285504794,51165.28996823142,47734.60663889206,48578.69443742231,3843
2023-07-20 09:00:00,48578.69443742231,49135.41985206864,48544.17916048492,48835.97492542601,7644
2023-07-20 10:00:00,48835.97492542601,49760.576943061606,48744.25835951196,48899.68273323373,2144
2023-07-20 11:00:00,48899.68273323373,49733.62076289454,48968.80062029158,49595.189718863265,6999
2023-07-20 12:00:00,49595.189718863265,49224.382560788275,48683.913699044344,48802.59334825271,2287
2023-07-20 13:00:00,48802.59334825271,51327.12465568008,49583.54700933462,50338.129434449875,7440
2023-07-20 14:00:00,50338.129434449875,50485.46035016039,48499.1260467962,50151.23217689922,9996
2023-07-20 15:00:00,50151.23217689922,50299.502725045364,48147.49062514712,49079.28990740245,4771
2023-07-20 16:00:00,49079.28990740245,49885.13263623098,47498.31187871889,48776.4760847272,9103
2023-07-20 17:00:00,48776.4760847272,49138.454950134306,48291.12508389109,48414.028161225935,5881
2023-07-20 18:00:00,48414.028161225935,51174.40497928714,49750.96466632382,49860.78571879055,8987
2023-07-20 19:00:00,49860.78571879055,50360.42990763751,46103.390674750175,48986.49333218657,5141
2023-07-20 20:00:00,48986.49333218657,50469.38367148656,49010.14085765732,49287.39390704973,9253
2023-07-20 21:00:00,49287.39390704973,49201.40051249486,49120.79879073089,49127.77505487243,3447
2023-07-20 22:00:00,49127.77505487243,49992.269293171616,48538.44154293726,48944.71310025954,9568
2023-07-20 23:00:00,48944.71310025954,51007.44800122529,47436.98018240779,49072.65961367263,4498
2023-07-21 00:00:00,49072.65961367263,49593.645482111075,48163.19243327978,49190.437645135076,9083
2023-07-21 01:00:00,49190.437645135076,50621.912841485,48162.444119356,49418.21990159481,8313
2023-07-21 02:00:00,49418.21990159481,50361.833712666754,48930.42714412625,49834.87019310949,4664
2023-07-21 03:00:00,49834.87019310949,50168.27807573855,48895.92803918852,49724.39495321133,9153
2023-07-21 04:00:00,49724.39495321133,48911.69908125312,47841.98222665984,48147.48629051339,9897
2023-07-21 05:00:00,48147.48629051339,49886.67715970682,49053.84423657716,49133.35558748822,5494
2023-07-21 06:00:00,49133.35558748822,50995.33443739123,48358.09787608516,49202.49840970138,2295
2023-07-21 07:00:00,49202.49840970138,50810.3646468649,47124.75006972596,49171.19471786031,3595
2023-07-21 08:00:00,49171.19471786031,49731.76795010835,49423.48398254327,49690.51826669178,2771
2023-07-21 09:00:00,49690.51826669178,49979.90489658157,48335.15164893132,48858.363415053136,9710
2023-07-21 10:00:00,48858.363415053136,50099.06192442663,47567.36131587496,49179.59851517287,1973
2023-07-21 11:00:00,49179.59851517287,49573.89378848713,48514.70070524223,49236.18401930993,4102
2023-07-21 12:00:00,49236.18401930993,49744.04071213685,47390.0316864149,48237.02196332166,6133
2023-07-21 13:00:00,48237.02196332166,51043.112832546736,49655.93424938455,49777.321637670255,4319
2023-07-21 14:00:00,49777.321637670255,50585.155006110035,49465.68029437501,49825.55232189282,1387
2023-07-21 15:00:00,49825.55232189282,49891.01905718247,48595.20697493764,49024.53655446265,3489
2023-07-21 16:00:00,49024.53655446265,49397.84727993307,47218.041200541025,48332.459257217255,3890
2023-07-21 17:00:00,48332.459257217255,48707.827147782475,46537.80413492749,48635.04631215266,3250
2023-07-21 18:00:00,48635.04631215266,50715.37083266016,49179.933680799695,49515.27231275041,7126
2023-07-21 19:00:00,49515.27231275041,48306.82121437281,48224.138858313825,48252.96299087334,9190
2023-07-21 20:00:00,48252.96299087334,49395.828019719775,47723.562688657585,49158.818214975065,4318
2023-07-21 21:00:00,49158.818214975065,50032.00467794531,48815.713587707825,48859.290500366755,1768
2023-07-21 22:00:00,48859.290500366755,48906.89684126213,47282.958704658835,48896.399869827204,6557
2023-07-21 23:00:00,48896.399869827204,49075.20516218693,47906.29852631454,48609.34531905476,3307
2023-07-22 00:00:00,48609.34531905476,51833.06627865921,48541.3488612891,49313.26395230142,3990
2023-07-22 01:00:00,49313.26395230142,49180.840973716004,47039.380711667625,48260.263261629014,7253
2023-07-22 02:00:00,48260.263261629014,49606.80350931617,48897.12944229026,49226.02759509893,5667
2023-07-22 03:00:00,49226.02759509893,49104.87676235285,47358.8797838021,49004.65167734109,7988
2023-07-22 04:00:00,49004.65167734109,49789.248599451596,47583.49781399243,48595.650625729904,5059
2023-07-22 05:00:00,48595.650625729904,49744.04061307702,49221.85267231347,49496.315806192404,7882
2023-07-22 06:00:00,49496.315806192404,48543.10335224935,47800.61273511535,48459.51522609881,3674
2023-07-22 07:00:00,48459.51522609881,50493.61154274003,49238.18809716043,49333.513542267254,2552
2023-07-22 08:00:00,49333.513542267254,49050.5258300428,48328.14395577332,48826.3393446567,9572
2023-07-22 09:00:00,48826.3393446567,48998.56127483125,48600.25285930723,48957.93002511895,7394
2023-07-22 10:00:00,48957.93002511895,48773.403855901895,46360.53893316343,48457.17652331663,1471
2023-07-22 11:00:00,48457.17652331663,49661.90005734426,47347.343673509735,48682.97212845677,6445
2023-07-22 12:00:00,48682.97212845677,49122.13169565608,48597.85934539071,49107.12411201592,5216
2023-07-22 13:00:00,49107.12411201592,50106.292673572345,47973.74574342539,48999.45568006686,6981
2023-07-22 14:00:00,48999.45568006686,49102.07331534788,48411.32728215979,48836.144323208966,5142
2023-07-22 15:00:00,48836.144323208966,48568.57268146264,47535.32995079205,48297.68230128503,3472
2023-07-22 16:00:00,48297.68230128503,49373.593777367045,46673.997127407754,49178.005819914455,4110
2023-07-22 17:00:00,49178.005819914455,50050.804548620974,48189.012611874095,49560.6826147636,7571
2023-07-22 18:00:00,49560.6826147636,48397.05577779712,47977.6447037723,48360.689358762924,5655
2023-07-22 19:00:00,48360.689358762924,49865.61688430137,48609.58272234859,48912.53465555067,4942
2023-07-22 20:00:00,48912.53465555067,49565.45577690941,48056.95153201744,48736.221590630696,7601
2023-07-22 21:00:00,48736.221590630696,49206.22392497418,48492.11680977929,49188.42031155815,2750
2023-07-22 22:00:00,49188.42031155815,49256.23786493543,48095.091430902496,48401.961287575024,3540
2023-07-22 23:00:00,48401.961287575024,49163.420379411604,48388.427084610485,49077.17600977411,6534
2023-07-23 00:00:00,49077.17600977411,49846.81726587031,47051.44600278909,49309.46355623577,6651
2023-07-23 01:00:00,49309.46355623577,48504.830156244105,47895.12842736466,48405.66759892486,8238
2023-07-23 02:00:00,48405.66759892486,50539.67173164946,48261.702643430166,49560.06109926577,7282
2023-07-23 03:00:00,49560.06109926577,50447.46981126125,47386.279372028126,49055.6138909045,4100
2023-07-23 04:00:00,49055.6138909045,49380.79327948644,48829.66815777504,49151.723718378984,5851
2023-07-23 05:00:00,49151.723718378984,50563.37474130266,48422.96455425685,49507.03342449413,6445
2023-07-23 06:00:00,49507.03342449413,49243.186786277394,47719.825231572206,48737.39992423759,2256
2023-07-23 07:00:00,48737.39992423759,49560.91578872165,48363.23578118222,48710.470021157525,3784
2023-07-23 08:00:00,48710.470021157525,48810.26927692582,46628.4737454664,48556.888946165396,3301
2023-07-23 09:00:00,48556.888946165396,49947.751990703044,48502.60553885242,49149.53902547229,1029
2023-07-23 10:00:00,49149.53902547229,49597.039426807394,48057.518589665735,48837.39153041675,4198
2023-07-23 11:00:00,48837.39153041675,49410.98850876383,47303.688367796625,49022.26152443912,5493
2023-07-23 12:00:00,49022.26152443912,48238.18369763668,46509.70177996308,48105.7047931205,9721
2023-07-23 13:00:00,48105.7047931205,51105.834952454294,48719.675782948194,49132.061451350186,6859
2023-07-23 14:00:00,49132.061451350186,50167.31749613676,47724.36463062619,48884.11309436129,1995
2023-07-23 15:00:00,48884.11309436129,51418.41485430431,48827.710043065934,49785.432059678285,3631
2023-07-23 16:00:00,49785.432059678285,51349.549136642265,48102.33448003454,49076.85464458028,9212
2023-07-23 17:00:00,49076.85464458028,49305.42561977943,48444.790078879545,49180.902578940215,6116
2023-07-23 18:00:00,49180.902578940215,49779.86580455493,48819.58876661288,49533.92383470302,5535
2023-07-23 19:00:00,49533.92383470302,49505.56758239536,48010.16658422805,49160.787373151106,4678
2023-07-23 20:00:00,49160.787373151106,49611.332716528785,49074.19339832211,49101.773488408864,5986
2023-07-23 21:00:00,49101.773488408864,50784.25789382138,48903.18826896449,49840.50485190165,3461
2023-07-23 22:00:00,49840.50485190165,50184.88759525487,48141.47901716648,48702.648874086415,1943
2023-07-23 23:00:00,48702.648874086415,49306.00254606196,47725.80076307456,49174.05084290722,1350
2023-07-24 00:00:00,49174.05084290722,48714.55323870482,48323.71175948961,48531.078496150585,2116
2023-07-24 01:00:00,48531.078496150585,49969.03256249683,48991.542445127525,49633.74636148397,6967
2023-07-24 02:00:00,49633.74636148397,49580.18771977576,49041.15135825503,49201.62075753146,8904
2023-07-24 03:00:00,49201.62075753146,48929.56425235076,47241.45854539377,48425.14548132242,2403
2023-07-24 04:00:00,48425.14548132242,49993.26395922234,48750.27565078041,49272.196429743315,4794
2023-07-24 05:00:00,49272.196429743315,49581.550764083426,46341.9159870219,48518.14874706334,3760
2023-07-24 06:00:00,48518.14874706334,49396.588172862525,48297.970464737366,48374.13865848225,5922
2023-07-24 07:00:00,48374.13865848225,51500.29265164509,48026.30874316469,49521.56466854718,7885
2023-07-24 08:00:00,49521.56466854718,50020.946611636144,48431.438580798,48932.1108176462,3396
2023-07-24 09:00:00,48932.1108176462,49953.05677559689,47890.949789227074,48686.46710789444,5921
2023-07-24 10:00:00,48686.46710789444,50782.14029126948,48672.263642141814,49601.69948786777,3558
2023-07-24 11:00:00,49601.69948786777,49148.997014822424,47868.374785669286,49147.58563507311,5637
2023-07-24 12:00:00,49147.58563507311,49162.50512403995,48975.12755571192,49049.57058706233,2337
2023-07-24 13:00:00,49049.57058706233,51477.88690671933,48437.92708943335,49605.60656322465,3677
2023-07-24 14:00:00,49605.60656322465,52126.57025856103,48013.70665528067,49253.017260654306,8319
2023-07-24 15:00:00,49253.017260654306,48851.52812622288,47913.689353947,48829.14876205338,5552
2023-07-24 16:00:00,48829.14876205338,48729.15484502236,47649.04202246925,48295.60093336002,9526
2023-07-24 17:00:00,48295.60093336002,49009.10261249103,48280.628909365376,48764.77282384236,3615
2023-07-24 18:00:00,48764.77282384236,49180.15483398319,46330.50335661976,48743.36283138287,6508
2023-07-24 19:00:00,48743.36283138287,49114.47687106077,47931.851486703956,48665.92235775045,9060
2023-07-24 20:00:00,48665.92235775045,49504.65228352699,48188.03915634727,48900.32263531172,4169
2023-07-24 21:00:00,48900.32263531172,49677.92489873577,49006.17962073991,49611.25959452606,3250
2023-07-24 22:00:00,49611.25959452606,50056.47466657695,48110.41609019191,49673.88479281219,2401
2023-07-24 23:00:00,49673.88479281219,49127.573776301324,48463.32157112197,48482.12249071395,6363
2023-07-25 00:00:00,48482.12249071395,50393.702808938186,48675.48606765063,49764.247984210044,7879
2023-07-25 01:00:00,49764.247984210044,49444.16651113828,47941.70188124567,48475.6541257864,7589
2023-07-25 02:00:00,48475.6541257864,49287.19685443613,48816.1168670476,48986.56995908597,5037
2023-07-25 03:00:00,48986.56995908597,49335.75830494191,49005.03015357825,49236.67466874787,2543
2023-07-25 04:00:00,49236.67466874787,51167.77819220968,48657.822513427156,49458.34320439928,7043
2023-07-25 05:00:00,49458.34320439928,49199.010233164976,48300.147302510675,49041.967172311444,8448
2023-07-25 06:00:00,49041.967172311444,49536.48307086053,47959.73533623448,48805.195911610186,8870
2023-07-25 07:00:00,48805.195911610186,49495.309052434284,48740.18735902116,49426.77022720038,9380
2023-07-25 08:00:00,49426.77022720038,49197.835508294804,47788.080228413535,48943.165299027816,3718
2023-07-25 09:00:00,48943.165299027816,51432.33677483201,49901.32290727413,50168.72946855654,9003
2023-07-25 10:00:00,50168.72946855654,50119.46503607477,46668.29633176447,49384.25752523218,9532
2023-07-25 11:00:00,49384.25752523218,48809.03415669668,47971.405377520576,48617.604531349905,1643
2023-07-25 12:00:00,48617.604531349905,49250.11009401612,48861.388990682484,49145.24490256772,3650
2023-07-25 13:00:00,49145.24490256772,50706.956764562165,49058.53276745717,49224.59771639593,8086
2023-07-25 14:00:00,49224.59771639593,49033.309112706804,47497.59340710576,49016.96423914445,3687
2023-07-25 15:00:00,49016.96423914445,48699.826427263164,48226.49063868345,48564.89649967878,5405
2023-07-25 16:00:00,48564.89649967878,50537.52426339141,49691.37475545942,49880.041271721995,9192
2023-07-25 17:00:00,49880.041271721995,50048.60296234769,49101.91917153658,49180.695081137615,8975
2023-07-25 18:00:00,49180.695081137615,48680.90145013629,46936.089261193,48518.924578237944,5786
2023-07-25 19:00:00,48518.924578237944,50103.89396513974,50029.14512300706,50060.9560831523,9999
2023-07-25 20:00:00,50060.9560831523,49958.97404635048,48234.790466112725,49089.79937061322,5203
2023-07-25 21:00:00,49089.79937061322,50639.513819141255,49269.78390533406,49440.260508115556,2830
2023-07-25 22:00:00,49440.260508115556,48868.49433730928,48477.83060298331,48676.305832968676,5263
2023-07-25 23:00:00,48676.305832968676,49822.15503754415,48683.404990423354,49062.325828883724,1620
2023-07-26 00:00:00,49062.325828883724,49079.8751402146,48096.0558291279,48677.459769442044,8466
2023-07-26 01:00:00,48677.459769442044,50575.81749661489,49220.750114807335,49703.06738420613,2362
2023-07-26 02:00:00,49703.06738420613,49617.88430251555,48813.09587750969,49143.47442246477,6521
2023-07-26 03:00:00,49143.47442246477,49790.001085517106,48079.68479977552,48869.35665596039,2238
2023-07-26 04:00:00,48869.35665596039,50878.82040368613,48919.344975349566,49129.96731508085,6413
2023-07-26 05:00:00,49129.96731508085,51562.09400344874,48914.51057451084,49747.13023337588,8437
2023-07-26 06:00:00,49747.13023337588,50820.18162879424,48851.386641560115,49466.89425782577,4628
2023-07-26 07:00:00,49466.89425782577,49824.872532523994,48330.9235523581,49267.31357734955,2541
2023-07-26 08:00:00,49267.31357734955,49208.06954292147,45675.043686091165,48667.21087216134,8742
2023-07-26 09:00:00,48667.21087216134,50699.78526205443,49561.10903835915,50465.66575350311,6557
2023-07-26 10:00:00,50465.66575350311,50784.2754467263,48657.10001721849,50019.8860200574,7248
2023-07-26 11:00:00,50019.8860200574,50091.95939247985,49404.046132701435,49804.57060926358,5210
2023-07-26 12:00:00,49804.57060926358,50377.97898830809,48073.022834103875,49725.399129309,8397
2023-07-26 13:00:00,49725.399129309,50724.32065187347,47359.66140609777,49480.72247934253,3942
2023-07-26 14:00:00,49480.72247934253,49974.12859580096,47452.466957642515,49075.39983692883,5500
2023-07-26 15:00:00,49075.39983692883,51290.894968850844,48678.99278688012,49400.10887925299,1165
2023-07-26 16:00:00,49400.10887925299,50262.45875323088,48512.34055134041,49472.64940660977,3774
2023-07-26 17:00:00,49472.64940660977,50052.1655435297,48819.34819803955,49888.83870197466,6020
2023-07-26 18:00:00,49888.83870197466,49490.60971267466,48163.251192835676,49112.919504309575,1446
2023-07-26 19:00:00,49112.919504309575,49922.037743704204,48576.73425274981,49263.2601098626,4257
2023-07-26 20:00:00,49263.2601098626,50113.32017415107,49564.737417680066,49663.18477186595,9256
2023-07-26 21:00:00,49663.18477186595,49816.84988279681,48452.68316311444,48973.72585470837,9672
2023-07-26 22:00:00,48973.72585470837,49542.57982158397,49029.99177710331,49044.42256866354,5662
2023-07-26 23:00:00,49044.42256866354,49573.2634862831,48592.47865738253,49475.78409865873,4560
2023-07-27 00:00:00,49475.78409865873,51081.05292461854,48127.76421682328,49851.66074162687,8856
2023-07-27 01:00:00,49851.66074162687,49184.21647851749,47717.722141177386,48474.04484767078,6331
2023-07-27 02:00:00,48474.04484767078,50345.916512717966,49515.96590229253,50338.237637144535,8181
2023-07-27 03:00:00,50338.237637144535,52223.5840026408,49384.4342438499,50363.55412719676,8023
2023-07-27 04:00:00,50363.55412719676,49341.650127203924,48371.141801810074,48565.23772402744,8698
2023-07-27 05:00:00,48565.23772402744,49937.82261133499,48423.420087633094,49155.507714744206,5038
2023-07-27 06:00:00,49155.507714744206,51148.27437945517,49990.14704899037,50121.26701719455,6862
2023-07-27 07:00:00,50121.26701719455,49855.544507803344,48722.008019486515,49594.20041902453,1304
2023-07-27 08:00:00,49594.20041902453,49476.16884070505,48666.96316075353,49007.94330809423,1992
2023-07-27 09:00:00,49007.94330809423,50813.514030551916,49793.606310829084,49845.886179340836,8597
2023-07-27 10:00:00,49845.886179340836,50030.097684955545,48357.41552931011,48989.27461161524,1470
2023-07-27 11:00:00,48989.27461161524,50459.97506064972,49182.49866486608,49729.04742595688,6234
2023-07-27 12:00:00,49729.04742595688,49249.894636354285,48342.75167641546,49131.77425057118,9551
2023-07-27 13:00:00,49131.77425057118,50201.14956506218,49226.12151501103,49416.327808868205,6787
2023-07-27 14:00:00,49416.327808868205,50962.84418407278,49043.28657913418,49794.73769571732,7048
2023-07-27 15:00:00,49794.73769571732,49844.07347797083,49232.36510134599,49547.62904921468,4141
2023-07-27 16:00:00,49547.62904921468,49922.478776551114,49156.3676759841,49197.68768353156,3194
2023-07-27 17:00:00,49197.68768353156,50077.315994810764,48572.395225438515,49920.79408189175,9162
2023-07-27 18:00:00,49920.79408189175,50447.48368275215,48635.71695549401,49882.004388895744,9054
2023-07-27 19:00:00,49882.004388895744,50620.38839882115,49319.4411370345,49319.95104592853,3466
2023-07-27 20:00:00,49319.95104592853,51099.14368658409,48158.740492473815,49151.29859216807,7377
2023-07-27 21:00:00,49151.29859216807,49791.9755265078,47920.20046678666,48730.05184186194,7221
2023-07-27 22:00:00,48730.05184186194,49633.128244466956,48120.494195107996,49367.04580809888,2685
2023-07-27 23:00:00,49367.04580809888,50476.30162380051,49594.934151649504,49750.735613189914,4601
2023-07-28 00:00:00,49750.735613189914,50661.22185354847,47884.79401157166,49440.62608236147,7712
2023-07-28 01:00:00,49440.62608236147,49587.11718783129,48290.94522324076,48758.052513422524,8546
2023-07-28 02:00:00,48758.052513422524,49602.76809941571,47472.70944614047,49269.11469442217,6434
2023-07-28 03:00:00,49269.11469442217,50444.813563385585,49288.322771441686,49761.171288609,1820
2023-07-28 04:00:00,49761.171288609,49096.22404971303,48922.20371376942,48926.312173947765,1003
2023-07-28 05:00:00,48926.312173947765,52036.0413901034,50094.16722456008,50336.927066738,6952
2023-07-28 06:00:00,50336.927066738,49950.926841912216,49262.77853384824,49341.30034642203,1885
2023-07-28 07:00:00,49341.30034642203,50394.158068861085,49425.493410186275,50026.25788064997,5843
