{
  "current_step": 20480,
  "rewards_history": [
    73.35530467304665,
    187.58178612703017
  ],
  "steps_history": [
    10240,
    20480
  ],
  "reward_stats": {
    "mean": 0.0,
    "variance": 0.0,
    "std": 0.0,
    "count": 0
  },
  "session_id": "scalping_15s_balance_test10_aggressive_balance",
  "timestamp": "2025-10-03T22:34:27.488739"
}