{
  "current_step": 40960,
  "rewards_history": [
    73.35530467304665,
    187.58178612703017,
    230.9053238430189,
    -0.43000000000000005
  ],
  "steps_history": [
    10240,
    20480,
    30720,
    40960
  ],
  "reward_stats": {
    "mean": 0.0,
    "variance": 0.0,
    "std": 0.0,
    "count": 0
  },
  "session_id": "scalping_15s_balance_test10_aggressive_balance",
  "timestamp": "2025-10-03T22:35:32.203905"
}