{
  "current_step": 40960,
  "rewards_history": [
    -21.086631894581583,
    37.40897522224834,
    44.32440043638173,
    -0.03
  ],
  "steps_history": [
    10240,
    20480,
    30720,
    40960
  ],
  "reward_stats": {
    "mean": 0.0,
    "variance": 0.0,
    "std": 0.0,
    "count": 0
  },
  "session_id": "scalping_15s_balance_test19_buy_weaker",
  "timestamp": "2025-10-03T23:54:57.290908"
}