{
  "current_step": 20480,
  "rewards_history": [
    138.62367751637765,
    283.0890226931568
  ],
  "steps_history": [
    10240,
    20480
  ],
  "reward_stats": {
    "mean": 0.0,
    "variance": 0.0,
    "std": 0.0,
    "count": 0
  },
  "session_id": "scalping_15s_balance_test12_balanced_data",
  "timestamp": "2025-10-03T22:50:47.688164"
}