{
  "current_step": 51200,
  "rewards_history": [
    424.8818523678893,
    870.8391590939103,
    1318.0524512188654,
    -0.05,
    393.82065550203663
  ],
  "steps_history": [
    10240,
    20480,
    30720,
    40960,
    51200
  ],
  "reward_stats": {
    "mean": 0.0,
    "variance": 0.0,
    "std": 0.0,
    "count": 0
  },
  "session_id": "scalping_15s_balance_test5_trade_incentive",
  "timestamp": "2025-10-03T21:04:40.393947"
}