{
  "current_step": 20480,
  "rewards_history": [
    44.49467785094016,
    527.9410739318479
  ],
  "steps_history": [
    10240,
    20480
  ],
  "reward_stats": {
    "mean": 0.0,
    "variance": 0.0,
    "std": 0.0,
    "count": 0
  },
  "session_id": "scalping_15s_ultra_aggressive_1M",
  "timestamp": "2025-10-03T17:40:01.487078"
}