{
  "current_step": 20480,
  "rewards_history": [
    1754714.2150947005,
    -37515.32363238186
  ],
  "steps_history": [
    10240,
    20480
  ],
  "reward_stats": {
    "mean": 0.0,
    "variance": 0.0,
    "std": 0.0,
    "count": 0
  },
  "session_id": "mlreinforcement100k_v4"
}