{
  "current_step": 81920,
  "rewards_history": [
    -119.64083115023513,
    652.6865916055867,
    1284.098245781256,
    0.0,
    376.3877557093857,
    950.4295229256838,
    1459.1260148544347,
    -1.2466860396059278
  ],
  "steps_history": [
    10240,
    20480,
    30720,
    40960,
    51200,
    61440,
    71680,
    81920
  ],
  "reward_stats": {
    "mean": 0.0,
    "variance": 0.0,
    "std": 0.0,
    "count": 0
  },
  "session_id": "scalping_15s_ultra_aggressive",
  "timestamp": "2025-10-03T16:28:34.789910"
}