{
  "current_step": 102400,
  "rewards_history": [
    -21.086631894581583,
    37.40897522224834,
    44.32440043638173,
    -0.03,
    14.417575222135916,
    30.79565247897927,
    29.59902193546677,
    -0.06781943939826265,
    16.894255521405682,
    36.50486775406655
  ],
  "steps_history": [
    10240,
    20480,
    30720,
    40960,
    51200,
    61440,
    71680,
    81920,
    92160,
    102400
  ],
  "reward_stats": {
    "mean": 0.0,
    "variance": 0.0,
    "std": 0.0,
    "count": 0
  },
  "session_id": "scalping_15s_balance_test19_buy_weaker",
  "timestamp": "2025-10-03T23:58:44.315530"
}