{
  "current_step": 819200,
  "rewards_history": [
    -63.998348429289344,
    862.3773250731838,
    -390.7623758539244,
    0.0,
    158.99520653692215,
    -19.55512796137404,
    1126.1444437419386,
    -1.461974790790352,
    145.4068896034085,
    858.9322064132334,
    1068.0899814186316,
    -0.8189732282342512,
    -85.79819463926827,
    428.70085759812866,
    282.82357540274506,
    -1.426678648502681,
    17.31171648058421,
    -163.51033994929116,
    938.1371823564002,
    -0.814763119245992,
    269.6771452206884,
    -94.49530297454203,
    71.33275482193571,
    -2.5647735074364792,
    -175.32198668207008,
    582.0848418585956,
    118.33551930034577,
    -5.242839853178124,
    -175.8755723080688,
    124.52878163812045,
    394.53406316499724,
    -5.278157201312331,
    -156.69866208920064,
    -109.1543881459215,
    34.52791605373386,
    -4.364918031904133,
    -186.3203295298324,
    10.979777934418792,
    325.0163839294097,
    -6.614627243792407,
    -173.10035330229647,
    234.88398868056444,
    185.2557796035561,
    -8.081947078090687,
    -100.06261803496379,
    757.8063679413965,
    307.9124986662594,
    -6.20583475765471,
    -111.74489024564487,
    675.0195537360871,
    446.41832930822795,
    -11.250848824322075,
    -67.97893943790237,
    68.13534363445197,
    -192.4261510802736,
    -9.294149648306236,
    14.747964150015896,
    -291.83293876902326,
    713.8146092719364,
    -7.051476311742693,
    -62.00213585070382,
    115.47922232914573,
    93.70844739961706,
    -11.810622632970139,
    1.6216138231948491,
    -67.71354383006017,
    92.12534839203815,
    -10.348011663076777,
    -166.76688807069456,
    -70.47500594514449,
    -2.3206995558591643,
    -13.25948428990877,
    -71.72227391453701,
    59.658860848395506,
    444.79658739976946,
    -14.017859843853227,
    -176.41425237485845,
    619.7556692904477,
    147.1651760570972,
    -8.391196797456704
  ],
  "steps_history": [
    10240,
    20480,
    30720,
    40960,
    51200,
    61440,
    71680,
    81920,
    92160,
    102400,
    112640,
    122880,
    133120,
    143360,
    153600,
    163840,
    174080,
    184320,
    194560,
    204800,
    215040,
    225280,
    235520,
    245760,
    256000,
    266240,
    276480,
    286720,
    296960,
    307200,
    317440,
    327680,
    337920,
    348160,
    358400,
    368640,
    378880,
    389120,
    399360,
    409600,
    419840,
    430080,
    440320,
    450560,
    460800,
    471040,
    481280,
    491520,
    501760,
    512000,
    522240,
    532480,
    542720,
    552960,
    563200,
    573440,
    583680,
    593920,
    604160,
    614400,
    624640,
    634880,
    645120,
    655360,
    665600,
    675840,
    686080,
    696320,
    706560,
    716800,
    727040,
    737280,
    747520,
    757760,
    768000,
    778240,
    788480,
    798720,
    808960,
    819200
  ],
  "reward_stats": {
    "mean": 0.0,
    "variance": 0.0,
    "std": 0.0,
    "count": 0
  },
  "session_id": "scalping_full_v2",
  "timestamp": "2025-10-03T02:34:11.834098"
}