{
  "current_step": 773120,
  "rewards_history": [
    1.821714198920326,
    14.17155818584414,
    71.45983214845958,
    413.13978770047595,
    1226.068831851349,
    778.7710962670303,
    1763.1027892644108,
    0.0,
    48.04812660783105,
    191.69388382651164,
    413.24807937320895,
    741.2981511562061,
    1220.137766411186,
    1838.6477895700218,
    2639.367704050703,
    -0.017708955603422328,
    3.6848224319884433,
    13.695958601106012,
    46.211221398771244,
    118.4320978849866,
    0.0,
    0.0,
    0.0,
    0.0,
    0.0,
    0.0,
    0.0,
    0.0,
    0.0,
    0.0,
    0.0,
    0.0,
    0.0,
    0.0,
    0.0,
    0.0,
    0.0,
    0.0,
    0.0,
    0.0,
    0.0,
    0.0,
    0.0,
    0.0,
    0.0,
    0.0,
    0.0,
    0.0,
    0.0,
    0.0,
    0.0,
    0.0,
    0.0,
    0.0,
    0.0,
    0.0,
    0.0,
    0.0,
    0.0,
    0.0,
    0.0,
    0.0,
    0.0,
    0.0,
    0.0,
    0.0,
    0.0,
    0.0,
    0.0,
    0.0,
    0.0,
    0.0,
    0.0,
    0.0,
    0.0,
    0.0,
    0.0,
    0.0,
    0.0,
    0.0,
    0.0,
    0.0,
    0.0,
    0.0,
    0.0,
    0.0,
    0.0,
    0.0,
    0.0,
    0.0,
    0.0,
    0.0,
    0.0,
    0.0,
    0.0,
    0.0,
    0.0,
    0.0,
    0.0,
    0.0,
    0.0,
    0.0,
    0.0,
    0.0,
    0.0,
    0.0,
    0.0,
    0.0,
    0.0,
    0.0,
    0.0,
    0.0,
    0.0,
    0.0,
    0.0,
    0.0,
    0.0,
    0.0,
    0.0,
    0.0,
    0.0,
    0.0,
    0.0,
    0.0,
    0.0,
    0.0,
    0.0,
    0.0,
    0.0,
    0.0,
    0.0,
    0.0,
    0.0,
    0.0,
    0.0,
    0.0,
    0.0,
    0.0,
    0.0,
    0.0,
    0.0,
    0.0,
    0.0,
    0.0,
    0.0,
    0.0,
    0.0,
    0.0,
    0.0,
    0.0,
    0.0
  ],
  "steps_history": [
    5120,
    10240,
    15360,
    20480,
    25600,
    30720,
    35840,
    40960,
    46080,
    51200,
    56320,
    61440,
    66560,
    71680,
    76800,
    81920,
    87040,
    92160,
    97280,
    102400,
    107520,
    112640,
    117760,
    122880,
    128000,
    133120,
    138240,
    143360,
    148480,
    153600,
    158720,
    163840,
    168960,
    174080,
    179200,
    184320,
    189440,
    194560,
    199680,
    204800,
    209920,
    215040,
    220160,
    225280,
    230400,
    235520,
    240640,
    245760,
    250880,
    256000,
    261120,
    266240,
    271360,
    276480,
    281600,
    286720,
    291840,
    296960,
    302080,
    307200,
    312320,
    317440,
    322560,
    327680,
    332800,
    337920,
    343040,
    348160,
    353280,
    358400,
    363520,
    368640,
    373760,
    378880,
    384000,
    389120,
    394240,
    399360,
    404480,
    409600,
    414720,
    419840,
    424960,
    430080,
    435200,
    440320,
    445440,
    450560,
    455680,
    460800,
    465920,
    471040,
    476160,
    481280,
    486400,
    491520,
    496640,
    501760,
    506880,
    512000,
    517120,
    522240,
    527360,
    532480,
    537600,
    542720,
    547840,
    552960,
    558080,
    563200,
    568320,
    573440,
    578560,
    583680,
    588800,
    593920,
    599040,
    604160,
    609280,
    614400,
    619520,
    624640,
    629760,
    634880,
    640000,
    645120,
    650240,
    655360,
    660480,
    665600,
    670720,
    675840,
    680960,
    686080,
    691200,
    696320,
    701440,
    706560,
    711680,
    716800,
    721920,
    727040,
    732160,
    737280,
    742400,
    747520,
    752640,
    757760,
    762880,
    768000,
    773120
  ],
  "reward_stats": {
    "mean": 0.0,
    "variance": 0.0,
    "std": 0.0,
    "count": 0
  },
  "session_id": "scalping-prod-100k_iter_08",
  "timestamp": "2025-10-01T11:42:51.286551"
}