{
  "current_step": 51200,
  "rewards_history": [
    -84.48745415874978,
    771.0358752252309,
    1368.599454088386,
    0.0,
    397.0487362270804
  ],
  "steps_history": [
    10240,
    20480,
    30720,
    40960,
    51200
  ],
  "reward_stats": {
    "mean": 0.0,
    "variance": 0.0,
    "std": 0.0,
    "count": 0
  },
  "session_id": "normal_1m_ultra_aggressive_iter_01",
  "timestamp": "2025-10-03T15:23:37.033098"
}