{
  "current_step": 20480,
  "rewards_history": [
    -167.21050632722648,
    -337.44120547613136
  ],
  "steps_history": [
    10240,
    20480
  ],
  "reward_stats": {
    "mean": 0.0,
    "variance": 0.0,
    "std": 0.0,
    "count": 0
  },
  "session_id": "ensemble_model_1",
  "timestamp": "2025-10-04T01:43:19.284449"
}