{
  "current_step": 20480,
  "rewards_history": [
    136.56908731049248,
    283.6743060582096
  ],
  "steps_history": [
    10240,
    20480
  ],
  "reward_stats": {
    "mean": 0.0,
    "variance": 0.0,
    "std": 0.0,
    "count": 0
  },
  "session_id": "scalping_15s_balance_test16_forced_diversity",
  "timestamp": "2025-10-03T23:31:24.672097"
}