{
  "current_step": 71680,
  "rewards_history": [
    396.4265862675444,
    912.7551064839398,
    1228.2860445698325,
    -0.05,
    425.5057581625763,
    703.2343322837231,
    1286.2215013376212
  ],
  "steps_history": [
    10240,
    20480,
    30720,
    40960,
    51200,
    61440,
    71680
  ],
  "reward_stats": {
    "mean": 0.0,
    "variance": 0.0,
    "std": 0.0,
    "count": 0
  },
  "session_id": "scalping_15s_balance_test4_strong_balance",
  "timestamp": "2025-10-03T21:06:02.570710"
}