{
  "current_step": 51200,
  "rewards_history": [
    1754714.2150947005,
    -37515.32363238186,
    363295.1459833123,
    -3573.0354269645736,
    -14726894.9755074
  ],
  "steps_history": [
    10240,
    20480,
    30720,
    40960,
    51200
  ],
  "reward_stats": {
    "mean": 0.0,
    "variance": 0.0,
    "std": 0.0,
    "count": 0
  },
  "session_id": "mlreinforcement1m"
}