{
  "current_step": 30720,
  "rewards_history": [
    1754714.2150947005,
    -37515.32363238186,
    363295.1459833123
  ],
  "steps_history": [
    10240,
    20480,
    30720
  ],
  "reward_stats": {
    "mean": 0.0,
    "variance": 0.0,
    "std": 0.0,
    "count": 0
  },
  "session_id": "mlreinforcement1m"
}