{
  "current_step": 61440,
  "rewards_history": [
    14.591506571948752,
    5.3175007905810645,
    40.907981060155265,
    -0.03,
    15.272987309269505,
    32.18466010121722
  ],
  "steps_history": [
    10240,
    20480,
    30720,
    40960,
    51200,
    61440
  ],
  "reward_stats": {
    "mean": 0.0,
    "variance": 0.0,
    "std": 0.0,
    "count": 0
  },
  "session_id": "scalping_15s_balance_test17_sell_favoring_high_entropy",
  "timestamp": "2025-10-03T23:40:47.629073"
}