{
  "current_step": 71680,
  "rewards_history": [
    416.94715989448775,
    561.4842835212539,
    484.4800021027562,
    -0.05,
    300.4219442010232,
    798.9978535023272,
    1430.7852334715612
  ],
  "steps_history": [
    10240,
    20480,
    30720,
    40960,
    51200,
    61440,
    71680
  ],
  "reward_stats": {
    "mean": 0.0,
    "variance": 0.0,
    "std": 0.0,
    "count": 0
  },
  "session_id": "scalping_15s_balance_test3_high_frequency",
  "timestamp": "2025-10-03T21:05:38.328351"
}