{
  "current_step": 71680,
  "rewards_history": [
    8.298090765562414,
    58.13662652043363,
    161.64645085147362,
    -0.03,
    74.66939581266683,
    561.4350092745566,
    350.5244855021582
  ],
  "steps_history": [
    10240,
    20480,
    30720,
    40960,
    51200,
    61440,
    71680
  ],
  "reward_stats": {
    "mean": 0.0,
    "variance": 0.0,
    "std": 0.0,
    "count": 0
  },
  "session_id": "scalping_15s_balance_test15_sell_favoring",
  "timestamp": "2025-10-03T23:27:33.797992"
}